# Polycube solutions - Fast (Box: (5, 5, 9), Pieces: 45)
1
((0, 0, 0), (0, 0, 1), (0, 0, 2), (1, 0, 2), (2, 0, 2))((1, 0, 1), (1, 1, 1), (1, 2, 1), (2, 0, 1), (3, 0, 1))((1, 0, 0), (2, 0, 0), (3, 0, 0), (3, 1, 0), (3, 2, 0))((4, 0, 0), (4, 0, 1), (4, 0, 2), (4, 1, 0), (4, 2, 0))((4, 2, 2), (4, 3, 2), (4, 4, 0), (4, 4, 1), (4, 4, 2))((2, 1, 0), (2, 2, 0), (2, 3, 0), (3, 3, 0), (4, 3, 0))((1, 1, 0), (1, 2, 0), (1, 3, 0), (1, 3, 1), (1, 3, 2))((1, 4, 2), (2, 4, 2), (3, 4, 0), (3, 4, 1), (3, 4, 2))((0, 2, 0), (0, 3, 0), (0, 4, 0), (1, 4, 0), (2, 4, 0))((0, 1, 0), (0, 1, 1), (0, 1, 2), (1, 1, 2), (2, 1, 2))((0, 2, 1), (0, 3, 1), (0, 4, 1), (1, 4, 1), (2, 4, 1))((4, 1, 1), (4, 1, 2), (4, 1, 3), (4, 2, 1), (4, 3, 1))((2, 1, 1), (2, 2, 1), (2, 3, 1), (2, 3, 2), (2, 3, 3))((3, 1, 1), (3, 2, 1), (3, 3, 1), (3, 3, 2), (3, 3, 3))((4, 0, 3), (4, 0, 4), (4, 0, 5), (4, 1, 5), (4, 2, 5))((4, 2, 3), (4, 3, 3), (4, 4, 3), (4, 4, 4), (4, 4, 5))((2, 3, 4), (3, 3, 4), (4, 1, 4), (4, 2, 4), (4, 3, 4))((1, 1, 4), (2, 1, 4), (3, 1, 2), (3, 1, 3), (3, 1, 4))((1, 0, 4), (2, 0, 4), (3, 0, 2), (3, 0, 3), (3, 0, 4))((1, 2, 4), (2, 2, 4), (3, 2, 2), (3, 2, 3), (3, 2, 4))((0, 2, 2), (0, 3, 2), (0, 4, 2), (1, 2, 2), (2, 2, 2))((1, 1, 3), (1, 2, 3), (1, 3, 3), (1, 3, 4), (1, 3, 5))((0, 0, 3), (1, 0, 3), (2, 0, 3), (2, 1, 3), (2, 2, 3))((0, 1, 3), (0, 1, 4), (0, 1, 5), (0, 2, 5), (0, 3, 5))((0, 2, 3), (0, 3, 3), (0, 4, 3), (1, 4, 3), (2, 4, 3))((0, 2, 4), (0, 3, 4), (0, 4, 4), (1, 4, 4), (2, 4, 4))((0, 0, 4), (0, 0, 5), (0, 0, 6), (0, 1, 6), (0, 2, 6))((3, 2, 5), (3, 3, 5), (3, 4, 3), (3, 4, 4), (3, 4, 5))((4, 1, 7), (4, 2, 7), (4, 3, 5), (4, 3, 6), (4, 3, 7))((3, 1, 5), (3, 1, 6), (3, 1, 7), (3, 2, 7), (3, 3, 7))((4, 0, 6), (4, 0, 7), (4, 0, 8), (4, 1, 6), (4, 2, 6))((1, 0, 5), (1, 1, 5), (1, 2, 5), (2, 0, 5), (3, 0, 5))((0, 0, 7), (0, 1, 7), (0, 2, 7), (1, 0, 7), (2, 0, 7))((1, 1, 6), (1, 1, 7), (1, 1, 8), (2, 1, 8), (3, 1, 8))((2, 3, 8), (3, 3, 8), (4, 1, 8), (4, 2, 8), (4, 3, 8))((1, 0, 6), (2, 0, 6), (3, 0, 6), (3, 0, 7), (3, 0, 8))((0, 0, 8), (0, 1, 8), (0, 2, 8), (1, 0, 8), (2, 0, 8))((0, 3, 6), (0, 3, 7), (0, 3, 8), (1, 3, 6), (2, 3, 6))((2, 1, 5), (2, 1, 6), (2, 1, 7), (2, 2, 7), (2, 3, 7))((0, 4, 5), (1, 4, 5), (2, 2, 5), (2, 3, 5), (2, 4, 5))((1, 2, 7), (1, 3, 7), (1, 4, 7), (2, 4, 7), (3, 4, 7))((1, 2, 6), (2, 2, 6), (3, 2, 6), (3, 3, 6), (3, 4, 6))((2, 4, 8), (3, 4, 8), (4, 4, 6), (4, 4, 7), (4, 4, 8))((1, 2, 8), (1, 3, 8), (1, 4, 8), (2, 2, 8), (3, 2, 8))((0, 4, 6), (0, 4, 7), (0, 4, 8), (1, 4, 6), (2, 4, 6))
2
((0, 0, 0), (0, 0, 1), (0, 0, 2), (1, 0, 2), (2, 0, 2))((1, 0, 1), (1, 1, 1), (1, 2, 1), (2, 0, 1), (3, 0, 1))((1, 0, 0), (2, 0, 0), (3, 0, 0), (3, 1, 0), (3, 2, 0))((4, 0, 0), (4, 0, 1), (4, 0, 2), (4, 1, 0), (4, 2, 0))((4, 2, 2), (4, 3, 2), (4, 4, 0), (4, 4, 1), (4, 4, 2))((2, 1, 0), (2, 2, 0), (2, 3, 0), (3, 3, 0), (4, 3, 0))((1, 1, 0), (1, 2, 0), (1, 3, 0), (1, 3, 1), (1, 3, 2))((1, 4, 2), (2, 4, 2), (3, 4, 0), (3, 4, 1), (3, 4, 2))((0, 2, 0), (0, 3, 0), (0, 4, 0), (1, 4, 0), (2, 4, 0))((0, 1, 0), (0, 1, 1), (0, 1, 2), (1, 1, 2), (2, 1, 2))((0, 2, 1), (0, 3, 1), (0, 4, 1), (1, 4, 1), (2, 4, 1))((4, 1, 1), (4, 1, 2), (4, 1, 3), (4, 2, 1), (4, 3, 1))((2, 1, 1), (2, 2, 1), (2, 3, 1), (2, 3, 2), (2, 3, 3))((3, 1, 1), (3, 2, 1), (3, 3, 1), (3, 3, 2), (3, 3, 3))((4, 0, 3), (4, 0, 4), (4, 0, 5), (4, 1, 5), (4, 2, 5))((4, 2, 3), (4, 3, 3), (4, 4, 3), (4, 4, 4), (4, 4, 5))((2, 3, 4), (3, 3, 4), (4, 1, 4), (4, 2, 4), (4, 3, 4))((1, 1, 4), (2, 1, 4), (3, 1, 2), (3, 1, 3), (3, 1, 4))((1, 0, 4), (2, 0, 4), (3, 0, 2), (3, 0, 3), (3, 0, 4))((1, 2, 4), (2, 2, 4), (3, 2, 2), (3, 2, 3), (3, 2, 4))((0, 2, 2), (0, 3, 2), (0, 4, 2), (1, 2, 2), (2, 2, 2))((1, 1, 3), (1, 2, 3), (1, 3, 3), (1, 3, 4), (1, 3, 5))((0, 0, 3), (1, 0, 3), (2, 0, 3), (2, 1, 3), (2, 2, 3))((0, 1, 3), (0, 1, 4), (0, 1, 5), (0, 2, 5), (0, 3, 5))((0, 2, 3), (0, 3, 3), (0, 4, 3), (1, 4, 3), (2, 4, 3))((0, 2, 4), (0, 3, 4), (0, 4, 4), (1, 4, 4), (2, 4, 4))((0, 0, 4), (0, 0, 5), (0, 0, 6), (0, 1, 6), (0, 2, 6))((3, 2, 5), (3, 3, 5), (3, 4, 3), (3, 4, 4), (3, 4, 5))((4, 1, 7), (4, 2, 7), (4, 3, 5), (4, 3, 6), (4, 3, 7))((3, 1, 5), (3, 1, 6), (3, 1, 7), (3, 2, 7), (3, 3, 7))((4, 0, 6), (4, 0, 7), (4, 0, 8), (4, 1, 6), (4, 2, 6))((1, 0, 5), (1, 1, 5), (1, 2, 5), (2, 0, 5), (3, 0, 5))((0, 0, 7), (0, 1, 7), (0, 2, 7), (1, 0, 7), (2, 0, 7))((1, 1, 6), (1, 1, 7), (1, 1, 8), (1, 2, 8), (1, 3, 8))((1, 0, 6), (2, 0, 6), (3, 0, 6), (3, 0, 7), (3, 0, 8))((1, 2, 7), (1, 3, 7), (1, 4, 7), (2, 4, 7), (3, 4, 7))((0, 3, 6), (0, 3, 7), (0, 3, 8), (1, 3, 6), (2, 3, 6))((0, 0, 8), (0, 1, 8), (0, 2, 8), (1, 0, 8), (2, 0, 8))((2, 1, 5), (2, 1, 6), (2, 1, 7), (2, 2, 7), (2, 3, 7))((0, 4, 5), (1, 4, 5), (2, 2, 5), (2, 3, 5), (2, 4, 5))((1, 2, 6), (2, 2, 6), (3, 2, 6), (3, 3, 6), (3, 4, 6))((0, 4, 6), (0, 4, 7), (0, 4, 8), (1, 4, 6), (2, 4, 6))((1, 4, 8), (2, 4, 8), (3, 2, 8), (3, 3, 8), (3, 4, 8))((4, 2, 8), (4, 3, 8), (4, 4, 6), (4, 4, 7), (4, 4, 8))((2, 1, 8), (2, 2, 8), (2, 3, 8), (3, 1, 8), (4, 1, 8))
3
((0, 0, 0), (0, 0, 1), (0, 0, 2), (1, 0, 2), (2, 0, 2))((1, 0, 1), (1, 1, 1), (1, 2, 1), (2, 0, 1), (3, 0, 1))((1, 0, 0), (2, 0, 0), (3, 0, 0), (3, 1, 0), (3, 2, 0))((4, 0, 0), (4, 0, 1), (4, 0, 2), (4, 1, 0), (4, 2, 0))((4, 2, 2), (4, 3, 2), (4, 4, 0), (4, 4, 1), (4, 4, 2))((2, 1, 0), (2, 2, 0), (2, 3, 0), (3, 3, 0), (4, 3, 0))((1, 1, 0), (1, 2, 0), (1, 3, 0), (1, 3, 1), (1, 3, 2))((1, 4, 2), (2, 4, 2), (3, 4, 0), (3, 4, 1), (3, 4, 2))((0, 2, 0), (0, 3, 0), (0, 4, 0), (1, 4, 0), (2, 4, 0))((0, 1, 0), (0, 1, 1), (0, 1, 2), (1, 1, 2), (2, 1, 2))((0, 2, 1), (0, 3, 1), (0, 4, 1), (1, 4, 1), (2, 4, 1))((4, 1, 1), (4, 1, 2), (4, 1, 3), (4, 2, 1), (4, 3, 1))((2, 1, 1), (2, 2, 1), (2, 3, 1), (2, 3, 2), (2, 3, 3))((3, 1, 1), (3, 2, 1), (3, 3, 1), (3, 3, 2), (3, 3, 3))((4, 0, 3), (4, 0, 4), (4, 0, 5), (4, 1, 5), (4, 2, 5))((4, 2, 3), (4, 3, 3), (4, 4, 3), (4, 4, 4), (4, 4, 5))((2, 3, 4), (3, 3, 4), (4, 1, 4), (4, 2, 4), (4, 3, 4))((1, 1, 4), (2, 1, 4), (3, 1, 2), (3, 1, 3), (3, 1, 4))((1, 0, 4), (2, 0, 4), (3, 0, 2), (3, 0, 3), (3, 0, 4))((1, 2, 4), (2, 2, 4), (3, 2, 2), (3, 2, 3), (3, 2, 4))((0, 2, 2), (0, 3, 2), (0, 4, 2), (1, 2, 2), (2, 2, 2))((1, 1, 3), (1, 2, 3), (1, 3, 3), (1, 3, 4), (1, 3, 5))((0, 0, 3), (1, 0, 3), (2, 0, 3), (2, 1, 3), (2, 2, 3))((0, 1, 3), (0, 1, 4), (0, 1, 5), (1, 1, 5), (2, 1, 5))((0, 0, 4), (0, 0, 5), (0, 0, 6), (0, 1, 6), (0, 2, 6))((0, 2, 3), (0, 3, 3), (0, 4, 3), (1, 4, 3), (2, 4, 3))((0, 2, 4), (0, 3, 4), (0, 4, 4), (1, 4, 4), (2, 4, 4))((1, 4, 5), (2, 4, 5), (3, 4, 3), (3, 4, 4), (3, 4, 5))((0, 2, 5), (0, 3, 5), (0, 4, 5), (1, 2, 5), (2, 2, 5))((4, 1, 7), (4, 2, 7), (4, 3, 5), (4, 3, 6), (4, 3, 7))((2, 1, 7), (2, 2, 7), (2, 3, 5), (2, 3, 6), (2, 3, 7))((0, 0, 7), (0, 1, 7), (0, 2, 7), (1, 0, 7), (2, 0, 7))((0, 3, 6), (0, 3, 7), (0, 3, 8), (1, 3, 8), (2, 3, 8))((1, 2, 7), (1, 3, 7), (1, 4, 7), (2, 4, 7), (3, 4, 7))((1, 0, 5), (2, 0, 5), (3, 0, 5), (3, 1, 5), (3, 2, 5))((3, 1, 7), (3, 2, 7), (3, 3, 5), (3, 3, 6), (3, 3, 7))((0, 4, 6), (0, 4, 7), (0, 4, 8), (1, 4, 8), (2, 4, 8))((1, 2, 8), (2, 2, 8), (3, 2, 8), (3, 3, 8), (3, 4, 8))((0, 0, 8), (0, 1, 8), (0, 2, 8), (1, 0, 8), (2, 0, 8))((2, 4, 6), (3, 4, 6), (4, 4, 6), (4, 4, 7), (4, 4, 8))((2, 1, 8), (3, 1, 8), (4, 1, 8), (4, 2, 8), (4, 3, 8))((1, 2, 6), (1, 3, 6), (1, 4, 6), (2, 2, 6), (3, 2, 6))((1, 1, 6), (1, 1, 7), (1, 1, 8), (2, 1, 6), (3, 1, 6))((1, 0, 6), (2, 0, 6), (3, 0, 6), (3, 0, 7), (3, 0, 8))((4, 0, 6), (4, 0, 7), (4, 0, 8), (4, 1, 6), (4, 2, 6))
4
((0, 0, 0), (0, 0, 1), (0, 0, 2), (1, 0, 2), (2, 0, 2))((1, 0, 1), (1, 1, 1), (1, 2, 1), (2, 0, 1), (3, 0, 1))((1, 0, 0), (2, 0, 0), (3, 0, 0), (3, 1, 0), (3, 2, 0))((4, 0, 0), (4, 0, 1), (4, 0, 2), (4, 1, 0), (4, 2, 0))((4, 2, 2), (4, 3, 2), (4, 4, 0), (4, 4, 1), (4, 4, 2))((2, 1, 0), (2, 2, 0), (2, 3, 0), (3, 3, 0), (4, 3, 0))((1, 1, 0), (1, 2, 0), (1, 3, 0), (1, 3, 1), (1, 3, 2))((1, 4, 2), (2, 4, 2), (3, 4, 0), (3, 4, 1), (3, 4, 2))((0, 2, 0), (0, 3, 0), (0, 4, 0), (1, 4, 0), (2, 4, 0))((0, 1, 0), (0, 1, 1), (0, 1, 2), (1, 1, 2), (2, 1, 2))((0, 2, 1), (0, 3, 1), (0, 4, 1), (1, 4, 1), (2, 4, 1))((4, 1, 1), (4, 1, 2), (4, 1, 3), (4, 2, 1), (4, 3, 1))((2, 1, 1), (2, 2, 1), (2, 3, 1), (2, 3, 2), (2, 3, 3))((3, 1, 1), (3, 2, 1), (3, 3, 1), (3, 3, 2), (3, 3, 3))((4, 0, 3), (4, 0, 4), (4, 0, 5), (4, 1, 5), (4, 2, 5))((4, 2, 3), (4, 3, 3), (4, 4, 3), (4, 4, 4), (4, 4, 5))((2, 1, 4), (3, 1, 4), (4, 1, 4), (4, 2, 4), (4, 3, 4))((1, 2, 2), (2, 2, 2), (3, 0, 2), (3, 1, 2), (3, 2, 2))((0, 2, 2), (0, 3, 2), (0, 4, 2), (0, 4, 3), (0, 4, 4))((0, 1, 3), (0, 2, 3), (0, 3, 3), (0, 3, 4), (0, 3, 5))((4, 1, 7), (4, 2, 7), (4, 3, 5), (4, 3, 6), (4, 3, 7))((4, 0, 6), (4, 0, 7), (4, 0, 8), (4, 1, 6), (4, 2, 6))((2, 3, 8), (3, 3, 8), (4, 1, 8), (4, 2, 8), (4, 3, 8))((2, 4, 8), (3, 4, 8), (4, 4, 6), (4, 4, 7), (4, 4, 8))((1, 2, 8), (1, 3, 8), (1, 4, 8), (2, 2, 8), (3, 2, 8))((0, 4, 6), (0, 4, 7), (0, 4, 8), (1, 4, 6), (2, 4, 6))((0, 4, 5), (1, 4, 5), (2, 2, 5), (2, 3, 5), (2, 4, 5))((1, 2, 3), (1, 3, 3), (1, 4, 3), (2, 4, 3), (3, 4, 3))((0, 0, 3), (1, 0, 3), (2, 0, 3), (2, 1, 3), (2, 2, 3))((1, 1, 3), (1, 1, 4), (1, 1, 5), (1, 2, 5), (1, 3, 5))((1, 3, 4), (2, 3, 4), (3, 3, 4), (3, 3, 5), (3, 3, 6))((1, 4, 4), (2, 4, 4), (3, 4, 4), (3, 4, 5), (3, 4, 6))((2, 1, 5), (2, 1, 6), (2, 1, 7), (2, 2, 7), (2, 3, 7))((1, 2, 7), (1, 3, 7), (1, 4, 7), (2, 4, 7), (3, 4, 7))((3, 1, 5), (3, 1, 6), (3, 1, 7), (3, 2, 7), (3, 3, 7))((1, 1, 6), (1, 1, 7), (1, 1, 8), (2, 1, 8), (3, 1, 8))((0, 3, 6), (0, 3, 7), (0, 3, 8), (1, 3, 6), (2, 3, 6))((3, 0, 3), (3, 0, 4), (3, 0, 5), (3, 1, 3), (3, 2, 3))((1, 2, 4), (2, 2, 4), (3, 2, 4), (3, 2, 5), (3, 2, 6))((0, 0, 6), (0, 1, 6), (0, 2, 6), (1, 2, 6), (2, 2, 6))((0, 0, 4), (0, 1, 4), (0, 2, 4), (1, 0, 4), (2, 0, 4))((0, 0, 8), (0, 1, 8), (0, 2, 8), (1, 0, 8), (2, 0, 8))((0, 0, 5), (0, 1, 5), (0, 2, 5), (1, 0, 5), (2, 0, 5))((0, 0, 7), (0, 1, 7), (0, 2, 7), (1, 0, 7), (2, 0, 7))((1, 0, 6), (2, 0, 6), (3, 0, 6), (3, 0, 7), (3, 0, 8))
5
((0, 0, 0), (0, 0, 1), (0, 0, 2), (1, 0, 2), (2, 0, 2))((1, 0, 1), (1, 1, 1), (1, 2, 1), (2, 0, 1), (3, 0, 1))((1, 0, 0), (2, 0, 0), (3, 0, 0), (3, 1, 0), (3, 2, 0))((4, 0, 0), (4, 0, 1), (4, 0, 2), (4, 1, 0), (4, 2, 0))((4, 2, 2), (4, 3, 2), (4, 4, 0), (4, 4, 1), (4, 4, 2))((2, 1, 0), (2, 2, 0), (2, 3, 0), (3, 3, 0), (4, 3, 0))((1, 1, 0), (1, 2, 0), (1, 3, 0), (1, 3, 1), (1, 3, 2))((1, 4, 2), (2, 4, 2), (3, 4, 0), (3, 4, 1), (3, 4, 2))((0, 2, 0), (0, 3, 0), (0, 4, 0), (1, 4, 0), (2, 4, 0))((0, 1, 0), (0, 1, 1), (0, 1, 2), (1, 1, 2), (2, 1, 2))((0, 2, 1), (0, 3, 1), (0, 4, 1), (1, 4, 1), (2, 4, 1))((4, 1, 1), (4, 1, 2), (4, 1, 3), (4, 2, 1), (4, 3, 1))((2, 1, 1), (2, 2, 1), (2, 3, 1), (2, 3, 2), (2, 3, 3))((3, 1, 1), (3, 2, 1), (3, 3, 1), (3, 3, 2), (3, 3, 3))((4, 0, 3), (4, 0, 4), (4, 0, 5), (4, 1, 5), (4, 2, 5))((4, 2, 3), (4, 3, 3), (4, 4, 3), (4, 4, 4), (4, 4, 5))((2, 1, 4), (3, 1, 4), (4, 1, 4), (4, 2, 4), (4, 3, 4))((1, 2, 2), (2, 2, 2), (3, 0, 2), (3, 1, 2), (3, 2, 2))((0, 2, 2), (0, 3, 2), (0, 4, 2), (0, 4, 3), (0, 4, 4))((0, 1, 3), (0, 2, 3), (0, 3, 3), (0, 3, 4), (0, 3, 5))((4, 1, 7), (4, 2, 7), (4, 3, 5), (4, 3, 6), (4, 3, 7))((4, 0, 6), (4, 0, 7), (4, 0, 8), (4, 1, 6), (4, 2, 6))((2, 1, 8), (2, 2, 8), (2, 3, 8), (3, 1, 8), (4, 1, 8))((4, 2, 8), (4, 3, 8), (4, 4, 6), (4, 4, 7), (4, 4, 8))((1, 4, 8), (2, 4, 8), (3, 2, 8), (3, 3, 8), (3, 4, 8))((1, 1, 6), (1, 1, 7), (1, 1, 8), (1, 2, 8), (1, 3, 8))((0, 4, 6), (0, 4, 7), (0, 4, 8), (1, 4, 6), (2, 4, 6))((0, 4, 5), (1, 4, 5), (2, 2, 5), (2, 3, 5), (2, 4, 5))((1, 2, 3), (1, 3, 3), (1, 4, 3), (2, 4, 3), (3, 4, 3))((0, 0, 3), (1, 0, 3), (2, 0, 3), (2, 1, 3), (2, 2, 3))((1, 1, 3), (1, 1, 4), (1, 1, 5), (1, 2, 5), (1, 3, 5))((2, 1, 5), (2, 1, 6), (2, 1, 7), (2, 2, 7), (2, 3, 7))((1, 2, 7), (1, 3, 7), (1, 4, 7), (2, 4, 7), (3, 4, 7))((1, 3, 4), (2, 3, 4), (3, 3, 4), (3, 3, 5), (3, 3, 6))((1, 4, 4), (2, 4, 4), (3, 4, 4), (3, 4, 5), (3, 4, 6))((3, 1, 5), (3, 1, 6), (3, 1, 7), (3, 2, 7), (3, 3, 7))((0, 3, 6), (0, 3, 7), (0, 3, 8), (1, 3, 6), (2, 3, 6))((3, 0, 3), (3, 0, 4), (3, 0, 5), (3, 1, 3), (3, 2, 3))((1, 2, 4), (2, 2, 4), (3, 2, 4), (3, 2, 5), (3, 2, 6))((0, 0, 6), (0, 1, 6), (0, 2, 6), (1, 2, 6), (2, 2, 6))((0, 0, 4), (0, 1, 4), (0, 2, 4), (1, 0, 4), (2, 0, 4))((0, 0, 8), (0, 1, 8), (0, 2, 8), (1, 0, 8), (2, 0, 8))((0, 0, 5), (0, 1, 5), (0, 2, 5), (1, 0, 5), (2, 0, 5))((0, 0, 7), (0, 1, 7), (0, 2, 7), (1, 0, 7), (2, 0, 7))((1, 0, 6), (2, 0, 6), (3, 0, 6), (3, 0, 7), (3, 0, 8))
6
((0, 0, 0), (0, 0, 1), (0, 0, 2), (1, 0, 2), (2, 0, 2))((1, 0, 1), (1, 1, 1), (1, 2, 1), (2, 0, 1), (3, 0, 1))((1, 0, 0), (2, 0, 0), (3, 0, 0), (3, 1, 0), (3, 2, 0))((4, 0, 0), (4, 0, 1), (4, 0, 2), (4, 1, 0), (4, 2, 0))((4, 2, 2), (4, 3, 2), (4, 4, 0), (4, 4, 1), (4, 4, 2))((2, 1, 0), (2, 2, 0), (2, 3, 0), (3, 3, 0), (4, 3, 0))((1, 1, 0), (1, 2, 0), (1, 3, 0), (1, 3, 1), (1, 3, 2))((1, 4, 2), (2, 4, 2), (3, 4, 0), (3, 4, 1), (3, 4, 2))((0, 2, 0), (0, 3, 0), (0, 4, 0), (1, 4, 0), (2, 4, 0))((0, 1, 0), (0, 1, 1), (0, 1, 2), (1, 1, 2), (2, 1, 2))((0, 2, 1), (0, 3, 1), (0, 4, 1), (1, 4, 1), (2, 4, 1))((4, 1, 1), (4, 1, 2), (4, 1, 3), (4, 2, 1), (4, 3, 1))((2, 1, 1), (2, 2, 1), (2, 3, 1), (2, 3, 2), (2, 3, 3))((3, 1, 1), (3, 2, 1), (3, 3, 1), (3, 3, 2), (3, 3, 3))((4, 0, 3), (4, 0, 4), (4, 0, 5), (4, 1, 5), (4, 2, 5))((4, 2, 3), (4, 3, 3), (4, 4, 3), (4, 4, 4), (4, 4, 5))((4, 1, 4), (4, 2, 4), (4, 3, 4), (4, 3, 5), (4, 3, 6))((1, 2, 2), (2, 2, 2), (3, 0, 2), (3, 1, 2), (3, 2, 2))((0, 2, 2), (0, 3, 2), (0, 4, 2), (0, 4, 3), (0, 4, 4))((0, 1, 3), (0, 2, 3), (0, 3, 3), (0, 3, 4), (0, 3, 5))((0, 0, 3), (1, 0, 3), (2, 0, 3), (2, 1, 3), (2, 2, 3))((3, 0, 3), (3, 0, 4), (3, 0, 5), (3, 1, 3), (3, 2, 3))((1, 1, 3), (1, 1, 4), (1, 1, 5), (1, 2, 5), (1, 3, 5))((1, 2, 3), (1, 3, 3), (1, 4, 3), (2, 4, 3), (3, 4, 3))((1, 2, 4), (1, 3, 4), (1, 4, 4), (2, 4, 4), (3, 4, 4))((3, 1, 4), (3, 1, 5), (3, 1, 6), (3, 2, 4), (3, 3, 4))((2, 1, 4), (2, 1, 5), (2, 1, 6), (2, 2, 4), (2, 3, 4))((0, 0, 4), (0, 1, 4), (0, 2, 4), (1, 0, 4), (2, 0, 4))((1, 3, 7), (2, 3, 7), (3, 3, 5), (3, 3, 6), (3, 3, 7))((1, 2, 7), (2, 2, 7), (3, 2, 5), (3, 2, 6), (3, 2, 7))((2, 1, 7), (3, 1, 7), (4, 1, 7), (4, 2, 7), (4, 3, 7))((4, 0, 6), (4, 0, 7), (4, 0, 8), (4, 1, 6), (4, 2, 6))((0, 4, 5), (1, 4, 5), (2, 2, 5), (2, 3, 5), (2, 4, 5))((1, 4, 7), (2, 4, 7), (3, 4, 5), (3, 4, 6), (3, 4, 7))((2, 4, 8), (3, 4, 8), (4, 4, 6), (4, 4, 7), (4, 4, 8))((1, 2, 8), (1, 3, 8), (1, 4, 8), (2, 2, 8), (3, 2, 8))((2, 3, 8), (3, 3, 8), (4, 1, 8), (4, 2, 8), (4, 3, 8))((1, 1, 6), (1, 1, 7), (1, 1, 8), (2, 1, 8), (3, 1, 8))((0, 3, 6), (0, 3, 7), (0, 3, 8), (1, 3, 6), (2, 3, 6))((0, 4, 6), (0, 4, 7), (0, 4, 8), (1, 4, 6), (2, 4, 6))((0, 0, 6), (0, 1, 6), (0, 2, 6), (1, 2, 6), (2, 2, 6))((0, 0, 8), (0, 1, 8), (0, 2, 8), (1, 0, 8), (2, 0, 8))((0, 0, 5), (0, 1, 5), (0, 2, 5), (1, 0, 5), (2, 0, 5))((0, 0, 7), (0, 1, 7), (0, 2, 7), (1, 0, 7), (2, 0, 7))((1, 0, 6), (2, 0, 6), (3, 0, 6), (3, 0, 7), (3, 0, 8))
7
((0, 0, 0), (0, 0, 1), (0, 0, 2), (1, 0, 2), (2, 0, 2))((1, 0, 1), (1, 1, 1), (1, 2, 1), (2, 0, 1), (3, 0, 1))((1, 0, 0), (2, 0, 0), (3, 0, 0), (3, 1, 0), (3, 2, 0))((4, 0, 0), (4, 0, 1), (4, 0, 2), (4, 1, 0), (4, 2, 0))((4, 2, 2), (4, 3, 2), (4, 4, 0), (4, 4, 1), (4, 4, 2))((2, 1, 0), (2, 2, 0), (2, 3, 0), (3, 3, 0), (4, 3, 0))((1, 1, 0), (1, 2, 0), (1, 3, 0), (1, 3, 1), (1, 3, 2))((1, 4, 2), (2, 4, 2), (3, 4, 0), (3, 4, 1), (3, 4, 2))((0, 2, 0), (0, 3, 0), (0, 4, 0), (1, 4, 0), (2, 4, 0))((0, 1, 0), (0, 1, 1), (0, 1, 2), (1, 1, 2), (2, 1, 2))((0, 2, 1), (0, 3, 1), (0, 4, 1), (1, 4, 1), (2, 4, 1))((4, 1, 1), (4, 1, 2), (4, 1, 3), (4, 2, 1), (4, 3, 1))((2, 1, 1), (2, 2, 1), (2, 3, 1), (2, 3, 2), (2, 3, 3))((3, 1, 1), (3, 2, 1), (3, 3, 1), (3, 3, 2), (3, 3, 3))((4, 0, 3), (4, 0, 4), (4, 0, 5), (4, 1, 5), (4, 2, 5))((4, 2, 3), (4, 3, 3), (4, 4, 3), (4, 4, 4), (4, 4, 5))((4, 1, 4), (4, 2, 4), (4, 3, 4), (4, 3, 5), (4, 3, 6))((1, 2, 2), (2, 2, 2), (3, 0, 2), (3, 1, 2), (3, 2, 2))((0, 2, 2), (0, 3, 2), (0, 4, 2), (0, 4, 3), (0, 4, 4))((0, 1, 3), (0, 2, 3), (0, 3, 3), (0, 3, 4), (0, 3, 5))((0, 0, 3), (1, 0, 3), (2, 0, 3), (2, 1, 3), (2, 2, 3))((3, 0, 3), (3, 0, 4), (3, 0, 5), (3, 1, 3), (3, 2, 3))((1, 1, 3), (1, 1, 4), (1, 1, 5), (1, 2, 5), (1, 3, 5))((1, 2, 3), (1, 3, 3), (1, 4, 3), (2, 4, 3), (3, 4, 3))((1, 2, 4), (1, 3, 4), (1, 4, 4), (2, 4, 4), (3, 4, 4))((3, 1, 4), (3, 1, 5), (3, 1, 6), (3, 2, 4), (3, 3, 4))((2, 1, 4), (2, 1, 5), (2, 1, 6), (2, 2, 4), (2, 3, 4))((0, 0, 4), (0, 1, 4), (0, 2, 4), (1, 0, 4), (2, 0, 4))((1, 3, 7), (2, 3, 7), (3, 3, 5), (3, 3, 6), (3, 3, 7))((1, 2, 7), (2, 2, 7), (3, 2, 5), (3, 2, 6), (3, 2, 7))((2, 1, 7), (3, 1, 7), (4, 1, 7), (4, 2, 7), (4, 3, 7))((4, 0, 6), (4, 0, 7), (4, 0, 8), (4, 1, 6), (4, 2, 6))((0, 4, 5), (1, 4, 5), (2, 2, 5), (2, 3, 5), (2, 4, 5))((1, 4, 7), (2, 4, 7), (3, 4, 5), (3, 4, 6), (3, 4, 7))((4, 2, 8), (4, 3, 8), (4, 4, 6), (4, 4, 7), (4, 4, 8))((2, 1, 8), (2, 2, 8), (2, 3, 8), (3, 1, 8), (4, 1, 8))((1, 4, 8), (2, 4, 8), (3, 2, 8), (3, 3, 8), (3, 4, 8))((1, 1, 6), (1, 1, 7), (1, 1, 8), (1, 2, 8), (1, 3, 8))((0, 3, 6), (0, 3, 7), (0, 3, 8), (1, 3, 6), (2, 3, 6))((0, 4, 6), (0, 4, 7), (0, 4, 8), (1, 4, 6), (2, 4, 6))((0, 0, 6), (0, 1, 6), (0, 2, 6), (1, 2, 6), (2, 2, 6))((0, 0, 8), (0, 1, 8), (0, 2, 8), (1, 0, 8), (2, 0, 8))((0, 0, 5), (0, 1, 5), (0, 2, 5), (1, 0, 5), (2, 0, 5))((0, 0, 7), (0, 1, 7), (0, 2, 7), (1, 0, 7), (2, 0, 7))((1, 0, 6), (2, 0, 6), (3, 0, 6), (3, 0, 7), (3, 0, 8))
8
((0, 0, 0), (0, 0, 1), (0, 0, 2), (1, 0, 2), (2, 0, 2))((1, 0, 1), (1, 1, 1), (1, 2, 1), (2, 0, 1), (3, 0, 1))((1, 0, 0), (2, 0, 0), (3, 0, 0), (3, 1, 0), (3, 2, 0))((4, 0, 0), (4, 0, 1), (4, 0, 2), (4, 1, 0), (4, 2, 0))((4, 2, 2), (4, 3, 2), (4, 4, 0), (4, 4, 1), (4, 4, 2))((2, 1, 0), (2, 2, 0), (2, 3, 0), (3, 3, 0), (4, 3, 0))((1, 1, 0), (1, 2, 0), (1, 3, 0), (1, 3, 1), (1, 3, 2))((1, 4, 2), (2, 4, 2), (3, 4, 0), (3, 4, 1), (3, 4, 2))((0, 2, 0), (0, 3, 0), (0, 4, 0), (1, 4, 0), (2, 4, 0))((0, 1, 0), (0, 1, 1), (0, 1, 2), (0, 2, 2), (0, 3, 2))((0, 2, 1), (0, 3, 1), (0, 4, 1), (1, 4, 1), (2, 4, 1))((0, 4, 2), (0, 4, 3), (0, 4, 4), (1, 4, 4), (2, 4, 4))((4, 1, 1), (4, 1, 2), (4, 1, 3), (4, 2, 1), (4, 3, 1))((3, 1, 1), (3, 2, 1), (3, 3, 1), (3, 3, 2), (3, 3, 3))((2, 1, 1), (2, 2, 1), (2, 3, 1), (2, 3, 2), (2, 3, 3))((1, 1, 2), (2, 1, 2), (3, 1, 2), (3, 1, 3), (3, 1, 4))((1, 0, 4), (2, 0, 4), (3, 0, 2), (3, 0, 3), (3, 0, 4))((4, 0, 3), (4, 0, 4), (4, 0, 5), (4, 1, 5), (4, 2, 5))((4, 1, 4), (4, 2, 4), (4, 3, 4), (4, 3, 5), (4, 3, 6))((4, 2, 3), (4, 3, 3), (4, 4, 3), (4, 4, 4), (4, 4, 5))((1, 4, 3), (2, 4, 3), (3, 4, 3), (3, 4, 4), (3, 4, 5))((1, 2, 2), (2, 2, 2), (3, 2, 2), (3, 2, 3), (3, 2, 4))((1, 1, 3), (1, 1, 4), (1, 1, 5), (1, 2, 3), (1, 3, 3))((0, 0, 3), (1, 0, 3), (2, 0, 3), (2, 1, 3), (2, 2, 3))((0, 1, 3), (0, 2, 3), (0, 3, 3), (0, 3, 4), (0, 3, 5))((1, 3, 4), (2, 3, 4), (3, 3, 4), (3, 3, 5), (3, 3, 6))((2, 1, 4), (2, 1, 5), (2, 1, 6), (2, 2, 6), (2, 3, 6))((0, 0, 4), (0, 1, 4), (0, 2, 4), (1, 2, 4), (2, 2, 4))((2, 2, 5), (2, 3, 5), (2, 4, 5), (2, 4, 6), (2, 4, 7))((0, 2, 7), (0, 3, 7), (0, 4, 5), (0, 4, 6), (0, 4, 7))((0, 1, 6), (0, 1, 7), (0, 1, 8), (0, 2, 6), (0, 3, 6))((0, 0, 5), (0, 1, 5), (0, 2, 5), (1, 0, 5), (2, 0, 5))((4, 2, 8), (4, 3, 8), (4, 4, 6), (4, 4, 7), (4, 4, 8))((4, 0, 6), (4, 0, 7), (4, 0, 8), (4, 1, 6), (4, 2, 6))((2, 1, 8), (2, 2, 8), (2, 3, 8), (3, 1, 8), (4, 1, 8))((0, 2, 8), (0, 3, 8), (0, 4, 8), (1, 4, 8), (2, 4, 8))((3, 2, 8), (3, 3, 8), (3, 4, 6), (3, 4, 7), (3, 4, 8))((1, 1, 6), (1, 2, 6), (1, 3, 6), (1, 3, 7), (1, 3, 8))((1, 2, 5), (1, 3, 5), (1, 4, 5), (1, 4, 6), (1, 4, 7))((1, 0, 8), (1, 1, 8), (1, 2, 8), (2, 0, 8), (3, 0, 8))((0, 0, 6), (0, 0, 7), (0, 0, 8), (1, 0, 6), (2, 0, 6))((1, 1, 7), (2, 1, 7), (3, 1, 5), (3, 1, 6), (3, 1, 7))((1, 0, 7), (2, 0, 7), (3, 0, 5), (3, 0, 6), (3, 0, 7))((1, 2, 7), (2, 2, 7), (3, 2, 5), (3, 2, 6), (3, 2, 7))((2, 3, 7), (3, 3, 7), (4, 1, 7), (4, 2, 7), (4, 3, 7))
9
((0, 0, 0), (0, 0, 1), (0, 0, 2), (1, 0, 2), (2, 0, 2))((1, 0, 1), (1, 1, 1), (1, 2, 1), (2, 0, 1), (3, 0, 1))((1, 0, 0), (2, 0, 0), (3, 0, 0), (3, 1, 0), (3, 2, 0))((4, 0, 0), (4, 0, 1), (4, 0, 2), (4, 1, 0), (4, 2, 0))((4, 2, 2), (4, 3, 2), (4, 4, 0), (4, 4, 1), (4, 4, 2))((2, 1, 0), (2, 2, 0), (2, 3, 0), (3, 3, 0), (4, 3, 0))((1, 1, 0), (1, 2, 0), (1, 3, 0), (1, 3, 1), (1, 3, 2))((3, 2, 2), (3, 3, 2), (3, 4, 0), (3, 4, 1), (3, 4, 2))((1, 0, 4), (2, 0, 4), (3, 0, 2), (3, 0, 3), (3, 0, 4))((3, 1, 1), (3, 1, 2), (3, 1, 3), (3, 2, 1), (3, 3, 1))((4, 1, 1), (4, 1, 2), (4, 1, 3), (4, 2, 1), (4, 3, 1))((2, 0, 5), (3, 0, 5), (4, 0, 3), (4, 0, 4), (4, 0, 5))((0, 2, 0), (0, 3, 0), (0, 4, 0), (1, 4, 0), (2, 4, 0))((0, 1, 0), (0, 1, 1), (0, 1, 2), (0, 2, 2), (0, 3, 2))((0, 2, 1), (0, 3, 1), (0, 4, 1), (1, 4, 1), (2, 4, 1))((1, 2, 2), (1, 2, 3), (1, 2, 4), (2, 2, 4), (3, 2, 4))((1, 1, 2), (1, 1, 3), (1, 1, 4), (2, 1, 4), (3, 1, 4))((0, 0, 3), (0, 0, 4), (0, 0, 5), (1, 0, 3), (2, 0, 3))((2, 1, 1), (2, 1, 2), (2, 1, 3), (2, 2, 1), (2, 3, 1))((0, 4, 2), (1, 4, 2), (2, 2, 2), (2, 3, 2), (2, 4, 2))((2, 3, 4), (3, 3, 4), (4, 1, 4), (4, 2, 4), (4, 3, 4))((1, 3, 3), (1, 3, 4), (1, 3, 5), (2, 3, 3), (3, 3, 3))((2, 2, 3), (3, 2, 3), (4, 2, 3), (4, 3, 3), (4, 4, 3))((2, 4, 6), (3, 4, 6), (4, 4, 4), (4, 4, 5), (4, 4, 6))((2, 4, 7), (3, 4, 7), (4, 2, 7), (4, 3, 7), (4, 4, 7))((2, 4, 8), (3, 4, 8), (4, 2, 8), (4, 3, 8), (4, 4, 8))((2, 0, 6), (3, 0, 6), (4, 0, 6), (4, 0, 7), (4, 0, 8))((1, 2, 8), (1, 3, 8), (1, 4, 6), (1, 4, 7), (1, 4, 8))((0, 2, 8), (0, 3, 8), (0, 4, 6), (0, 4, 7), (0, 4, 8))((0, 0, 6), (0, 0, 7), (0, 0, 8), (0, 1, 6), (0, 2, 6))((0, 1, 8), (1, 1, 8), (2, 1, 8), (2, 2, 8), (2, 3, 8))((1, 0, 8), (2, 0, 8), (3, 0, 8), (3, 1, 8), (3, 2, 8))((3, 1, 6), (3, 2, 6), (3, 3, 6), (3, 3, 7), (3, 3, 8))((4, 1, 6), (4, 1, 7), (4, 1, 8), (4, 2, 6), (4, 3, 6))((0, 3, 6), (1, 3, 6), (2, 1, 6), (2, 2, 6), (2, 3, 6))((0, 1, 7), (0, 2, 7), (0, 3, 7), (1, 3, 7), (2, 3, 7))((1, 1, 5), (1, 1, 6), (1, 1, 7), (2, 1, 7), (3, 1, 7))((1, 0, 5), (1, 0, 6), (1, 0, 7), (2, 0, 7), (3, 0, 7))((1, 2, 5), (1, 2, 6), (1, 2, 7), (2, 2, 7), (3, 2, 7))((0, 1, 3), (0, 1, 4), (0, 1, 5), (0, 2, 5), (0, 3, 5))((0, 2, 4), (0, 3, 4), (0, 4, 4), (1, 4, 4), (2, 4, 4))((0, 2, 3), (0, 3, 3), (0, 4, 3), (1, 4, 3), (2, 4, 3))((0, 4, 5), (1, 4, 5), (2, 2, 5), (2, 3, 5), (2, 4, 5))((3, 2, 5), (3, 3, 5), (3, 4, 3), (3, 4, 4), (3, 4, 5))((2, 1, 5), (3, 1, 5), (4, 1, 5), (4, 2, 5), (4, 3, 5))
10
((0, 0, 0), (0, 0, 1), (0, 0, 2), (1, 0, 2), (2, 0, 2))((1, 0, 1), (1, 1, 1), (1, 2, 1), (2, 0, 1), (3, 0, 1))((1, 0, 0), (2, 0, 0), (3, 0, 0), (3, 1, 0), (3, 2, 0))((4, 0, 0), (4, 0, 1), (4, 0, 2), (4, 1, 0), (4, 2, 0))((4, 2, 2), (4, 3, 2), (4, 4, 0), (4, 4, 1), (4, 4, 2))((2, 1, 0), (2, 2, 0), (2, 3, 0), (3, 3, 0), (4, 3, 0))((1, 1, 0), (1, 2, 0), (1, 3, 0), (1, 3, 1), (1, 3, 2))((3, 2, 2), (3, 3, 2), (3, 4, 0), (3, 4, 1), (3, 4, 2))((1, 0, 4), (2, 0, 4), (3, 0, 2), (3, 0, 3), (3, 0, 4))((3, 1, 1), (3, 1, 2), (3, 1, 3), (3, 2, 1), (3, 3, 1))((4, 1, 1), (4, 1, 2), (4, 1, 3), (4, 2, 1), (4, 3, 1))((2, 0, 5), (3, 0, 5), (4, 0, 3), (4, 0, 4), (4, 0, 5))((0, 2, 0), (0, 3, 0), (0, 4, 0), (1, 4, 0), (2, 4, 0))((0, 1, 0), (0, 1, 1), (0, 1, 2), (0, 2, 2), (0, 3, 2))((0, 2, 1), (0, 3, 1), (0, 4, 1), (1, 4, 1), (2, 4, 1))((1, 2, 2), (1, 2, 3), (1, 2, 4), (2, 2, 4), (3, 2, 4))((1, 1, 2), (1, 1, 3), (1, 1, 4), (2, 1, 4), (3, 1, 4))((0, 0, 3), (0, 0, 4), (0, 0, 5), (1, 0, 3), (2, 0, 3))((2, 1, 1), (2, 1, 2), (2, 1, 3), (2, 2, 1), (2, 3, 1))((0, 4, 2), (1, 4, 2), (2, 2, 2), (2, 3, 2), (2, 4, 2))((2, 3, 4), (3, 3, 4), (4, 1, 4), (4, 2, 4), (4, 3, 4))((1, 3, 3), (1, 3, 4), (1, 3, 5), (2, 3, 3), (3, 3, 3))((2, 2, 3), (3, 2, 3), (4, 2, 3), (4, 3, 3), (4, 4, 3))((2, 4, 6), (3, 4, 6), (4, 4, 4), (4, 4, 5), (4, 4, 6))((2, 4, 7), (3, 4, 7), (4, 2, 7), (4, 3, 7), (4, 4, 7))((2, 4, 8), (3, 4, 8), (4, 2, 8), (4, 3, 8), (4, 4, 8))((2, 0, 6), (3, 0, 6), (4, 0, 6), (4, 0, 7), (4, 0, 8))((1, 2, 6), (1, 3, 6), (1, 4, 6), (1, 4, 7), (1, 4, 8))((1, 4, 5), (2, 4, 5), (3, 4, 3), (3, 4, 4), (3, 4, 5))((0, 2, 3), (0, 3, 3), (0, 4, 3), (1, 4, 3), (2, 4, 3))((0, 1, 3), (0, 1, 4), (0, 1, 5), (1, 1, 5), (2, 1, 5))((1, 0, 5), (1, 0, 6), (1, 0, 7), (2, 0, 7), (3, 0, 7))((0, 2, 4), (0, 3, 4), (0, 4, 4), (1, 4, 4), (2, 4, 4))((2, 3, 5), (3, 3, 5), (4, 1, 5), (4, 2, 5), (4, 3, 5))((1, 2, 7), (2, 2, 7), (3, 2, 5), (3, 2, 6), (3, 2, 7))((1, 1, 7), (2, 1, 7), (3, 1, 5), (3, 1, 6), (3, 1, 7))((0, 2, 5), (0, 3, 5), (0, 4, 5), (1, 2, 5), (2, 2, 5))((0, 1, 7), (0, 2, 7), (0, 3, 7), (1, 3, 7), (2, 3, 7))((0, 1, 6), (1, 1, 6), (2, 1, 6), (2, 2, 6), (2, 3, 6))((0, 2, 6), (0, 3, 6), (0, 4, 6), (0, 4, 7), (0, 4, 8))((4, 1, 6), (4, 1, 7), (4, 1, 8), (4, 2, 6), (4, 3, 6))((3, 1, 8), (3, 2, 8), (3, 3, 6), (3, 3, 7), (3, 3, 8))((1, 0, 8), (1, 1, 8), (1, 2, 8), (2, 0, 8), (3, 0, 8))((0, 3, 8), (1, 3, 8), (2, 1, 8), (2, 2, 8), (2, 3, 8))((0, 0, 6), (0, 0, 7), (0, 0, 8), (0, 1, 8), (0, 2, 8))
11
((0, 0, 0), (0, 0, 1), (0, 0, 2), (1, 0, 2), (2, 0, 2))((1, 0, 1), (1, 1, 1), (1, 2, 1), (2, 0, 1), (3, 0, 1))((1, 0, 0), (2, 0, 0), (3, 0, 0), (3, 1, 0), (3, 2, 0))((4, 0, 0), (4, 0, 1), (4, 0, 2), (4, 1, 0), (4, 2, 0))((4, 2, 2), (4, 3, 2), (4, 4, 0), (4, 4, 1), (4, 4, 2))((2, 1, 0), (2, 2, 0), (2, 3, 0), (3, 3, 0), (4, 3, 0))((1, 1, 0), (1, 2, 0), (1, 3, 0), (1, 3, 1), (1, 3, 2))((3, 2, 2), (3, 3, 2), (3, 4, 0), (3, 4, 1), (3, 4, 2))((1, 0, 4), (2, 0, 4), (3, 0, 2), (3, 0, 3), (3, 0, 4))((3, 1, 1), (3, 1, 2), (3, 1, 3), (3, 2, 1), (3, 3, 1))((4, 1, 1), (4, 1, 2), (4, 1, 3), (4, 2, 1), (4, 3, 1))((2, 0, 5), (3, 0, 5), (4, 0, 3), (4, 0, 4), (4, 0, 5))((0, 2, 0), (0, 3, 0), (0, 4, 0), (1, 4, 0), (2, 4, 0))((0, 1, 0), (0, 1, 1), (0, 1, 2), (0, 2, 2), (0, 3, 2))((0, 2, 1), (0, 3, 1), (0, 4, 1), (1, 4, 1), (2, 4, 1))((1, 2, 2), (1, 2, 3), (1, 2, 4), (2, 2, 4), (3, 2, 4))((1, 1, 2), (1, 1, 3), (1, 1, 4), (2, 1, 4), (3, 1, 4))((0, 0, 3), (0, 0, 4), (0, 0, 5), (1, 0, 3), (2, 0, 3))((2, 1, 1), (2, 1, 2), (2, 1, 3), (2, 2, 1), (2, 3, 1))((0, 4, 2), (1, 4, 2), (2, 2, 2), (2, 3, 2), (2, 4, 2))((2, 3, 4), (3, 3, 4), (4, 1, 4), (4, 2, 4), (4, 3, 4))((1, 3, 3), (1, 3, 4), (1, 3, 5), (2, 3, 3), (3, 3, 3))((2, 2, 3), (3, 2, 3), (4, 2, 3), (4, 3, 3), (4, 4, 3))((2, 4, 6), (3, 4, 6), (4, 4, 4), (4, 4, 5), (4, 4, 6))((2, 4, 7), (3, 4, 7), (4, 2, 7), (4, 3, 7), (4, 4, 7))((2, 4, 8), (3, 4, 8), (4, 2, 8), (4, 3, 8), (4, 4, 8))((2, 0, 6), (3, 0, 6), (4, 0, 6), (4, 0, 7), (4, 0, 8))((1, 2, 6), (1, 3, 6), (1, 4, 6), (1, 4, 7), (1, 4, 8))((1, 4, 5), (2, 4, 5), (3, 4, 3), (3, 4, 4), (3, 4, 5))((0, 2, 3), (0, 3, 3), (0, 4, 3), (1, 4, 3), (2, 4, 3))((0, 1, 3), (0, 1, 4), (0, 1, 5), (1, 1, 5), (2, 1, 5))((1, 0, 5), (1, 0, 6), (1, 0, 7), (2, 0, 7), (3, 0, 7))((0, 2, 4), (0, 3, 4), (0, 4, 4), (1, 4, 4), (2, 4, 4))((2, 3, 5), (3, 3, 5), (4, 1, 5), (4, 2, 5), (4, 3, 5))((1, 2, 7), (2, 2, 7), (3, 2, 5), (3, 2, 6), (3, 2, 7))((1, 1, 7), (2, 1, 7), (3, 1, 5), (3, 1, 6), (3, 1, 7))((0, 2, 5), (0, 3, 5), (0, 4, 5), (1, 2, 5), (2, 2, 5))((0, 1, 7), (0, 2, 7), (0, 3, 7), (1, 3, 7), (2, 3, 7))((0, 1, 6), (1, 1, 6), (2, 1, 6), (2, 2, 6), (2, 3, 6))((0, 2, 6), (0, 3, 6), (0, 4, 6), (0, 4, 7), (0, 4, 8))((4, 1, 6), (4, 1, 7), (4, 1, 8), (4, 2, 6), (4, 3, 6))((1, 3, 8), (2, 3, 8), (3, 3, 6), (3, 3, 7), (3, 3, 8))((0, 1, 8), (0, 2, 8), (0, 3, 8), (1, 1, 8), (2, 1, 8))((1, 2, 8), (2, 2, 8), (3, 0, 8), (3, 1, 8), (3, 2, 8))((0, 0, 6), (0, 0, 7), (0, 0, 8), (1, 0, 8), (2, 0, 8))
12
((0, 0, 0), (0, 0, 1), (0, 0, 2), (1, 0, 2), (2, 0, 2))((1, 0, 1), (1, 1, 1), (1, 2, 1), (2, 0, 1), (3, 0, 1))((1, 0, 0), (1, 1, 0), (1, 2, 0), (2, 2, 0), (3, 2, 0))((2, 0, 0), (3, 0, 0), (4, 0, 0), (4, 0, 1), (4, 0, 2))((2, 1, 0), (3, 1, 0), (4, 1, 0), (4, 2, 0), (4, 3, 0))((4, 2, 2), (4, 3, 2), (4, 4, 0), (4, 4, 1), (4, 4, 2))((1, 4, 2), (2, 4, 2), (3, 4, 0), (3, 4, 1), (3, 4, 2))((0, 2, 0), (0, 3, 0), (0, 4, 0), (1, 4, 0), (2, 4, 0))((0, 1, 0), (0, 1, 1), (0, 1, 2), (1, 1, 2), (2, 1, 2))((1, 3, 0), (1, 3, 1), (1, 3, 2), (2, 3, 0), (3, 3, 0))((0, 2, 1), (0, 3, 1), (0, 4, 1), (1, 4, 1), (2, 4, 1))((4, 1, 1), (4, 1, 2), (4, 1, 3), (4, 2, 1), (4, 3, 1))((2, 1, 1), (2, 2, 1), (2, 3, 1), (2, 3, 2), (2, 3, 3))((3, 1, 1), (3, 2, 1), (3, 3, 1), (3, 3, 2), (3, 3, 3))((4, 0, 3), (4, 0, 4), (4, 0, 5), (4, 1, 5), (4, 2, 5))((4, 2, 3), (4, 3, 3), (4, 4, 3), (4, 4, 4), (4, 4, 5))((2, 3, 4), (3, 3, 4), (4, 1, 4), (4, 2, 4), (4, 3, 4))((1, 1, 4), (2, 1, 4), (3, 1, 2), (3, 1, 3), (3, 1, 4))((1, 0, 4), (2, 0, 4), (3, 0, 2), (3, 0, 3), (3, 0, 4))((1, 2, 4), (2, 2, 4), (3, 2, 2), (3, 2, 3), (3, 2, 4))((0, 2, 2), (0, 3, 2), (0, 4, 2), (1, 2, 2), (2, 2, 2))((1, 1, 3), (1, 2, 3), (1, 3, 3), (1, 3, 4), (1, 3, 5))((0, 0, 3), (1, 0, 3), (2, 0, 3), (2, 1, 3), (2, 2, 3))((0, 1, 3), (0, 1, 4), (0, 1, 5), (0, 2, 5), (0, 3, 5))((0, 2, 3), (0, 3, 3), (0, 4, 3), (1, 4, 3), (2, 4, 3))((0, 2, 4), (0, 3, 4), (0, 4, 4), (1, 4, 4), (2, 4, 4))((0, 0, 4), (0, 0, 5), (0, 0, 6), (0, 1, 6), (0, 2, 6))((3, 2, 5), (3, 3, 5), (3, 4, 3), (3, 4, 4), (3, 4, 5))((4, 1, 7), (4, 2, 7), (4, 3, 5), (4, 3, 6), (4, 3, 7))((3, 1, 5), (3, 1, 6), (3, 1, 7), (3, 2, 7), (3, 3, 7))((4, 0, 6), (4, 0, 7), (4, 0, 8), (4, 1, 6), (4, 2, 6))((1, 0, 5), (1, 1, 5), (1, 2, 5), (2, 0, 5), (3, 0, 5))((0, 0, 7), (0, 1, 7), (0, 2, 7), (1, 0, 7), (2, 0, 7))((1, 1, 6), (1, 1, 7), (1, 1, 8), (2, 1, 8), (3, 1, 8))((2, 3, 8), (3, 3, 8), (4, 1, 8), (4, 2, 8), (4, 3, 8))((1, 0, 6), (2, 0, 6), (3, 0, 6), (3, 0, 7), (3, 0, 8))((0, 0, 8), (0, 1, 8), (0, 2, 8), (1, 0, 8), (2, 0, 8))((0, 3, 6), (0, 3, 7), (0, 3, 8), (1, 3, 6), (2, 3, 6))((2, 1, 5), (2, 1, 6), (2, 1, 7), (2, 2, 7), (2, 3, 7))((0, 4, 5), (1, 4, 5), (2, 2, 5), (2, 3, 5), (2, 4, 5))((1, 2, 7), (1, 3, 7), (1, 4, 7), (2, 4, 7), (3, 4, 7))((1, 2, 6), (2, 2, 6), (3, 2, 6), (3, 3, 6), (3, 4, 6))((2, 4, 8), (3, 4, 8), (4, 4, 6), (4, 4, 7), (4, 4, 8))((1, 2, 8), (1, 3, 8), (1, 4, 8), (2, 2, 8), (3, 2, 8))((0, 4, 6), (0, 4, 7), (0, 4, 8), (1, 4, 6), (2, 4, 6))
13
((0, 0, 0), (0, 0, 1), (0, 0, 2), (1, 0, 2), (2, 0, 2))((1, 0, 1), (1, 1, 1), (1, 2, 1), (2, 0, 1), (3, 0, 1))((1, 0, 0), (1, 1, 0), (1, 2, 0), (2, 2, 0), (3, 2, 0))((2, 0, 0), (3, 0, 0), (4, 0, 0), (4, 0, 1), (4, 0, 2))((2, 1, 0), (3, 1, 0), (4, 1, 0), (4, 2, 0), (4, 3, 0))((4, 2, 2), (4, 3, 2), (4, 4, 0), (4, 4, 1), (4, 4, 2))((1, 4, 2), (2, 4, 2), (3, 4, 0), (3, 4, 1), (3, 4, 2))((0, 2, 0), (0, 3, 0), (0, 4, 0), (1, 4, 0), (2, 4, 0))((0, 1, 0), (0, 1, 1), (0, 1, 2), (1, 1, 2), (2, 1, 2))((1, 3, 0), (1, 3, 1), (1, 3, 2), (2, 3, 0), (3, 3, 0))((0, 2, 1), (0, 3, 1), (0, 4, 1), (1, 4, 1), (2, 4, 1))((4, 1, 1), (4, 1, 2), (4, 1, 3), (4, 2, 1), (4, 3, 1))((2, 1, 1), (2, 2, 1), (2, 3, 1), (2, 3, 2), (2, 3, 3))((3, 1, 1), (3, 2, 1), (3, 3, 1), (3, 3, 2), (3, 3, 3))((4, 0, 3), (4, 0, 4), (4, 0, 5), (4, 1, 5), (4, 2, 5))((4, 2, 3), (4, 3, 3), (4, 4, 3), (4, 4, 4), (4, 4, 5))((2, 3, 4), (3, 3, 4), (4, 1, 4), (4, 2, 4), (4, 3, 4))((1, 1, 4), (2, 1, 4), (3, 1, 2), (3, 1, 3), (3, 1, 4))((1, 0, 4), (2, 0, 4), (3, 0, 2), (3, 0, 3), (3, 0, 4))((1, 2, 4), (2, 2, 4), (3, 2, 2), (3, 2, 3), (3, 2, 4))((0, 2, 2), (0, 3, 2), (0, 4, 2), (1, 2, 2), (2, 2, 2))((1, 1, 3), (1, 2, 3), (1, 3, 3), (1, 3, 4), (1, 3, 5))((0, 0, 3), (1, 0, 3), (2, 0, 3), (2, 1, 3), (2, 2, 3))((0, 1, 3), (0, 1, 4), (0, 1, 5), (0, 2, 5), (0, 3, 5))((0, 2, 3), (0, 3, 3), (0, 4, 3), (1, 4, 3), (2, 4, 3))((0, 2, 4), (0, 3, 4), (0, 4, 4), (1, 4, 4), (2, 4, 4))((0, 0, 4), (0, 0, 5), (0, 0, 6), (0, 1, 6), (0, 2, 6))((3, 2, 5), (3, 3, 5), (3, 4, 3), (3, 4, 4), (3, 4, 5))((4, 1, 7), (4, 2, 7), (4, 3, 5), (4, 3, 6), (4, 3, 7))((3, 1, 5), (3, 1, 6), (3, 1, 7), (3, 2, 7), (3, 3, 7))((4, 0, 6), (4, 0, 7), (4, 0, 8), (4, 1, 6), (4, 2, 6))((1, 0, 5), (1, 1, 5), (1, 2, 5), (2, 0, 5), (3, 0, 5))((0, 0, 7), (0, 1, 7), (0, 2, 7), (1, 0, 7), (2, 0, 7))((1, 1, 6), (1, 1, 7), (1, 1, 8), (1, 2, 8), (1, 3, 8))((1, 0, 6), (2, 0, 6), (3, 0, 6), (3, 0, 7), (3, 0, 8))((1, 2, 7), (1, 3, 7), (1, 4, 7), (2, 4, 7), (3, 4, 7))((0, 3, 6), (0, 3, 7), (0, 3, 8), (1, 3, 6), (2, 3, 6))((0, 0, 8), (0, 1, 8), (0, 2, 8), (1, 0, 8), (2, 0, 8))((2, 1, 5), (2, 1, 6), (2, 1, 7), (2, 2, 7), (2, 3, 7))((0, 4, 5), (1, 4, 5), (2, 2, 5), (2, 3, 5), (2, 4, 5))((1, 2, 6), (2, 2, 6), (3, 2, 6), (3, 3, 6), (3, 4, 6))((0, 4, 6), (0, 4, 7), (0, 4, 8), (1, 4, 6), (2, 4, 6))((1, 4, 8), (2, 4, 8), (3, 2, 8), (3, 3, 8), (3, 4, 8))((4, 2, 8), (4, 3, 8), (4, 4, 6), (4, 4, 7), (4, 4, 8))((2, 1, 8), (2, 2, 8), (2, 3, 8), (3, 1, 8), (4, 1, 8))
14
((0, 0, 0), (0, 0, 1), (0, 0, 2), (1, 0, 2), (2, 0, 2))((1, 0, 1), (1, 1, 1), (1, 2, 1), (2, 0, 1), (3, 0, 1))((1, 0, 0), (1, 1, 0), (1, 2, 0), (2, 2, 0), (3, 2, 0))((2, 0, 0), (3, 0, 0), (4, 0, 0), (4, 0, 1), (4, 0, 2))((2, 1, 0), (3, 1, 0), (4, 1, 0), (4, 2, 0), (4, 3, 0))((4, 2, 2), (4, 3, 2), (4, 4, 0), (4, 4, 1), (4, 4, 2))((1, 4, 2), (2, 4, 2), (3, 4, 0), (3, 4, 1), (3, 4, 2))((0, 2, 0), (0, 3, 0), (0, 4, 0), (1, 4, 0), (2, 4, 0))((0, 1, 0), (0, 1, 1), (0, 1, 2), (1, 1, 2), (2, 1, 2))((1, 3, 0), (1, 3, 1), (1, 3, 2), (2, 3, 0), (3, 3, 0))((0, 2, 1), (0, 3, 1), (0, 4, 1), (1, 4, 1), (2, 4, 1))((4, 1, 1), (4, 1, 2), (4, 1, 3), (4, 2, 1), (4, 3, 1))((2, 1, 1), (2, 2, 1), (2, 3, 1), (2, 3, 2), (2, 3, 3))((3, 1, 1), (3, 2, 1), (3, 3, 1), (3, 3, 2), (3, 3, 3))((4, 0, 3), (4, 0, 4), (4, 0, 5), (4, 1, 5), (4, 2, 5))((4, 2, 3), (4, 3, 3), (4, 4, 3), (4, 4, 4), (4, 4, 5))((2, 3, 4), (3, 3, 4), (4, 1, 4), (4, 2, 4), (4, 3, 4))((1, 1, 4), (2, 1, 4), (3, 1, 2), (3, 1, 3), (3, 1, 4))((1, 0, 4), (2, 0, 4), (3, 0, 2), (3, 0, 3), (3, 0, 4))((1, 2, 4), (2, 2, 4), (3, 2, 2), (3, 2, 3), (3, 2, 4))((0, 2, 2), (0, 3, 2), (0, 4, 2), (1, 2, 2), (2, 2, 2))((1, 1, 3), (1, 2, 3), (1, 3, 3), (1, 3, 4), (1, 3, 5))((0, 0, 3), (1, 0, 3), (2, 0, 3), (2, 1, 3), (2, 2, 3))((0, 1, 3), (0, 1, 4), (0, 1, 5), (1, 1, 5), (2, 1, 5))((0, 0, 4), (0, 0, 5), (0, 0, 6), (0, 1, 6), (0, 2, 6))((0, 2, 3), (0, 3, 3), (0, 4, 3), (1, 4, 3), (2, 4, 3))((0, 2, 4), (0, 3, 4), (0, 4, 4), (1, 4, 4), (2, 4, 4))((1, 4, 5), (2, 4, 5), (3, 4, 3), (3, 4, 4), (3, 4, 5))((0, 2, 5), (0, 3, 5), (0, 4, 5), (1, 2, 5), (2, 2, 5))((4, 1, 7), (4, 2, 7), (4, 3, 5), (4, 3, 6), (4, 3, 7))((2, 1, 7), (2, 2, 7), (2, 3, 5), (2, 3, 6), (2, 3, 7))((0, 0, 7), (0, 1, 7), (0, 2, 7), (1, 0, 7), (2, 0, 7))((0, 3, 6), (0, 3, 7), (0, 3, 8), (1, 3, 8), (2, 3, 8))((1, 2, 7), (1, 3, 7), (1, 4, 7), (2, 4, 7), (3, 4, 7))((1, 0, 5), (2, 0, 5), (3, 0, 5), (3, 1, 5), (3, 2, 5))((3, 1, 7), (3, 2, 7), (3, 3, 5), (3, 3, 6), (3, 3, 7))((0, 4, 6), (0, 4, 7), (0, 4, 8), (1, 4, 8), (2, 4, 8))((1, 2, 8), (2, 2, 8), (3, 2, 8), (3, 3, 8), (3, 4, 8))((0, 0, 8), (0, 1, 8), (0, 2, 8), (1, 0, 8), (2, 0, 8))((2, 4, 6), (3, 4, 6), (4, 4, 6), (4, 4, 7), (4, 4, 8))((2, 1, 8), (3, 1, 8), (4, 1, 8), (4, 2, 8), (4, 3, 8))((1, 2, 6), (1, 3, 6), (1, 4, 6), (2, 2, 6), (3, 2, 6))((1, 1, 6), (1, 1, 7), (1, 1, 8), (2, 1, 6), (3, 1, 6))((1, 0, 6), (2, 0, 6), (3, 0, 6), (3, 0, 7), (3, 0, 8))((4, 0, 6), (4, 0, 7), (4, 0, 8), (4, 1, 6), (4, 2, 6))
15
((0, 0, 0), (0, 0, 1), (0, 0, 2), (1, 0, 2), (2, 0, 2))((1, 0, 1), (1, 1, 1), (1, 2, 1), (2, 0, 1), (3, 0, 1))((1, 0, 0), (1, 1, 0), (1, 2, 0), (2, 2, 0), (3, 2, 0))((2, 0, 0), (3, 0, 0), (4, 0, 0), (4, 0, 1), (4, 0, 2))((2, 1, 0), (3, 1, 0), (4, 1, 0), (4, 2, 0), (4, 3, 0))((4, 2, 2), (4, 3, 2), (4, 4, 0), (4, 4, 1), (4, 4, 2))((1, 4, 2), (2, 4, 2), (3, 4, 0), (3, 4, 1), (3, 4, 2))((0, 2, 0), (0, 3, 0), (0, 4, 0), (1, 4, 0), (2, 4, 0))((0, 1, 0), (0, 1, 1), (0, 1, 2), (1, 1, 2), (2, 1, 2))((1, 3, 0), (1, 3, 1), (1, 3, 2), (2, 3, 0), (3, 3, 0))((0, 2, 1), (0, 3, 1), (0, 4, 1), (1, 4, 1), (2, 4, 1))((4, 1, 1), (4, 1, 2), (4, 1, 3), (4, 2, 1), (4, 3, 1))((2, 1, 1), (2, 2, 1), (2, 3, 1), (2, 3, 2), (2, 3, 3))((3, 1, 1), (3, 2, 1), (3, 3, 1), (3, 3, 2), (3, 3, 3))((4, 0, 3), (4, 0, 4), (4, 0, 5), (4, 1, 5), (4, 2, 5))((4, 2, 3), (4, 3, 3), (4, 4, 3), (4, 4, 4), (4, 4, 5))((2, 1, 4), (3, 1, 4), (4, 1, 4), (4, 2, 4), (4, 3, 4))((1, 2, 2), (2, 2, 2), (3, 0, 2), (3, 1, 2), (3, 2, 2))((0, 2, 2), (0, 3, 2), (0, 4, 2), (0, 4, 3), (0, 4, 4))((0, 1, 3), (0, 2, 3), (0, 3, 3), (0, 3, 4), (0, 3, 5))((4, 1, 7), (4, 2, 7), (4, 3, 5), (4, 3, 6), (4, 3, 7))((4, 0, 6), (4, 0, 7), (4, 0, 8), (4, 1, 6), (4, 2, 6))((2, 3, 8), (3, 3, 8), (4, 1, 8), (4, 2, 8), (4, 3, 8))((2, 4, 8), (3, 4, 8), (4, 4, 6), (4, 4, 7), (4, 4, 8))((1, 2, 8), (1, 3, 8), (1, 4, 8), (2, 2, 8), (3, 2, 8))((0, 4, 6), (0, 4, 7), (0, 4, 8), (1, 4, 6), (2, 4, 6))((0, 4, 5), (1, 4, 5), (2, 2, 5), (2, 3, 5), (2, 4, 5))((1, 2, 3), (1, 3, 3), (1, 4, 3), (2, 4, 3), (3, 4, 3))((0, 0, 3), (1, 0, 3), (2, 0, 3), (2, 1, 3), (2, 2, 3))((1, 1, 3), (1, 1, 4), (1, 1, 5), (1, 2, 5), (1, 3, 5))((1, 3, 4), (2, 3, 4), (3, 3, 4), (3, 3, 5), (3, 3, 6))((1, 4, 4), (2, 4, 4), (3, 4, 4), (3, 4, 5), (3, 4, 6))((2, 1, 5), (2, 1, 6), (2, 1, 7), (2, 2, 7), (2, 3, 7))((1, 2, 7), (1, 3, 7), (1, 4, 7), (2, 4, 7), (3, 4, 7))((3, 1, 5), (3, 1, 6), (3, 1, 7), (3, 2, 7), (3, 3, 7))((1, 1, 6), (1, 1, 7), (1, 1, 8), (2, 1, 8), (3, 1, 8))((0, 3, 6), (0, 3, 7), (0, 3, 8), (1, 3, 6), (2, 3, 6))((3, 0, 3), (3, 0, 4), (3, 0, 5), (3, 1, 3), (3, 2, 3))((1, 2, 4), (2, 2, 4), (3, 2, 4), (3, 2, 5), (3, 2, 6))((0, 0, 6), (0, 1, 6), (0, 2, 6), (1, 2, 6), (2, 2, 6))((0, 0, 4), (0, 1, 4), (0, 2, 4), (1, 0, 4), (2, 0, 4))((0, 0, 8), (0, 1, 8), (0, 2, 8), (1, 0, 8), (2, 0, 8))((0, 0, 5), (0, 1, 5), (0, 2, 5), (1, 0, 5), (2, 0, 5))((0, 0, 7), (0, 1, 7), (0, 2, 7), (1, 0, 7), (2, 0, 7))((1, 0, 6), (2, 0, 6), (3, 0, 6), (3, 0, 7), (3, 0, 8))
16
((0, 0, 0), (0, 0, 1), (0, 0, 2), (1, 0, 2), (2, 0, 2))((1, 0, 1), (1, 1, 1), (1, 2, 1), (2, 0, 1), (3, 0, 1))((1, 0, 0), (1, 1, 0), (1, 2, 0), (2, 2, 0), (3, 2, 0))((2, 0, 0), (3, 0, 0), (4, 0, 0), (4, 0, 1), (4, 0, 2))((2, 1, 0), (3, 1, 0), (4, 1, 0), (4, 2, 0), (4, 3, 0))((4, 2, 2), (4, 3, 2), (4, 4, 0), (4, 4, 1), (4, 4, 2))((1, 4, 2), (2, 4, 2), (3, 4, 0), (3, 4, 1), (3, 4, 2))((0, 2, 0), (0, 3, 0), (0, 4, 0), (1, 4, 0), (2, 4, 0))((0, 1, 0), (0, 1, 1), (0, 1, 2), (1, 1, 2), (2, 1, 2))((1, 3, 0), (1, 3, 1), (1, 3, 2), (2, 3, 0), (3, 3, 0))((0, 2, 1), (0, 3, 1), (0, 4, 1), (1, 4, 1), (2, 4, 1))((4, 1, 1), (4, 1, 2), (4, 1, 3), (4, 2, 1), (4, 3, 1))((2, 1, 1), (2, 2, 1), (2, 3, 1), (2, 3, 2), (2, 3, 3))((3, 1, 1), (3, 2, 1), (3, 3, 1), (3, 3, 2), (3, 3, 3))((4, 0, 3), (4, 0, 4), (4, 0, 5), (4, 1, 5), (4, 2, 5))((4, 2, 3), (4, 3, 3), (4, 4, 3), (4, 4, 4), (4, 4, 5))((2, 1, 4), (3, 1, 4), (4, 1, 4), (4, 2, 4), (4, 3, 4))((1, 2, 2), (2, 2, 2), (3, 0, 2), (3, 1, 2), (3, 2, 2))((0, 2, 2), (0, 3, 2), (0, 4, 2), (0, 4, 3), (0, 4, 4))((0, 1, 3), (0, 2, 3), (0, 3, 3), (0, 3, 4), (0, 3, 5))((4, 1, 7), (4, 2, 7), (4, 3, 5), (4, 3, 6), (4, 3, 7))((4, 0, 6), (4, 0, 7), (4, 0, 8), (4, 1, 6), (4, 2, 6))((2, 1, 8), (2, 2, 8), (2, 3, 8), (3, 1, 8), (4, 1, 8))((4, 2, 8), (4, 3, 8), (4, 4, 6), (4, 4, 7), (4, 4, 8))((1, 4, 8), (2, 4, 8), (3, 2, 8), (3, 3, 8), (3, 4, 8))((1, 1, 6), (1, 1, 7), (1, 1, 8), (1, 2, 8), (1, 3, 8))((0, 4, 6), (0, 4, 7), (0, 4, 8), (1, 4, 6), (2, 4, 6))((0, 4, 5), (1, 4, 5), (2, 2, 5), (2, 3, 5), (2, 4, 5))((1, 2, 3), (1, 3, 3), (1, 4, 3), (2, 4, 3), (3, 4, 3))((0, 0, 3), (1, 0, 3), (2, 0, 3), (2, 1, 3), (2, 2, 3))((1, 1, 3), (1, 1, 4), (1, 1, 5), (1, 2, 5), (1, 3, 5))((2, 1, 5), (2, 1, 6), (2, 1, 7), (2, 2, 7), (2, 3, 7))((1, 2, 7), (1, 3, 7), (1, 4, 7), (2, 4, 7), (3, 4, 7))((1, 3, 4), (2, 3, 4), (3, 3, 4), (3, 3, 5), (3, 3, 6))((1, 4, 4), (2, 4, 4), (3, 4, 4), (3, 4, 5), (3, 4, 6))((3, 1, 5), (3, 1, 6), (3, 1, 7), (3, 2, 7), (3, 3, 7))((0, 3, 6), (0, 3, 7), (0, 3, 8), (1, 3, 6), (2, 3, 6))((3, 0, 3), (3, 0, 4), (3, 0, 5), (3, 1, 3), (3, 2, 3))((1, 2, 4), (2, 2, 4), (3, 2, 4), (3, 2, 5), (3, 2, 6))((0, 0, 6), (0, 1, 6), (0, 2, 6), (1, 2, 6), (2, 2, 6))((0, 0, 4), (0, 1, 4), (0, 2, 4), (1, 0, 4), (2, 0, 4))((0, 0, 8), (0, 1, 8), (0, 2, 8), (1, 0, 8), (2, 0, 8))((0, 0, 5), (0, 1, 5), (0, 2, 5), (1, 0, 5), (2, 0, 5))((0, 0, 7), (0, 1, 7), (0, 2, 7), (1, 0, 7), (2, 0, 7))((1, 0, 6), (2, 0, 6), (3, 0, 6), (3, 0, 7), (3, 0, 8))
17
((0, 0, 0), (0, 0, 1), (0, 0, 2), (1, 0, 2), (2, 0, 2))((1, 0, 1), (1, 1, 1), (1, 2, 1), (2, 0, 1), (3, 0, 1))((1, 0, 0), (1, 1, 0), (1, 2, 0), (2, 2, 0), (3, 2, 0))((2, 0, 0), (3, 0, 0), (4, 0, 0), (4, 0, 1), (4, 0, 2))((2, 1, 0), (3, 1, 0), (4, 1, 0), (4, 2, 0), (4, 3, 0))((4, 2, 2), (4, 3, 2), (4, 4, 0), (4, 4, 1), (4, 4, 2))((1, 4, 2), (2, 4, 2), (3, 4, 0), (3, 4, 1), (3, 4, 2))((0, 2, 0), (0, 3, 0), (0, 4, 0), (1, 4, 0), (2, 4, 0))((0, 1, 0), (0, 1, 1), (0, 1, 2), (1, 1, 2), (2, 1, 2))((1, 3, 0), (1, 3, 1), (1, 3, 2), (2, 3, 0), (3, 3, 0))((0, 2, 1), (0, 3, 1), (0, 4, 1), (1, 4, 1), (2, 4, 1))((4, 1, 1), (4, 1, 2), (4, 1, 3), (4, 2, 1), (4, 3, 1))((2, 1, 1), (2, 2, 1), (2, 3, 1), (2, 3, 2), (2, 3, 3))((3, 1, 1), (3, 2, 1), (3, 3, 1), (3, 3, 2), (3, 3, 3))((4, 0, 3), (4, 0, 4), (4, 0, 5), (4, 1, 5), (4, 2, 5))((4, 2, 3), (4, 3, 3), (4, 4, 3), (4, 4, 4), (4, 4, 5))((4, 1, 4), (4, 2, 4), (4, 3, 4), (4, 3, 5), (4, 3, 6))((1, 2, 2), (2, 2, 2), (3, 0, 2), (3, 1, 2), (3, 2, 2))((0, 2, 2), (0, 3, 2), (0, 4, 2), (0, 4, 3), (0, 4, 4))((0, 1, 3), (0, 2, 3), (0, 3, 3), (0, 3, 4), (0, 3, 5))((0, 0, 3), (1, 0, 3), (2, 0, 3), (2, 1, 3), (2, 2, 3))((3, 0, 3), (3, 0, 4), (3, 0, 5), (3, 1, 3), (3, 2, 3))((1, 1, 3), (1, 1, 4), (1, 1, 5), (1, 2, 5), (1, 3, 5))((1, 2, 3), (1, 3, 3), (1, 4, 3), (2, 4, 3), (3, 4, 3))((1, 2, 4), (1, 3, 4), (1, 4, 4), (2, 4, 4), (3, 4, 4))((3, 1, 4), (3, 1, 5), (3, 1, 6), (3, 2, 4), (3, 3, 4))((2, 1, 4), (2, 1, 5), (2, 1, 6), (2, 2, 4), (2, 3, 4))((0, 0, 4), (0, 1, 4), (0, 2, 4), (1, 0, 4), (2, 0, 4))((1, 3, 7), (2, 3, 7), (3, 3, 5), (3, 3, 6), (3, 3, 7))((1, 2, 7), (2, 2, 7), (3, 2, 5), (3, 2, 6), (3, 2, 7))((2, 1, 7), (3, 1, 7), (4, 1, 7), (4, 2, 7), (4, 3, 7))((4, 0, 6), (4, 0, 7), (4, 0, 8), (4, 1, 6), (4, 2, 6))((0, 4, 5), (1, 4, 5), (2, 2, 5), (2, 3, 5), (2, 4, 5))((1, 4, 7), (2, 4, 7), (3, 4, 5), (3, 4, 6), (3, 4, 7))((2, 4, 8), (3, 4, 8), (4, 4, 6), (4, 4, 7), (4, 4, 8))((1, 2, 8), (1, 3, 8), (1, 4, 8), (2, 2, 8), (3, 2, 8))((2, 3, 8), (3, 3, 8), (4, 1, 8), (4, 2, 8), (4, 3, 8))((1, 1, 6), (1, 1, 7), (1, 1, 8), (2, 1, 8), (3, 1, 8))((0, 3, 6), (0, 3, 7), (0, 3, 8), (1, 3, 6), (2, 3, 6))((0, 4, 6), (0, 4, 7), (0, 4, 8), (1, 4, 6), (2, 4, 6))((0, 0, 6), (0, 1, 6), (0, 2, 6), (1, 2, 6), (2, 2, 6))((0, 0, 8), (0, 1, 8), (0, 2, 8), (1, 0, 8), (2, 0, 8))((0, 0, 5), (0, 1, 5), (0, 2, 5), (1, 0, 5), (2, 0, 5))((0, 0, 7), (0, 1, 7), (0, 2, 7), (1, 0, 7), (2, 0, 7))((1, 0, 6), (2, 0, 6), (3, 0, 6), (3, 0, 7), (3, 0, 8))
18
((0, 0, 0), (0, 0, 1), (0, 0, 2), (1, 0, 2), (2, 0, 2))((1, 0, 1), (1, 1, 1), (1, 2, 1), (2, 0, 1), (3, 0, 1))((1, 0, 0), (1, 1, 0), (1, 2, 0), (2, 2, 0), (3, 2, 0))((2, 0, 0), (3, 0, 0), (4, 0, 0), (4, 0, 1), (4, 0, 2))((2, 1, 0), (3, 1, 0), (4, 1, 0), (4, 2, 0), (4, 3, 0))((4, 2, 2), (4, 3, 2), (4, 4, 0), (4, 4, 1), (4, 4, 2))((1, 4, 2), (2, 4, 2), (3, 4, 0), (3, 4, 1), (3, 4, 2))((0, 2, 0), (0, 3, 0), (0, 4, 0), (1, 4, 0), (2, 4, 0))((0, 1, 0), (0, 1, 1), (0, 1, 2), (1, 1, 2), (2, 1, 2))((1, 3, 0), (1, 3, 1), (1, 3, 2), (2, 3, 0), (3, 3, 0))((0, 2, 1), (0, 3, 1), (0, 4, 1), (1, 4, 1), (2, 4, 1))((4, 1, 1), (4, 1, 2), (4, 1, 3), (4, 2, 1), (4, 3, 1))((2, 1, 1), (2, 2, 1), (2, 3, 1), (2, 3, 2), (2, 3, 3))((3, 1, 1), (3, 2, 1), (3, 3, 1), (3, 3, 2), (3, 3, 3))((4, 0, 3), (4, 0, 4), (4, 0, 5), (4, 1, 5), (4, 2, 5))((4, 2, 3), (4, 3, 3), (4, 4, 3), (4, 4, 4), (4, 4, 5))((4, 1, 4), (4, 2, 4), (4, 3, 4), (4, 3, 5), (4, 3, 6))((1, 2, 2), (2, 2, 2), (3, 0, 2), (3, 1, 2), (3, 2, 2))((0, 2, 2), (0, 3, 2), (0, 4, 2), (0, 4, 3), (0, 4, 4))((0, 1, 3), (0, 2, 3), (0, 3, 3), (0, 3, 4), (0, 3, 5))((0, 0, 3), (1, 0, 3), (2, 0, 3), (2, 1, 3), (2, 2, 3))((3, 0, 3), (3, 0, 4), (3, 0, 5), (3, 1, 3), (3, 2, 3))((1, 1, 3), (1, 1, 4), (1, 1, 5), (1, 2, 5), (1, 3, 5))((1, 2, 3), (1, 3, 3), (1, 4, 3), (2, 4, 3), (3, 4, 3))((1, 2, 4), (1, 3, 4), (1, 4, 4), (2, 4, 4), (3, 4, 4))((3, 1, 4), (3, 1, 5), (3, 1, 6), (3, 2, 4), (3, 3, 4))((2, 1, 4), (2, 1, 5), (2, 1, 6), (2, 2, 4), (2, 3, 4))((0, 0, 4), (0, 1, 4), (0, 2, 4), (1, 0, 4), (2, 0, 4))((1, 3, 7), (2, 3, 7), (3, 3, 5), (3, 3, 6), (3, 3, 7))((1, 2, 7), (2, 2, 7), (3, 2, 5), (3, 2, 6), (3, 2, 7))((2, 1, 7), (3, 1, 7), (4, 1, 7), (4, 2, 7), (4, 3, 7))((4, 0, 6), (4, 0, 7), (4, 0, 8), (4, 1, 6), (4, 2, 6))((0, 4, 5), (1, 4, 5), (2, 2, 5), (2, 3, 5), (2, 4, 5))((1, 4, 7), (2, 4, 7), (3, 4, 5), (3, 4, 6), (3, 4, 7))((4, 2, 8), (4, 3, 8), (4, 4, 6), (4, 4, 7), (4, 4, 8))((2, 1, 8), (2, 2, 8), (2, 3, 8), (3, 1, 8), (4, 1, 8))((1, 4, 8), (2, 4, 8), (3, 2, 8), (3, 3, 8), (3, 4, 8))((1, 1, 6), (1, 1, 7), (1, 1, 8), (1, 2, 8), (1, 3, 8))((0, 3, 6), (0, 3, 7), (0, 3, 8), (1, 3, 6), (2, 3, 6))((0, 4, 6), (0, 4, 7), (0, 4, 8), (1, 4, 6), (2, 4, 6))((0, 0, 6), (0, 1, 6), (0, 2, 6), (1, 2, 6), (2, 2, 6))((0, 0, 8), (0, 1, 8), (0, 2, 8), (1, 0, 8), (2, 0, 8))((0, 0, 5), (0, 1, 5), (0, 2, 5), (1, 0, 5), (2, 0, 5))((0, 0, 7), (0, 1, 7), (0, 2, 7), (1, 0, 7), (2, 0, 7))((1, 0, 6), (2, 0, 6), (3, 0, 6), (3, 0, 7), (3, 0, 8))
19
((0, 0, 0), (0, 0, 1), (0, 0, 2), (1, 0, 2), (2, 0, 2))((1, 0, 1), (1, 1, 1), (1, 2, 1), (2, 0, 1), (3, 0, 1))((1, 0, 0), (1, 1, 0), (1, 2, 0), (2, 2, 0), (3, 2, 0))((2, 0, 0), (3, 0, 0), (4, 0, 0), (4, 0, 1), (4, 0, 2))((2, 1, 0), (3, 1, 0), (4, 1, 0), (4, 2, 0), (4, 3, 0))((4, 2, 2), (4, 3, 2), (4, 4, 0), (4, 4, 1), (4, 4, 2))((1, 4, 2), (2, 4, 2), (3, 4, 0), (3, 4, 1), (3, 4, 2))((0, 2, 0), (0, 3, 0), (0, 4, 0), (1, 4, 0), (2, 4, 0))((0, 1, 0), (0, 1, 1), (0, 1, 2), (0, 2, 2), (0, 3, 2))((0, 2, 1), (0, 3, 1), (0, 4, 1), (1, 4, 1), (2, 4, 1))((0, 4, 2), (0, 4, 3), (0, 4, 4), (1, 4, 4), (2, 4, 4))((1, 3, 0), (1, 3, 1), (1, 3, 2), (2, 3, 0), (3, 3, 0))((4, 1, 1), (4, 1, 2), (4, 1, 3), (4, 2, 1), (4, 3, 1))((3, 1, 1), (3, 2, 1), (3, 3, 1), (3, 3, 2), (3, 3, 3))((2, 1, 1), (2, 2, 1), (2, 3, 1), (2, 3, 2), (2, 3, 3))((1, 1, 2), (2, 1, 2), (3, 1, 2), (3, 1, 3), (3, 1, 4))((1, 0, 4), (2, 0, 4), (3, 0, 2), (3, 0, 3), (3, 0, 4))((4, 0, 3), (4, 0, 4), (4, 0, 5), (4, 1, 5), (4, 2, 5))((4, 1, 4), (4, 2, 4), (4, 3, 4), (4, 3, 5), (4, 3, 6))((4, 2, 3), (4, 3, 3), (4, 4, 3), (4, 4, 4), (4, 4, 5))((1, 4, 3), (2, 4, 3), (3, 4, 3), (3, 4, 4), (3, 4, 5))((1, 2, 2), (2, 2, 2), (3, 2, 2), (3, 2, 3), (3, 2, 4))((1, 1, 3), (1, 1, 4), (1, 1, 5), (1, 2, 3), (1, 3, 3))((0, 0, 3), (1, 0, 3), (2, 0, 3), (2, 1, 3), (2, 2, 3))((0, 1, 3), (0, 2, 3), (0, 3, 3), (0, 3, 4), (0, 3, 5))((1, 3, 4), (2, 3, 4), (3, 3, 4), (3, 3, 5), (3, 3, 6))((2, 1, 4), (2, 1, 5), (2, 1, 6), (2, 2, 6), (2, 3, 6))((0, 0, 4), (0, 1, 4), (0, 2, 4), (1, 2, 4), (2, 2, 4))((2, 2, 5), (2, 3, 5), (2, 4, 5), (2, 4, 6), (2, 4, 7))((0, 2, 7), (0, 3, 7), (0, 4, 5), (0, 4, 6), (0, 4, 7))((0, 1, 6), (0, 1, 7), (0, 1, 8), (0, 2, 6), (0, 3, 6))((0, 0, 5), (0, 1, 5), (0, 2, 5), (1, 0, 5), (2, 0, 5))((4, 2, 8), (4, 3, 8), (4, 4, 6), (4, 4, 7), (4, 4, 8))((4, 0, 6), (4, 0, 7), (4, 0, 8), (4, 1, 6), (4, 2, 6))((2, 1, 8), (2, 2, 8), (2, 3, 8), (3, 1, 8), (4, 1, 8))((0, 2, 8), (0, 3, 8), (0, 4, 8), (1, 4, 8), (2, 4, 8))((3, 2, 8), (3, 3, 8), (3, 4, 6), (3, 4, 7), (3, 4, 8))((1, 1, 6), (1, 2, 6), (1, 3, 6), (1, 3, 7), (1, 3, 8))((1, 2, 5), (1, 3, 5), (1, 4, 5), (1, 4, 6), (1, 4, 7))((1, 0, 8), (1, 1, 8), (1, 2, 8), (2, 0, 8), (3, 0, 8))((0, 0, 6), (0, 0, 7), (0, 0, 8), (1, 0, 6), (2, 0, 6))((1, 1, 7), (2, 1, 7), (3, 1, 5), (3, 1, 6), (3, 1, 7))((1, 0, 7), (2, 0, 7), (3, 0, 5), (3, 0, 6), (3, 0, 7))((1, 2, 7), (2, 2, 7), (3, 2, 5), (3, 2, 6), (3, 2, 7))((2, 3, 7), (3, 3, 7), (4, 1, 7), (4, 2, 7), (4, 3, 7))
20
((0, 0, 0), (0, 0, 1), (0, 0, 2), (1, 0, 2), (2, 0, 2))((1, 0, 1), (1, 1, 1), (1, 2, 1), (2, 0, 1), (3, 0, 1))((1, 0, 0), (1, 1, 0), (1, 2, 0), (2, 2, 0), (3, 2, 0))((2, 0, 0), (3, 0, 0), (4, 0, 0), (4, 0, 1), (4, 0, 2))((2, 1, 0), (3, 1, 0), (4, 1, 0), (4, 2, 0), (4, 3, 0))((4, 2, 2), (4, 3, 2), (4, 4, 0), (4, 4, 1), (4, 4, 2))((3, 2, 2), (3, 3, 2), (3, 4, 0), (3, 4, 1), (3, 4, 2))((1, 3, 0), (1, 3, 1), (1, 3, 2), (2, 3, 0), (3, 3, 0))((1, 0, 4), (2, 0, 4), (3, 0, 2), (3, 0, 3), (3, 0, 4))((3, 1, 1), (3, 1, 2), (3, 1, 3), (3, 2, 1), (3, 3, 1))((4, 1, 1), (4, 1, 2), (4, 1, 3), (4, 2, 1), (4, 3, 1))((2, 0, 5), (3, 0, 5), (4, 0, 3), (4, 0, 4), (4, 0, 5))((0, 2, 0), (0, 3, 0), (0, 4, 0), (1, 4, 0), (2, 4, 0))((0, 1, 0), (0, 1, 1), (0, 1, 2), (0, 2, 2), (0, 3, 2))((0, 2, 1), (0, 3, 1), (0, 4, 1), (1, 4, 1), (2, 4, 1))((1, 2, 2), (1, 2, 3), (1, 2, 4), (2, 2, 4), (3, 2, 4))((1, 1, 2), (1, 1, 3), (1, 1, 4), (2, 1, 4), (3, 1, 4))((0, 0, 3), (0, 0, 4), (0, 0, 5), (1, 0, 3), (2, 0, 3))((2, 1, 1), (2, 1, 2), (2, 1, 3), (2, 2, 1), (2, 3, 1))((0, 4, 2), (1, 4, 2), (2, 2, 2), (2, 3, 2), (2, 4, 2))((2, 3, 4), (3, 3, 4), (4, 1, 4), (4, 2, 4), (4, 3, 4))((1, 3, 3), (1, 3, 4), (1, 3, 5), (2, 3, 3), (3, 3, 3))((2, 2, 3), (3, 2, 3), (4, 2, 3), (4, 3, 3), (4, 4, 3))((2, 4, 6), (3, 4, 6), (4, 4, 4), (4, 4, 5), (4, 4, 6))((2, 4, 7), (3, 4, 7), (4, 2, 7), (4, 3, 7), (4, 4, 7))((2, 4, 8), (3, 4, 8), (4, 2, 8), (4, 3, 8), (4, 4, 8))((2, 0, 6), (3, 0, 6), (4, 0, 6), (4, 0, 7), (4, 0, 8))((1, 2, 8), (1, 3, 8), (1, 4, 6), (1, 4, 7), (1, 4, 8))((0, 2, 8), (0, 3, 8), (0, 4, 6), (0, 4, 7), (0, 4, 8))((0, 0, 6), (0, 0, 7), (0, 0, 8), (0, 1, 6), (0, 2, 6))((0, 1, 8), (1, 1, 8), (2, 1, 8), (2, 2, 8), (2, 3, 8))((1, 0, 8), (2, 0, 8), (3, 0, 8), (3, 1, 8), (3, 2, 8))((3, 1, 6), (3, 2, 6), (3, 3, 6), (3, 3, 7), (3, 3, 8))((4, 1, 6), (4, 1, 7), (4, 1, 8), (4, 2, 6), (4, 3, 6))((0, 3, 6), (1, 3, 6), (2, 1, 6), (2, 2, 6), (2, 3, 6))((0, 1, 7), (0, 2, 7), (0, 3, 7), (1, 3, 7), (2, 3, 7))((1, 1, 5), (1, 1, 6), (1, 1, 7), (2, 1, 7), (3, 1, 7))((1, 0, 5), (1, 0, 6), (1, 0, 7), (2, 0, 7), (3, 0, 7))((1, 2, 5), (1, 2, 6), (1, 2, 7), (2, 2, 7), (3, 2, 7))((0, 1, 3), (0, 1, 4), (0, 1, 5), (0, 2, 5), (0, 3, 5))((0, 2, 4), (0, 3, 4), (0, 4, 4), (1, 4, 4), (2, 4, 4))((0, 2, 3), (0, 3, 3), (0, 4, 3), (1, 4, 3), (2, 4, 3))((0, 4, 5), (1, 4, 5), (2, 2, 5), (2, 3, 5), (2, 4, 5))((3, 2, 5), (3, 3, 5), (3, 4, 3), (3, 4, 4), (3, 4, 5))((2, 1, 5), (3, 1, 5), (4, 1, 5), (4, 2, 5), (4, 3, 5))
21
((0, 0, 0), (0, 0, 1), (0, 0, 2), (1, 0, 2), (2, 0, 2))((1, 0, 1), (1, 1, 1), (1, 2, 1), (2, 0, 1), (3, 0, 1))((1, 0, 0), (1, 1, 0), (1, 2, 0), (2, 2, 0), (3, 2, 0))((2, 0, 0), (3, 0, 0), (4, 0, 0), (4, 0, 1), (4, 0, 2))((2, 1, 0), (3, 1, 0), (4, 1, 0), (4, 2, 0), (4, 3, 0))((4, 2, 2), (4, 3, 2), (4, 4, 0), (4, 4, 1), (4, 4, 2))((3, 2, 2), (3, 3, 2), (3, 4, 0), (3, 4, 1), (3, 4, 2))((1, 3, 0), (1, 3, 1), (1, 3, 2), (2, 3, 0), (3, 3, 0))((1, 0, 4), (2, 0, 4), (3, 0, 2), (3, 0, 3), (3, 0, 4))((3, 1, 1), (3, 1, 2), (3, 1, 3), (3, 2, 1), (3, 3, 1))((4, 1, 1), (4, 1, 2), (4, 1, 3), (4, 2, 1), (4, 3, 1))((2, 0, 5), (3, 0, 5), (4, 0, 3), (4, 0, 4), (4, 0, 5))((0, 2, 0), (0, 3, 0), (0, 4, 0), (1, 4, 0), (2, 4, 0))((0, 1, 0), (0, 1, 1), (0, 1, 2), (0, 2, 2), (0, 3, 2))((0, 2, 1), (0, 3, 1), (0, 4, 1), (1, 4, 1), (2, 4, 1))((1, 2, 2), (1, 2, 3), (1, 2, 4), (2, 2, 4), (3, 2, 4))((1, 1, 2), (1, 1, 3), (1, 1, 4), (2, 1, 4), (3, 1, 4))((0, 0, 3), (0, 0, 4), (0, 0, 5), (1, 0, 3), (2, 0, 3))((2, 1, 1), (2, 1, 2), (2, 1, 3), (2, 2, 1), (2, 3, 1))((0, 4, 2), (1, 4, 2), (2, 2, 2), (2, 3, 2), (2, 4, 2))((2, 3, 4), (3, 3, 4), (4, 1, 4), (4, 2, 4), (4, 3, 4))((1, 3, 3), (1, 3, 4), (1, 3, 5), (2, 3, 3), (3, 3, 3))((2, 2, 3), (3, 2, 3), (4, 2, 3), (4, 3, 3), (4, 4, 3))((2, 4, 6), (3, 4, 6), (4, 4, 4), (4, 4, 5), (4, 4, 6))((2, 4, 7), (3, 4, 7), (4, 2, 7), (4, 3, 7), (4, 4, 7))((2, 4, 8), (3, 4, 8), (4, 2, 8), (4, 3, 8), (4, 4, 8))((2, 0, 6), (3, 0, 6), (4, 0, 6), (4, 0, 7), (4, 0, 8))((1, 2, 6), (1, 3, 6), (1, 4, 6), (1, 4, 7), (1, 4, 8))((1, 4, 5), (2, 4, 5), (3, 4, 3), (3, 4, 4), (3, 4, 5))((0, 2, 3), (0, 3, 3), (0, 4, 3), (1, 4, 3), (2, 4, 3))((0, 1, 3), (0, 1, 4), (0, 1, 5), (1, 1, 5), (2, 1, 5))((1, 0, 5), (1, 0, 6), (1, 0, 7), (2, 0, 7), (3, 0, 7))((0, 2, 4), (0, 3, 4), (0, 4, 4), (1, 4, 4), (2, 4, 4))((2, 3, 5), (3, 3, 5), (4, 1, 5), (4, 2, 5), (4, 3, 5))((1, 2, 7), (2, 2, 7), (3, 2, 5), (3, 2, 6), (3, 2, 7))((1, 1, 7), (2, 1, 7), (3, 1, 5), (3, 1, 6), (3, 1, 7))((0, 2, 5), (0, 3, 5), (0, 4, 5), (1, 2, 5), (2, 2, 5))((0, 1, 7), (0, 2, 7), (0, 3, 7), (1, 3, 7), (2, 3, 7))((0, 1, 6), (1, 1, 6), (2, 1, 6), (2, 2, 6), (2, 3, 6))((0, 2, 6), (0, 3, 6), (0, 4, 6), (0, 4, 7), (0, 4, 8))((4, 1, 6), (4, 1, 7), (4, 1, 8), (4, 2, 6), (4, 3, 6))((3, 1, 8), (3, 2, 8), (3, 3, 6), (3, 3, 7), (3, 3, 8))((1, 0, 8), (1, 1, 8), (1, 2, 8), (2, 0, 8), (3, 0, 8))((0, 3, 8), (1, 3, 8), (2, 1, 8), (2, 2, 8), (2, 3, 8))((0, 0, 6), (0, 0, 7), (0, 0, 8), (0, 1, 8), (0, 2, 8))
22
((0, 0, 0), (0, 0, 1), (0, 0, 2), (1, 0, 2), (2, 0, 2))((1, 0, 1), (1, 1, 1), (1, 2, 1), (2, 0, 1), (3, 0, 1))((1, 0, 0), (1, 1, 0), (1, 2, 0), (2, 2, 0), (3, 2, 0))((2, 0, 0), (3, 0, 0), (4, 0, 0), (4, 0, 1), (4, 0, 2))((2, 1, 0), (3, 1, 0), (4, 1, 0), (4, 2, 0), (4, 3, 0))((4, 2, 2), (4, 3, 2), (4, 4, 0), (4, 4, 1), (4, 4, 2))((3, 2, 2), (3, 3, 2), (3, 4, 0), (3, 4, 1), (3, 4, 2))((1, 3, 0), (1, 3, 1), (1, 3, 2), (2, 3, 0), (3, 3, 0))((1, 0, 4), (2, 0, 4), (3, 0, 2), (3, 0, 3), (3, 0, 4))((3, 1, 1), (3, 1, 2), (3, 1, 3), (3, 2, 1), (3, 3, 1))((4, 1, 1), (4, 1, 2), (4, 1, 3), (4, 2, 1), (4, 3, 1))((2, 0, 5), (3, 0, 5), (4, 0, 3), (4, 0, 4), (4, 0, 5))((0, 2, 0), (0, 3, 0), (0, 4, 0), (1, 4, 0), (2, 4, 0))((0, 1, 0), (0, 1, 1), (0, 1, 2), (0, 2, 2), (0, 3, 2))((0, 2, 1), (0, 3, 1), (0, 4, 1), (1, 4, 1), (2, 4, 1))((1, 2, 2), (1, 2, 3), (1, 2, 4), (2, 2, 4), (3, 2, 4))((1, 1, 2), (1, 1, 3), (1, 1, 4), (2, 1, 4), (3, 1, 4))((0, 0, 3), (0, 0, 4), (0, 0, 5), (1, 0, 3), (2, 0, 3))((2, 1, 1), (2, 1, 2), (2, 1, 3), (2, 2, 1), (2, 3, 1))((0, 4, 2), (1, 4, 2), (2, 2, 2), (2, 3, 2), (2, 4, 2))((2, 3, 4), (3, 3, 4), (4, 1, 4), (4, 2, 4), (4, 3, 4))((1, 3, 3), (1, 3, 4), (1, 3, 5), (2, 3, 3), (3, 3, 3))((2, 2, 3), (3, 2, 3), (4, 2, 3), (4, 3, 3), (4, 4, 3))((2, 4, 6), (3, 4, 6), (4, 4, 4), (4, 4, 5), (4, 4, 6))((2, 4, 7), (3, 4, 7), (4, 2, 7), (4, 3, 7), (4, 4, 7))((2, 4, 8), (3, 4, 8), (4, 2, 8), (4, 3, 8), (4, 4, 8))((2, 0, 6), (3, 0, 6), (4, 0, 6), (4, 0, 7), (4, 0, 8))((1, 2, 6), (1, 3, 6), (1, 4, 6), (1, 4, 7), (1, 4, 8))((1, 4, 5), (2, 4, 5), (3, 4, 3), (3, 4, 4), (3, 4, 5))((0, 2, 3), (0, 3, 3), (0, 4, 3), (1, 4, 3), (2, 4, 3))((0, 1, 3), (0, 1, 4), (0, 1, 5), (1, 1, 5), (2, 1, 5))((1, 0, 5), (1, 0, 6), (1, 0, 7), (2, 0, 7), (3, 0, 7))((0, 2, 4), (0, 3, 4), (0, 4, 4), (1, 4, 4), (2, 4, 4))((2, 3, 5), (3, 3, 5), (4, 1, 5), (4, 2, 5), (4, 3, 5))((1, 2, 7), (2, 2, 7), (3, 2, 5), (3, 2, 6), (3, 2, 7))((1, 1, 7), (2, 1, 7), (3, 1, 5), (3, 1, 6), (3, 1, 7))((0, 2, 5), (0, 3, 5), (0, 4, 5), (1, 2, 5), (2, 2, 5))((0, 1, 7), (0, 2, 7), (0, 3, 7), (1, 3, 7), (2, 3, 7))((0, 1, 6), (1, 1, 6), (2, 1, 6), (2, 2, 6), (2, 3, 6))((0, 2, 6), (0, 3, 6), (0, 4, 6), (0, 4, 7), (0, 4, 8))((4, 1, 6), (4, 1, 7), (4, 1, 8), (4, 2, 6), (4, 3, 6))((1, 3, 8), (2, 3, 8), (3, 3, 6), (3, 3, 7), (3, 3, 8))((0, 1, 8), (0, 2, 8), (0, 3, 8), (1, 1, 8), (2, 1, 8))((1, 2, 8), (2, 2, 8), (3, 0, 8), (3, 1, 8), (3, 2, 8))((0, 0, 6), (0, 0, 7), (0, 0, 8), (1, 0, 8), (2, 0, 8))
23
((0, 0, 0), (0, 0, 1), (0, 0, 2), (1, 0, 2), (2, 0, 2))((1, 0, 1), (2, 0, 1), (3, 0, 1), (3, 1, 1), (3, 2, 1))((1, 0, 0), (1, 1, 0), (1, 2, 0), (2, 2, 0), (3, 2, 0))((2, 0, 0), (3, 0, 0), (4, 0, 0), (4, 0, 1), (4, 0, 2))((2, 1, 0), (2, 1, 1), (2, 1, 2), (3, 1, 0), (4, 1, 0))((0, 1, 0), (0, 1, 1), (0, 1, 2), (0, 2, 2), (0, 3, 2))((0, 2, 0), (0, 3, 0), (0, 4, 0), (0, 4, 1), (0, 4, 2))((0, 3, 1), (1, 3, 1), (2, 3, 1), (2, 3, 2), (2, 3, 3))((1, 3, 0), (2, 3, 0), (3, 3, 0), (3, 3, 1), (3, 3, 2))((0, 2, 1), (1, 2, 1), (2, 2, 1), (2, 2, 2), (2, 2, 3))((1, 1, 1), (1, 1, 2), (1, 1, 3), (1, 2, 3), (1, 3, 3))((1, 2, 2), (1, 3, 2), (1, 4, 0), (1, 4, 1), (1, 4, 2))((2, 4, 0), (3, 4, 0), (4, 2, 0), (4, 3, 0), (4, 4, 0))((3, 0, 2), (3, 0, 3), (3, 0, 4), (3, 1, 2), (3, 2, 2))((2, 1, 3), (3, 1, 3), (4, 1, 1), (4, 1, 2), (4, 1, 3))((4, 0, 3), (4, 0, 4), (4, 0, 5), (4, 1, 5), (4, 2, 5))((2, 4, 1), (3, 4, 1), (4, 2, 1), (4, 3, 1), (4, 4, 1))((0, 0, 3), (0, 1, 3), (0, 2, 3), (1, 0, 3), (2, 0, 3))((0, 1, 5), (0, 2, 5), (0, 3, 3), (0, 3, 4), (0, 3, 5))((0, 4, 3), (0, 4, 4), (0, 4, 5), (1, 4, 3), (2, 4, 3))((2, 4, 2), (3, 4, 2), (4, 2, 2), (4, 3, 2), (4, 4, 2))((4, 2, 3), (4, 3, 3), (4, 4, 3), (4, 4, 4), (4, 4, 5))((3, 2, 3), (3, 3, 3), (3, 4, 3), (3, 4, 4), (3, 4, 5))((4, 1, 4), (4, 2, 4), (4, 3, 4), (4, 3, 5), (4, 3, 6))((0, 0, 4), (0, 1, 4), (0, 2, 4), (1, 0, 4), (2, 0, 4))((1, 2, 4), (1, 3, 4), (1, 4, 4), (1, 4, 5), (1, 4, 6))((2, 2, 4), (2, 3, 4), (2, 4, 4), (2, 4, 5), (2, 4, 6))((4, 2, 8), (4, 3, 8), (4, 4, 6), (4, 4, 7), (4, 4, 8))((2, 3, 7), (3, 3, 7), (4, 1, 7), (4, 2, 7), (4, 3, 7))((0, 2, 7), (0, 3, 7), (0, 4, 7), (1, 4, 7), (2, 4, 7))((0, 2, 6), (0, 3, 6), (0, 4, 6), (1, 2, 6), (2, 2, 6))((4, 0, 6), (4, 0, 7), (4, 0, 8), (4, 1, 6), (4, 2, 6))((2, 1, 8), (2, 2, 8), (2, 3, 8), (3, 1, 8), (4, 1, 8))((0, 2, 8), (0, 3, 8), (0, 4, 8), (1, 4, 8), (2, 4, 8))((0, 1, 6), (0, 1, 7), (0, 1, 8), (1, 1, 6), (2, 1, 6))((3, 2, 8), (3, 3, 8), (3, 4, 6), (3, 4, 7), (3, 4, 8))((1, 3, 6), (1, 3, 7), (1, 3, 8), (2, 3, 6), (3, 3, 6))((1, 1, 4), (2, 1, 4), (3, 1, 4), (3, 2, 4), (3, 3, 4))((1, 0, 8), (1, 1, 8), (1, 2, 8), (2, 0, 8), (3, 0, 8))((0, 0, 6), (0, 0, 7), (0, 0, 8), (1, 0, 6), (2, 0, 6))((1, 1, 7), (2, 1, 7), (3, 1, 5), (3, 1, 6), (3, 1, 7))((1, 0, 7), (2, 0, 7), (3, 0, 5), (3, 0, 6), (3, 0, 7))((0, 0, 5), (1, 0, 5), (2, 0, 5), (2, 1, 5), (2, 2, 5))((1, 2, 7), (2, 2, 7), (3, 2, 5), (3, 2, 6), (3, 2, 7))((1, 1, 5), (1, 2, 5), (1, 3, 5), (2, 3, 5), (3, 3, 5))
24
((0, 0, 0), (0, 0, 1), (0, 0, 2), (1, 0, 2), (2, 0, 2))((1, 0, 1), (2, 0, 1), (3, 0, 1), (3, 1, 1), (3, 2, 1))((1, 0, 0), (1, 1, 0), (1, 2, 0), (2, 2, 0), (3, 2, 0))((2, 0, 0), (3, 0, 0), (4, 0, 0), (4, 0, 1), (4, 0, 2))((2, 1, 0), (2, 1, 1), (2, 1, 2), (3, 1, 0), (4, 1, 0))((0, 1, 0), (0, 1, 1), (0, 1, 2), (0, 2, 0), (0, 3, 0))((1, 3, 0), (2, 3, 0), (3, 3, 0), (3, 3, 1), (3, 3, 2))((2, 4, 0), (3, 4, 0), (4, 2, 0), (4, 3, 0), (4, 4, 0))((1, 2, 2), (1, 3, 2), (1, 4, 0), (1, 4, 1), (1, 4, 2))((0, 2, 2), (0, 3, 2), (0, 4, 0), (0, 4, 1), (0, 4, 2))((0, 3, 1), (1, 3, 1), (2, 3, 1), (2, 3, 2), (2, 3, 3))((0, 2, 1), (1, 2, 1), (2, 2, 1), (2, 2, 2), (2, 2, 3))((1, 1, 1), (1, 1, 2), (1, 1, 3), (1, 2, 3), (1, 3, 3))((3, 0, 2), (3, 0, 3), (3, 0, 4), (3, 1, 2), (3, 2, 2))((2, 1, 3), (3, 1, 3), (4, 1, 1), (4, 1, 2), (4, 1, 3))((4, 0, 3), (4, 0, 4), (4, 0, 5), (4, 1, 5), (4, 2, 5))((2, 4, 1), (3, 4, 1), (4, 2, 1), (4, 3, 1), (4, 4, 1))((0, 0, 3), (0, 1, 3), (0, 2, 3), (1, 0, 3), (2, 0, 3))((0, 1, 5), (0, 2, 5), (0, 3, 3), (0, 3, 4), (0, 3, 5))((0, 4, 3), (0, 4, 4), (0, 4, 5), (1, 4, 3), (2, 4, 3))((2, 4, 2), (3, 4, 2), (4, 2, 2), (4, 3, 2), (4, 4, 2))((4, 2, 3), (4, 3, 3), (4, 4, 3), (4, 4, 4), (4, 4, 5))((3, 2, 3), (3, 3, 3), (3, 4, 3), (3, 4, 4), (3, 4, 5))((4, 1, 4), (4, 2, 4), (4, 3, 4), (4, 3, 5), (4, 3, 6))((0, 0, 4), (0, 1, 4), (0, 2, 4), (1, 0, 4), (2, 0, 4))((1, 2, 4), (1, 3, 4), (1, 4, 4), (1, 4, 5), (1, 4, 6))((2, 2, 4), (2, 3, 4), (2, 4, 4), (2, 4, 5), (2, 4, 6))((4, 2, 8), (4, 3, 8), (4, 4, 6), (4, 4, 7), (4, 4, 8))((2, 3, 7), (3, 3, 7), (4, 1, 7), (4, 2, 7), (4, 3, 7))((0, 2, 7), (0, 3, 7), (0, 4, 7), (1, 4, 7), (2, 4, 7))((0, 2, 6), (0, 3, 6), (0, 4, 6), (1, 2, 6), (2, 2, 6))((4, 0, 6), (4, 0, 7), (4, 0, 8), (4, 1, 6), (4, 2, 6))((2, 1, 8), (2, 2, 8), (2, 3, 8), (3, 1, 8), (4, 1, 8))((0, 2, 8), (0, 3, 8), (0, 4, 8), (1, 4, 8), (2, 4, 8))((0, 1, 6), (0, 1, 7), (0, 1, 8), (1, 1, 6), (2, 1, 6))((3, 2, 8), (3, 3, 8), (3, 4, 6), (3, 4, 7), (3, 4, 8))((1, 3, 6), (1, 3, 7), (1, 3, 8), (2, 3, 6), (3, 3, 6))((1, 1, 4), (2, 1, 4), (3, 1, 4), (3, 2, 4), (3, 3, 4))((1, 0, 8), (1, 1, 8), (1, 2, 8), (2, 0, 8), (3, 0, 8))((0, 0, 6), (0, 0, 7), (0, 0, 8), (1, 0, 6), (2, 0, 6))((1, 1, 7), (2, 1, 7), (3, 1, 5), (3, 1, 6), (3, 1, 7))((1, 0, 7), (2, 0, 7), (3, 0, 5), (3, 0, 6), (3, 0, 7))((0, 0, 5), (1, 0, 5), (2, 0, 5), (2, 1, 5), (2, 2, 5))((1, 2, 7), (2, 2, 7), (3, 2, 5), (3, 2, 6), (3, 2, 7))((1, 1, 5), (1, 2, 5), (1, 3, 5), (2, 3, 5), (3, 3, 5))
25
((0, 0, 0), (0, 0, 1), (0, 0, 2), (1, 0, 2), (2, 0, 2))((1, 0, 1), (2, 0, 1), (3, 0, 1), (3, 1, 1), (3, 2, 1))((1, 0, 0), (1, 1, 0), (1, 2, 0), (2, 2, 0), (3, 2, 0))((2, 0, 0), (3, 0, 0), (4, 0, 0), (4, 0, 1), (4, 0, 2))((2, 1, 0), (2, 1, 1), (2, 1, 2), (3, 1, 0), (4, 1, 0))((0, 1, 0), (0, 2, 0), (0, 3, 0), (1, 3, 0), (2, 3, 0))((3, 1, 2), (3, 2, 2), (3, 3, 0), (3, 3, 1), (3, 3, 2))((1, 0, 4), (2, 0, 4), (3, 0, 2), (3, 0, 3), (3, 0, 4))((2, 4, 0), (3, 4, 0), (4, 2, 0), (4, 3, 0), (4, 4, 0))((1, 2, 2), (1, 3, 2), (1, 4, 0), (1, 4, 1), (1, 4, 2))((0, 2, 2), (0, 3, 2), (0, 4, 0), (0, 4, 1), (0, 4, 2))((1, 1, 1), (1, 1, 2), (1, 1, 3), (1, 2, 1), (1, 3, 1))((0, 1, 1), (0, 1, 2), (0, 1, 3), (0, 2, 1), (0, 3, 1))((0, 0, 3), (0, 0, 4), (0, 0, 5), (1, 0, 3), (2, 0, 3))((2, 1, 3), (3, 1, 3), (4, 1, 1), (4, 1, 2), (4, 1, 3))((2, 0, 5), (3, 0, 5), (4, 0, 3), (4, 0, 4), (4, 0, 5))((2, 3, 3), (3, 3, 3), (4, 3, 1), (4, 3, 2), (4, 3, 3))((2, 2, 3), (3, 2, 3), (4, 2, 1), (4, 2, 2), (4, 2, 3))((2, 2, 1), (2, 3, 1), (2, 4, 1), (3, 4, 1), (4, 4, 1))((2, 2, 2), (2, 3, 2), (2, 4, 2), (3, 4, 2), (4, 4, 2))((4, 2, 5), (4, 3, 5), (4, 4, 3), (4, 4, 4), (4, 4, 5))((0, 3, 3), (0, 3, 4), (0, 3, 5), (1, 3, 5), (2, 3, 5))((0, 2, 3), (0, 2, 4), (0, 2, 5), (1, 2, 5), (2, 2, 5))((1, 2, 3), (1, 3, 3), (1, 4, 3), (2, 4, 3), (3, 4, 3))((0, 4, 3), (0, 4, 4), (0, 4, 5), (1, 4, 5), (2, 4, 5))((1, 0, 5), (1, 0, 6), (1, 0, 7), (2, 0, 7), (3, 0, 7))((4, 1, 4), (4, 1, 5), (4, 1, 6), (4, 2, 4), (4, 3, 4))((1, 2, 4), (1, 3, 4), (1, 4, 4), (2, 4, 4), (3, 4, 4))((0, 1, 4), (1, 1, 4), (2, 1, 4), (2, 2, 4), (2, 3, 4))((3, 1, 4), (3, 1, 5), (3, 1, 6), (3, 2, 4), (3, 3, 4))((2, 0, 6), (3, 0, 6), (4, 0, 6), (4, 0, 7), (4, 0, 8))((3, 2, 5), (3, 3, 5), (3, 4, 5), (3, 4, 6), (3, 4, 7))((2, 4, 8), (3, 4, 8), (4, 4, 6), (4, 4, 7), (4, 4, 8))((2, 2, 7), (2, 3, 7), (2, 4, 7), (3, 2, 7), (4, 2, 7))((2, 1, 5), (2, 1, 6), (2, 1, 7), (3, 1, 7), (4, 1, 7))((1, 1, 5), (1, 1, 6), (1, 1, 7), (1, 2, 7), (1, 3, 7))((0, 1, 5), (0, 1, 6), (0, 1, 7), (0, 2, 7), (0, 3, 7))((2, 2, 6), (2, 3, 6), (2, 4, 6), (3, 2, 6), (4, 2, 6))((0, 2, 6), (0, 3, 6), (0, 4, 6), (0, 4, 7), (0, 4, 8))((1, 2, 6), (1, 3, 6), (1, 4, 6), (1, 4, 7), (1, 4, 8))((3, 1, 8), (3, 2, 8), (3, 3, 6), (3, 3, 7), (3, 3, 8))((4, 1, 8), (4, 2, 8), (4, 3, 6), (4, 3, 7), (4, 3, 8))((1, 0, 8), (1, 1, 8), (1, 2, 8), (2, 0, 8), (3, 0, 8))((0, 3, 8), (1, 3, 8), (2, 1, 8), (2, 2, 8), (2, 3, 8))((0, 0, 6), (0, 0, 7), (0, 0, 8), (0, 1, 8), (0, 2, 8))
26
((0, 0, 0), (0, 0, 1), (0, 0, 2), (1, 0, 2), (2, 0, 2))((1, 0, 1), (2, 0, 1), (3, 0, 1), (3, 1, 1), (3, 2, 1))((1, 0, 0), (1, 1, 0), (1, 2, 0), (2, 2, 0), (3, 2, 0))((2, 0, 0), (3, 0, 0), (4, 0, 0), (4, 0, 1), (4, 0, 2))((2, 1, 0), (2, 1, 1), (2, 1, 2), (3, 1, 0), (4, 1, 0))((0, 1, 0), (0, 2, 0), (0, 3, 0), (1, 3, 0), (2, 3, 0))((3, 1, 2), (3, 2, 2), (3, 3, 0), (3, 3, 1), (3, 3, 2))((1, 0, 4), (2, 0, 4), (3, 0, 2), (3, 0, 3), (3, 0, 4))((2, 4, 0), (3, 4, 0), (4, 2, 0), (4, 3, 0), (4, 4, 0))((1, 2, 2), (1, 3, 2), (1, 4, 0), (1, 4, 1), (1, 4, 2))((0, 2, 2), (0, 3, 2), (0, 4, 0), (0, 4, 1), (0, 4, 2))((1, 1, 1), (1, 1, 2), (1, 1, 3), (1, 2, 1), (1, 3, 1))((0, 1, 1), (0, 1, 2), (0, 1, 3), (0, 2, 1), (0, 3, 1))((0, 0, 3), (0, 0, 4), (0, 0, 5), (1, 0, 3), (2, 0, 3))((2, 1, 3), (3, 1, 3), (4, 1, 1), (4, 1, 2), (4, 1, 3))((2, 0, 5), (3, 0, 5), (4, 0, 3), (4, 0, 4), (4, 0, 5))((2, 3, 3), (3, 3, 3), (4, 3, 1), (4, 3, 2), (4, 3, 3))((2, 2, 3), (3, 2, 3), (4, 2, 1), (4, 2, 2), (4, 2, 3))((2, 2, 1), (2, 3, 1), (2, 4, 1), (3, 4, 1), (4, 4, 1))((2, 2, 2), (2, 3, 2), (2, 4, 2), (3, 4, 2), (4, 4, 2))((4, 2, 5), (4, 3, 5), (4, 4, 3), (4, 4, 4), (4, 4, 5))((0, 3, 3), (0, 3, 4), (0, 3, 5), (1, 3, 5), (2, 3, 5))((0, 2, 3), (0, 2, 4), (0, 2, 5), (1, 2, 5), (2, 2, 5))((1, 2, 3), (1, 3, 3), (1, 4, 3), (2, 4, 3), (3, 4, 3))((0, 4, 3), (0, 4, 4), (0, 4, 5), (1, 4, 5), (2, 4, 5))((1, 0, 5), (1, 0, 6), (1, 0, 7), (2, 0, 7), (3, 0, 7))((4, 1, 4), (4, 1, 5), (4, 1, 6), (4, 2, 4), (4, 3, 4))((1, 2, 4), (1, 3, 4), (1, 4, 4), (2, 4, 4), (3, 4, 4))((0, 1, 4), (1, 1, 4), (2, 1, 4), (2, 2, 4), (2, 3, 4))((3, 1, 4), (3, 1, 5), (3, 1, 6), (3, 2, 4), (3, 3, 4))((2, 0, 6), (3, 0, 6), (4, 0, 6), (4, 0, 7), (4, 0, 8))((3, 2, 5), (3, 3, 5), (3, 4, 5), (3, 4, 6), (3, 4, 7))((2, 4, 8), (3, 4, 8), (4, 4, 6), (4, 4, 7), (4, 4, 8))((2, 2, 7), (2, 3, 7), (2, 4, 7), (3, 2, 7), (4, 2, 7))((2, 1, 5), (2, 1, 6), (2, 1, 7), (3, 1, 7), (4, 1, 7))((1, 1, 5), (1, 1, 6), (1, 1, 7), (1, 2, 7), (1, 3, 7))((0, 1, 5), (0, 1, 6), (0, 1, 7), (0, 2, 7), (0, 3, 7))((2, 2, 6), (2, 3, 6), (2, 4, 6), (3, 2, 6), (4, 2, 6))((0, 2, 6), (0, 3, 6), (0, 4, 6), (0, 4, 7), (0, 4, 8))((1, 2, 6), (1, 3, 6), (1, 4, 6), (1, 4, 7), (1, 4, 8))((1, 3, 8), (2, 3, 8), (3, 3, 6), (3, 3, 7), (3, 3, 8))((4, 1, 8), (4, 2, 8), (4, 3, 6), (4, 3, 7), (4, 3, 8))((0, 1, 8), (0, 2, 8), (0, 3, 8), (1, 1, 8), (2, 1, 8))((1, 2, 8), (2, 2, 8), (3, 0, 8), (3, 1, 8), (3, 2, 8))((0, 0, 6), (0, 0, 7), (0, 0, 8), (1, 0, 8), (2, 0, 8))
27
((0, 0, 0), (0, 0, 1), (0, 0, 2), (1, 0, 2), (2, 0, 2))((1, 0, 1), (2, 0, 1), (3, 0, 1), (3, 1, 1), (3, 2, 1))((1, 0, 0), (1, 1, 0), (1, 2, 0), (2, 2, 0), (3, 2, 0))((2, 0, 0), (3, 0, 0), (4, 0, 0), (4, 0, 1), (4, 0, 2))((2, 1, 0), (2, 1, 1), (2, 1, 2), (3, 1, 0), (4, 1, 0))((0, 1, 0), (0, 2, 0), (0, 3, 0), (1, 3, 0), (2, 3, 0))((3, 1, 2), (3, 2, 2), (3, 3, 0), (3, 3, 1), (3, 3, 2))((1, 0, 4), (2, 0, 4), (3, 0, 2), (3, 0, 3), (3, 0, 4))((2, 4, 0), (3, 4, 0), (4, 2, 0), (4, 3, 0), (4, 4, 0))((1, 2, 2), (1, 3, 2), (1, 4, 0), (1, 4, 1), (1, 4, 2))((0, 2, 2), (0, 3, 2), (0, 4, 0), (0, 4, 1), (0, 4, 2))((1, 1, 1), (1, 1, 2), (1, 1, 3), (1, 2, 1), (1, 3, 1))((0, 1, 1), (0, 1, 2), (0, 1, 3), (0, 2, 1), (0, 3, 1))((0, 0, 3), (0, 0, 4), (0, 0, 5), (1, 0, 3), (2, 0, 3))((2, 1, 3), (3, 1, 3), (4, 1, 1), (4, 1, 2), (4, 1, 3))((2, 0, 5), (3, 0, 5), (4, 0, 3), (4, 0, 4), (4, 0, 5))((2, 3, 3), (3, 3, 3), (4, 3, 1), (4, 3, 2), (4, 3, 3))((2, 2, 3), (3, 2, 3), (4, 2, 1), (4, 2, 2), (4, 2, 3))((2, 2, 1), (2, 3, 1), (2, 4, 1), (3, 4, 1), (4, 4, 1))((2, 2, 2), (2, 3, 2), (2, 4, 2), (3, 4, 2), (4, 4, 2))((2, 4, 3), (3, 4, 3), (4, 4, 3), (4, 4, 4), (4, 4, 5))((0, 2, 3), (0, 3, 3), (0, 4, 3), (0, 4, 4), (0, 4, 5))((1, 2, 3), (1, 3, 3), (1, 4, 3), (1, 4, 4), (1, 4, 5))((1, 0, 5), (1, 0, 6), (1, 0, 7), (2, 0, 7), (3, 0, 7))((0, 0, 6), (0, 0, 7), (0, 0, 8), (1, 0, 8), (2, 0, 8))((1, 2, 8), (2, 2, 8), (3, 0, 8), (3, 1, 8), (3, 2, 8))((2, 0, 6), (3, 0, 6), (4, 0, 6), (4, 0, 7), (4, 0, 8))((0, 1, 8), (0, 2, 8), (0, 3, 8), (1, 1, 8), (2, 1, 8))((1, 3, 8), (2, 3, 8), (3, 3, 6), (3, 3, 7), (3, 3, 8))((0, 2, 6), (0, 3, 6), (0, 4, 6), (0, 4, 7), (0, 4, 8))((1, 2, 6), (1, 3, 6), (1, 4, 6), (1, 4, 7), (1, 4, 8))((1, 2, 4), (2, 2, 4), (3, 2, 4), (3, 3, 4), (3, 4, 4))((0, 1, 4), (0, 2, 4), (0, 3, 4), (1, 3, 4), (2, 3, 4))((2, 4, 4), (2, 4, 5), (2, 4, 6), (3, 4, 6), (4, 4, 6))((2, 4, 8), (3, 4, 8), (4, 2, 8), (4, 3, 8), (4, 4, 8))((3, 2, 5), (3, 2, 6), (3, 2, 7), (3, 3, 5), (3, 4, 5))((2, 4, 7), (3, 4, 7), (4, 2, 7), (4, 3, 7), (4, 4, 7))((2, 1, 5), (3, 1, 5), (4, 1, 5), (4, 2, 5), (4, 3, 5))((2, 1, 4), (3, 1, 4), (4, 1, 4), (4, 2, 4), (4, 3, 4))((1, 1, 4), (1, 1, 5), (1, 1, 6), (2, 1, 6), (3, 1, 6))((4, 1, 6), (4, 1, 7), (4, 1, 8), (4, 2, 6), (4, 3, 6))((0, 2, 5), (1, 2, 5), (2, 2, 5), (2, 2, 6), (2, 2, 7))((0, 3, 5), (1, 3, 5), (2, 3, 5), (2, 3, 6), (2, 3, 7))((1, 1, 7), (1, 2, 7), (1, 3, 7), (2, 1, 7), (3, 1, 7))((0, 1, 5), (0, 1, 6), (0, 1, 7), (0, 2, 7), (0, 3, 7))
28
((0, 0, 0), (0, 0, 1), (0, 0, 2), (1, 0, 2), (2, 0, 2))((1, 0, 1), (2, 0, 1), (3, 0, 1), (3, 1, 1), (3, 2, 1))((1, 0, 0), (1, 1, 0), (1, 2, 0), (2, 2, 0), (3, 2, 0))((2, 0, 0), (3, 0, 0), (4, 0, 0), (4, 0, 1), (4, 0, 2))((2, 1, 0), (2, 1, 1), (2, 1, 2), (3, 1, 0), (4, 1, 0))((0, 1, 0), (0, 2, 0), (0, 3, 0), (1, 3, 0), (2, 3, 0))((3, 1, 2), (3, 2, 2), (3, 3, 0), (3, 3, 1), (3, 3, 2))((1, 0, 4), (2, 0, 4), (3, 0, 2), (3, 0, 3), (3, 0, 4))((2, 4, 0), (3, 4, 0), (4, 2, 0), (4, 3, 0), (4, 4, 0))((1, 2, 2), (1, 3, 2), (1, 4, 0), (1, 4, 1), (1, 4, 2))((0, 2, 2), (0, 3, 2), (0, 4, 0), (0, 4, 1), (0, 4, 2))((1, 1, 1), (1, 1, 2), (1, 1, 3), (1, 2, 1), (1, 3, 1))((0, 1, 1), (0, 1, 2), (0, 1, 3), (0, 2, 1), (0, 3, 1))((0, 0, 3), (0, 0, 4), (0, 0, 5), (1, 0, 3), (2, 0, 3))((2, 1, 3), (3, 1, 3), (4, 1, 1), (4, 1, 2), (4, 1, 3))((2, 0, 5), (3, 0, 5), (4, 0, 3), (4, 0, 4), (4, 0, 5))((2, 3, 3), (3, 3, 3), (4, 3, 1), (4, 3, 2), (4, 3, 3))((2, 2, 3), (3, 2, 3), (4, 2, 1), (4, 2, 2), (4, 2, 3))((2, 2, 1), (2, 3, 1), (2, 4, 1), (3, 4, 1), (4, 4, 1))((2, 2, 2), (2, 3, 2), (2, 4, 2), (3, 4, 2), (4, 4, 2))((2, 4, 3), (3, 4, 3), (4, 4, 3), (4, 4, 4), (4, 4, 5))((0, 2, 3), (0, 3, 3), (0, 4, 3), (0, 4, 4), (0, 4, 5))((1, 2, 3), (1, 3, 3), (1, 4, 3), (1, 4, 4), (1, 4, 5))((1, 0, 5), (1, 0, 6), (1, 0, 7), (2, 0, 7), (3, 0, 7))((0, 0, 6), (0, 0, 7), (0, 0, 8), (0, 1, 8), (0, 2, 8))((1, 0, 8), (1, 1, 8), (1, 2, 8), (2, 0, 8), (3, 0, 8))((2, 0, 6), (3, 0, 6), (4, 0, 6), (4, 0, 7), (4, 0, 8))((0, 2, 6), (0, 3, 6), (0, 4, 6), (0, 4, 7), (0, 4, 8))((0, 3, 8), (1, 3, 8), (2, 1, 8), (2, 2, 8), (2, 3, 8))((3, 1, 8), (3, 2, 8), (3, 3, 6), (3, 3, 7), (3, 3, 8))((1, 2, 6), (1, 3, 6), (1, 4, 6), (1, 4, 7), (1, 4, 8))((1, 2, 4), (2, 2, 4), (3, 2, 4), (3, 3, 4), (3, 4, 4))((0, 1, 4), (0, 2, 4), (0, 3, 4), (1, 3, 4), (2, 3, 4))((2, 4, 4), (2, 4, 5), (2, 4, 6), (3, 4, 6), (4, 4, 6))((2, 4, 8), (3, 4, 8), (4, 2, 8), (4, 3, 8), (4, 4, 8))((3, 2, 5), (3, 2, 6), (3, 2, 7), (3, 3, 5), (3, 4, 5))((2, 4, 7), (3, 4, 7), (4, 2, 7), (4, 3, 7), (4, 4, 7))((2, 1, 5), (3, 1, 5), (4, 1, 5), (4, 2, 5), (4, 3, 5))((2, 1, 4), (3, 1, 4), (4, 1, 4), (4, 2, 4), (4, 3, 4))((1, 1, 4), (1, 1, 5), (1, 1, 6), (2, 1, 6), (3, 1, 6))((4, 1, 6), (4, 1, 7), (4, 1, 8), (4, 2, 6), (4, 3, 6))((0, 2, 5), (1, 2, 5), (2, 2, 5), (2, 2, 6), (2, 2, 7))((0, 3, 5), (1, 3, 5), (2, 3, 5), (2, 3, 6), (2, 3, 7))((1, 1, 7), (1, 2, 7), (1, 3, 7), (2, 1, 7), (3, 1, 7))((0, 1, 5), (0, 1, 6), (0, 1, 7), (0, 2, 7), (0, 3, 7))
29
((0, 0, 0), (0, 0, 1), (0, 0, 2), (1, 0, 2), (2, 0, 2))((1, 0, 1), (2, 0, 1), (3, 0, 1), (3, 1, 1), (3, 2, 1))((1, 0, 0), (1, 1, 0), (1, 2, 0), (2, 2, 0), (3, 2, 0))((2, 0, 0), (3, 0, 0), (4, 0, 0), (4, 0, 1), (4, 0, 2))((2, 1, 0), (2, 1, 1), (2, 1, 2), (3, 1, 0), (4, 1, 0))((0, 1, 0), (0, 2, 0), (0, 3, 0), (1, 3, 0), (2, 3, 0))((3, 1, 2), (3, 2, 2), (3, 3, 0), (3, 3, 1), (3, 3, 2))((1, 0, 4), (2, 0, 4), (3, 0, 2), (3, 0, 3), (3, 0, 4))((2, 4, 0), (3, 4, 0), (4, 2, 0), (4, 3, 0), (4, 4, 0))((1, 2, 2), (1, 3, 2), (1, 4, 0), (1, 4, 1), (1, 4, 2))((0, 2, 2), (0, 3, 2), (0, 4, 0), (0, 4, 1), (0, 4, 2))((1, 1, 1), (1, 1, 2), (1, 1, 3), (1, 2, 1), (1, 3, 1))((0, 1, 1), (0, 1, 2), (0, 1, 3), (0, 2, 1), (0, 3, 1))((0, 0, 3), (0, 0, 4), (0, 0, 5), (1, 0, 3), (2, 0, 3))((2, 1, 3), (3, 1, 3), (4, 1, 1), (4, 1, 2), (4, 1, 3))((2, 0, 5), (3, 0, 5), (4, 0, 3), (4, 0, 4), (4, 0, 5))((2, 3, 3), (3, 3, 3), (4, 3, 1), (4, 3, 2), (4, 3, 3))((2, 2, 3), (3, 2, 3), (4, 2, 1), (4, 2, 2), (4, 2, 3))((2, 2, 1), (2, 3, 1), (2, 4, 1), (3, 4, 1), (4, 4, 1))((2, 2, 2), (2, 3, 2), (2, 4, 2), (3, 4, 2), (4, 4, 2))((2, 4, 3), (2, 4, 4), (2, 4, 5), (3, 4, 3), (4, 4, 3))((1, 2, 3), (1, 3, 3), (1, 4, 3), (1, 4, 4), (1, 4, 5))((0, 2, 3), (0, 3, 3), (0, 4, 3), (0, 4, 4), (0, 4, 5))((4, 2, 6), (4, 3, 6), (4, 4, 4), (4, 4, 5), (4, 4, 6))((2, 4, 7), (3, 4, 7), (4, 2, 7), (4, 3, 7), (4, 4, 7))((2, 4, 8), (3, 4, 8), (4, 2, 8), (4, 3, 8), (4, 4, 8))((2, 0, 6), (3, 0, 6), (4, 0, 6), (4, 0, 7), (4, 0, 8))((2, 1, 5), (3, 1, 5), (4, 1, 5), (4, 2, 5), (4, 3, 5))((2, 1, 4), (3, 1, 4), (4, 1, 4), (4, 2, 4), (4, 3, 4))((2, 1, 6), (3, 1, 6), (4, 1, 6), (4, 1, 7), (4, 1, 8))((0, 1, 4), (0, 2, 4), (0, 3, 4), (1, 3, 4), (2, 3, 4))((1, 1, 4), (1, 1, 5), (1, 1, 6), (1, 2, 6), (1, 3, 6))((1, 2, 4), (2, 2, 4), (3, 2, 4), (3, 3, 4), (3, 4, 4))((3, 2, 5), (3, 2, 6), (3, 2, 7), (3, 3, 5), (3, 4, 5))((1, 1, 7), (1, 2, 7), (1, 3, 7), (2, 1, 7), (3, 1, 7))((1, 0, 5), (1, 0, 6), (1, 0, 7), (2, 0, 7), (3, 0, 7))((1, 4, 6), (1, 4, 7), (1, 4, 8), (2, 4, 6), (3, 4, 6))((3, 1, 8), (3, 2, 8), (3, 3, 6), (3, 3, 7), (3, 3, 8))((1, 0, 8), (1, 1, 8), (1, 2, 8), (2, 0, 8), (3, 0, 8))((0, 2, 5), (1, 2, 5), (2, 2, 5), (2, 2, 6), (2, 2, 7))((0, 1, 5), (0, 1, 6), (0, 1, 7), (0, 2, 7), (0, 3, 7))((0, 3, 5), (1, 3, 5), (2, 3, 5), (2, 3, 6), (2, 3, 7))((0, 2, 6), (0, 3, 6), (0, 4, 6), (0, 4, 7), (0, 4, 8))((0, 3, 8), (1, 3, 8), (2, 1, 8), (2, 2, 8), (2, 3, 8))((0, 0, 6), (0, 0, 7), (0, 0, 8), (0, 1, 8), (0, 2, 8))
30
((0, 0, 0), (0, 0, 1), (0, 0, 2), (1, 0, 2), (2, 0, 2))((1, 0, 1), (2, 0, 1), (3, 0, 1), (3, 1, 1), (3, 2, 1))((1, 0, 0), (1, 1, 0), (1, 2, 0), (2, 2, 0), (3, 2, 0))((2, 0, 0), (3, 0, 0), (4, 0, 0), (4, 0, 1), (4, 0, 2))((2, 1, 0), (2, 1, 1), (2, 1, 2), (3, 1, 0), (4, 1, 0))((0, 1, 0), (0, 2, 0), (0, 3, 0), (1, 3, 0), (2, 3, 0))((3, 1, 2), (3, 2, 2), (3, 3, 0), (3, 3, 1), (3, 3, 2))((1, 0, 4), (2, 0, 4), (3, 0, 2), (3, 0, 3), (3, 0, 4))((2, 4, 0), (3, 4, 0), (4, 2, 0), (4, 3, 0), (4, 4, 0))((1, 2, 2), (1, 3, 2), (1, 4, 0), (1, 4, 1), (1, 4, 2))((0, 2, 2), (0, 3, 2), (0, 4, 0), (0, 4, 1), (0, 4, 2))((1, 1, 1), (1, 1, 2), (1, 1, 3), (1, 2, 1), (1, 3, 1))((0, 1, 1), (0, 1, 2), (0, 1, 3), (0, 2, 1), (0, 3, 1))((0, 0, 3), (0, 0, 4), (0, 0, 5), (1, 0, 3), (2, 0, 3))((2, 1, 3), (3, 1, 3), (4, 1, 1), (4, 1, 2), (4, 1, 3))((2, 0, 5), (3, 0, 5), (4, 0, 3), (4, 0, 4), (4, 0, 5))((2, 3, 3), (3, 3, 3), (4, 3, 1), (4, 3, 2), (4, 3, 3))((2, 2, 3), (3, 2, 3), (4, 2, 1), (4, 2, 2), (4, 2, 3))((2, 2, 1), (2, 3, 1), (2, 4, 1), (3, 4, 1), (4, 4, 1))((2, 2, 2), (2, 3, 2), (2, 4, 2), (3, 4, 2), (4, 4, 2))((2, 4, 3), (2, 4, 4), (2, 4, 5), (3, 4, 3), (4, 4, 3))((1, 2, 3), (1, 3, 3), (1, 4, 3), (1, 4, 4), (1, 4, 5))((0, 2, 3), (0, 3, 3), (0, 4, 3), (0, 4, 4), (0, 4, 5))((4, 2, 6), (4, 3, 6), (4, 4, 4), (4, 4, 5), (4, 4, 6))((2, 4, 7), (3, 4, 7), (4, 2, 7), (4, 3, 7), (4, 4, 7))((2, 4, 8), (3, 4, 8), (4, 2, 8), (4, 3, 8), (4, 4, 8))((2, 0, 6), (3, 0, 6), (4, 0, 6), (4, 0, 7), (4, 0, 8))((2, 1, 5), (3, 1, 5), (4, 1, 5), (4, 2, 5), (4, 3, 5))((2, 1, 4), (3, 1, 4), (4, 1, 4), (4, 2, 4), (4, 3, 4))((2, 1, 6), (3, 1, 6), (4, 1, 6), (4, 1, 7), (4, 1, 8))((0, 1, 4), (0, 2, 4), (0, 3, 4), (1, 3, 4), (2, 3, 4))((1, 1, 4), (1, 1, 5), (1, 1, 6), (1, 2, 6), (1, 3, 6))((1, 2, 4), (2, 2, 4), (3, 2, 4), (3, 3, 4), (3, 4, 4))((3, 2, 5), (3, 2, 6), (3, 2, 7), (3, 3, 5), (3, 4, 5))((1, 1, 7), (1, 2, 7), (1, 3, 7), (2, 1, 7), (3, 1, 7))((1, 0, 5), (1, 0, 6), (1, 0, 7), (2, 0, 7), (3, 0, 7))((1, 4, 6), (1, 4, 7), (1, 4, 8), (2, 4, 6), (3, 4, 6))((1, 3, 8), (2, 3, 8), (3, 3, 6), (3, 3, 7), (3, 3, 8))((0, 3, 5), (1, 3, 5), (2, 3, 5), (2, 3, 6), (2, 3, 7))((0, 1, 5), (0, 1, 6), (0, 1, 7), (0, 2, 7), (0, 3, 7))((0, 2, 6), (0, 3, 6), (0, 4, 6), (0, 4, 7), (0, 4, 8))((0, 2, 5), (1, 2, 5), (2, 2, 5), (2, 2, 6), (2, 2, 7))((0, 1, 8), (0, 2, 8), (0, 3, 8), (1, 1, 8), (2, 1, 8))((1, 2, 8), (2, 2, 8), (3, 0, 8), (3, 1, 8), (3, 2, 8))((0, 0, 6), (0, 0, 7), (0, 0, 8), (1, 0, 8), (2, 0, 8))
31
((0, 0, 0), (0, 0, 1), (0, 0, 2), (1, 0, 2), (2, 0, 2))((1, 0, 1), (2, 0, 1), (3, 0, 1), (3, 1, 1), (3, 2, 1))((1, 0, 0), (1, 1, 0), (1, 2, 0), (2, 2, 0), (3, 2, 0))((2, 0, 0), (3, 0, 0), (4, 0, 0), (4, 0, 1), (4, 0, 2))((2, 1, 0), (2, 1, 1), (2, 1, 2), (3, 1, 0), (4, 1, 0))((0, 1, 0), (0, 2, 0), (0, 3, 0), (1, 3, 0), (2, 3, 0))((3, 1, 2), (3, 2, 2), (3, 3, 0), (3, 3, 1), (3, 3, 2))((1, 0, 4), (2, 0, 4), (3, 0, 2), (3, 0, 3), (3, 0, 4))((2, 4, 0), (3, 4, 0), (4, 2, 0), (4, 3, 0), (4, 4, 0))((1, 2, 2), (1, 3, 2), (1, 4, 0), (1, 4, 1), (1, 4, 2))((0, 2, 2), (0, 3, 2), (0, 4, 0), (0, 4, 1), (0, 4, 2))((1, 1, 1), (1, 1, 2), (1, 1, 3), (1, 2, 1), (1, 3, 1))((0, 1, 1), (0, 1, 2), (0, 1, 3), (0, 2, 1), (0, 3, 1))((0, 0, 3), (0, 0, 4), (0, 0, 5), (1, 0, 3), (2, 0, 3))((2, 1, 3), (3, 1, 3), (4, 1, 1), (4, 1, 2), (4, 1, 3))((2, 0, 5), (3, 0, 5), (4, 0, 3), (4, 0, 4), (4, 0, 5))((2, 3, 3), (3, 3, 3), (4, 3, 1), (4, 3, 2), (4, 3, 3))((2, 2, 3), (3, 2, 3), (4, 2, 1), (4, 2, 2), (4, 2, 3))((2, 2, 1), (2, 3, 1), (2, 4, 1), (3, 4, 1), (4, 4, 1))((2, 2, 2), (2, 3, 2), (2, 4, 2), (3, 4, 2), (4, 4, 2))((2, 4, 3), (2, 4, 4), (2, 4, 5), (3, 4, 3), (4, 4, 3))((1, 2, 3), (1, 3, 3), (1, 4, 3), (1, 4, 4), (1, 4, 5))((0, 2, 3), (0, 3, 3), (0, 4, 3), (0, 4, 4), (0, 4, 5))((2, 4, 6), (3, 4, 6), (4, 4, 4), (4, 4, 5), (4, 4, 6))((3, 2, 5), (3, 2, 6), (3, 2, 7), (3, 3, 5), (3, 4, 5))((1, 2, 4), (2, 2, 4), (3, 2, 4), (3, 3, 4), (3, 4, 4))((2, 4, 7), (3, 4, 7), (4, 2, 7), (4, 3, 7), (4, 4, 7))((2, 4, 8), (3, 4, 8), (4, 2, 8), (4, 3, 8), (4, 4, 8))((2, 1, 5), (3, 1, 5), (4, 1, 5), (4, 2, 5), (4, 3, 5))((2, 1, 4), (3, 1, 4), (4, 1, 4), (4, 2, 4), (4, 3, 4))((1, 1, 4), (1, 1, 5), (1, 1, 6), (2, 1, 6), (3, 1, 6))((1, 1, 7), (1, 2, 7), (1, 3, 7), (2, 1, 7), (3, 1, 7))((1, 0, 5), (1, 0, 6), (1, 0, 7), (2, 0, 7), (3, 0, 7))((0, 2, 5), (1, 2, 5), (2, 2, 5), (2, 2, 6), (2, 2, 7))((1, 2, 6), (1, 3, 6), (1, 4, 6), (1, 4, 7), (1, 4, 8))((4, 1, 6), (4, 1, 7), (4, 1, 8), (4, 2, 6), (4, 3, 6))((2, 0, 6), (3, 0, 6), (4, 0, 6), (4, 0, 7), (4, 0, 8))((3, 1, 8), (3, 2, 8), (3, 3, 6), (3, 3, 7), (3, 3, 8))((1, 0, 8), (1, 1, 8), (1, 2, 8), (2, 0, 8), (3, 0, 8))((0, 3, 8), (1, 3, 8), (2, 1, 8), (2, 2, 8), (2, 3, 8))((0, 3, 5), (1, 3, 5), (2, 3, 5), (2, 3, 6), (2, 3, 7))((0, 1, 5), (0, 1, 6), (0, 1, 7), (0, 2, 7), (0, 3, 7))((0, 1, 4), (0, 2, 4), (0, 3, 4), (1, 3, 4), (2, 3, 4))((0, 2, 6), (0, 3, 6), (0, 4, 6), (0, 4, 7), (0, 4, 8))((0, 0, 6), (0, 0, 7), (0, 0, 8), (0, 1, 8), (0, 2, 8))
32
((0, 0, 0), (0, 0, 1), (0, 0, 2), (1, 0, 2), (2, 0, 2))((1, 0, 1), (2, 0, 1), (3, 0, 1), (3, 1, 1), (3, 2, 1))((1, 0, 0), (1, 1, 0), (1, 2, 0), (2, 2, 0), (3, 2, 0))((2, 0, 0), (3, 0, 0), (4, 0, 0), (4, 0, 1), (4, 0, 2))((2, 1, 0), (2, 1, 1), (2, 1, 2), (3, 1, 0), (4, 1, 0))((0, 1, 0), (0, 2, 0), (0, 3, 0), (1, 3, 0), (2, 3, 0))((3, 1, 2), (3, 2, 2), (3, 3, 0), (3, 3, 1), (3, 3, 2))((1, 0, 4), (2, 0, 4), (3, 0, 2), (3, 0, 3), (3, 0, 4))((2, 4, 0), (3, 4, 0), (4, 2, 0), (4, 3, 0), (4, 4, 0))((1, 2, 2), (1, 3, 2), (1, 4, 0), (1, 4, 1), (1, 4, 2))((0, 2, 2), (0, 3, 2), (0, 4, 0), (0, 4, 1), (0, 4, 2))((1, 1, 1), (1, 1, 2), (1, 1, 3), (1, 2, 1), (1, 3, 1))((0, 1, 1), (0, 1, 2), (0, 1, 3), (0, 2, 1), (0, 3, 1))((0, 0, 3), (0, 0, 4), (0, 0, 5), (1, 0, 3), (2, 0, 3))((2, 1, 3), (3, 1, 3), (4, 1, 1), (4, 1, 2), (4, 1, 3))((2, 0, 5), (3, 0, 5), (4, 0, 3), (4, 0, 4), (4, 0, 5))((2, 3, 3), (3, 3, 3), (4, 3, 1), (4, 3, 2), (4, 3, 3))((2, 2, 3), (3, 2, 3), (4, 2, 1), (4, 2, 2), (4, 2, 3))((2, 2, 1), (2, 3, 1), (2, 4, 1), (3, 4, 1), (4, 4, 1))((2, 2, 2), (2, 3, 2), (2, 4, 2), (3, 4, 2), (4, 4, 2))((2, 4, 3), (2, 4, 4), (2, 4, 5), (3, 4, 3), (4, 4, 3))((1, 2, 3), (1, 3, 3), (1, 4, 3), (1, 4, 4), (1, 4, 5))((0, 2, 3), (0, 3, 3), (0, 4, 3), (0, 4, 4), (0, 4, 5))((2, 4, 6), (3, 4, 6), (4, 4, 4), (4, 4, 5), (4, 4, 6))((3, 2, 5), (3, 2, 6), (3, 2, 7), (3, 3, 5), (3, 4, 5))((1, 2, 4), (2, 2, 4), (3, 2, 4), (3, 3, 4), (3, 4, 4))((2, 4, 7), (3, 4, 7), (4, 2, 7), (4, 3, 7), (4, 4, 7))((2, 4, 8), (3, 4, 8), (4, 2, 8), (4, 3, 8), (4, 4, 8))((2, 1, 5), (3, 1, 5), (4, 1, 5), (4, 2, 5), (4, 3, 5))((2, 1, 4), (3, 1, 4), (4, 1, 4), (4, 2, 4), (4, 3, 4))((1, 1, 4), (1, 1, 5), (1, 1, 6), (2, 1, 6), (3, 1, 6))((1, 1, 7), (1, 2, 7), (1, 3, 7), (2, 1, 7), (3, 1, 7))((1, 0, 5), (1, 0, 6), (1, 0, 7), (2, 0, 7), (3, 0, 7))((0, 2, 5), (1, 2, 5), (2, 2, 5), (2, 2, 6), (2, 2, 7))((1, 2, 6), (1, 3, 6), (1, 4, 6), (1, 4, 7), (1, 4, 8))((4, 1, 6), (4, 1, 7), (4, 1, 8), (4, 2, 6), (4, 3, 6))((2, 0, 6), (3, 0, 6), (4, 0, 6), (4, 0, 7), (4, 0, 8))((1, 3, 8), (2, 3, 8), (3, 3, 6), (3, 3, 7), (3, 3, 8))((0, 3, 5), (1, 3, 5), (2, 3, 5), (2, 3, 6), (2, 3, 7))((0, 1, 4), (0, 2, 4), (0, 3, 4), (1, 3, 4), (2, 3, 4))((0, 1, 5), (0, 1, 6), (0, 1, 7), (0, 2, 7), (0, 3, 7))((0, 2, 6), (0, 3, 6), (0, 4, 6), (0, 4, 7), (0, 4, 8))((0, 1, 8), (0, 2, 8), (0, 3, 8), (1, 1, 8), (2, 1, 8))((1, 2, 8), (2, 2, 8), (3, 0, 8), (3, 1, 8), (3, 2, 8))((0, 0, 6), (0, 0, 7), (0, 0, 8), (1, 0, 8), (2, 0, 8))
33
((0, 0, 0), (0, 0, 1), (0, 0, 2), (1, 0, 2), (2, 0, 2))((1, 0, 1), (2, 0, 1), (3, 0, 1), (3, 1, 1), (3, 2, 1))((1, 0, 0), (1, 1, 0), (1, 2, 0), (2, 2, 0), (3, 2, 0))((2, 0, 0), (3, 0, 0), (4, 0, 0), (4, 0, 1), (4, 0, 2))((2, 1, 0), (2, 1, 1), (2, 1, 2), (3, 1, 0), (4, 1, 0))((0, 1, 0), (0, 2, 0), (0, 3, 0), (1, 3, 0), (2, 3, 0))((3, 1, 2), (3, 2, 2), (3, 3, 0), (3, 3, 1), (3, 3, 2))((1, 0, 4), (2, 0, 4), (3, 0, 2), (3, 0, 3), (3, 0, 4))((2, 4, 0), (3, 4, 0), (4, 2, 0), (4, 3, 0), (4, 4, 0))((1, 2, 2), (1, 3, 2), (1, 4, 0), (1, 4, 1), (1, 4, 2))((0, 2, 2), (0, 3, 2), (0, 4, 0), (0, 4, 1), (0, 4, 2))((1, 1, 1), (1, 1, 2), (1, 1, 3), (1, 2, 1), (1, 3, 1))((0, 1, 1), (0, 1, 2), (0, 1, 3), (0, 2, 1), (0, 3, 1))((0, 0, 3), (0, 0, 4), (0, 0, 5), (1, 0, 3), (2, 0, 3))((2, 1, 3), (3, 1, 3), (4, 1, 1), (4, 1, 2), (4, 1, 3))((2, 0, 5), (3, 0, 5), (4, 0, 3), (4, 0, 4), (4, 0, 5))((2, 4, 1), (3, 4, 1), (4, 2, 1), (4, 3, 1), (4, 4, 1))((2, 3, 1), (2, 3, 2), (2, 3, 3), (3, 3, 3), (4, 3, 3))((2, 2, 1), (2, 2, 2), (2, 2, 3), (3, 2, 3), (4, 2, 3))((2, 4, 2), (3, 4, 2), (4, 2, 2), (4, 3, 2), (4, 4, 2))((4, 2, 5), (4, 3, 5), (4, 4, 3), (4, 4, 4), (4, 4, 5))((0, 3, 3), (0, 3, 4), (0, 3, 5), (1, 3, 5), (2, 3, 5))((0, 2, 3), (0, 2, 4), (0, 2, 5), (1, 2, 5), (2, 2, 5))((1, 2, 3), (1, 3, 3), (1, 4, 3), (2, 4, 3), (3, 4, 3))((0, 4, 3), (0, 4, 4), (0, 4, 5), (1, 4, 5), (2, 4, 5))((1, 0, 5), (1, 0, 6), (1, 0, 7), (2, 0, 7), (3, 0, 7))((4, 1, 4), (4, 1, 5), (4, 1, 6), (4, 2, 4), (4, 3, 4))((1, 2, 4), (1, 3, 4), (1, 4, 4), (2, 4, 4), (3, 4, 4))((0, 1, 4), (1, 1, 4), (2, 1, 4), (2, 2, 4), (2, 3, 4))((3, 1, 4), (3, 1, 5), (3, 1, 6), (3, 2, 4), (3, 3, 4))((2, 0, 6), (3, 0, 6), (4, 0, 6), (4, 0, 7), (4, 0, 8))((3, 2, 5), (3, 3, 5), (3, 4, 5), (3, 4, 6), (3, 4, 7))((2, 4, 8), (3, 4, 8), (4, 4, 6), (4, 4, 7), (4, 4, 8))((2, 2, 7), (2, 3, 7), (2, 4, 7), (3, 2, 7), (4, 2, 7))((2, 1, 5), (2, 1, 6), (2, 1, 7), (3, 1, 7), (4, 1, 7))((1, 1, 5), (1, 1, 6), (1, 1, 7), (1, 2, 7), (1, 3, 7))((0, 1, 5), (0, 1, 6), (0, 1, 7), (0, 2, 7), (0, 3, 7))((2, 2, 6), (2, 3, 6), (2, 4, 6), (3, 2, 6), (4, 2, 6))((0, 2, 6), (0, 3, 6), (0, 4, 6), (0, 4, 7), (0, 4, 8))((1, 2, 6), (1, 3, 6), (1, 4, 6), (1, 4, 7), (1, 4, 8))((3, 1, 8), (3, 2, 8), (3, 3, 6), (3, 3, 7), (3, 3, 8))((4, 1, 8), (4, 2, 8), (4, 3, 6), (4, 3, 7), (4, 3, 8))((1, 0, 8), (1, 1, 8), (1, 2, 8), (2, 0, 8), (3, 0, 8))((0, 3, 8), (1, 3, 8), (2, 1, 8), (2, 2, 8), (2, 3, 8))((0, 0, 6), (0, 0, 7), (0, 0, 8), (0, 1, 8), (0, 2, 8))
34
((0, 0, 0), (0, 0, 1), (0, 0, 2), (1, 0, 2), (2, 0, 2))((1, 0, 1), (2, 0, 1), (3, 0, 1), (3, 1, 1), (3, 2, 1))((1, 0, 0), (1, 1, 0), (1, 2, 0), (2, 2, 0), (3, 2, 0))((2, 0, 0), (3, 0, 0), (4, 0, 0), (4, 0, 1), (4, 0, 2))((2, 1, 0), (2, 1, 1), (2, 1, 2), (3, 1, 0), (4, 1, 0))((0, 1, 0), (0, 2, 0), (0, 3, 0), (1, 3, 0), (2, 3, 0))((3, 1, 2), (3, 2, 2), (3, 3, 0), (3, 3, 1), (3, 3, 2))((1, 0, 4), (2, 0, 4), (3, 0, 2), (3, 0, 3), (3, 0, 4))((2, 4, 0), (3, 4, 0), (4, 2, 0), (4, 3, 0), (4, 4, 0))((1, 2, 2), (1, 3, 2), (1, 4, 0), (1, 4, 1), (1, 4, 2))((0, 2, 2), (0, 3, 2), (0, 4, 0), (0, 4, 1), (0, 4, 2))((1, 1, 1), (1, 1, 2), (1, 1, 3), (1, 2, 1), (1, 3, 1))((0, 1, 1), (0, 1, 2), (0, 1, 3), (0, 2, 1), (0, 3, 1))((0, 0, 3), (0, 0, 4), (0, 0, 5), (1, 0, 3), (2, 0, 3))((2, 1, 3), (3, 1, 3), (4, 1, 1), (4, 1, 2), (4, 1, 3))((2, 0, 5), (3, 0, 5), (4, 0, 3), (4, 0, 4), (4, 0, 5))((2, 4, 1), (3, 4, 1), (4, 2, 1), (4, 3, 1), (4, 4, 1))((2, 3, 1), (2, 3, 2), (2, 3, 3), (3, 3, 3), (4, 3, 3))((2, 2, 1), (2, 2, 2), (2, 2, 3), (3, 2, 3), (4, 2, 3))((2, 4, 2), (3, 4, 2), (4, 2, 2), (4, 3, 2), (4, 4, 2))((4, 2, 5), (4, 3, 5), (4, 4, 3), (4, 4, 4), (4, 4, 5))((0, 3, 3), (0, 3, 4), (0, 3, 5), (1, 3, 5), (2, 3, 5))((0, 2, 3), (0, 2, 4), (0, 2, 5), (1, 2, 5), (2, 2, 5))((1, 2, 3), (1, 3, 3), (1, 4, 3), (2, 4, 3), (3, 4, 3))((0, 4, 3), (0, 4, 4), (0, 4, 5), (1, 4, 5), (2, 4, 5))((1, 0, 5), (1, 0, 6), (1, 0, 7), (2, 0, 7), (3, 0, 7))((4, 1, 4), (4, 1, 5), (4, 1, 6), (4, 2, 4), (4, 3, 4))((1, 2, 4), (1, 3, 4), (1, 4, 4), (2, 4, 4), (3, 4, 4))((0, 1, 4), (1, 1, 4), (2, 1, 4), (2, 2, 4), (2, 3, 4))((3, 1, 4), (3, 1, 5), (3, 1, 6), (3, 2, 4), (3, 3, 4))((2, 0, 6), (3, 0, 6), (4, 0, 6), (4, 0, 7), (4, 0, 8))((3, 2, 5), (3, 3, 5), (3, 4, 5), (3, 4, 6), (3, 4, 7))((2, 4, 8), (3, 4, 8), (4, 4, 6), (4, 4, 7), (4, 4, 8))((2, 2, 7), (2, 3, 7), (2, 4, 7), (3, 2, 7), (4, 2, 7))((2, 1, 5), (2, 1, 6), (2, 1, 7), (3, 1, 7), (4, 1, 7))((1, 1, 5), (1, 1, 6), (1, 1, 7), (1, 2, 7), (1, 3, 7))((0, 1, 5), (0, 1, 6), (0, 1, 7), (0, 2, 7), (0, 3, 7))((2, 2, 6), (2, 3, 6), (2, 4, 6), (3, 2, 6), (4, 2, 6))((0, 2, 6), (0, 3, 6), (0, 4, 6), (0, 4, 7), (0, 4, 8))((1, 2, 6), (1, 3, 6), (1, 4, 6), (1, 4, 7), (1, 4, 8))((1, 3, 8), (2, 3, 8), (3, 3, 6), (3, 3, 7), (3, 3, 8))((4, 1, 8), (4, 2, 8), (4, 3, 6), (4, 3, 7), (4, 3, 8))((0, 1, 8), (0, 2, 8), (0, 3, 8), (1, 1, 8), (2, 1, 8))((1, 2, 8), (2, 2, 8), (3, 0, 8), (3, 1, 8), (3, 2, 8))((0, 0, 6), (0, 0, 7), (0, 0, 8), (1, 0, 8), (2, 0, 8))
35
((0, 0, 0), (0, 0, 1), (0, 0, 2), (1, 0, 2), (2, 0, 2))((1, 0, 1), (2, 0, 1), (3, 0, 1), (3, 1, 1), (3, 2, 1))((1, 0, 0), (1, 1, 0), (1, 2, 0), (2, 2, 0), (3, 2, 0))((2, 0, 0), (3, 0, 0), (4, 0, 0), (4, 0, 1), (4, 0, 2))((2, 1, 0), (2, 1, 1), (2, 1, 2), (3, 1, 0), (4, 1, 0))((0, 1, 0), (0, 2, 0), (0, 3, 0), (1, 3, 0), (2, 3, 0))((3, 1, 2), (3, 2, 2), (3, 3, 0), (3, 3, 1), (3, 3, 2))((1, 0, 4), (2, 0, 4), (3, 0, 2), (3, 0, 3), (3, 0, 4))((2, 4, 0), (3, 4, 0), (4, 2, 0), (4, 3, 0), (4, 4, 0))((1, 2, 2), (1, 3, 2), (1, 4, 0), (1, 4, 1), (1, 4, 2))((0, 2, 2), (0, 3, 2), (0, 4, 0), (0, 4, 1), (0, 4, 2))((1, 1, 1), (1, 1, 2), (1, 1, 3), (1, 2, 1), (1, 3, 1))((0, 1, 1), (0, 1, 2), (0, 1, 3), (0, 2, 1), (0, 3, 1))((0, 0, 3), (0, 0, 4), (0, 0, 5), (1, 0, 3), (2, 0, 3))((2, 1, 3), (3, 1, 3), (4, 1, 1), (4, 1, 2), (4, 1, 3))((2, 0, 5), (3, 0, 5), (4, 0, 3), (4, 0, 4), (4, 0, 5))((2, 4, 1), (3, 4, 1), (4, 2, 1), (4, 3, 1), (4, 4, 1))((2, 3, 1), (2, 3, 2), (2, 3, 3), (3, 3, 3), (4, 3, 3))((2, 2, 1), (2, 2, 2), (2, 2, 3), (3, 2, 3), (4, 2, 3))((2, 4, 2), (3, 4, 2), (4, 2, 2), (4, 3, 2), (4, 4, 2))((2, 4, 3), (3, 4, 3), (4, 4, 3), (4, 4, 4), (4, 4, 5))((0, 2, 3), (0, 3, 3), (0, 4, 3), (0, 4, 4), (0, 4, 5))((1, 2, 3), (1, 3, 3), (1, 4, 3), (1, 4, 4), (1, 4, 5))((1, 0, 5), (1, 0, 6), (1, 0, 7), (2, 0, 7), (3, 0, 7))((0, 0, 6), (0, 0, 7), (0, 0, 8), (1, 0, 8), (2, 0, 8))((1, 2, 8), (2, 2, 8), (3, 0, 8), (3, 1, 8), (3, 2, 8))((2, 0, 6), (3, 0, 6), (4, 0, 6), (4, 0, 7), (4, 0, 8))((0, 1, 8), (0, 2, 8), (0, 3, 8), (1, 1, 8), (2, 1, 8))((1, 3, 8), (2, 3, 8), (3, 3, 6), (3, 3, 7), (3, 3, 8))((0, 2, 6), (0, 3, 6), (0, 4, 6), (0, 4, 7), (0, 4, 8))((1, 2, 6), (1, 3, 6), (1, 4, 6), (1, 4, 7), (1, 4, 8))((1, 2, 4), (2, 2, 4), (3, 2, 4), (3, 3, 4), (3, 4, 4))((0, 1, 4), (0, 2, 4), (0, 3, 4), (1, 3, 4), (2, 3, 4))((2, 4, 4), (2, 4, 5), (2, 4, 6), (3, 4, 6), (4, 4, 6))((2, 4, 8), (3, 4, 8), (4, 2, 8), (4, 3, 8), (4, 4, 8))((3, 2, 5), (3, 2, 6), (3, 2, 7), (3, 3, 5), (3, 4, 5))((2, 4, 7), (3, 4, 7), (4, 2, 7), (4, 3, 7), (4, 4, 7))((2, 1, 5), (3, 1, 5), (4, 1, 5), (4, 2, 5), (4, 3, 5))((2, 1, 4), (3, 1, 4), (4, 1, 4), (4, 2, 4), (4, 3, 4))((1, 1, 4), (1, 1, 5), (1, 1, 6), (2, 1, 6), (3, 1, 6))((4, 1, 6), (4, 1, 7), (4, 1, 8), (4, 2, 6), (4, 3, 6))((0, 2, 5), (1, 2, 5), (2, 2, 5), (2, 2, 6), (2, 2, 7))((0, 3, 5), (1, 3, 5), (2, 3, 5), (2, 3, 6), (2, 3, 7))((1, 1, 7), (1, 2, 7), (1, 3, 7), (2, 1, 7), (3, 1, 7))((0, 1, 5), (0, 1, 6), (0, 1, 7), (0, 2, 7), (0, 3, 7))
36
((0, 0, 0), (0, 0, 1), (0, 0, 2), (1, 0, 2), (2, 0, 2))((1, 0, 1), (2, 0, 1), (3, 0, 1), (3, 1, 1), (3, 2, 1))((1, 0, 0), (1, 1, 0), (1, 2, 0), (2, 2, 0), (3, 2, 0))((2, 0, 0), (3, 0, 0), (4, 0, 0), (4, 0, 1), (4, 0, 2))((2, 1, 0), (2, 1, 1), (2, 1, 2), (3, 1, 0), (4, 1, 0))((0, 1, 0), (0, 2, 0), (0, 3, 0), (1, 3, 0), (2, 3, 0))((3, 1, 2), (3, 2, 2), (3, 3, 0), (3, 3, 1), (3, 3, 2))((1, 0, 4), (2, 0, 4), (3, 0, 2), (3, 0, 3), (3, 0, 4))((2, 4, 0), (3, 4, 0), (4, 2, 0), (4, 3, 0), (4, 4, 0))((1, 2, 2), (1, 3, 2), (1, 4, 0), (1, 4, 1), (1, 4, 2))((0, 2, 2), (0, 3, 2), (0, 4, 0), (0, 4, 1), (0, 4, 2))((1, 1, 1), (1, 1, 2), (1, 1, 3), (1, 2, 1), (1, 3, 1))((0, 1, 1), (0, 1, 2), (0, 1, 3), (0, 2, 1), (0, 3, 1))((0, 0, 3), (0, 0, 4), (0, 0, 5), (1, 0, 3), (2, 0, 3))((2, 1, 3), (3, 1, 3), (4, 1, 1), (4, 1, 2), (4, 1, 3))((2, 0, 5), (3, 0, 5), (4, 0, 3), (4, 0, 4), (4, 0, 5))((2, 4, 1), (3, 4, 1), (4, 2, 1), (4, 3, 1), (4, 4, 1))((2, 3, 1), (2, 3, 2), (2, 3, 3), (3, 3, 3), (4, 3, 3))((2, 2, 1), (2, 2, 2), (2, 2, 3), (3, 2, 3), (4, 2, 3))((2, 4, 2), (3, 4, 2), (4, 2, 2), (4, 3, 2), (4, 4, 2))((2, 4, 3), (3, 4, 3), (4, 4, 3), (4, 4, 4), (4, 4, 5))((0, 2, 3), (0, 3, 3), (0, 4, 3), (0, 4, 4), (0, 4, 5))((1, 2, 3), (1, 3, 3), (1, 4, 3), (1, 4, 4), (1, 4, 5))((1, 0, 5), (1, 0, 6), (1, 0, 7), (2, 0, 7), (3, 0, 7))((0, 0, 6), (0, 0, 7), (0, 0, 8), (0, 1, 8), (0, 2, 8))((1, 0, 8), (1, 1, 8), (1, 2, 8), (2, 0, 8), (3, 0, 8))((2, 0, 6), (3, 0, 6), (4, 0, 6), (4, 0, 7), (4, 0, 8))((0, 2, 6), (0, 3, 6), (0, 4, 6), (0, 4, 7), (0, 4, 8))((0, 3, 8), (1, 3, 8), (2, 1, 8), (2, 2, 8), (2, 3, 8))((3, 1, 8), (3, 2, 8), (3, 3, 6), (3, 3, 7), (3, 3, 8))((1, 2, 6), (1, 3, 6), (1, 4, 6), (1, 4, 7), (1, 4, 8))((1, 2, 4), (2, 2, 4), (3, 2, 4), (3, 3, 4), (3, 4, 4))((0, 1, 4), (0, 2, 4), (0, 3, 4), (1, 3, 4), (2, 3, 4))((2, 4, 4), (2, 4, 5), (2, 4, 6), (3, 4, 6), (4, 4, 6))((2, 4, 8), (3, 4, 8), (4, 2, 8), (4, 3, 8), (4, 4, 8))((3, 2, 5), (3, 2, 6), (3, 2, 7), (3, 3, 5), (3, 4, 5))((2, 4, 7), (3, 4, 7), (4, 2, 7), (4, 3, 7), (4, 4, 7))((2, 1, 5), (3, 1, 5), (4, 1, 5), (4, 2, 5), (4, 3, 5))((2, 1, 4), (3, 1, 4), (4, 1, 4), (4, 2, 4), (4, 3, 4))((1, 1, 4), (1, 1, 5), (1, 1, 6), (2, 1, 6), (3, 1, 6))((4, 1, 6), (4, 1, 7), (4, 1, 8), (4, 2, 6), (4, 3, 6))((0, 2, 5), (1, 2, 5), (2, 2, 5), (2, 2, 6), (2, 2, 7))((0, 3, 5), (1, 3, 5), (2, 3, 5), (2, 3, 6), (2, 3, 7))((1, 1, 7), (1, 2, 7), (1, 3, 7), (2, 1, 7), (3, 1, 7))((0, 1, 5), (0, 1, 6), (0, 1, 7), (0, 2, 7), (0, 3, 7))
37
((0, 0, 0), (0, 0, 1), (0, 0, 2), (1, 0, 2), (2, 0, 2))((1, 0, 1), (2, 0, 1), (3, 0, 1), (3, 1, 1), (3, 2, 1))((1, 0, 0), (1, 1, 0), (1, 2, 0), (2, 2, 0), (3, 2, 0))((2, 0, 0), (3, 0, 0), (4, 0, 0), (4, 0, 1), (4, 0, 2))((2, 1, 0), (2, 1, 1), (2, 1, 2), (3, 1, 0), (4, 1, 0))((0, 1, 0), (0, 2, 0), (0, 3, 0), (1, 3, 0), (2, 3, 0))((3, 1, 2), (3, 2, 2), (3, 3, 0), (3, 3, 1), (3, 3, 2))((1, 0, 4), (2, 0, 4), (3, 0, 2), (3, 0, 3), (3, 0, 4))((2, 4, 0), (3, 4, 0), (4, 2, 0), (4, 3, 0), (4, 4, 0))((1, 2, 2), (1, 3, 2), (1, 4, 0), (1, 4, 1), (1, 4, 2))((0, 2, 2), (0, 3, 2), (0, 4, 0), (0, 4, 1), (0, 4, 2))((1, 1, 1), (1, 1, 2), (1, 1, 3), (1, 2, 1), (1, 3, 1))((0, 1, 1), (0, 1, 2), (0, 1, 3), (0, 2, 1), (0, 3, 1))((0, 0, 3), (0, 0, 4), (0, 0, 5), (1, 0, 3), (2, 0, 3))((2, 1, 3), (3, 1, 3), (4, 1, 1), (4, 1, 2), (4, 1, 3))((2, 0, 5), (3, 0, 5), (4, 0, 3), (4, 0, 4), (4, 0, 5))((2, 4, 1), (3, 4, 1), (4, 2, 1), (4, 3, 1), (4, 4, 1))((2, 3, 1), (2, 3, 2), (2, 3, 3), (3, 3, 3), (4, 3, 3))((2, 2, 1), (2, 2, 2), (2, 2, 3), (3, 2, 3), (4, 2, 3))((2, 4, 2), (3, 4, 2), (4, 2, 2), (4, 3, 2), (4, 4, 2))((2, 4, 3), (2, 4, 4), (2, 4, 5), (3, 4, 3), (4, 4, 3))((1, 2, 3), (1, 3, 3), (1, 4, 3), (1, 4, 4), (1, 4, 5))((0, 2, 3), (0, 3, 3), (0, 4, 3), (0, 4, 4), (0, 4, 5))((4, 2, 6), (4, 3, 6), (4, 4, 4), (4, 4, 5), (4, 4, 6))((2, 4, 7), (3, 4, 7), (4, 2, 7), (4, 3, 7), (4, 4, 7))((2, 4, 8), (3, 4, 8), (4, 2, 8), (4, 3, 8), (4, 4, 8))((2, 0, 6), (3, 0, 6), (4, 0, 6), (4, 0, 7), (4, 0, 8))((2, 1, 5), (3, 1, 5), (4, 1, 5), (4, 2, 5), (4, 3, 5))((2, 1, 4), (3, 1, 4), (4, 1, 4), (4, 2, 4), (4, 3, 4))((2, 1, 6), (3, 1, 6), (4, 1, 6), (4, 1, 7), (4, 1, 8))((0, 1, 4), (0, 2, 4), (0, 3, 4), (1, 3, 4), (2, 3, 4))((1, 1, 4), (1, 1, 5), (1, 1, 6), (1, 2, 6), (1, 3, 6))((1, 2, 4), (2, 2, 4), (3, 2, 4), (3, 3, 4), (3, 4, 4))((3, 2, 5), (3, 2, 6), (3, 2, 7), (3, 3, 5), (3, 4, 5))((1, 1, 7), (1, 2, 7), (1, 3, 7), (2, 1, 7), (3, 1, 7))((1, 0, 5), (1, 0, 6), (1, 0, 7), (2, 0, 7), (3, 0, 7))((1, 4, 6), (1, 4, 7), (1, 4, 8), (2, 4, 6), (3, 4, 6))((3, 1, 8), (3, 2, 8), (3, 3, 6), (3, 3, 7), (3, 3, 8))((1, 0, 8), (1, 1, 8), (1, 2, 8), (2, 0, 8), (3, 0, 8))((0, 2, 5), (1, 2, 5), (2, 2, 5), (2, 2, 6), (2, 2, 7))((0, 1, 5), (0, 1, 6), (0, 1, 7), (0, 2, 7), (0, 3, 7))((0, 3, 5), (1, 3, 5), (2, 3, 5), (2, 3, 6), (2, 3, 7))((0, 2, 6), (0, 3, 6), (0, 4, 6), (0, 4, 7), (0, 4, 8))((0, 3, 8), (1, 3, 8), (2, 1, 8), (2, 2, 8), (2, 3, 8))((0, 0, 6), (0, 0, 7), (0, 0, 8), (0, 1, 8), (0, 2, 8))
38
((0, 0, 0), (0, 0, 1), (0, 0, 2), (1, 0, 2), (2, 0, 2))((1, 0, 1), (2, 0, 1), (3, 0, 1), (3, 1, 1), (3, 2, 1))((1, 0, 0), (1, 1, 0), (1, 2, 0), (2, 2, 0), (3, 2, 0))((2, 0, 0), (3, 0, 0), (4, 0, 0), (4, 0, 1), (4, 0, 2))((2, 1, 0), (2, 1, 1), (2, 1, 2), (3, 1, 0), (4, 1, 0))((0, 1, 0), (0, 2, 0), (0, 3, 0), (1, 3, 0), (2, 3, 0))((3, 1, 2), (3, 2, 2), (3, 3, 0), (3, 3, 1), (3, 3, 2))((1, 0, 4), (2, 0, 4), (3, 0, 2), (3, 0, 3), (3, 0, 4))((2, 4, 0), (3, 4, 0), (4, 2, 0), (4, 3, 0), (4, 4, 0))((1, 2, 2), (1, 3, 2), (1, 4, 0), (1, 4, 1), (1, 4, 2))((0, 2, 2), (0, 3, 2), (0, 4, 0), (0, 4, 1), (0, 4, 2))((1, 1, 1), (1, 1, 2), (1, 1, 3), (1, 2, 1), (1, 3, 1))((0, 1, 1), (0, 1, 2), (0, 1, 3), (0, 2, 1), (0, 3, 1))((0, 0, 3), (0, 0, 4), (0, 0, 5), (1, 0, 3), (2, 0, 3))((2, 1, 3), (3, 1, 3), (4, 1, 1), (4, 1, 2), (4, 1, 3))((2, 0, 5), (3, 0, 5), (4, 0, 3), (4, 0, 4), (4, 0, 5))((2, 4, 1), (3, 4, 1), (4, 2, 1), (4, 3, 1), (4, 4, 1))((2, 3, 1), (2, 3, 2), (2, 3, 3), (3, 3, 3), (4, 3, 3))((2, 2, 1), (2, 2, 2), (2, 2, 3), (3, 2, 3), (4, 2, 3))((2, 4, 2), (3, 4, 2), (4, 2, 2), (4, 3, 2), (4, 4, 2))((2, 4, 3), (2, 4, 4), (2, 4, 5), (3, 4, 3), (4, 4, 3))((1, 2, 3), (1, 3, 3), (1, 4, 3), (1, 4, 4), (1, 4, 5))((0, 2, 3), (0, 3, 3), (0, 4, 3), (0, 4, 4), (0, 4, 5))((4, 2, 6), (4, 3, 6), (4, 4, 4), (4, 4, 5), (4, 4, 6))((2, 4, 7), (3, 4, 7), (4, 2, 7), (4, 3, 7), (4, 4, 7))((2, 4, 8), (3, 4, 8), (4, 2, 8), (4, 3, 8), (4, 4, 8))((2, 0, 6), (3, 0, 6), (4, 0, 6), (4, 0, 7), (4, 0, 8))((2, 1, 5), (3, 1, 5), (4, 1, 5), (4, 2, 5), (4, 3, 5))((2, 1, 4), (3, 1, 4), (4, 1, 4), (4, 2, 4), (4, 3, 4))((2, 1, 6), (3, 1, 6), (4, 1, 6), (4, 1, 7), (4, 1, 8))((0, 1, 4), (0, 2, 4), (0, 3, 4), (1, 3, 4), (2, 3, 4))((1, 1, 4), (1, 1, 5), (1, 1, 6), (1, 2, 6), (1, 3, 6))((1, 2, 4), (2, 2, 4), (3, 2, 4), (3, 3, 4), (3, 4, 4))((3, 2, 5), (3, 2, 6), (3, 2, 7), (3, 3, 5), (3, 4, 5))((1, 1, 7), (1, 2, 7), (1, 3, 7), (2, 1, 7), (3, 1, 7))((1, 0, 5), (1, 0, 6), (1, 0, 7), (2, 0, 7), (3, 0, 7))((1, 4, 6), (1, 4, 7), (1, 4, 8), (2, 4, 6), (3, 4, 6))((1, 3, 8), (2, 3, 8), (3, 3, 6), (3, 3, 7), (3, 3, 8))((0, 3, 5), (1, 3, 5), (2, 3, 5), (2, 3, 6), (2, 3, 7))((0, 1, 5), (0, 1, 6), (0, 1, 7), (0, 2, 7), (0, 3, 7))((0, 2, 6), (0, 3, 6), (0, 4, 6), (0, 4, 7), (0, 4, 8))((0, 2, 5), (1, 2, 5), (2, 2, 5), (2, 2, 6), (2, 2, 7))((0, 1, 8), (0, 2, 8), (0, 3, 8), (1, 1, 8), (2, 1, 8))((1, 2, 8), (2, 2, 8), (3, 0, 8), (3, 1, 8), (3, 2, 8))((0, 0, 6), (0, 0, 7), (0, 0, 8), (1, 0, 8), (2, 0, 8))
39
((0, 0, 0), (0, 0, 1), (0, 0, 2), (1, 0, 2), (2, 0, 2))((1, 0, 1), (2, 0, 1), (3, 0, 1), (3, 1, 1), (3, 2, 1))((1, 0, 0), (1, 1, 0), (1, 2, 0), (2, 2, 0), (3, 2, 0))((2, 0, 0), (3, 0, 0), (4, 0, 0), (4, 0, 1), (4, 0, 2))((2, 1, 0), (2, 1, 1), (2, 1, 2), (3, 1, 0), (4, 1, 0))((0, 1, 0), (0, 2, 0), (0, 3, 0), (1, 3, 0), (2, 3, 0))((3, 1, 2), (3, 2, 2), (3, 3, 0), (3, 3, 1), (3, 3, 2))((1, 0, 4), (2, 0, 4), (3, 0, 2), (3, 0, 3), (3, 0, 4))((2, 4, 0), (3, 4, 0), (4, 2, 0), (4, 3, 0), (4, 4, 0))((1, 2, 2), (1, 3, 2), (1, 4, 0), (1, 4, 1), (1, 4, 2))((0, 2, 2), (0, 3, 2), (0, 4, 0), (0, 4, 1), (0, 4, 2))((1, 1, 1), (1, 1, 2), (1, 1, 3), (1, 2, 1), (1, 3, 1))((0, 1, 1), (0, 1, 2), (0, 1, 3), (0, 2, 1), (0, 3, 1))((0, 0, 3), (0, 0, 4), (0, 0, 5), (1, 0, 3), (2, 0, 3))((2, 1, 3), (3, 1, 3), (4, 1, 1), (4, 1, 2), (4, 1, 3))((2, 0, 5), (3, 0, 5), (4, 0, 3), (4, 0, 4), (4, 0, 5))((2, 4, 1), (3, 4, 1), (4, 2, 1), (4, 3, 1), (4, 4, 1))((2, 3, 1), (2, 3, 2), (2, 3, 3), (3, 3, 3), (4, 3, 3))((2, 2, 1), (2, 2, 2), (2, 2, 3), (3, 2, 3), (4, 2, 3))((2, 4, 2), (3, 4, 2), (4, 2, 2), (4, 3, 2), (4, 4, 2))((2, 4, 3), (2, 4, 4), (2, 4, 5), (3, 4, 3), (4, 4, 3))((1, 2, 3), (1, 3, 3), (1, 4, 3), (1, 4, 4), (1, 4, 5))((0, 2, 3), (0, 3, 3), (0, 4, 3), (0, 4, 4), (0, 4, 5))((2, 4, 6), (3, 4, 6), (4, 4, 4), (4, 4, 5), (4, 4, 6))((3, 2, 5), (3, 2, 6), (3, 2, 7), (3, 3, 5), (3, 4, 5))((1, 2, 4), (2, 2, 4), (3, 2, 4), (3, 3, 4), (3, 4, 4))((2, 4, 7), (3, 4, 7), (4, 2, 7), (4, 3, 7), (4, 4, 7))((2, 4, 8), (3, 4, 8), (4, 2, 8), (4, 3, 8), (4, 4, 8))((2, 1, 5), (3, 1, 5), (4, 1, 5), (4, 2, 5), (4, 3, 5))((2, 1, 4), (3, 1, 4), (4, 1, 4), (4, 2, 4), (4, 3, 4))((1, 1, 4), (1, 1, 5), (1, 1, 6), (2, 1, 6), (3, 1, 6))((1, 1, 7), (1, 2, 7), (1, 3, 7), (2, 1, 7), (3, 1, 7))((1, 0, 5), (1, 0, 6), (1, 0, 7), (2, 0, 7), (3, 0, 7))((0, 2, 5), (1, 2, 5), (2, 2, 5), (2, 2, 6), (2, 2, 7))((1, 2, 6), (1, 3, 6), (1, 4, 6), (1, 4, 7), (1, 4, 8))((4, 1, 6), (4, 1, 7), (4, 1, 8), (4, 2, 6), (4, 3, 6))((2, 0, 6), (3, 0, 6), (4, 0, 6), (4, 0, 7), (4, 0, 8))((3, 1, 8), (3, 2, 8), (3, 3, 6), (3, 3, 7), (3, 3, 8))((1, 0, 8), (1, 1, 8), (1, 2, 8), (2, 0, 8), (3, 0, 8))((0, 3, 8), (1, 3, 8), (2, 1, 8), (2, 2, 8), (2, 3, 8))((0, 3, 5), (1, 3, 5), (2, 3, 5), (2, 3, 6), (2, 3, 7))((0, 1, 5), (0, 1, 6), (0, 1, 7), (0, 2, 7), (0, 3, 7))((0, 1, 4), (0, 2, 4), (0, 3, 4), (1, 3, 4), (2, 3, 4))((0, 2, 6), (0, 3, 6), (0, 4, 6), (0, 4, 7), (0, 4, 8))((0, 0, 6), (0, 0, 7), (0, 0, 8), (0, 1, 8), (0, 2, 8))
40
((0, 0, 0), (0, 0, 1), (0, 0, 2), (1, 0, 2), (2, 0, 2))((1, 0, 1), (2, 0, 1), (3, 0, 1), (3, 1, 1), (3, 2, 1))((1, 0, 0), (1, 1, 0), (1, 2, 0), (2, 2, 0), (3, 2, 0))((2, 0, 0), (3, 0, 0), (4, 0, 0), (4, 0, 1), (4, 0, 2))((2, 1, 0), (2, 1, 1), (2, 1, 2), (3, 1, 0), (4, 1, 0))((0, 1, 0), (0, 2, 0), (0, 3, 0), (1, 3, 0), (2, 3, 0))((3, 1, 2), (3, 2, 2), (3, 3, 0), (3, 3, 1), (3, 3, 2))((1, 0, 4), (2, 0, 4), (3, 0, 2), (3, 0, 3), (3, 0, 4))((2, 4, 0), (3, 4, 0), (4, 2, 0), (4, 3, 0), (4, 4, 0))((1, 2, 2), (1, 3, 2), (1, 4, 0), (1, 4, 1), (1, 4, 2))((0, 2, 2), (0, 3, 2), (0, 4, 0), (0, 4, 1), (0, 4, 2))((1, 1, 1), (1, 1, 2), (1, 1, 3), (1, 2, 1), (1, 3, 1))((0, 1, 1), (0, 1, 2), (0, 1, 3), (0, 2, 1), (0, 3, 1))((0, 0, 3), (0, 0, 4), (0, 0, 5), (1, 0, 3), (2, 0, 3))((2, 1, 3), (3, 1, 3), (4, 1, 1), (4, 1, 2), (4, 1, 3))((2, 0, 5), (3, 0, 5), (4, 0, 3), (4, 0, 4), (4, 0, 5))((2, 4, 1), (3, 4, 1), (4, 2, 1), (4, 3, 1), (4, 4, 1))((2, 3, 1), (2, 3, 2), (2, 3, 3), (3, 3, 3), (4, 3, 3))((2, 2, 1), (2, 2, 2), (2, 2, 3), (3, 2, 3), (4, 2, 3))((2, 4, 2), (3, 4, 2), (4, 2, 2), (4, 3, 2), (4, 4, 2))((2, 4, 3), (2, 4, 4), (2, 4, 5), (3, 4, 3), (4, 4, 3))((1, 2, 3), (1, 3, 3), (1, 4, 3), (1, 4, 4), (1, 4, 5))((0, 2, 3), (0, 3, 3), (0, 4, 3), (0, 4, 4), (0, 4, 5))((2, 4, 6), (3, 4, 6), (4, 4, 4), (4, 4, 5), (4, 4, 6))((3, 2, 5), (3, 2, 6), (3, 2, 7), (3, 3, 5), (3, 4, 5))((1, 2, 4), (2, 2, 4), (3, 2, 4), (3, 3, 4), (3, 4, 4))((2, 4, 7), (3, 4, 7), (4, 2, 7), (4, 3, 7), (4, 4, 7))((2, 4, 8), (3, 4, 8), (4, 2, 8), (4, 3, 8), (4, 4, 8))((2, 1, 5), (3, 1, 5), (4, 1, 5), (4, 2, 5), (4, 3, 5))((2, 1, 4), (3, 1, 4), (4, 1, 4), (4, 2, 4), (4, 3, 4))((1, 1, 4), (1, 1, 5), (1, 1, 6), (2, 1, 6), (3, 1, 6))((1, 1, 7), (1, 2, 7), (1, 3, 7), (2, 1, 7), (3, 1, 7))((1, 0, 5), (1, 0, 6), (1, 0, 7), (2, 0, 7), (3, 0, 7))((0, 2, 5), (1, 2, 5), (2, 2, 5), (2, 2, 6), (2, 2, 7))((1, 2, 6), (1, 3, 6), (1, 4, 6), (1, 4, 7), (1, 4, 8))((4, 1, 6), (4, 1, 7), (4, 1, 8), (4, 2, 6), (4, 3, 6))((2, 0, 6), (3, 0, 6), (4, 0, 6), (4, 0, 7), (4, 0, 8))((1, 3, 8), (2, 3, 8), (3, 3, 6), (3, 3, 7), (3, 3, 8))((0, 3, 5), (1, 3, 5), (2, 3, 5), (2, 3, 6), (2, 3, 7))((0, 1, 4), (0, 2, 4), (0, 3, 4), (1, 3, 4), (2, 3, 4))((0, 1, 5), (0, 1, 6), (0, 1, 7), (0, 2, 7), (0, 3, 7))((0, 2, 6), (0, 3, 6), (0, 4, 6), (0, 4, 7), (0, 4, 8))((0, 1, 8), (0, 2, 8), (0, 3, 8), (1, 1, 8), (2, 1, 8))((1, 2, 8), (2, 2, 8), (3, 0, 8), (3, 1, 8), (3, 2, 8))((0, 0, 6), (0, 0, 7), (0, 0, 8), (1, 0, 8), (2, 0, 8))
41
((0, 0, 0), (0, 0, 1), (0, 0, 2), (1, 0, 2), (2, 0, 2))((1, 0, 1), (2, 0, 1), (3, 0, 1), (3, 1, 1), (3, 2, 1))((1, 0, 0), (1, 1, 0), (1, 2, 0), (2, 2, 0), (3, 2, 0))((2, 0, 0), (3, 0, 0), (4, 0, 0), (4, 0, 1), (4, 0, 2))((2, 1, 0), (3, 1, 0), (4, 1, 0), (4, 2, 0), (4, 3, 0))((4, 2, 2), (4, 3, 2), (4, 4, 0), (4, 4, 1), (4, 4, 2))((4, 1, 1), (4, 1, 2), (4, 1, 3), (4, 2, 1), (4, 3, 1))((1, 4, 0), (2, 4, 0), (3, 4, 0), (3, 4, 1), (3, 4, 2))((0, 2, 2), (0, 3, 2), (0, 4, 0), (0, 4, 1), (0, 4, 2))((0, 1, 0), (0, 2, 0), (0, 3, 0), (1, 3, 0), (2, 3, 0))((1, 3, 2), (2, 3, 2), (3, 3, 0), (3, 3, 1), (3, 3, 2))((1, 2, 3), (1, 3, 3), (1, 4, 1), (1, 4, 2), (1, 4, 3))((1, 2, 2), (2, 2, 2), (3, 0, 2), (3, 1, 2), (3, 2, 2))((1, 1, 1), (1, 1, 2), (1, 1, 3), (1, 2, 1), (1, 3, 1))((0, 1, 1), (0, 1, 2), (0, 1, 3), (0, 2, 1), (0, 3, 1))((2, 1, 1), (2, 1, 2), (2, 1, 3), (2, 2, 1), (2, 3, 1))((2, 2, 3), (2, 3, 3), (2, 4, 1), (2, 4, 2), (2, 4, 3))((0, 2, 3), (0, 3, 3), (0, 4, 3), (0, 4, 4), (0, 4, 5))((4, 0, 3), (4, 0, 4), (4, 0, 5), (4, 1, 5), (4, 2, 5))((4, 2, 3), (4, 3, 3), (4, 4, 3), (4, 4, 4), (4, 4, 5))((0, 0, 3), (0, 0, 4), (0, 0, 5), (1, 0, 5), (2, 0, 5))((1, 0, 3), (2, 0, 3), (3, 0, 3), (3, 1, 3), (3, 2, 3))((1, 3, 5), (2, 3, 5), (3, 3, 3), (3, 3, 4), (3, 3, 5))((1, 4, 5), (2, 4, 5), (3, 4, 3), (3, 4, 4), (3, 4, 5))((1, 2, 4), (1, 2, 5), (1, 2, 6), (1, 3, 4), (1, 4, 4))((2, 2, 4), (2, 2, 5), (2, 2, 6), (2, 3, 4), (2, 4, 4))((4, 1, 4), (4, 2, 4), (4, 3, 4), (4, 3, 5), (4, 3, 6))((1, 0, 4), (2, 0, 4), (3, 0, 4), (3, 1, 4), (3, 2, 4))((4, 2, 8), (4, 3, 8), (4, 4, 6), (4, 4, 7), (4, 4, 8))((4, 0, 6), (4, 0, 7), (4, 0, 8), (4, 1, 6), (4, 2, 6))((2, 1, 8), (2, 2, 8), (2, 3, 8), (3, 1, 8), (4, 1, 8))((2, 3, 7), (3, 3, 7), (4, 1, 7), (4, 2, 7), (4, 3, 7))((3, 2, 8), (3, 3, 8), (3, 4, 6), (3, 4, 7), (3, 4, 8))((0, 2, 7), (0, 3, 7), (0, 4, 7), (1, 4, 7), (2, 4, 7))((0, 2, 8), (0, 3, 8), (0, 4, 8), (1, 4, 8), (2, 4, 8))((0, 2, 6), (0, 3, 6), (0, 4, 6), (1, 4, 6), (2, 4, 6))((0, 1, 6), (0, 1, 7), (0, 1, 8), (1, 1, 6), (2, 1, 6))((0, 1, 4), (0, 2, 4), (0, 3, 4), (1, 1, 4), (2, 1, 4))((0, 1, 5), (0, 2, 5), (0, 3, 5), (1, 1, 5), (2, 1, 5))((1, 3, 6), (1, 3, 7), (1, 3, 8), (2, 3, 6), (3, 3, 6))((1, 0, 8), (1, 1, 8), (1, 2, 8), (2, 0, 8), (3, 0, 8))((0, 0, 6), (0, 0, 7), (0, 0, 8), (1, 0, 6), (2, 0, 6))((1, 1, 7), (2, 1, 7), (3, 1, 5), (3, 1, 6), (3, 1, 7))((1, 0, 7), (2, 0, 7), (3, 0, 5), (3, 0, 6), (3, 0, 7))((1, 2, 7), (2, 2, 7), (3, 2, 5), (3, 2, 6), (3, 2, 7))
42
((0, 0, 0), (0, 0, 1), (0, 0, 2), (1, 0, 2), (2, 0, 2))((1, 0, 1), (2, 0, 1), (3, 0, 1), (3, 1, 1), (3, 2, 1))((1, 0, 0), (1, 1, 0), (1, 2, 0), (2, 2, 0), (3, 2, 0))((2, 0, 0), (3, 0, 0), (4, 0, 0), (4, 0, 1), (4, 0, 2))((2, 1, 0), (3, 1, 0), (4, 1, 0), (4, 2, 0), (4, 3, 0))((4, 2, 2), (4, 3, 2), (4, 4, 0), (4, 4, 1), (4, 4, 2))((4, 1, 1), (4, 1, 2), (4, 1, 3), (4, 2, 1), (4, 3, 1))((1, 4, 0), (2, 4, 0), (3, 4, 0), (3, 4, 1), (3, 4, 2))((0, 2, 2), (0, 3, 2), (0, 4, 0), (0, 4, 1), (0, 4, 2))((0, 1, 0), (0, 2, 0), (0, 3, 0), (1, 3, 0), (2, 3, 0))((1, 3, 2), (2, 3, 2), (3, 3, 0), (3, 3, 1), (3, 3, 2))((1, 2, 3), (1, 3, 3), (1, 4, 1), (1, 4, 2), (1, 4, 3))((1, 2, 2), (2, 2, 2), (3, 0, 2), (3, 1, 2), (3, 2, 2))((1, 1, 1), (1, 1, 2), (1, 1, 3), (1, 2, 1), (1, 3, 1))((0, 1, 1), (0, 1, 2), (0, 1, 3), (0, 2, 1), (0, 3, 1))((2, 2, 1), (2, 3, 1), (2, 4, 1), (2, 4, 2), (2, 4, 3))((2, 1, 1), (2, 1, 2), (2, 1, 3), (2, 2, 3), (2, 3, 3))((0, 2, 3), (0, 3, 3), (0, 4, 3), (0, 4, 4), (0, 4, 5))((4, 0, 3), (4, 0, 4), (4, 0, 5), (4, 1, 5), (4, 2, 5))((4, 2, 3), (4, 3, 3), (4, 4, 3), (4, 4, 4), (4, 4, 5))((0, 0, 3), (0, 0, 4), (0, 0, 5), (1, 0, 5), (2, 0, 5))((1, 0, 3), (2, 0, 3), (3, 0, 3), (3, 1, 3), (3, 2, 3))((1, 3, 5), (2, 3, 5), (3, 3, 3), (3, 3, 4), (3, 3, 5))((1, 4, 5), (2, 4, 5), (3, 4, 3), (3, 4, 4), (3, 4, 5))((1, 2, 4), (1, 2, 5), (1, 2, 6), (1, 3, 4), (1, 4, 4))((2, 2, 4), (2, 2, 5), (2, 2, 6), (2, 3, 4), (2, 4, 4))((4, 1, 4), (4, 2, 4), (4, 3, 4), (4, 3, 5), (4, 3, 6))((1, 0, 4), (2, 0, 4), (3, 0, 4), (3, 1, 4), (3, 2, 4))((4, 2, 8), (4, 3, 8), (4, 4, 6), (4, 4, 7), (4, 4, 8))((4, 0, 6), (4, 0, 7), (4, 0, 8), (4, 1, 6), (4, 2, 6))((2, 1, 8), (2, 2, 8), (2, 3, 8), (3, 1, 8), (4, 1, 8))((2, 3, 7), (3, 3, 7), (4, 1, 7), (4, 2, 7), (4, 3, 7))((3, 2, 8), (3, 3, 8), (3, 4, 6), (3, 4, 7), (3, 4, 8))((0, 2, 7), (0, 3, 7), (0, 4, 7), (1, 4, 7), (2, 4, 7))((0, 2, 8), (0, 3, 8), (0, 4, 8), (1, 4, 8), (2, 4, 8))((0, 2, 6), (0, 3, 6), (0, 4, 6), (1, 4, 6), (2, 4, 6))((0, 1, 6), (0, 1, 7), (0, 1, 8), (1, 1, 6), (2, 1, 6))((0, 1, 4), (0, 2, 4), (0, 3, 4), (1, 1, 4), (2, 1, 4))((0, 1, 5), (0, 2, 5), (0, 3, 5), (1, 1, 5), (2, 1, 5))((1, 3, 6), (1, 3, 7), (1, 3, 8), (2, 3, 6), (3, 3, 6))((1, 0, 8), (1, 1, 8), (1, 2, 8), (2, 0, 8), (3, 0, 8))((0, 0, 6), (0, 0, 7), (0, 0, 8), (1, 0, 6), (2, 0, 6))((1, 1, 7), (2, 1, 7), (3, 1, 5), (3, 1, 6), (3, 1, 7))((1, 0, 7), (2, 0, 7), (3, 0, 5), (3, 0, 6), (3, 0, 7))((1, 2, 7), (2, 2, 7), (3, 2, 5), (3, 2, 6), (3, 2, 7))
43
((0, 0, 0), (0, 0, 1), (0, 0, 2), (1, 0, 2), (2, 0, 2))((1, 0, 1), (2, 0, 1), (3, 0, 1), (3, 1, 1), (3, 2, 1))((1, 0, 0), (1, 1, 0), (1, 2, 0), (2, 2, 0), (3, 2, 0))((2, 0, 0), (3, 0, 0), (4, 0, 0), (4, 0, 1), (4, 0, 2))((2, 1, 0), (3, 1, 0), (4, 1, 0), (4, 2, 0), (4, 3, 0))((4, 2, 2), (4, 3, 2), (4, 4, 0), (4, 4, 1), (4, 4, 2))((4, 1, 1), (4, 1, 2), (4, 1, 3), (4, 2, 1), (4, 3, 1))((1, 4, 0), (2, 4, 0), (3, 4, 0), (3, 4, 1), (3, 4, 2))((0, 2, 2), (0, 3, 2), (0, 4, 0), (0, 4, 1), (0, 4, 2))((0, 1, 0), (0, 2, 0), (0, 3, 0), (1, 3, 0), (2, 3, 0))((1, 3, 2), (2, 3, 2), (3, 3, 0), (3, 3, 1), (3, 3, 2))((1, 2, 1), (1, 3, 1), (1, 4, 1), (1, 4, 2), (1, 4, 3))((0, 1, 1), (0, 1, 2), (0, 1, 3), (0, 2, 1), (0, 3, 1))((1, 1, 1), (1, 1, 2), (1, 1, 3), (1, 2, 3), (1, 3, 3))((1, 2, 2), (2, 2, 2), (3, 0, 2), (3, 1, 2), (3, 2, 2))((2, 1, 1), (2, 1, 2), (2, 1, 3), (2, 2, 1), (2, 3, 1))((2, 2, 3), (2, 3, 3), (2, 4, 1), (2, 4, 2), (2, 4, 3))((0, 2, 3), (0, 3, 3), (0, 4, 3), (0, 4, 4), (0, 4, 5))((4, 0, 3), (4, 0, 4), (4, 0, 5), (4, 1, 5), (4, 2, 5))((4, 2, 3), (4, 3, 3), (4, 4, 3), (4, 4, 4), (4, 4, 5))((0, 0, 3), (0, 0, 4), (0, 0, 5), (1, 0, 5), (2, 0, 5))((1, 0, 3), (2, 0, 3), (3, 0, 3), (3, 1, 3), (3, 2, 3))((1, 3, 5), (2, 3, 5), (3, 3, 3), (3, 3, 4), (3, 3, 5))((1, 4, 5), (2, 4, 5), (3, 4, 3), (3, 4, 4), (3, 4, 5))((1, 2, 4), (1, 2, 5), (1, 2, 6), (1, 3, 4), (1, 4, 4))((2, 2, 4), (2, 2, 5), (2, 2, 6), (2, 3, 4), (2, 4, 4))((4, 1, 4), (4, 2, 4), (4, 3, 4), (4, 3, 5), (4, 3, 6))((1, 0, 4), (2, 0, 4), (3, 0, 4), (3, 1, 4), (3, 2, 4))((4, 2, 8), (4, 3, 8), (4, 4, 6), (4, 4, 7), (4, 4, 8))((4, 0, 6), (4, 0, 7), (4, 0, 8), (4, 1, 6), (4, 2, 6))((2, 1, 8), (2, 2, 8), (2, 3, 8), (3, 1, 8), (4, 1, 8))((2, 3, 7), (3, 3, 7), (4, 1, 7), (4, 2, 7), (4, 3, 7))((3, 2, 8), (3, 3, 8), (3, 4, 6), (3, 4, 7), (3, 4, 8))((0, 2, 7), (0, 3, 7), (0, 4, 7), (1, 4, 7), (2, 4, 7))((0, 2, 8), (0, 3, 8), (0, 4, 8), (1, 4, 8), (2, 4, 8))((0, 2, 6), (0, 3, 6), (0, 4, 6), (1, 4, 6), (2, 4, 6))((0, 1, 6), (0, 1, 7), (0, 1, 8), (1, 1, 6), (2, 1, 6))((0, 1, 4), (0, 2, 4), (0, 3, 4), (1, 1, 4), (2, 1, 4))((0, 1, 5), (0, 2, 5), (0, 3, 5), (1, 1, 5), (2, 1, 5))((1, 3, 6), (1, 3, 7), (1, 3, 8), (2, 3, 6), (3, 3, 6))((1, 0, 8), (1, 1, 8), (1, 2, 8), (2, 0, 8), (3, 0, 8))((0, 0, 6), (0, 0, 7), (0, 0, 8), (1, 0, 6), (2, 0, 6))((1, 1, 7), (2, 1, 7), (3, 1, 5), (3, 1, 6), (3, 1, 7))((1, 0, 7), (2, 0, 7), (3, 0, 5), (3, 0, 6), (3, 0, 7))((1, 2, 7), (2, 2, 7), (3, 2, 5), (3, 2, 6), (3, 2, 7))
44
((0, 0, 0), (0, 0, 1), (0, 0, 2), (1, 0, 2), (2, 0, 2))((1, 0, 1), (2, 0, 1), (3, 0, 1), (3, 1, 1), (3, 2, 1))((1, 0, 0), (1, 1, 0), (1, 2, 0), (2, 2, 0), (3, 2, 0))((2, 0, 0), (3, 0, 0), (4, 0, 0), (4, 0, 1), (4, 0, 2))((2, 1, 0), (3, 1, 0), (4, 1, 0), (4, 2, 0), (4, 3, 0))((4, 2, 2), (4, 3, 2), (4, 4, 0), (4, 4, 1), (4, 4, 2))((4, 1, 1), (4, 1, 2), (4, 1, 3), (4, 2, 1), (4, 3, 1))((1, 4, 0), (2, 4, 0), (3, 4, 0), (3, 4, 1), (3, 4, 2))((0, 2, 2), (0, 3, 2), (0, 4, 0), (0, 4, 1), (0, 4, 2))((0, 1, 0), (0, 2, 0), (0, 3, 0), (1, 3, 0), (2, 3, 0))((1, 3, 2), (2, 3, 2), (3, 3, 0), (3, 3, 1), (3, 3, 2))((1, 2, 1), (1, 3, 1), (1, 4, 1), (1, 4, 2), (1, 4, 3))((0, 1, 1), (0, 1, 2), (0, 1, 3), (0, 2, 1), (0, 3, 1))((1, 1, 1), (1, 1, 2), (1, 1, 3), (1, 2, 3), (1, 3, 3))((1, 2, 2), (2, 2, 2), (3, 0, 2), (3, 1, 2), (3, 2, 2))((2, 2, 1), (2, 3, 1), (2, 4, 1), (2, 4, 2), (2, 4, 3))((2, 1, 1), (2, 1, 2), (2, 1, 3), (2, 2, 3), (2, 3, 3))((0, 2, 3), (0, 3, 3), (0, 4, 3), (0, 4, 4), (0, 4, 5))((4, 0, 3), (4, 0, 4), (4, 0, 5), (4, 1, 5), (4, 2, 5))((4, 2, 3), (4, 3, 3), (4, 4, 3), (4, 4, 4), (4, 4, 5))((0, 0, 3), (0, 0, 4), (0, 0, 5), (1, 0, 5), (2, 0, 5))((1, 0, 3), (2, 0, 3), (3, 0, 3), (3, 1, 3), (3, 2, 3))((1, 3, 5), (2, 3, 5), (3, 3, 3), (3, 3, 4), (3, 3, 5))((1, 4, 5), (2, 4, 5), (3, 4, 3), (3, 4, 4), (3, 4, 5))((1, 2, 4), (1, 2, 5), (1, 2, 6), (1, 3, 4), (1, 4, 4))((2, 2, 4), (2, 2, 5), (2, 2, 6), (2, 3, 4), (2, 4, 4))((4, 1, 4), (4, 2, 4), (4, 3, 4), (4, 3, 5), (4, 3, 6))((1, 0, 4), (2, 0, 4), (3, 0, 4), (3, 1, 4), (3, 2, 4))((4, 2, 8), (4, 3, 8), (4, 4, 6), (4, 4, 7), (4, 4, 8))((4, 0, 6), (4, 0, 7), (4, 0, 8), (4, 1, 6), (4, 2, 6))((2, 1, 8), (2, 2, 8), (2, 3, 8), (3, 1, 8), (4, 1, 8))((2, 3, 7), (3, 3, 7), (4, 1, 7), (4, 2, 7), (4, 3, 7))((3, 2, 8), (3, 3, 8), (3, 4, 6), (3, 4, 7), (3, 4, 8))((0, 2, 7), (0, 3, 7), (0, 4, 7), (1, 4, 7), (2, 4, 7))((0, 2, 8), (0, 3, 8), (0, 4, 8), (1, 4, 8), (2, 4, 8))((0, 2, 6), (0, 3, 6), (0, 4, 6), (1, 4, 6), (2, 4, 6))((0, 1, 6), (0, 1, 7), (0, 1, 8), (1, 1, 6), (2, 1, 6))((0, 1, 4), (0, 2, 4), (0, 3, 4), (1, 1, 4), (2, 1, 4))((0, 1, 5), (0, 2, 5), (0, 3, 5), (1, 1, 5), (2, 1, 5))((1, 3, 6), (1, 3, 7), (1, 3, 8), (2, 3, 6), (3, 3, 6))((1, 0, 8), (1, 1, 8), (1, 2, 8), (2, 0, 8), (3, 0, 8))((0, 0, 6), (0, 0, 7), (0, 0, 8), (1, 0, 6), (2, 0, 6))((1, 1, 7), (2, 1, 7), (3, 1, 5), (3, 1, 6), (3, 1, 7))((1, 0, 7), (2, 0, 7), (3, 0, 5), (3, 0, 6), (3, 0, 7))((1, 2, 7), (2, 2, 7), (3, 2, 5), (3, 2, 6), (3, 2, 7))
45
((0, 0, 0), (0, 0, 1), (0, 0, 2), (1, 0, 2), (2, 0, 2))((1, 0, 1), (2, 0, 1), (3, 0, 1), (3, 1, 1), (3, 2, 1))((1, 0, 0), (1, 1, 0), (1, 2, 0), (2, 2, 0), (3, 2, 0))((2, 0, 0), (3, 0, 0), (4, 0, 0), (4, 0, 1), (4, 0, 2))((2, 1, 0), (3, 1, 0), (4, 1, 0), (4, 1, 1), (4, 1, 2))((2, 4, 0), (3, 4, 0), (4, 2, 0), (4, 3, 0), (4, 4, 0))((1, 2, 2), (1, 3, 2), (1, 4, 0), (1, 4, 1), (1, 4, 2))((1, 3, 0), (2, 3, 0), (3, 3, 0), (3, 3, 1), (3, 3, 2))((0, 2, 2), (0, 3, 2), (0, 4, 0), (0, 4, 1), (0, 4, 2))((0, 1, 0), (0, 1, 1), (0, 1, 2), (0, 2, 0), (0, 3, 0))((0, 2, 1), (1, 2, 1), (2, 2, 1), (2, 2, 2), (2, 2, 3))((0, 3, 1), (1, 3, 1), (2, 3, 1), (2, 3, 2), (2, 3, 3))((1, 1, 1), (1, 1, 2), (1, 1, 3), (1, 2, 3), (1, 3, 3))((2, 1, 1), (2, 1, 2), (2, 1, 3), (3, 1, 3), (4, 1, 3))((3, 0, 2), (3, 0, 3), (3, 0, 4), (3, 1, 2), (3, 2, 2))((4, 0, 3), (4, 0, 4), (4, 0, 5), (4, 1, 5), (4, 2, 5))((2, 4, 1), (3, 4, 1), (4, 2, 1), (4, 3, 1), (4, 4, 1))((0, 0, 3), (0, 1, 3), (0, 2, 3), (1, 0, 3), (2, 0, 3))((0, 1, 5), (0, 2, 5), (0, 3, 3), (0, 3, 4), (0, 3, 5))((0, 4, 3), (0, 4, 4), (0, 4, 5), (1, 4, 3), (2, 4, 3))((2, 4, 2), (3, 4, 2), (4, 2, 2), (4, 3, 2), (4, 4, 2))((4, 2, 3), (4, 3, 3), (4, 4, 3), (4, 4, 4), (4, 4, 5))((3, 2, 3), (3, 3, 3), (3, 4, 3), (3, 4, 4), (3, 4, 5))((4, 1, 4), (4, 2, 4), (4, 3, 4), (4, 3, 5), (4, 3, 6))((0, 0, 4), (0, 1, 4), (0, 2, 4), (1, 0, 4), (2, 0, 4))((1, 2, 4), (1, 3, 4), (1, 4, 4), (1, 4, 5), (1, 4, 6))((2, 2, 4), (2, 3, 4), (2, 4, 4), (2, 4, 5), (2, 4, 6))((4, 2, 8), (4, 3, 8), (4, 4, 6), (4, 4, 7), (4, 4, 8))((2, 3, 7), (3, 3, 7), (4, 1, 7), (4, 2, 7), (4, 3, 7))((0, 2, 7), (0, 3, 7), (0, 4, 7), (1, 4, 7), (2, 4, 7))((0, 2, 6), (0, 3, 6), (0, 4, 6), (1, 2, 6), (2, 2, 6))((4, 0, 6), (4, 0, 7), (4, 0, 8), (4, 1, 6), (4, 2, 6))((2, 1, 8), (2, 2, 8), (2, 3, 8), (3, 1, 8), (4, 1, 8))((0, 2, 8), (0, 3, 8), (0, 4, 8), (1, 4, 8), (2, 4, 8))((0, 1, 6), (0, 1, 7), (0, 1, 8), (1, 1, 6), (2, 1, 6))((3, 2, 8), (3, 3, 8), (3, 4, 6), (3, 4, 7), (3, 4, 8))((1, 3, 6), (1, 3, 7), (1, 3, 8), (2, 3, 6), (3, 3, 6))((1, 1, 4), (2, 1, 4), (3, 1, 4), (3, 2, 4), (3, 3, 4))((1, 0, 8), (1, 1, 8), (1, 2, 8), (2, 0, 8), (3, 0, 8))((0, 0, 6), (0, 0, 7), (0, 0, 8), (1, 0, 6), (2, 0, 6))((1, 1, 7), (2, 1, 7), (3, 1, 5), (3, 1, 6), (3, 1, 7))((1, 0, 7), (2, 0, 7), (3, 0, 5), (3, 0, 6), (3, 0, 7))((0, 0, 5), (1, 0, 5), (2, 0, 5), (2, 1, 5), (2, 2, 5))((1, 2, 7), (2, 2, 7), (3, 2, 5), (3, 2, 6), (3, 2, 7))((1, 1, 5), (1, 2, 5), (1, 3, 5), (2, 3, 5), (3, 3, 5))
46
((0, 0, 0), (0, 0, 1), (0, 0, 2), (1, 0, 2), (2, 0, 2))((1, 0, 1), (2, 0, 1), (3, 0, 1), (3, 1, 1), (3, 2, 1))((1, 0, 0), (1, 1, 0), (1, 2, 0), (2, 2, 0), (3, 2, 0))((2, 0, 0), (3, 0, 0), (4, 0, 0), (4, 0, 1), (4, 0, 2))((2, 1, 0), (3, 1, 0), (4, 1, 0), (4, 1, 1), (4, 1, 2))((2, 4, 0), (3, 4, 0), (4, 2, 0), (4, 3, 0), (4, 4, 0))((1, 2, 2), (1, 3, 2), (1, 4, 0), (1, 4, 1), (1, 4, 2))((1, 3, 0), (2, 3, 0), (3, 3, 0), (3, 3, 1), (3, 3, 2))((0, 2, 0), (0, 3, 0), (0, 4, 0), (0, 4, 1), (0, 4, 2))((0, 1, 0), (0, 1, 1), (0, 1, 2), (0, 2, 2), (0, 3, 2))((0, 2, 1), (1, 2, 1), (2, 2, 1), (2, 2, 2), (2, 2, 3))((0, 3, 1), (1, 3, 1), (2, 3, 1), (2, 3, 2), (2, 3, 3))((1, 1, 1), (1, 1, 2), (1, 1, 3), (1, 2, 3), (1, 3, 3))((2, 1, 1), (2, 1, 2), (2, 1, 3), (3, 1, 3), (4, 1, 3))((3, 0, 2), (3, 0, 3), (3, 0, 4), (3, 1, 2), (3, 2, 2))((4, 0, 3), (4, 0, 4), (4, 0, 5), (4, 1, 5), (4, 2, 5))((2, 4, 1), (3, 4, 1), (4, 2, 1), (4, 3, 1), (4, 4, 1))((0, 0, 3), (0, 1, 3), (0, 2, 3), (1, 0, 3), (2, 0, 3))((0, 1, 5), (0, 2, 5), (0, 3, 3), (0, 3, 4), (0, 3, 5))((0, 4, 3), (0, 4, 4), (0, 4, 5), (1, 4, 3), (2, 4, 3))((2, 4, 2), (3, 4, 2), (4, 2, 2), (4, 3, 2), (4, 4, 2))((4, 2, 3), (4, 3, 3), (4, 4, 3), (4, 4, 4), (4, 4, 5))((3, 2, 3), (3, 3, 3), (3, 4, 3), (3, 4, 4), (3, 4, 5))((4, 1, 4), (4, 2, 4), (4, 3, 4), (4, 3, 5), (4, 3, 6))((0, 0, 4), (0, 1, 4), (0, 2, 4), (1, 0, 4), (2, 0, 4))((1, 2, 4), (1, 3, 4), (1, 4, 4), (1, 4, 5), (1, 4, 6))((2, 2, 4), (2, 3, 4), (2, 4, 4), (2, 4, 5), (2, 4, 6))((4, 2, 8), (4, 3, 8), (4, 4, 6), (4, 4, 7), (4, 4, 8))((2, 3, 7), (3, 3, 7), (4, 1, 7), (4, 2, 7), (4, 3, 7))((0, 2, 7), (0, 3, 7), (0, 4, 7), (1, 4, 7), (2, 4, 7))((0, 2, 6), (0, 3, 6), (0, 4, 6), (1, 2, 6), (2, 2, 6))((4, 0, 6), (4, 0, 7), (4, 0, 8), (4, 1, 6), (4, 2, 6))((2, 1, 8), (2, 2, 8), (2, 3, 8), (3, 1, 8), (4, 1, 8))((0, 2, 8), (0, 3, 8), (0, 4, 8), (1, 4, 8), (2, 4, 8))((0, 1, 6), (0, 1, 7), (0, 1, 8), (1, 1, 6), (2, 1, 6))((3, 2, 8), (3, 3, 8), (3, 4, 6), (3, 4, 7), (3, 4, 8))((1, 3, 6), (1, 3, 7), (1, 3, 8), (2, 3, 6), (3, 3, 6))((1, 1, 4), (2, 1, 4), (3, 1, 4), (3, 2, 4), (3, 3, 4))((1, 0, 8), (1, 1, 8), (1, 2, 8), (2, 0, 8), (3, 0, 8))((0, 0, 6), (0, 0, 7), (0, 0, 8), (1, 0, 6), (2, 0, 6))((1, 1, 7), (2, 1, 7), (3, 1, 5), (3, 1, 6), (3, 1, 7))((1, 0, 7), (2, 0, 7), (3, 0, 5), (3, 0, 6), (3, 0, 7))((0, 0, 5), (1, 0, 5), (2, 0, 5), (2, 1, 5), (2, 2, 5))((1, 2, 7), (2, 2, 7), (3, 2, 5), (3, 2, 6), (3, 2, 7))((1, 1, 5), (1, 2, 5), (1, 3, 5), (2, 3, 5), (3, 3, 5))
47
((0, 0, 0), (0, 0, 1), (0, 0, 2), (1, 0, 2), (2, 0, 2))((1, 0, 1), (2, 0, 1), (3, 0, 1), (3, 1, 1), (3, 2, 1))((1, 0, 0), (1, 1, 0), (1, 2, 0), (2, 2, 0), (3, 2, 0))((2, 0, 0), (3, 0, 0), (4, 0, 0), (4, 0, 1), (4, 0, 2))((2, 1, 0), (3, 1, 0), (4, 1, 0), (4, 1, 1), (4, 1, 2))((2, 4, 0), (3, 4, 0), (4, 2, 0), (4, 3, 0), (4, 4, 0))((1, 2, 2), (1, 3, 2), (1, 4, 0), (1, 4, 1), (1, 4, 2))((3, 1, 2), (3, 2, 2), (3, 3, 0), (3, 3, 1), (3, 3, 2))((1, 0, 4), (2, 0, 4), (3, 0, 2), (3, 0, 3), (3, 0, 4))((0, 1, 0), (0, 2, 0), (0, 3, 0), (1, 3, 0), (2, 3, 0))((0, 2, 2), (0, 3, 2), (0, 4, 0), (0, 4, 1), (0, 4, 2))((1, 1, 1), (1, 1, 2), (1, 1, 3), (1, 2, 1), (1, 3, 1))((0, 1, 1), (0, 1, 2), (0, 1, 3), (0, 2, 1), (0, 3, 1))((0, 0, 3), (0, 0, 4), (0, 0, 5), (1, 0, 3), (2, 0, 3))((2, 1, 1), (2, 1, 2), (2, 1, 3), (2, 2, 1), (2, 3, 1))((2, 4, 1), (3, 4, 1), (4, 2, 1), (4, 3, 1), (4, 4, 1))((2, 0, 5), (3, 0, 5), (4, 0, 3), (4, 0, 4), (4, 0, 5))((2, 3, 4), (3, 3, 4), (4, 3, 2), (4, 3, 3), (4, 3, 4))((2, 2, 4), (3, 2, 4), (4, 2, 2), (4, 2, 3), (4, 2, 4))((2, 2, 2), (2, 3, 2), (2, 4, 2), (3, 4, 2), (4, 4, 2))((2, 1, 5), (3, 1, 5), (4, 1, 3), (4, 1, 4), (4, 1, 5))((1, 3, 3), (2, 3, 3), (3, 1, 3), (3, 2, 3), (3, 3, 3))((0, 2, 3), (0, 3, 3), (0, 4, 3), (1, 2, 3), (2, 2, 3))((1, 1, 4), (1, 2, 4), (1, 3, 4), (2, 1, 4), (3, 1, 4))((4, 2, 5), (4, 3, 5), (4, 4, 3), (4, 4, 4), (4, 4, 5))((0, 1, 4), (0, 1, 5), (0, 1, 6), (1, 1, 6), (2, 1, 6))((1, 4, 3), (2, 4, 3), (3, 4, 3), (3, 4, 4), (3, 4, 5))((0, 0, 6), (0, 0, 7), (0, 0, 8), (0, 1, 8), (0, 2, 8))((0, 1, 7), (0, 2, 7), (0, 3, 7), (1, 1, 7), (2, 1, 7))((0, 3, 8), (1, 3, 8), (2, 1, 8), (2, 2, 8), (2, 3, 8))((1, 0, 6), (1, 0, 7), (1, 0, 8), (1, 1, 8), (1, 2, 8))((1, 0, 5), (1, 1, 5), (1, 2, 5), (1, 2, 6), (1, 2, 7))((3, 2, 5), (3, 2, 6), (3, 2, 7), (3, 3, 7), (3, 4, 7))((1, 3, 5), (1, 3, 6), (1, 3, 7), (2, 3, 5), (3, 3, 5))((2, 2, 5), (2, 2, 6), (2, 2, 7), (2, 3, 7), (2, 4, 7))((3, 1, 6), (3, 1, 7), (3, 1, 8), (3, 2, 8), (3, 3, 8))((2, 0, 7), (3, 0, 7), (4, 0, 7), (4, 1, 7), (4, 2, 7))((2, 0, 8), (3, 0, 8), (4, 0, 8), (4, 1, 8), (4, 2, 8))((2, 0, 6), (3, 0, 6), (4, 0, 6), (4, 1, 6), (4, 2, 6))((2, 3, 6), (3, 3, 6), (4, 3, 6), (4, 3, 7), (4, 3, 8))((0, 2, 5), (0, 3, 5), (0, 4, 5), (1, 4, 5), (2, 4, 5))((0, 2, 4), (0, 3, 4), (0, 4, 4), (1, 4, 4), (2, 4, 4))((0, 2, 6), (0, 3, 6), (0, 4, 6), (0, 4, 7), (0, 4, 8))((2, 4, 8), (3, 4, 8), (4, 4, 6), (4, 4, 7), (4, 4, 8))((1, 4, 6), (1, 4, 7), (1, 4, 8), (2, 4, 6), (3, 4, 6))
48
((0, 0, 0), (0, 0, 1), (0, 0, 2), (1, 0, 2), (2, 0, 2))((1, 0, 1), (2, 0, 1), (3, 0, 1), (3, 1, 1), (3, 2, 1))((1, 0, 0), (1, 1, 0), (1, 2, 0), (2, 2, 0), (3, 2, 0))((2, 0, 0), (3, 0, 0), (4, 0, 0), (4, 0, 1), (4, 0, 2))((2, 1, 0), (3, 1, 0), (4, 1, 0), (4, 1, 1), (4, 1, 2))((2, 4, 0), (3, 4, 0), (4, 2, 0), (4, 3, 0), (4, 4, 0))((1, 2, 2), (1, 3, 2), (1, 4, 0), (1, 4, 1), (1, 4, 2))((3, 1, 2), (3, 2, 2), (3, 3, 0), (3, 3, 1), (3, 3, 2))((1, 0, 4), (2, 0, 4), (3, 0, 2), (3, 0, 3), (3, 0, 4))((0, 1, 0), (0, 2, 0), (0, 3, 0), (1, 3, 0), (2, 3, 0))((0, 2, 2), (0, 3, 2), (0, 4, 0), (0, 4, 1), (0, 4, 2))((1, 1, 1), (1, 1, 2), (1, 1, 3), (1, 2, 1), (1, 3, 1))((0, 1, 1), (0, 1, 2), (0, 1, 3), (0, 2, 1), (0, 3, 1))((0, 0, 3), (0, 0, 4), (0, 0, 5), (1, 0, 3), (2, 0, 3))((2, 1, 1), (2, 1, 2), (2, 1, 3), (2, 2, 1), (2, 3, 1))((2, 4, 1), (3, 4, 1), (4, 2, 1), (4, 3, 1), (4, 4, 1))((2, 0, 5), (3, 0, 5), (4, 0, 3), (4, 0, 4), (4, 0, 5))((2, 3, 4), (3, 3, 4), (4, 3, 2), (4, 3, 3), (4, 3, 4))((2, 2, 4), (3, 2, 4), (4, 2, 2), (4, 2, 3), (4, 2, 4))((2, 2, 2), (2, 3, 2), (2, 4, 2), (3, 4, 2), (4, 4, 2))((2, 1, 5), (3, 1, 5), (4, 1, 3), (4, 1, 4), (4, 1, 5))((1, 3, 3), (2, 3, 3), (3, 1, 3), (3, 2, 3), (3, 3, 3))((0, 2, 3), (0, 3, 3), (0, 4, 3), (1, 2, 3), (2, 2, 3))((1, 1, 4), (1, 2, 4), (1, 3, 4), (2, 1, 4), (3, 1, 4))((4, 2, 5), (4, 3, 5), (4, 4, 3), (4, 4, 4), (4, 4, 5))((0, 1, 4), (0, 1, 5), (0, 1, 6), (1, 1, 6), (2, 1, 6))((1, 4, 3), (2, 4, 3), (3, 4, 3), (3, 4, 4), (3, 4, 5))((0, 0, 6), (0, 0, 7), (0, 0, 8), (0, 1, 8), (0, 2, 8))((0, 1, 7), (0, 2, 7), (0, 3, 7), (1, 1, 7), (2, 1, 7))((0, 3, 8), (1, 3, 8), (2, 1, 8), (2, 2, 8), (2, 3, 8))((1, 0, 6), (1, 0, 7), (1, 0, 8), (1, 1, 8), (1, 2, 8))((1, 0, 5), (1, 1, 5), (1, 2, 5), (1, 2, 6), (1, 2, 7))((3, 2, 5), (3, 2, 6), (3, 2, 7), (3, 3, 7), (3, 4, 7))((1, 3, 5), (1, 3, 6), (1, 3, 7), (2, 3, 5), (3, 3, 5))((2, 2, 5), (2, 2, 6), (2, 2, 7), (2, 3, 7), (2, 4, 7))((3, 1, 6), (3, 1, 7), (3, 1, 8), (3, 2, 8), (3, 3, 8))((2, 0, 7), (3, 0, 7), (4, 0, 7), (4, 1, 7), (4, 2, 7))((2, 0, 8), (3, 0, 8), (4, 0, 8), (4, 1, 8), (4, 2, 8))((2, 0, 6), (3, 0, 6), (4, 0, 6), (4, 1, 6), (4, 2, 6))((2, 3, 6), (3, 3, 6), (4, 3, 6), (4, 3, 7), (4, 3, 8))((0, 2, 5), (0, 3, 5), (0, 4, 5), (1, 4, 5), (2, 4, 5))((0, 2, 4), (0, 3, 4), (0, 4, 4), (1, 4, 4), (2, 4, 4))((0, 2, 6), (0, 3, 6), (0, 4, 6), (0, 4, 7), (0, 4, 8))((2, 4, 6), (3, 4, 6), (4, 4, 6), (4, 4, 7), (4, 4, 8))((1, 4, 6), (1, 4, 7), (1, 4, 8), (2, 4, 8), (3, 4, 8))
49
((0, 0, 0), (0, 0, 1), (0, 0, 2), (1, 0, 2), (2, 0, 2))((1, 0, 1), (2, 0, 1), (3, 0, 1), (3, 1, 1), (3, 2, 1))((1, 0, 0), (1, 1, 0), (1, 2, 0), (2, 2, 0), (3, 2, 0))((2, 0, 0), (3, 0, 0), (4, 0, 0), (4, 0, 1), (4, 0, 2))((2, 1, 0), (3, 1, 0), (4, 1, 0), (4, 1, 1), (4, 1, 2))((2, 4, 0), (3, 4, 0), (4, 2, 0), (4, 3, 0), (4, 4, 0))((1, 2, 2), (1, 3, 2), (1, 4, 0), (1, 4, 1), (1, 4, 2))((3, 1, 2), (3, 2, 2), (3, 3, 0), (3, 3, 1), (3, 3, 2))((1, 0, 4), (2, 0, 4), (3, 0, 2), (3, 0, 3), (3, 0, 4))((0, 1, 0), (0, 2, 0), (0, 3, 0), (1, 3, 0), (2, 3, 0))((0, 2, 2), (0, 3, 2), (0, 4, 0), (0, 4, 1), (0, 4, 2))((1, 1, 1), (1, 1, 2), (1, 1, 3), (1, 2, 1), (1, 3, 1))((0, 1, 1), (0, 1, 2), (0, 1, 3), (0, 2, 1), (0, 3, 1))((0, 0, 3), (0, 0, 4), (0, 0, 5), (1, 0, 3), (2, 0, 3))((2, 1, 1), (2, 1, 2), (2, 1, 3), (2, 2, 1), (2, 3, 1))((2, 4, 1), (3, 4, 1), (4, 2, 1), (4, 3, 1), (4, 4, 1))((2, 0, 5), (3, 0, 5), (4, 0, 3), (4, 0, 4), (4, 0, 5))((2, 3, 4), (3, 3, 4), (4, 3, 2), (4, 3, 3), (4, 3, 4))((2, 2, 4), (3, 2, 4), (4, 2, 2), (4, 2, 3), (4, 2, 4))((2, 2, 2), (2, 3, 2), (2, 4, 2), (3, 4, 2), (4, 4, 2))((2, 1, 5), (3, 1, 5), (4, 1, 3), (4, 1, 4), (4, 1, 5))((1, 3, 3), (2, 3, 3), (3, 1, 3), (3, 2, 3), (3, 3, 3))((0, 2, 3), (0, 3, 3), (0, 4, 3), (1, 2, 3), (2, 2, 3))((1, 1, 4), (1, 2, 4), (1, 3, 4), (2, 1, 4), (3, 1, 4))((4, 2, 5), (4, 3, 5), (4, 4, 3), (4, 4, 4), (4, 4, 5))((0, 1, 4), (0, 1, 5), (0, 1, 6), (1, 1, 6), (2, 1, 6))((1, 4, 3), (2, 4, 3), (3, 4, 3), (3, 4, 4), (3, 4, 5))((0, 0, 6), (0, 0, 7), (0, 0, 8), (0, 1, 8), (0, 2, 8))((0, 1, 7), (0, 2, 7), (0, 3, 7), (1, 1, 7), (2, 1, 7))((0, 3, 8), (1, 3, 8), (2, 1, 8), (2, 2, 8), (2, 3, 8))((1, 0, 8), (1, 1, 8), (1, 2, 6), (1, 2, 7), (1, 2, 8))((1, 0, 5), (1, 0, 6), (1, 0, 7), (1, 1, 5), (1, 2, 5))((3, 2, 5), (3, 2, 6), (3, 2, 7), (3, 3, 7), (3, 4, 7))((1, 3, 5), (1, 3, 6), (1, 3, 7), (2, 3, 5), (3, 3, 5))((2, 2, 5), (2, 2, 6), (2, 2, 7), (2, 3, 7), (2, 4, 7))((3, 1, 6), (3, 1, 7), (3, 1, 8), (3, 2, 8), (3, 3, 8))((2, 0, 7), (3, 0, 7), (4, 0, 7), (4, 1, 7), (4, 2, 7))((2, 0, 8), (3, 0, 8), (4, 0, 8), (4, 1, 8), (4, 2, 8))((2, 0, 6), (3, 0, 6), (4, 0, 6), (4, 1, 6), (4, 2, 6))((2, 3, 6), (3, 3, 6), (4, 3, 6), (4, 3, 7), (4, 3, 8))((0, 2, 5), (0, 3, 5), (0, 4, 5), (1, 4, 5), (2, 4, 5))((0, 2, 4), (0, 3, 4), (0, 4, 4), (1, 4, 4), (2, 4, 4))((0, 2, 6), (0, 3, 6), (0, 4, 6), (0, 4, 7), (0, 4, 8))((2, 4, 8), (3, 4, 8), (4, 4, 6), (4, 4, 7), (4, 4, 8))((1, 4, 6), (1, 4, 7), (1, 4, 8), (2, 4, 6), (3, 4, 6))
50
((0, 0, 0), (0, 0, 1), (0, 0, 2), (1, 0, 2), (2, 0, 2))((1, 0, 1), (2, 0, 1), (3, 0, 1), (3, 1, 1), (3, 2, 1))((1, 0, 0), (1, 1, 0), (1, 2, 0), (2, 2, 0), (3, 2, 0))((2, 0, 0), (3, 0, 0), (4, 0, 0), (4, 0, 1), (4, 0, 2))((2, 1, 0), (3, 1, 0), (4, 1, 0), (4, 1, 1), (4, 1, 2))((2, 4, 0), (3, 4, 0), (4, 2, 0), (4, 3, 0), (4, 4, 0))((1, 2, 2), (1, 3, 2), (1, 4, 0), (1, 4, 1), (1, 4, 2))((3, 1, 2), (3, 2, 2), (3, 3, 0), (3, 3, 1), (3, 3, 2))((1, 0, 4), (2, 0, 4), (3, 0, 2), (3, 0, 3), (3, 0, 4))((0, 1, 0), (0, 2, 0), (0, 3, 0), (1, 3, 0), (2, 3, 0))((0, 2, 2), (0, 3, 2), (0, 4, 0), (0, 4, 1), (0, 4, 2))((1, 1, 1), (1, 1, 2), (1, 1, 3), (1, 2, 1), (1, 3, 1))((0, 1, 1), (0, 1, 2), (0, 1, 3), (0, 2, 1), (0, 3, 1))((0, 0, 3), (0, 0, 4), (0, 0, 5), (1, 0, 3), (2, 0, 3))((2, 1, 1), (2, 1, 2), (2, 1, 3), (2, 2, 1), (2, 3, 1))((2, 4, 1), (3, 4, 1), (4, 2, 1), (4, 3, 1), (4, 4, 1))((2, 0, 5), (3, 0, 5), (4, 0, 3), (4, 0, 4), (4, 0, 5))((2, 3, 4), (3, 3, 4), (4, 3, 2), (4, 3, 3), (4, 3, 4))((2, 2, 4), (3, 2, 4), (4, 2, 2), (4, 2, 3), (4, 2, 4))((2, 2, 2), (2, 3, 2), (2, 4, 2), (3, 4, 2), (4, 4, 2))((2, 1, 5), (3, 1, 5), (4, 1, 3), (4, 1, 4), (4, 1, 5))((1, 3, 3), (2, 3, 3), (3, 1, 3), (3, 2, 3), (3, 3, 3))((0, 2, 3), (0, 3, 3), (0, 4, 3), (1, 2, 3), (2, 2, 3))((1, 1, 4), (1, 2, 4), (1, 3, 4), (2, 1, 4), (3, 1, 4))((4, 2, 5), (4, 3, 5), (4, 4, 3), (4, 4, 4), (4, 4, 5))((0, 1, 4), (0, 1, 5), (0, 1, 6), (1, 1, 6), (2, 1, 6))((1, 4, 3), (2, 4, 3), (3, 4, 3), (3, 4, 4), (3, 4, 5))((0, 0, 6), (0, 0, 7), (0, 0, 8), (0, 1, 8), (0, 2, 8))((0, 1, 7), (0, 2, 7), (0, 3, 7), (1, 1, 7), (2, 1, 7))((0, 3, 8), (1, 3, 8), (2, 1, 8), (2, 2, 8), (2, 3, 8))((1, 0, 8), (1, 1, 8), (1, 2, 6), (1, 2, 7), (1, 2, 8))((1, 0, 5), (1, 0, 6), (1, 0, 7), (1, 1, 5), (1, 2, 5))((3, 2, 5), (3, 2, 6), (3, 2, 7), (3, 3, 7), (3, 4, 7))((1, 3, 5), (1, 3, 6), (1, 3, 7), (2, 3, 5), (3, 3, 5))((2, 2, 5), (2, 2, 6), (2, 2, 7), (2, 3, 7), (2, 4, 7))((3, 1, 6), (3, 1, 7), (3, 1, 8), (3, 2, 8), (3, 3, 8))((2, 0, 7), (3, 0, 7), (4, 0, 7), (4, 1, 7), (4, 2, 7))((2, 0, 8), (3, 0, 8), (4, 0, 8), (4, 1, 8), (4, 2, 8))((2, 0, 6), (3, 0, 6), (4, 0, 6), (4, 1, 6), (4, 2, 6))((2, 3, 6), (3, 3, 6), (4, 3, 6), (4, 3, 7), (4, 3, 8))((0, 2, 5), (0, 3, 5), (0, 4, 5), (1, 4, 5), (2, 4, 5))((0, 2, 4), (0, 3, 4), (0, 4, 4), (1, 4, 4), (2, 4, 4))((0, 2, 6), (0, 3, 6), (0, 4, 6), (0, 4, 7), (0, 4, 8))((2, 4, 6), (3, 4, 6), (4, 4, 6), (4, 4, 7), (4, 4, 8))((1, 4, 6), (1, 4, 7), (1, 4, 8), (2, 4, 8), (3, 4, 8))
51
((0, 0, 0), (0, 0, 1), (0, 0, 2), (1, 0, 2), (2, 0, 2))((1, 0, 1), (2, 0, 1), (3, 0, 1), (3, 1, 1), (3, 2, 1))((1, 0, 0), (1, 1, 0), (1, 2, 0), (2, 2, 0), (3, 2, 0))((2, 0, 0), (3, 0, 0), (4, 0, 0), (4, 0, 1), (4, 0, 2))((2, 1, 0), (3, 1, 0), (4, 1, 0), (4, 1, 1), (4, 1, 2))((2, 4, 0), (3, 4, 0), (4, 2, 0), (4, 3, 0), (4, 4, 0))((1, 2, 2), (1, 3, 2), (1, 4, 0), (1, 4, 1), (1, 4, 2))((3, 1, 2), (3, 2, 2), (3, 3, 0), (3, 3, 1), (3, 3, 2))((1, 0, 4), (2, 0, 4), (3, 0, 2), (3, 0, 3), (3, 0, 4))((0, 1, 0), (0, 2, 0), (0, 3, 0), (1, 3, 0), (2, 3, 0))((0, 2, 2), (0, 3, 2), (0, 4, 0), (0, 4, 1), (0, 4, 2))((1, 1, 1), (1, 1, 2), (1, 1, 3), (1, 2, 1), (1, 3, 1))((0, 1, 1), (0, 1, 2), (0, 1, 3), (0, 2, 1), (0, 3, 1))((0, 0, 3), (0, 0, 4), (0, 0, 5), (1, 0, 3), (2, 0, 3))((2, 1, 1), (2, 1, 2), (2, 1, 3), (2, 2, 1), (2, 3, 1))((2, 4, 1), (3, 4, 1), (4, 2, 1), (4, 3, 1), (4, 4, 1))((2, 0, 5), (3, 0, 5), (4, 0, 3), (4, 0, 4), (4, 0, 5))((2, 4, 2), (3, 4, 2), (4, 2, 2), (4, 3, 2), (4, 4, 2))((2, 3, 2), (2, 3, 3), (2, 3, 4), (3, 3, 4), (4, 3, 4))((2, 2, 2), (2, 2, 3), (2, 2, 4), (3, 2, 4), (4, 2, 4))((3, 1, 3), (3, 1, 4), (3, 1, 5), (3, 2, 3), (3, 3, 3))((4, 1, 3), (4, 1, 4), (4, 1, 5), (4, 2, 3), (4, 3, 3))((2, 4, 5), (3, 4, 5), (4, 4, 3), (4, 4, 4), (4, 4, 5))((1, 2, 4), (1, 3, 4), (1, 4, 4), (2, 4, 4), (3, 4, 4))((1, 2, 3), (1, 3, 3), (1, 4, 3), (2, 4, 3), (3, 4, 3))((0, 2, 3), (0, 3, 3), (0, 4, 3), (0, 4, 4), (0, 4, 5))((2, 3, 7), (3, 3, 7), (4, 3, 5), (4, 3, 6), (4, 3, 7))((1, 3, 5), (1, 3, 6), (1, 3, 7), (2, 3, 5), (3, 3, 5))((1, 4, 5), (1, 4, 6), (1, 4, 7), (2, 4, 7), (3, 4, 7))((2, 4, 6), (3, 4, 6), (4, 4, 6), (4, 4, 7), (4, 4, 8))((3, 1, 6), (3, 1, 7), (3, 1, 8), (3, 2, 6), (3, 3, 6))((0, 1, 6), (1, 1, 6), (2, 1, 6), (2, 2, 6), (2, 3, 6))((0, 1, 4), (0, 2, 4), (0, 3, 4), (1, 1, 4), (2, 1, 4))((0, 1, 5), (0, 2, 5), (0, 3, 5), (1, 1, 5), (2, 1, 5))((1, 2, 5), (1, 2, 6), (1, 2, 7), (2, 2, 5), (3, 2, 5))((0, 1, 7), (0, 2, 7), (0, 3, 7), (1, 1, 7), (2, 1, 7))((0, 2, 6), (0, 3, 6), (0, 4, 6), (0, 4, 7), (0, 4, 8))((1, 0, 5), (1, 0, 6), (1, 0, 7), (2, 0, 7), (3, 0, 7))((2, 2, 7), (3, 2, 7), (4, 2, 5), (4, 2, 6), (4, 2, 7))((4, 1, 6), (4, 1, 7), (4, 1, 8), (4, 2, 8), (4, 3, 8))((2, 0, 6), (3, 0, 6), (4, 0, 6), (4, 0, 7), (4, 0, 8))((1, 0, 8), (1, 1, 8), (1, 2, 8), (2, 0, 8), (3, 0, 8))((1, 4, 8), (2, 4, 8), (3, 2, 8), (3, 3, 8), (3, 4, 8))((0, 3, 8), (1, 3, 8), (2, 1, 8), (2, 2, 8), (2, 3, 8))((0, 0, 6), (0, 0, 7), (0, 0, 8), (0, 1, 8), (0, 2, 8))
52
((0, 0, 0), (0, 0, 1), (0, 0, 2), (1, 0, 2), (2, 0, 2))((1, 0, 1), (2, 0, 1), (3, 0, 1), (3, 1, 1), (3, 2, 1))((1, 0, 0), (1, 1, 0), (1, 2, 0), (2, 2, 0), (3, 2, 0))((2, 0, 0), (3, 0, 0), (4, 0, 0), (4, 0, 1), (4, 0, 2))((2, 1, 0), (3, 1, 0), (4, 1, 0), (4, 1, 1), (4, 1, 2))((2, 4, 0), (3, 4, 0), (4, 2, 0), (4, 3, 0), (4, 4, 0))((1, 2, 2), (1, 3, 2), (1, 4, 0), (1, 4, 1), (1, 4, 2))((3, 1, 2), (3, 2, 2), (3, 3, 0), (3, 3, 1), (3, 3, 2))((1, 0, 4), (2, 0, 4), (3, 0, 2), (3, 0, 3), (3, 0, 4))((0, 1, 0), (0, 2, 0), (0, 3, 0), (1, 3, 0), (2, 3, 0))((0, 2, 2), (0, 3, 2), (0, 4, 0), (0, 4, 1), (0, 4, 2))((1, 1, 1), (1, 1, 2), (1, 1, 3), (1, 2, 1), (1, 3, 1))((0, 1, 1), (0, 1, 2), (0, 1, 3), (0, 2, 1), (0, 3, 1))((0, 0, 3), (0, 0, 4), (0, 0, 5), (1, 0, 3), (2, 0, 3))((2, 1, 1), (2, 1, 2), (2, 1, 3), (2, 2, 1), (2, 3, 1))((2, 4, 1), (3, 4, 1), (4, 2, 1), (4, 3, 1), (4, 4, 1))((2, 0, 5), (3, 0, 5), (4, 0, 3), (4, 0, 4), (4, 0, 5))((2, 4, 2), (3, 4, 2), (4, 2, 2), (4, 3, 2), (4, 4, 2))((2, 3, 2), (2, 3, 3), (2, 3, 4), (3, 3, 4), (4, 3, 4))((2, 2, 2), (2, 2, 3), (2, 2, 4), (3, 2, 4), (4, 2, 4))((3, 1, 3), (3, 1, 4), (3, 1, 5), (3, 2, 3), (3, 3, 3))((4, 1, 3), (4, 1, 4), (4, 1, 5), (4, 2, 3), (4, 3, 3))((2, 4, 5), (3, 4, 5), (4, 4, 3), (4, 4, 4), (4, 4, 5))((1, 2, 4), (1, 3, 4), (1, 4, 4), (2, 4, 4), (3, 4, 4))((1, 2, 3), (1, 3, 3), (1, 4, 3), (2, 4, 3), (3, 4, 3))((0, 2, 3), (0, 3, 3), (0, 4, 3), (0, 4, 4), (0, 4, 5))((2, 3, 7), (3, 3, 7), (4, 3, 5), (4, 3, 6), (4, 3, 7))((1, 3, 5), (1, 3, 6), (1, 3, 7), (2, 3, 5), (3, 3, 5))((1, 4, 5), (1, 4, 6), (1, 4, 7), (2, 4, 7), (3, 4, 7))((2, 4, 6), (3, 4, 6), (4, 4, 6), (4, 4, 7), (4, 4, 8))((3, 1, 6), (3, 1, 7), (3, 1, 8), (3, 2, 6), (3, 3, 6))((0, 1, 6), (1, 1, 6), (2, 1, 6), (2, 2, 6), (2, 3, 6))((0, 1, 4), (0, 2, 4), (0, 3, 4), (1, 1, 4), (2, 1, 4))((0, 1, 5), (0, 2, 5), (0, 3, 5), (1, 1, 5), (2, 1, 5))((2, 2, 5), (3, 2, 5), (4, 2, 5), (4, 2, 6), (4, 2, 7))((4, 1, 6), (4, 1, 7), (4, 1, 8), (4, 2, 8), (4, 3, 8))((1, 2, 5), (1, 2, 6), (1, 2, 7), (2, 2, 7), (3, 2, 7))((0, 1, 7), (0, 2, 7), (0, 3, 7), (1, 1, 7), (2, 1, 7))((0, 2, 6), (0, 3, 6), (0, 4, 6), (0, 4, 7), (0, 4, 8))((1, 0, 5), (1, 0, 6), (1, 0, 7), (2, 0, 7), (3, 0, 7))((2, 0, 6), (3, 0, 6), (4, 0, 6), (4, 0, 7), (4, 0, 8))((1, 0, 8), (1, 1, 8), (1, 2, 8), (2, 0, 8), (3, 0, 8))((1, 4, 8), (2, 4, 8), (3, 2, 8), (3, 3, 8), (3, 4, 8))((0, 3, 8), (1, 3, 8), (2, 1, 8), (2, 2, 8), (2, 3, 8))((0, 0, 6), (0, 0, 7), (0, 0, 8), (0, 1, 8), (0, 2, 8))
53
((0, 0, 0), (0, 0, 1), (0, 0, 2), (1, 0, 2), (2, 0, 2))((1, 0, 1), (2, 0, 1), (3, 0, 1), (3, 1, 1), (3, 2, 1))((1, 0, 0), (1, 1, 0), (1, 2, 0), (2, 2, 0), (3, 2, 0))((2, 0, 0), (3, 0, 0), (4, 0, 0), (4, 0, 1), (4, 0, 2))((2, 1, 0), (3, 1, 0), (4, 1, 0), (4, 1, 1), (4, 1, 2))((2, 4, 0), (3, 4, 0), (4, 2, 0), (4, 3, 0), (4, 4, 0))((1, 2, 2), (1, 3, 2), (1, 4, 0), (1, 4, 1), (1, 4, 2))((3, 1, 2), (3, 2, 2), (3, 3, 0), (3, 3, 1), (3, 3, 2))((1, 0, 4), (2, 0, 4), (3, 0, 2), (3, 0, 3), (3, 0, 4))((0, 1, 0), (0, 2, 0), (0, 3, 0), (1, 3, 0), (2, 3, 0))((0, 2, 2), (0, 3, 2), (0, 4, 0), (0, 4, 1), (0, 4, 2))((1, 1, 1), (1, 1, 2), (1, 1, 3), (1, 2, 1), (1, 3, 1))((0, 1, 1), (0, 1, 2), (0, 1, 3), (0, 2, 1), (0, 3, 1))((0, 0, 3), (0, 0, 4), (0, 0, 5), (1, 0, 3), (2, 0, 3))((2, 1, 1), (2, 1, 2), (2, 1, 3), (2, 2, 1), (2, 3, 1))((2, 4, 1), (3, 4, 1), (4, 2, 1), (4, 3, 1), (4, 4, 1))((2, 0, 5), (3, 0, 5), (4, 0, 3), (4, 0, 4), (4, 0, 5))((2, 4, 2), (3, 4, 2), (4, 2, 2), (4, 3, 2), (4, 4, 2))((2, 3, 2), (2, 3, 3), (2, 3, 4), (3, 3, 4), (4, 3, 4))((2, 2, 2), (2, 2, 3), (2, 2, 4), (3, 2, 4), (4, 2, 4))((3, 1, 3), (3, 1, 4), (3, 1, 5), (3, 2, 3), (3, 3, 3))((4, 1, 3), (4, 1, 4), (4, 1, 5), (4, 2, 3), (4, 3, 3))((2, 4, 5), (3, 4, 5), (4, 4, 3), (4, 4, 4), (4, 4, 5))((1, 2, 4), (1, 3, 4), (1, 4, 4), (2, 4, 4), (3, 4, 4))((1, 2, 3), (1, 3, 3), (1, 4, 3), (2, 4, 3), (3, 4, 3))((0, 2, 3), (0, 3, 3), (0, 4, 3), (0, 4, 4), (0, 4, 5))((2, 3, 5), (3, 3, 5), (4, 3, 5), (4, 3, 6), (4, 3, 7))((2, 4, 6), (3, 4, 6), (4, 4, 6), (4, 4, 7), (4, 4, 8))((2, 2, 7), (3, 2, 7), (4, 2, 5), (4, 2, 6), (4, 2, 7))((1, 4, 5), (1, 4, 6), (1, 4, 7), (2, 4, 7), (3, 4, 7))((1, 2, 5), (1, 2, 6), (1, 2, 7), (2, 2, 5), (3, 2, 5))((1, 0, 5), (1, 0, 6), (1, 0, 7), (2, 0, 7), (3, 0, 7))((1, 3, 5), (1, 3, 6), (1, 3, 7), (2, 3, 7), (3, 3, 7))((3, 1, 6), (3, 1, 7), (3, 1, 8), (3, 2, 6), (3, 3, 6))((4, 1, 6), (4, 1, 7), (4, 1, 8), (4, 2, 8), (4, 3, 8))((2, 0, 6), (3, 0, 6), (4, 0, 6), (4, 0, 7), (4, 0, 8))((1, 0, 8), (1, 1, 8), (1, 2, 8), (2, 0, 8), (3, 0, 8))((1, 4, 8), (2, 4, 8), (3, 2, 8), (3, 3, 8), (3, 4, 8))((0, 3, 8), (1, 3, 8), (2, 1, 8), (2, 2, 8), (2, 3, 8))((0, 2, 6), (0, 3, 6), (0, 4, 6), (0, 4, 7), (0, 4, 8))((0, 0, 6), (0, 0, 7), (0, 0, 8), (0, 1, 8), (0, 2, 8))((0, 1, 4), (0, 2, 4), (0, 3, 4), (1, 1, 4), (2, 1, 4))((0, 1, 6), (1, 1, 6), (2, 1, 6), (2, 2, 6), (2, 3, 6))((0, 1, 5), (0, 2, 5), (0, 3, 5), (1, 1, 5), (2, 1, 5))((0, 1, 7), (0, 2, 7), (0, 3, 7), (1, 1, 7), (2, 1, 7))
54
((0, 0, 0), (0, 0, 1), (0, 0, 2), (1, 0, 2), (2, 0, 2))((1, 0, 1), (2, 0, 1), (3, 0, 1), (3, 1, 1), (3, 2, 1))((1, 0, 0), (1, 1, 0), (1, 2, 0), (2, 2, 0), (3, 2, 0))((2, 0, 0), (3, 0, 0), (4, 0, 0), (4, 0, 1), (4, 0, 2))((2, 1, 0), (3, 1, 0), (4, 1, 0), (4, 1, 1), (4, 1, 2))((2, 4, 0), (3, 4, 0), (4, 2, 0), (4, 3, 0), (4, 4, 0))((1, 2, 2), (1, 3, 2), (1, 4, 0), (1, 4, 1), (1, 4, 2))((3, 1, 2), (3, 2, 2), (3, 3, 0), (3, 3, 1), (3, 3, 2))((1, 0, 4), (2, 0, 4), (3, 0, 2), (3, 0, 3), (3, 0, 4))((0, 1, 0), (0, 2, 0), (0, 3, 0), (1, 3, 0), (2, 3, 0))((0, 2, 2), (0, 3, 2), (0, 4, 0), (0, 4, 1), (0, 4, 2))((1, 1, 1), (1, 1, 2), (1, 1, 3), (1, 2, 1), (1, 3, 1))((0, 1, 1), (0, 1, 2), (0, 1, 3), (0, 2, 1), (0, 3, 1))((0, 0, 3), (0, 0, 4), (0, 0, 5), (1, 0, 3), (2, 0, 3))((2, 1, 1), (2, 1, 2), (2, 1, 3), (2, 2, 1), (2, 3, 1))((2, 4, 1), (3, 4, 1), (4, 2, 1), (4, 3, 1), (4, 4, 1))((2, 0, 5), (3, 0, 5), (4, 0, 3), (4, 0, 4), (4, 0, 5))((2, 4, 2), (3, 4, 2), (4, 2, 2), (4, 3, 2), (4, 4, 2))((2, 3, 2), (2, 3, 3), (2, 3, 4), (3, 3, 4), (4, 3, 4))((2, 2, 2), (2, 2, 3), (2, 2, 4), (3, 2, 4), (4, 2, 4))((3, 1, 3), (3, 1, 4), (3, 1, 5), (3, 2, 3), (3, 3, 3))((4, 1, 3), (4, 1, 4), (4, 1, 5), (4, 2, 3), (4, 3, 3))((2, 4, 5), (3, 4, 5), (4, 4, 3), (4, 4, 4), (4, 4, 5))((1, 2, 4), (1, 3, 4), (1, 4, 4), (2, 4, 4), (3, 4, 4))((1, 2, 3), (1, 3, 3), (1, 4, 3), (2, 4, 3), (3, 4, 3))((0, 2, 3), (0, 3, 3), (0, 4, 3), (0, 4, 4), (0, 4, 5))((2, 3, 5), (3, 3, 5), (4, 3, 5), (4, 3, 6), (4, 3, 7))((2, 4, 6), (3, 4, 6), (4, 4, 6), (4, 4, 7), (4, 4, 8))((2, 2, 5), (3, 2, 5), (4, 2, 5), (4, 2, 6), (4, 2, 7))((2, 0, 6), (3, 0, 6), (4, 0, 6), (4, 0, 7), (4, 0, 8))((1, 4, 5), (1, 4, 6), (1, 4, 7), (2, 4, 7), (3, 4, 7))((1, 0, 5), (1, 0, 6), (1, 0, 7), (2, 0, 7), (3, 0, 7))((1, 2, 5), (1, 2, 6), (1, 2, 7), (2, 2, 7), (3, 2, 7))((1, 3, 5), (1, 3, 6), (1, 3, 7), (2, 3, 7), (3, 3, 7))((3, 1, 6), (3, 1, 7), (3, 1, 8), (3, 2, 6), (3, 3, 6))((4, 1, 6), (4, 1, 7), (4, 1, 8), (4, 2, 8), (4, 3, 8))((1, 0, 8), (1, 1, 8), (1, 2, 8), (2, 0, 8), (3, 0, 8))((1, 4, 8), (2, 4, 8), (3, 2, 8), (3, 3, 8), (3, 4, 8))((0, 3, 8), (1, 3, 8), (2, 1, 8), (2, 2, 8), (2, 3, 8))((0, 2, 6), (0, 3, 6), (0, 4, 6), (0, 4, 7), (0, 4, 8))((0, 0, 6), (0, 0, 7), (0, 0, 8), (0, 1, 8), (0, 2, 8))((0, 1, 4), (0, 2, 4), (0, 3, 4), (1, 1, 4), (2, 1, 4))((0, 1, 6), (1, 1, 6), (2, 1, 6), (2, 2, 6), (2, 3, 6))((0, 1, 5), (0, 2, 5), (0, 3, 5), (1, 1, 5), (2, 1, 5))((0, 1, 7), (0, 2, 7), (0, 3, 7), (1, 1, 7), (2, 1, 7))
55
((0, 0, 0), (0, 0, 1), (0, 0, 2), (1, 0, 2), (2, 0, 2))((1, 0, 1), (2, 0, 1), (3, 0, 1), (3, 1, 1), (3, 2, 1))((1, 0, 0), (1, 1, 0), (1, 2, 0), (2, 2, 0), (3, 2, 0))((2, 0, 0), (3, 0, 0), (4, 0, 0), (4, 0, 1), (4, 0, 2))((2, 1, 0), (3, 1, 0), (4, 1, 0), (4, 1, 1), (4, 1, 2))((2, 4, 0), (3, 4, 0), (4, 2, 0), (4, 3, 0), (4, 4, 0))((1, 2, 2), (1, 3, 2), (1, 4, 0), (1, 4, 1), (1, 4, 2))((3, 1, 2), (3, 2, 2), (3, 3, 0), (3, 3, 1), (3, 3, 2))((1, 0, 4), (2, 0, 4), (3, 0, 2), (3, 0, 3), (3, 0, 4))((0, 1, 0), (0, 2, 0), (0, 3, 0), (1, 3, 0), (2, 3, 0))((0, 2, 2), (0, 3, 2), (0, 4, 0), (0, 4, 1), (0, 4, 2))((1, 1, 1), (1, 1, 2), (1, 1, 3), (1, 2, 1), (1, 3, 1))((0, 1, 1), (0, 1, 2), (0, 1, 3), (0, 2, 1), (0, 3, 1))((0, 0, 3), (0, 0, 4), (0, 0, 5), (1, 0, 3), (2, 0, 3))((2, 1, 1), (2, 1, 2), (2, 1, 3), (3, 1, 3), (4, 1, 3))((2, 0, 5), (3, 0, 5), (4, 0, 3), (4, 0, 4), (4, 0, 5))((2, 3, 3), (3, 3, 3), (4, 3, 1), (4, 3, 2), (4, 3, 3))((2, 2, 3), (3, 2, 3), (4, 2, 1), (4, 2, 2), (4, 2, 3))((2, 2, 1), (2, 3, 1), (2, 4, 1), (3, 4, 1), (4, 4, 1))((2, 2, 2), (2, 3, 2), (2, 4, 2), (3, 4, 2), (4, 4, 2))((4, 2, 5), (4, 3, 5), (4, 4, 3), (4, 4, 4), (4, 4, 5))((0, 3, 3), (0, 3, 4), (0, 3, 5), (1, 3, 5), (2, 3, 5))((0, 2, 3), (0, 2, 4), (0, 2, 5), (1, 2, 5), (2, 2, 5))((1, 2, 3), (1, 3, 3), (1, 4, 3), (2, 4, 3), (3, 4, 3))((0, 4, 3), (0, 4, 4), (0, 4, 5), (1, 4, 5), (2, 4, 5))((1, 0, 5), (1, 0, 6), (1, 0, 7), (2, 0, 7), (3, 0, 7))((4, 1, 4), (4, 1, 5), (4, 1, 6), (4, 2, 4), (4, 3, 4))((1, 2, 4), (1, 3, 4), (1, 4, 4), (2, 4, 4), (3, 4, 4))((0, 1, 4), (1, 1, 4), (2, 1, 4), (2, 2, 4), (2, 3, 4))((3, 1, 4), (3, 1, 5), (3, 1, 6), (3, 2, 4), (3, 3, 4))((2, 0, 6), (3, 0, 6), (4, 0, 6), (4, 0, 7), (4, 0, 8))((3, 2, 5), (3, 3, 5), (3, 4, 5), (3, 4, 6), (3, 4, 7))((2, 4, 8), (3, 4, 8), (4, 4, 6), (4, 4, 7), (4, 4, 8))((2, 2, 7), (2, 3, 7), (2, 4, 7), (3, 2, 7), (4, 2, 7))((2, 1, 5), (2, 1, 6), (2, 1, 7), (3, 1, 7), (4, 1, 7))((1, 1, 5), (1, 1, 6), (1, 1, 7), (1, 2, 7), (1, 3, 7))((0, 1, 5), (0, 1, 6), (0, 1, 7), (0, 2, 7), (0, 3, 7))((2, 2, 6), (2, 3, 6), (2, 4, 6), (3, 2, 6), (4, 2, 6))((0, 2, 6), (0, 3, 6), (0, 4, 6), (0, 4, 7), (0, 4, 8))((1, 2, 6), (1, 3, 6), (1, 4, 6), (1, 4, 7), (1, 4, 8))((3, 1, 8), (3, 2, 8), (3, 3, 6), (3, 3, 7), (3, 3, 8))((4, 1, 8), (4, 2, 8), (4, 3, 6), (4, 3, 7), (4, 3, 8))((1, 0, 8), (1, 1, 8), (1, 2, 8), (2, 0, 8), (3, 0, 8))((0, 3, 8), (1, 3, 8), (2, 1, 8), (2, 2, 8), (2, 3, 8))((0, 0, 6), (0, 0, 7), (0, 0, 8), (0, 1, 8), (0, 2, 8))
56
((0, 0, 0), (0, 0, 1), (0, 0, 2), (1, 0, 2), (2, 0, 2))((1, 0, 1), (2, 0, 1), (3, 0, 1), (3, 1, 1), (3, 2, 1))((1, 0, 0), (1, 1, 0), (1, 2, 0), (2, 2, 0), (3, 2, 0))((2, 0, 0), (3, 0, 0), (4, 0, 0), (4, 0, 1), (4, 0, 2))((2, 1, 0), (3, 1, 0), (4, 1, 0), (4, 1, 1), (4, 1, 2))((2, 4, 0), (3, 4, 0), (4, 2, 0), (4, 3, 0), (4, 4, 0))((1, 2, 2), (1, 3, 2), (1, 4, 0), (1, 4, 1), (1, 4, 2))((3, 1, 2), (3, 2, 2), (3, 3, 0), (3, 3, 1), (3, 3, 2))((1, 0, 4), (2, 0, 4), (3, 0, 2), (3, 0, 3), (3, 0, 4))((0, 1, 0), (0, 2, 0), (0, 3, 0), (1, 3, 0), (2, 3, 0))((0, 2, 2), (0, 3, 2), (0, 4, 0), (0, 4, 1), (0, 4, 2))((1, 1, 1), (1, 1, 2), (1, 1, 3), (1, 2, 1), (1, 3, 1))((0, 1, 1), (0, 1, 2), (0, 1, 3), (0, 2, 1), (0, 3, 1))((0, 0, 3), (0, 0, 4), (0, 0, 5), (1, 0, 3), (2, 0, 3))((2, 1, 1), (2, 1, 2), (2, 1, 3), (3, 1, 3), (4, 1, 3))((2, 0, 5), (3, 0, 5), (4, 0, 3), (4, 0, 4), (4, 0, 5))((2, 3, 3), (3, 3, 3), (4, 3, 1), (4, 3, 2), (4, 3, 3))((2, 2, 3), (3, 2, 3), (4, 2, 1), (4, 2, 2), (4, 2, 3))((2, 2, 1), (2, 3, 1), (2, 4, 1), (3, 4, 1), (4, 4, 1))((2, 2, 2), (2, 3, 2), (2, 4, 2), (3, 4, 2), (4, 4, 2))((4, 2, 5), (4, 3, 5), (4, 4, 3), (4, 4, 4), (4, 4, 5))((0, 3, 3), (0, 3, 4), (0, 3, 5), (1, 3, 5), (2, 3, 5))((0, 2, 3), (0, 2, 4), (0, 2, 5), (1, 2, 5), (2, 2, 5))((1, 2, 3), (1, 3, 3), (1, 4, 3), (2, 4, 3), (3, 4, 3))((0, 4, 3), (0, 4, 4), (0, 4, 5), (1, 4, 5), (2, 4, 5))((1, 0, 5), (1, 0, 6), (1, 0, 7), (2, 0, 7), (3, 0, 7))((4, 1, 4), (4, 1, 5), (4, 1, 6), (4, 2, 4), (4, 3, 4))((1, 2, 4), (1, 3, 4), (1, 4, 4), (2, 4, 4), (3, 4, 4))((0, 1, 4), (1, 1, 4), (2, 1, 4), (2, 2, 4), (2, 3, 4))((3, 1, 4), (3, 1, 5), (3, 1, 6), (3, 2, 4), (3, 3, 4))((2, 0, 6), (3, 0, 6), (4, 0, 6), (4, 0, 7), (4, 0, 8))((3, 2, 5), (3, 3, 5), (3, 4, 5), (3, 4, 6), (3, 4, 7))((2, 4, 8), (3, 4, 8), (4, 4, 6), (4, 4, 7), (4, 4, 8))((2, 2, 7), (2, 3, 7), (2, 4, 7), (3, 2, 7), (4, 2, 7))((2, 1, 5), (2, 1, 6), (2, 1, 7), (3, 1, 7), (4, 1, 7))((1, 1, 5), (1, 1, 6), (1, 1, 7), (1, 2, 7), (1, 3, 7))((0, 1, 5), (0, 1, 6), (0, 1, 7), (0, 2, 7), (0, 3, 7))((2, 2, 6), (2, 3, 6), (2, 4, 6), (3, 2, 6), (4, 2, 6))((0, 2, 6), (0, 3, 6), (0, 4, 6), (0, 4, 7), (0, 4, 8))((1, 2, 6), (1, 3, 6), (1, 4, 6), (1, 4, 7), (1, 4, 8))((1, 3, 8), (2, 3, 8), (3, 3, 6), (3, 3, 7), (3, 3, 8))((4, 1, 8), (4, 2, 8), (4, 3, 6), (4, 3, 7), (4, 3, 8))((0, 1, 8), (0, 2, 8), (0, 3, 8), (1, 1, 8), (2, 1, 8))((1, 2, 8), (2, 2, 8), (3, 0, 8), (3, 1, 8), (3, 2, 8))((0, 0, 6), (0, 0, 7), (0, 0, 8), (1, 0, 8), (2, 0, 8))
57
((0, 0, 0), (0, 0, 1), (0, 0, 2), (1, 0, 2), (2, 0, 2))((1, 0, 1), (2, 0, 1), (3, 0, 1), (3, 1, 1), (3, 2, 1))((1, 0, 0), (1, 1, 0), (1, 2, 0), (2, 2, 0), (3, 2, 0))((2, 0, 0), (3, 0, 0), (4, 0, 0), (4, 0, 1), (4, 0, 2))((2, 1, 0), (3, 1, 0), (4, 1, 0), (4, 1, 1), (4, 1, 2))((2, 4, 0), (3, 4, 0), (4, 2, 0), (4, 3, 0), (4, 4, 0))((1, 2, 2), (1, 3, 2), (1, 4, 0), (1, 4, 1), (1, 4, 2))((3, 1, 2), (3, 2, 2), (3, 3, 0), (3, 3, 1), (3, 3, 2))((1, 0, 4), (2, 0, 4), (3, 0, 2), (3, 0, 3), (3, 0, 4))((0, 1, 0), (0, 2, 0), (0, 3, 0), (1, 3, 0), (2, 3, 0))((0, 2, 2), (0, 3, 2), (0, 4, 0), (0, 4, 1), (0, 4, 2))((1, 1, 1), (1, 1, 2), (1, 1, 3), (1, 2, 1), (1, 3, 1))((0, 1, 1), (0, 1, 2), (0, 1, 3), (0, 2, 1), (0, 3, 1))((0, 0, 3), (0, 0, 4), (0, 0, 5), (1, 0, 3), (2, 0, 3))((2, 1, 1), (2, 1, 2), (2, 1, 3), (3, 1, 3), (4, 1, 3))((2, 0, 5), (3, 0, 5), (4, 0, 3), (4, 0, 4), (4, 0, 5))((2, 3, 3), (3, 3, 3), (4, 3, 1), (4, 3, 2), (4, 3, 3))((2, 2, 3), (3, 2, 3), (4, 2, 1), (4, 2, 2), (4, 2, 3))((2, 2, 1), (2, 3, 1), (2, 4, 1), (3, 4, 1), (4, 4, 1))((2, 2, 2), (2, 3, 2), (2, 4, 2), (3, 4, 2), (4, 4, 2))((2, 4, 3), (3, 4, 3), (4, 4, 3), (4, 4, 4), (4, 4, 5))((0, 2, 3), (0, 3, 3), (0, 4, 3), (0, 4, 4), (0, 4, 5))((1, 2, 3), (1, 3, 3), (1, 4, 3), (1, 4, 4), (1, 4, 5))((1, 0, 5), (1, 0, 6), (1, 0, 7), (2, 0, 7), (3, 0, 7))((0, 0, 6), (0, 0, 7), (0, 0, 8), (1, 0, 8), (2, 0, 8))((1, 2, 8), (2, 2, 8), (3, 0, 8), (3, 1, 8), (3, 2, 8))((2, 0, 6), (3, 0, 6), (4, 0, 6), (4, 0, 7), (4, 0, 8))((0, 1, 8), (0, 2, 8), (0, 3, 8), (1, 1, 8), (2, 1, 8))((1, 3, 8), (2, 3, 8), (3, 3, 6), (3, 3, 7), (3, 3, 8))((0, 2, 6), (0, 3, 6), (0, 4, 6), (0, 4, 7), (0, 4, 8))((1, 2, 6), (1, 3, 6), (1, 4, 6), (1, 4, 7), (1, 4, 8))((1, 2, 4), (2, 2, 4), (3, 2, 4), (3, 3, 4), (3, 4, 4))((0, 1, 4), (0, 2, 4), (0, 3, 4), (1, 3, 4), (2, 3, 4))((2, 4, 4), (2, 4, 5), (2, 4, 6), (3, 4, 6), (4, 4, 6))((2, 4, 8), (3, 4, 8), (4, 2, 8), (4, 3, 8), (4, 4, 8))((3, 2, 5), (3, 2, 6), (3, 2, 7), (3, 3, 5), (3, 4, 5))((2, 4, 7), (3, 4, 7), (4, 2, 7), (4, 3, 7), (4, 4, 7))((2, 1, 5), (3, 1, 5), (4, 1, 5), (4, 2, 5), (4, 3, 5))((2, 1, 4), (3, 1, 4), (4, 1, 4), (4, 2, 4), (4, 3, 4))((1, 1, 4), (1, 1, 5), (1, 1, 6), (2, 1, 6), (3, 1, 6))((4, 1, 6), (4, 1, 7), (4, 1, 8), (4, 2, 6), (4, 3, 6))((0, 2, 5), (1, 2, 5), (2, 2, 5), (2, 2, 6), (2, 2, 7))((0, 3, 5), (1, 3, 5), (2, 3, 5), (2, 3, 6), (2, 3, 7))((1, 1, 7), (1, 2, 7), (1, 3, 7), (2, 1, 7), (3, 1, 7))((0, 1, 5), (0, 1, 6), (0, 1, 7), (0, 2, 7), (0, 3, 7))
58
((0, 0, 0), (0, 0, 1), (0, 0, 2), (1, 0, 2), (2, 0, 2))((1, 0, 1), (2, 0, 1), (3, 0, 1), (3, 1, 1), (3, 2, 1))((1, 0, 0), (1, 1, 0), (1, 2, 0), (2, 2, 0), (3, 2, 0))((2, 0, 0), (3, 0, 0), (4, 0, 0), (4, 0, 1), (4, 0, 2))((2, 1, 0), (3, 1, 0), (4, 1, 0), (4, 1, 1), (4, 1, 2))((2, 4, 0), (3, 4, 0), (4, 2, 0), (4, 3, 0), (4, 4, 0))((1, 2, 2), (1, 3, 2), (1, 4, 0), (1, 4, 1), (1, 4, 2))((3, 1, 2), (3, 2, 2), (3, 3, 0), (3, 3, 1), (3, 3, 2))((1, 0, 4), (2, 0, 4), (3, 0, 2), (3, 0, 3), (3, 0, 4))((0, 1, 0), (0, 2, 0), (0, 3, 0), (1, 3, 0), (2, 3, 0))((0, 2, 2), (0, 3, 2), (0, 4, 0), (0, 4, 1), (0, 4, 2))((1, 1, 1), (1, 1, 2), (1, 1, 3), (1, 2, 1), (1, 3, 1))((0, 1, 1), (0, 1, 2), (0, 1, 3), (0, 2, 1), (0, 3, 1))((0, 0, 3), (0, 0, 4), (0, 0, 5), (1, 0, 3), (2, 0, 3))((2, 1, 1), (2, 1, 2), (2, 1, 3), (3, 1, 3), (4, 1, 3))((2, 0, 5), (3, 0, 5), (4, 0, 3), (4, 0, 4), (4, 0, 5))((2, 3, 3), (3, 3, 3), (4, 3, 1), (4, 3, 2), (4, 3, 3))((2, 2, 3), (3, 2, 3), (4, 2, 1), (4, 2, 2), (4, 2, 3))((2, 2, 1), (2, 3, 1), (2, 4, 1), (3, 4, 1), (4, 4, 1))((2, 2, 2), (2, 3, 2), (2, 4, 2), (3, 4, 2), (4, 4, 2))((2, 4, 3), (3, 4, 3), (4, 4, 3), (4, 4, 4), (4, 4, 5))((0, 2, 3), (0, 3, 3), (0, 4, 3), (0, 4, 4), (0, 4, 5))((1, 2, 3), (1, 3, 3), (1, 4, 3), (1, 4, 4), (1, 4, 5))((1, 0, 5), (1, 0, 6), (1, 0, 7), (2, 0, 7), (3, 0, 7))((0, 0, 6), (0, 0, 7), (0, 0, 8), (0, 1, 8), (0, 2, 8))((1, 0, 8), (1, 1, 8), (1, 2, 8), (2, 0, 8), (3, 0, 8))((2, 0, 6), (3, 0, 6), (4, 0, 6), (4, 0, 7), (4, 0, 8))((0, 2, 6), (0, 3, 6), (0, 4, 6), (0, 4, 7), (0, 4, 8))((0, 3, 8), (1, 3, 8), (2, 1, 8), (2, 2, 8), (2, 3, 8))((3, 1, 8), (3, 2, 8), (3, 3, 6), (3, 3, 7), (3, 3, 8))((1, 2, 6), (1, 3, 6), (1, 4, 6), (1, 4, 7), (1, 4, 8))((1, 2, 4), (2, 2, 4), (3, 2, 4), (3, 3, 4), (3, 4, 4))((0, 1, 4), (0, 2, 4), (0, 3, 4), (1, 3, 4), (2, 3, 4))((2, 4, 4), (2, 4, 5), (2, 4, 6), (3, 4, 6), (4, 4, 6))((2, 4, 8), (3, 4, 8), (4, 2, 8), (4, 3, 8), (4, 4, 8))((3, 2, 5), (3, 2, 6), (3, 2, 7), (3, 3, 5), (3, 4, 5))((2, 4, 7), (3, 4, 7), (4, 2, 7), (4, 3, 7), (4, 4, 7))((2, 1, 5), (3, 1, 5), (4, 1, 5), (4, 2, 5), (4, 3, 5))((2, 1, 4), (3, 1, 4), (4, 1, 4), (4, 2, 4), (4, 3, 4))((1, 1, 4), (1, 1, 5), (1, 1, 6), (2, 1, 6), (3, 1, 6))((4, 1, 6), (4, 1, 7), (4, 1, 8), (4, 2, 6), (4, 3, 6))((0, 2, 5), (1, 2, 5), (2, 2, 5), (2, 2, 6), (2, 2, 7))((0, 3, 5), (1, 3, 5), (2, 3, 5), (2, 3, 6), (2, 3, 7))((1, 1, 7), (1, 2, 7), (1, 3, 7), (2, 1, 7), (3, 1, 7))((0, 1, 5), (0, 1, 6), (0, 1, 7), (0, 2, 7), (0, 3, 7))
59
((0, 0, 0), (0, 0, 1), (0, 0, 2), (1, 0, 2), (2, 0, 2))((1, 0, 1), (2, 0, 1), (3, 0, 1), (3, 1, 1), (3, 2, 1))((1, 0, 0), (1, 1, 0), (1, 2, 0), (2, 2, 0), (3, 2, 0))((2, 0, 0), (3, 0, 0), (4, 0, 0), (4, 0, 1), (4, 0, 2))((2, 1, 0), (3, 1, 0), (4, 1, 0), (4, 1, 1), (4, 1, 2))((2, 4, 0), (3, 4, 0), (4, 2, 0), (4, 3, 0), (4, 4, 0))((1, 2, 2), (1, 3, 2), (1, 4, 0), (1, 4, 1), (1, 4, 2))((3, 1, 2), (3, 2, 2), (3, 3, 0), (3, 3, 1), (3, 3, 2))((1, 0, 4), (2, 0, 4), (3, 0, 2), (3, 0, 3), (3, 0, 4))((0, 1, 0), (0, 2, 0), (0, 3, 0), (1, 3, 0), (2, 3, 0))((0, 2, 2), (0, 3, 2), (0, 4, 0), (0, 4, 1), (0, 4, 2))((1, 1, 1), (1, 1, 2), (1, 1, 3), (1, 2, 1), (1, 3, 1))((0, 1, 1), (0, 1, 2), (0, 1, 3), (0, 2, 1), (0, 3, 1))((0, 0, 3), (0, 0, 4), (0, 0, 5), (1, 0, 3), (2, 0, 3))((2, 1, 1), (2, 1, 2), (2, 1, 3), (3, 1, 3), (4, 1, 3))((2, 0, 5), (3, 0, 5), (4, 0, 3), (4, 0, 4), (4, 0, 5))((2, 3, 3), (3, 3, 3), (4, 3, 1), (4, 3, 2), (4, 3, 3))((2, 2, 3), (3, 2, 3), (4, 2, 1), (4, 2, 2), (4, 2, 3))((2, 2, 1), (2, 3, 1), (2, 4, 1), (3, 4, 1), (4, 4, 1))((2, 2, 2), (2, 3, 2), (2, 4, 2), (3, 4, 2), (4, 4, 2))((2, 4, 3), (2, 4, 4), (2, 4, 5), (3, 4, 3), (4, 4, 3))((1, 2, 3), (1, 3, 3), (1, 4, 3), (1, 4, 4), (1, 4, 5))((0, 2, 3), (0, 3, 3), (0, 4, 3), (0, 4, 4), (0, 4, 5))((4, 2, 6), (4, 3, 6), (4, 4, 4), (4, 4, 5), (4, 4, 6))((2, 4, 7), (3, 4, 7), (4, 2, 7), (4, 3, 7), (4, 4, 7))((2, 4, 8), (3, 4, 8), (4, 2, 8), (4, 3, 8), (4, 4, 8))((2, 0, 6), (3, 0, 6), (4, 0, 6), (4, 0, 7), (4, 0, 8))((2, 1, 5), (3, 1, 5), (4, 1, 5), (4, 2, 5), (4, 3, 5))((2, 1, 4), (3, 1, 4), (4, 1, 4), (4, 2, 4), (4, 3, 4))((2, 1, 6), (3, 1, 6), (4, 1, 6), (4, 1, 7), (4, 1, 8))((0, 1, 4), (0, 2, 4), (0, 3, 4), (1, 3, 4), (2, 3, 4))((1, 1, 4), (1, 1, 5), (1, 1, 6), (1, 2, 6), (1, 3, 6))((1, 2, 4), (2, 2, 4), (3, 2, 4), (3, 3, 4), (3, 4, 4))((3, 2, 5), (3, 2, 6), (3, 2, 7), (3, 3, 5), (3, 4, 5))((1, 1, 7), (1, 2, 7), (1, 3, 7), (2, 1, 7), (3, 1, 7))((1, 0, 5), (1, 0, 6), (1, 0, 7), (2, 0, 7), (3, 0, 7))((1, 4, 6), (1, 4, 7), (1, 4, 8), (2, 4, 6), (3, 4, 6))((3, 1, 8), (3, 2, 8), (3, 3, 6), (3, 3, 7), (3, 3, 8))((1, 0, 8), (1, 1, 8), (1, 2, 8), (2, 0, 8), (3, 0, 8))((0, 2, 5), (1, 2, 5), (2, 2, 5), (2, 2, 6), (2, 2, 7))((0, 1, 5), (0, 1, 6), (0, 1, 7), (0, 2, 7), (0, 3, 7))((0, 3, 5), (1, 3, 5), (2, 3, 5), (2, 3, 6), (2, 3, 7))((0, 2, 6), (0, 3, 6), (0, 4, 6), (0, 4, 7), (0, 4, 8))((0, 3, 8), (1, 3, 8), (2, 1, 8), (2, 2, 8), (2, 3, 8))((0, 0, 6), (0, 0, 7), (0, 0, 8), (0, 1, 8), (0, 2, 8))
60
((0, 0, 0), (0, 0, 1), (0, 0, 2), (1, 0, 2), (2, 0, 2))((1, 0, 1), (2, 0, 1), (3, 0, 1), (3, 1, 1), (3, 2, 1))((1, 0, 0), (1, 1, 0), (1, 2, 0), (2, 2, 0), (3, 2, 0))((2, 0, 0), (3, 0, 0), (4, 0, 0), (4, 0, 1), (4, 0, 2))((2, 1, 0), (3, 1, 0), (4, 1, 0), (4, 1, 1), (4, 1, 2))((2, 4, 0), (3, 4, 0), (4, 2, 0), (4, 3, 0), (4, 4, 0))((1, 2, 2), (1, 3, 2), (1, 4, 0), (1, 4, 1), (1, 4, 2))((3, 1, 2), (3, 2, 2), (3, 3, 0), (3, 3, 1), (3, 3, 2))((1, 0, 4), (2, 0, 4), (3, 0, 2), (3, 0, 3), (3, 0, 4))((0, 1, 0), (0, 2, 0), (0, 3, 0), (1, 3, 0), (2, 3, 0))((0, 2, 2), (0, 3, 2), (0, 4, 0), (0, 4, 1), (0, 4, 2))((1, 1, 1), (1, 1, 2), (1, 1, 3), (1, 2, 1), (1, 3, 1))((0, 1, 1), (0, 1, 2), (0, 1, 3), (0, 2, 1), (0, 3, 1))((0, 0, 3), (0, 0, 4), (0, 0, 5), (1, 0, 3), (2, 0, 3))((2, 1, 1), (2, 1, 2), (2, 1, 3), (3, 1, 3), (4, 1, 3))((2, 0, 5), (3, 0, 5), (4, 0, 3), (4, 0, 4), (4, 0, 5))((2, 3, 3), (3, 3, 3), (4, 3, 1), (4, 3, 2), (4, 3, 3))((2, 2, 3), (3, 2, 3), (4, 2, 1), (4, 2, 2), (4, 2, 3))((2, 2, 1), (2, 3, 1), (2, 4, 1), (3, 4, 1), (4, 4, 1))((2, 2, 2), (2, 3, 2), (2, 4, 2), (3, 4, 2), (4, 4, 2))((2, 4, 3), (2, 4, 4), (2, 4, 5), (3, 4, 3), (4, 4, 3))((1, 2, 3), (1, 3, 3), (1, 4, 3), (1, 4, 4), (1, 4, 5))((0, 2, 3), (0, 3, 3), (0, 4, 3), (0, 4, 4), (0, 4, 5))((4, 2, 6), (4, 3, 6), (4, 4, 4), (4, 4, 5), (4, 4, 6))((2, 4, 7), (3, 4, 7), (4, 2, 7), (4, 3, 7), (4, 4, 7))((2, 4, 8), (3, 4, 8), (4, 2, 8), (4, 3, 8), (4, 4, 8))((2, 0, 6), (3, 0, 6), (4, 0, 6), (4, 0, 7), (4, 0, 8))((2, 1, 5), (3, 1, 5), (4, 1, 5), (4, 2, 5), (4, 3, 5))((2, 1, 4), (3, 1, 4), (4, 1, 4), (4, 2, 4), (4, 3, 4))((2, 1, 6), (3, 1, 6), (4, 1, 6), (4, 1, 7), (4, 1, 8))((0, 1, 4), (0, 2, 4), (0, 3, 4), (1, 3, 4), (2, 3, 4))((1, 1, 4), (1, 1, 5), (1, 1, 6), (1, 2, 6), (1, 3, 6))((1, 2, 4), (2, 2, 4), (3, 2, 4), (3, 3, 4), (3, 4, 4))((3, 2, 5), (3, 2, 6), (3, 2, 7), (3, 3, 5), (3, 4, 5))((1, 1, 7), (1, 2, 7), (1, 3, 7), (2, 1, 7), (3, 1, 7))((1, 0, 5), (1, 0, 6), (1, 0, 7), (2, 0, 7), (3, 0, 7))((1, 4, 6), (1, 4, 7), (1, 4, 8), (2, 4, 6), (3, 4, 6))((1, 3, 8), (2, 3, 8), (3, 3, 6), (3, 3, 7), (3, 3, 8))((0, 3, 5), (1, 3, 5), (2, 3, 5), (2, 3, 6), (2, 3, 7))((0, 1, 5), (0, 1, 6), (0, 1, 7), (0, 2, 7), (0, 3, 7))((0, 2, 6), (0, 3, 6), (0, 4, 6), (0, 4, 7), (0, 4, 8))((0, 2, 5), (1, 2, 5), (2, 2, 5), (2, 2, 6), (2, 2, 7))((0, 1, 8), (0, 2, 8), (0, 3, 8), (1, 1, 8), (2, 1, 8))((1, 2, 8), (2, 2, 8), (3, 0, 8), (3, 1, 8), (3, 2, 8))((0, 0, 6), (0, 0, 7), (0, 0, 8), (1, 0, 8), (2, 0, 8))
61
((0, 0, 0), (0, 0, 1), (0, 0, 2), (1, 0, 2), (2, 0, 2))((1, 0, 1), (2, 0, 1), (3, 0, 1), (3, 1, 1), (3, 2, 1))((1, 0, 0), (1, 1, 0), (1, 2, 0), (2, 2, 0), (3, 2, 0))((2, 0, 0), (3, 0, 0), (4, 0, 0), (4, 0, 1), (4, 0, 2))((2, 1, 0), (3, 1, 0), (4, 1, 0), (4, 1, 1), (4, 1, 2))((2, 4, 0), (3, 4, 0), (4, 2, 0), (4, 3, 0), (4, 4, 0))((1, 2, 2), (1, 3, 2), (1, 4, 0), (1, 4, 1), (1, 4, 2))((3, 1, 2), (3, 2, 2), (3, 3, 0), (3, 3, 1), (3, 3, 2))((1, 0, 4), (2, 0, 4), (3, 0, 2), (3, 0, 3), (3, 0, 4))((0, 1, 0), (0, 2, 0), (0, 3, 0), (1, 3, 0), (2, 3, 0))((0, 2, 2), (0, 3, 2), (0, 4, 0), (0, 4, 1), (0, 4, 2))((1, 1, 1), (1, 1, 2), (1, 1, 3), (1, 2, 1), (1, 3, 1))((0, 1, 1), (0, 1, 2), (0, 1, 3), (0, 2, 1), (0, 3, 1))((0, 0, 3), (0, 0, 4), (0, 0, 5), (1, 0, 3), (2, 0, 3))((2, 1, 1), (2, 1, 2), (2, 1, 3), (3, 1, 3), (4, 1, 3))((2, 0, 5), (3, 0, 5), (4, 0, 3), (4, 0, 4), (4, 0, 5))((2, 3, 3), (3, 3, 3), (4, 3, 1), (4, 3, 2), (4, 3, 3))((2, 2, 3), (3, 2, 3), (4, 2, 1), (4, 2, 2), (4, 2, 3))((2, 2, 1), (2, 3, 1), (2, 4, 1), (3, 4, 1), (4, 4, 1))((2, 2, 2), (2, 3, 2), (2, 4, 2), (3, 4, 2), (4, 4, 2))((2, 4, 3), (2, 4, 4), (2, 4, 5), (3, 4, 3), (4, 4, 3))((1, 2, 3), (1, 3, 3), (1, 4, 3), (1, 4, 4), (1, 4, 5))((0, 2, 3), (0, 3, 3), (0, 4, 3), (0, 4, 4), (0, 4, 5))((2, 4, 6), (3, 4, 6), (4, 4, 4), (4, 4, 5), (4, 4, 6))((3, 2, 5), (3, 2, 6), (3, 2, 7), (3, 3, 5), (3, 4, 5))((1, 2, 4), (2, 2, 4), (3, 2, 4), (3, 3, 4), (3, 4, 4))((2, 4, 7), (3, 4, 7), (4, 2, 7), (4, 3, 7), (4, 4, 7))((2, 4, 8), (3, 4, 8), (4, 2, 8), (4, 3, 8), (4, 4, 8))((2, 1, 5), (3, 1, 5), (4, 1, 5), (4, 2, 5), (4, 3, 5))((2, 1, 4), (3, 1, 4), (4, 1, 4), (4, 2, 4), (4, 3, 4))((1, 1, 4), (1, 1, 5), (1, 1, 6), (2, 1, 6), (3, 1, 6))((1, 1, 7), (1, 2, 7), (1, 3, 7), (2, 1, 7), (3, 1, 7))((1, 0, 5), (1, 0, 6), (1, 0, 7), (2, 0, 7), (3, 0, 7))((0, 2, 5), (1, 2, 5), (2, 2, 5), (2, 2, 6), (2, 2, 7))((1, 2, 6), (1, 3, 6), (1, 4, 6), (1, 4, 7), (1, 4, 8))((4, 1, 6), (4, 1, 7), (4, 1, 8), (4, 2, 6), (4, 3, 6))((2, 0, 6), (3, 0, 6), (4, 0, 6), (4, 0, 7), (4, 0, 8))((3, 1, 8), (3, 2, 8), (3, 3, 6), (3, 3, 7), (3, 3, 8))((1, 0, 8), (1, 1, 8), (1, 2, 8), (2, 0, 8), (3, 0, 8))((0, 3, 8), (1, 3, 8), (2, 1, 8), (2, 2, 8), (2, 3, 8))((0, 3, 5), (1, 3, 5), (2, 3, 5), (2, 3, 6), (2, 3, 7))((0, 1, 5), (0, 1, 6), (0, 1, 7), (0, 2, 7), (0, 3, 7))((0, 1, 4), (0, 2, 4), (0, 3, 4), (1, 3, 4), (2, 3, 4))((0, 2, 6), (0, 3, 6), (0, 4, 6), (0, 4, 7), (0, 4, 8))((0, 0, 6), (0, 0, 7), (0, 0, 8), (0, 1, 8), (0, 2, 8))
62
((0, 0, 0), (0, 0, 1), (0, 0, 2), (1, 0, 2), (2, 0, 2))((1, 0, 1), (2, 0, 1), (3, 0, 1), (3, 1, 1), (3, 2, 1))((1, 0, 0), (1, 1, 0), (1, 2, 0), (2, 2, 0), (3, 2, 0))((2, 0, 0), (3, 0, 0), (4, 0, 0), (4, 0, 1), (4, 0, 2))((2, 1, 0), (3, 1, 0), (4, 1, 0), (4, 1, 1), (4, 1, 2))((2, 4, 0), (3, 4, 0), (4, 2, 0), (4, 3, 0), (4, 4, 0))((1, 2, 2), (1, 3, 2), (1, 4, 0), (1, 4, 1), (1, 4, 2))((3, 1, 2), (3, 2, 2), (3, 3, 0), (3, 3, 1), (3, 3, 2))((1, 0, 4), (2, 0, 4), (3, 0, 2), (3, 0, 3), (3, 0, 4))((0, 1, 0), (0, 2, 0), (0, 3, 0), (1, 3, 0), (2, 3, 0))((0, 2, 2), (0, 3, 2), (0, 4, 0), (0, 4, 1), (0, 4, 2))((1, 1, 1), (1, 1, 2), (1, 1, 3), (1, 2, 1), (1, 3, 1))((0, 1, 1), (0, 1, 2), (0, 1, 3), (0, 2, 1), (0, 3, 1))((0, 0, 3), (0, 0, 4), (0, 0, 5), (1, 0, 3), (2, 0, 3))((2, 1, 1), (2, 1, 2), (2, 1, 3), (3, 1, 3), (4, 1, 3))((2, 0, 5), (3, 0, 5), (4, 0, 3), (4, 0, 4), (4, 0, 5))((2, 3, 3), (3, 3, 3), (4, 3, 1), (4, 3, 2), (4, 3, 3))((2, 2, 3), (3, 2, 3), (4, 2, 1), (4, 2, 2), (4, 2, 3))((2, 2, 1), (2, 3, 1), (2, 4, 1), (3, 4, 1), (4, 4, 1))((2, 2, 2), (2, 3, 2), (2, 4, 2), (3, 4, 2), (4, 4, 2))((2, 4, 3), (2, 4, 4), (2, 4, 5), (3, 4, 3), (4, 4, 3))((1, 2, 3), (1, 3, 3), (1, 4, 3), (1, 4, 4), (1, 4, 5))((0, 2, 3), (0, 3, 3), (0, 4, 3), (0, 4, 4), (0, 4, 5))((2, 4, 6), (3, 4, 6), (4, 4, 4), (4, 4, 5), (4, 4, 6))((3, 2, 5), (3, 2, 6), (3, 2, 7), (3, 3, 5), (3, 4, 5))((1, 2, 4), (2, 2, 4), (3, 2, 4), (3, 3, 4), (3, 4, 4))((2, 4, 7), (3, 4, 7), (4, 2, 7), (4, 3, 7), (4, 4, 7))((2, 4, 8), (3, 4, 8), (4, 2, 8), (4, 3, 8), (4, 4, 8))((2, 1, 5), (3, 1, 5), (4, 1, 5), (4, 2, 5), (4, 3, 5))((2, 1, 4), (3, 1, 4), (4, 1, 4), (4, 2, 4), (4, 3, 4))((1, 1, 4), (1, 1, 5), (1, 1, 6), (2, 1, 6), (3, 1, 6))((1, 1, 7), (1, 2, 7), (1, 3, 7), (2, 1, 7), (3, 1, 7))((1, 0, 5), (1, 0, 6), (1, 0, 7), (2, 0, 7), (3, 0, 7))((0, 2, 5), (1, 2, 5), (2, 2, 5), (2, 2, 6), (2, 2, 7))((1, 2, 6), (1, 3, 6), (1, 4, 6), (1, 4, 7), (1, 4, 8))((4, 1, 6), (4, 1, 7), (4, 1, 8), (4, 2, 6), (4, 3, 6))((2, 0, 6), (3, 0, 6), (4, 0, 6), (4, 0, 7), (4, 0, 8))((1, 3, 8), (2, 3, 8), (3, 3, 6), (3, 3, 7), (3, 3, 8))((0, 3, 5), (1, 3, 5), (2, 3, 5), (2, 3, 6), (2, 3, 7))((0, 1, 4), (0, 2, 4), (0, 3, 4), (1, 3, 4), (2, 3, 4))((0, 1, 5), (0, 1, 6), (0, 1, 7), (0, 2, 7), (0, 3, 7))((0, 2, 6), (0, 3, 6), (0, 4, 6), (0, 4, 7), (0, 4, 8))((0, 1, 8), (0, 2, 8), (0, 3, 8), (1, 1, 8), (2, 1, 8))((1, 2, 8), (2, 2, 8), (3, 0, 8), (3, 1, 8), (3, 2, 8))((0, 0, 6), (0, 0, 7), (0, 0, 8), (1, 0, 8), (2, 0, 8))
63
((0, 0, 0), (0, 0, 1), (0, 0, 2), (1, 0, 2), (2, 0, 2))((1, 0, 1), (2, 0, 1), (3, 0, 1), (3, 1, 1), (3, 2, 1))((1, 0, 0), (1, 1, 0), (1, 2, 0), (2, 2, 0), (3, 2, 0))((2, 0, 0), (3, 0, 0), (4, 0, 0), (4, 0, 1), (4, 0, 2))((2, 1, 0), (3, 1, 0), (4, 1, 0), (4, 1, 1), (4, 1, 2))((2, 4, 0), (3, 4, 0), (4, 2, 0), (4, 3, 0), (4, 4, 0))((1, 2, 2), (1, 3, 2), (1, 4, 0), (1, 4, 1), (1, 4, 2))((3, 1, 2), (3, 2, 2), (3, 3, 0), (3, 3, 1), (3, 3, 2))((1, 0, 4), (2, 0, 4), (3, 0, 2), (3, 0, 3), (3, 0, 4))((0, 1, 0), (0, 2, 0), (0, 3, 0), (1, 3, 0), (2, 3, 0))((0, 2, 2), (0, 3, 2), (0, 4, 0), (0, 4, 1), (0, 4, 2))((1, 1, 1), (1, 1, 2), (1, 1, 3), (1, 2, 1), (1, 3, 1))((0, 1, 1), (0, 1, 2), (0, 1, 3), (0, 2, 1), (0, 3, 1))((0, 0, 3), (0, 0, 4), (0, 0, 5), (1, 0, 3), (2, 0, 3))((2, 1, 1), (2, 1, 2), (2, 1, 3), (3, 1, 3), (4, 1, 3))((2, 0, 5), (3, 0, 5), (4, 0, 3), (4, 0, 4), (4, 0, 5))((2, 4, 1), (3, 4, 1), (4, 2, 1), (4, 3, 1), (4, 4, 1))((2, 3, 1), (2, 3, 2), (2, 3, 3), (3, 3, 3), (4, 3, 3))((2, 2, 1), (2, 2, 2), (2, 2, 3), (3, 2, 3), (4, 2, 3))((2, 4, 2), (3, 4, 2), (4, 2, 2), (4, 3, 2), (4, 4, 2))((4, 2, 5), (4, 3, 5), (4, 4, 3), (4, 4, 4), (4, 4, 5))((0, 3, 3), (0, 3, 4), (0, 3, 5), (1, 3, 5), (2, 3, 5))((0, 2, 3), (0, 2, 4), (0, 2, 5), (1, 2, 5), (2, 2, 5))((1, 2, 3), (1, 3, 3), (1, 4, 3), (2, 4, 3), (3, 4, 3))((0, 4, 3), (0, 4, 4), (0, 4, 5), (1, 4, 5), (2, 4, 5))((1, 0, 5), (1, 0, 6), (1, 0, 7), (2, 0, 7), (3, 0, 7))((4, 1, 4), (4, 1, 5), (4, 1, 6), (4, 2, 4), (4, 3, 4))((1, 2, 4), (1, 3, 4), (1, 4, 4), (2, 4, 4), (3, 4, 4))((0, 1, 4), (1, 1, 4), (2, 1, 4), (2, 2, 4), (2, 3, 4))((3, 1, 4), (3, 1, 5), (3, 1, 6), (3, 2, 4), (3, 3, 4))((2, 0, 6), (3, 0, 6), (4, 0, 6), (4, 0, 7), (4, 0, 8))((3, 2, 5), (3, 3, 5), (3, 4, 5), (3, 4, 6), (3, 4, 7))((2, 4, 8), (3, 4, 8), (4, 4, 6), (4, 4, 7), (4, 4, 8))((2, 2, 7), (2, 3, 7), (2, 4, 7), (3, 2, 7), (4, 2, 7))((2, 1, 5), (2, 1, 6), (2, 1, 7), (3, 1, 7), (4, 1, 7))((1, 1, 5), (1, 1, 6), (1, 1, 7), (1, 2, 7), (1, 3, 7))((0, 1, 5), (0, 1, 6), (0, 1, 7), (0, 2, 7), (0, 3, 7))((2, 2, 6), (2, 3, 6), (2, 4, 6), (3, 2, 6), (4, 2, 6))((0, 2, 6), (0, 3, 6), (0, 4, 6), (0, 4, 7), (0, 4, 8))((1, 2, 6), (1, 3, 6), (1, 4, 6), (1, 4, 7), (1, 4, 8))((3, 1, 8), (3, 2, 8), (3, 3, 6), (3, 3, 7), (3, 3, 8))((4, 1, 8), (4, 2, 8), (4, 3, 6), (4, 3, 7), (4, 3, 8))((1, 0, 8), (1, 1, 8), (1, 2, 8), (2, 0, 8), (3, 0, 8))((0, 3, 8), (1, 3, 8), (2, 1, 8), (2, 2, 8), (2, 3, 8))((0, 0, 6), (0, 0, 7), (0, 0, 8), (0, 1, 8), (0, 2, 8))
64
((0, 0, 0), (0, 0, 1), (0, 0, 2), (1, 0, 2), (2, 0, 2))((1, 0, 1), (2, 0, 1), (3, 0, 1), (3, 1, 1), (3, 2, 1))((1, 0, 0), (1, 1, 0), (1, 2, 0), (2, 2, 0), (3, 2, 0))((2, 0, 0), (3, 0, 0), (4, 0, 0), (4, 0, 1), (4, 0, 2))((2, 1, 0), (3, 1, 0), (4, 1, 0), (4, 1, 1), (4, 1, 2))((2, 4, 0), (3, 4, 0), (4, 2, 0), (4, 3, 0), (4, 4, 0))((1, 2, 2), (1, 3, 2), (1, 4, 0), (1, 4, 1), (1, 4, 2))((3, 1, 2), (3, 2, 2), (3, 3, 0), (3, 3, 1), (3, 3, 2))((1, 0, 4), (2, 0, 4), (3, 0, 2), (3, 0, 3), (3, 0, 4))((0, 1, 0), (0, 2, 0), (0, 3, 0), (1, 3, 0), (2, 3, 0))((0, 2, 2), (0, 3, 2), (0, 4, 0), (0, 4, 1), (0, 4, 2))((1, 1, 1), (1, 1, 2), (1, 1, 3), (1, 2, 1), (1, 3, 1))((0, 1, 1), (0, 1, 2), (0, 1, 3), (0, 2, 1), (0, 3, 1))((0, 0, 3), (0, 0, 4), (0, 0, 5), (1, 0, 3), (2, 0, 3))((2, 1, 1), (2, 1, 2), (2, 1, 3), (3, 1, 3), (4, 1, 3))((2, 0, 5), (3, 0, 5), (4, 0, 3), (4, 0, 4), (4, 0, 5))((2, 4, 1), (3, 4, 1), (4, 2, 1), (4, 3, 1), (4, 4, 1))((2, 3, 1), (2, 3, 2), (2, 3, 3), (3, 3, 3), (4, 3, 3))((2, 2, 1), (2, 2, 2), (2, 2, 3), (3, 2, 3), (4, 2, 3))((2, 4, 2), (3, 4, 2), (4, 2, 2), (4, 3, 2), (4, 4, 2))((4, 2, 5), (4, 3, 5), (4, 4, 3), (4, 4, 4), (4, 4, 5))((0, 3, 3), (0, 3, 4), (0, 3, 5), (1, 3, 5), (2, 3, 5))((0, 2, 3), (0, 2, 4), (0, 2, 5), (1, 2, 5), (2, 2, 5))((1, 2, 3), (1, 3, 3), (1, 4, 3), (2, 4, 3), (3, 4, 3))((0, 4, 3), (0, 4, 4), (0, 4, 5), (1, 4, 5), (2, 4, 5))((1, 0, 5), (1, 0, 6), (1, 0, 7), (2, 0, 7), (3, 0, 7))((4, 1, 4), (4, 1, 5), (4, 1, 6), (4, 2, 4), (4, 3, 4))((1, 2, 4), (1, 3, 4), (1, 4, 4), (2, 4, 4), (3, 4, 4))((0, 1, 4), (1, 1, 4), (2, 1, 4), (2, 2, 4), (2, 3, 4))((3, 1, 4), (3, 1, 5), (3, 1, 6), (3, 2, 4), (3, 3, 4))((2, 0, 6), (3, 0, 6), (4, 0, 6), (4, 0, 7), (4, 0, 8))((3, 2, 5), (3, 3, 5), (3, 4, 5), (3, 4, 6), (3, 4, 7))((2, 4, 8), (3, 4, 8), (4, 4, 6), (4, 4, 7), (4, 4, 8))((2, 2, 7), (2, 3, 7), (2, 4, 7), (3, 2, 7), (4, 2, 7))((2, 1, 5), (2, 1, 6), (2, 1, 7), (3, 1, 7), (4, 1, 7))((1, 1, 5), (1, 1, 6), (1, 1, 7), (1, 2, 7), (1, 3, 7))((0, 1, 5), (0, 1, 6), (0, 1, 7), (0, 2, 7), (0, 3, 7))((2, 2, 6), (2, 3, 6), (2, 4, 6), (3, 2, 6), (4, 2, 6))((0, 2, 6), (0, 3, 6), (0, 4, 6), (0, 4, 7), (0, 4, 8))((1, 2, 6), (1, 3, 6), (1, 4, 6), (1, 4, 7), (1, 4, 8))((1, 3, 8), (2, 3, 8), (3, 3, 6), (3, 3, 7), (3, 3, 8))((4, 1, 8), (4, 2, 8), (4, 3, 6), (4, 3, 7), (4, 3, 8))((0, 1, 8), (0, 2, 8), (0, 3, 8), (1, 1, 8), (2, 1, 8))((1, 2, 8), (2, 2, 8), (3, 0, 8), (3, 1, 8), (3, 2, 8))((0, 0, 6), (0, 0, 7), (0, 0, 8), (1, 0, 8), (2, 0, 8))
65
((0, 0, 0), (0, 0, 1), (0, 0, 2), (1, 0, 2), (2, 0, 2))((1, 0, 1), (2, 0, 1), (3, 0, 1), (3, 1, 1), (3, 2, 1))((1, 0, 0), (1, 1, 0), (1, 2, 0), (2, 2, 0), (3, 2, 0))((2, 0, 0), (3, 0, 0), (4, 0, 0), (4, 0, 1), (4, 0, 2))((2, 1, 0), (3, 1, 0), (4, 1, 0), (4, 1, 1), (4, 1, 2))((2, 4, 0), (3, 4, 0), (4, 2, 0), (4, 3, 0), (4, 4, 0))((1, 2, 2), (1, 3, 2), (1, 4, 0), (1, 4, 1), (1, 4, 2))((3, 1, 2), (3, 2, 2), (3, 3, 0), (3, 3, 1), (3, 3, 2))((1, 0, 4), (2, 0, 4), (3, 0, 2), (3, 0, 3), (3, 0, 4))((0, 1, 0), (0, 2, 0), (0, 3, 0), (1, 3, 0), (2, 3, 0))((0, 2, 2), (0, 3, 2), (0, 4, 0), (0, 4, 1), (0, 4, 2))((1, 1, 1), (1, 1, 2), (1, 1, 3), (1, 2, 1), (1, 3, 1))((0, 1, 1), (0, 1, 2), (0, 1, 3), (0, 2, 1), (0, 3, 1))((0, 0, 3), (0, 0, 4), (0, 0, 5), (1, 0, 3), (2, 0, 3))((2, 1, 1), (2, 1, 2), (2, 1, 3), (3, 1, 3), (4, 1, 3))((2, 0, 5), (3, 0, 5), (4, 0, 3), (4, 0, 4), (4, 0, 5))((2, 4, 1), (3, 4, 1), (4, 2, 1), (4, 3, 1), (4, 4, 1))((2, 3, 1), (2, 3, 2), (2, 3, 3), (3, 3, 3), (4, 3, 3))((2, 2, 1), (2, 2, 2), (2, 2, 3), (3, 2, 3), (4, 2, 3))((2, 4, 2), (3, 4, 2), (4, 2, 2), (4, 3, 2), (4, 4, 2))((2, 4, 3), (3, 4, 3), (4, 4, 3), (4, 4, 4), (4, 4, 5))((0, 2, 3), (0, 3, 3), (0, 4, 3), (0, 4, 4), (0, 4, 5))((1, 2, 3), (1, 3, 3), (1, 4, 3), (1, 4, 4), (1, 4, 5))((1, 0, 5), (1, 0, 6), (1, 0, 7), (2, 0, 7), (3, 0, 7))((0, 0, 6), (0, 0, 7), (0, 0, 8), (1, 0, 8), (2, 0, 8))((1, 2, 8), (2, 2, 8), (3, 0, 8), (3, 1, 8), (3, 2, 8))((2, 0, 6), (3, 0, 6), (4, 0, 6), (4, 0, 7), (4, 0, 8))((0, 1, 8), (0, 2, 8), (0, 3, 8), (1, 1, 8), (2, 1, 8))((1, 3, 8), (2, 3, 8), (3, 3, 6), (3, 3, 7), (3, 3, 8))((0, 2, 6), (0, 3, 6), (0, 4, 6), (0, 4, 7), (0, 4, 8))((1, 2, 6), (1, 3, 6), (1, 4, 6), (1, 4, 7), (1, 4, 8))((1, 2, 4), (2, 2, 4), (3, 2, 4), (3, 3, 4), (3, 4, 4))((0, 1, 4), (0, 2, 4), (0, 3, 4), (1, 3, 4), (2, 3, 4))((2, 4, 4), (2, 4, 5), (2, 4, 6), (3, 4, 6), (4, 4, 6))((2, 4, 8), (3, 4, 8), (4, 2, 8), (4, 3, 8), (4, 4, 8))((3, 2, 5), (3, 2, 6), (3, 2, 7), (3, 3, 5), (3, 4, 5))((2, 4, 7), (3, 4, 7), (4, 2, 7), (4, 3, 7), (4, 4, 7))((2, 1, 5), (3, 1, 5), (4, 1, 5), (4, 2, 5), (4, 3, 5))((2, 1, 4), (3, 1, 4), (4, 1, 4), (4, 2, 4), (4, 3, 4))((1, 1, 4), (1, 1, 5), (1, 1, 6), (2, 1, 6), (3, 1, 6))((4, 1, 6), (4, 1, 7), (4, 1, 8), (4, 2, 6), (4, 3, 6))((0, 2, 5), (1, 2, 5), (2, 2, 5), (2, 2, 6), (2, 2, 7))((0, 3, 5), (1, 3, 5), (2, 3, 5), (2, 3, 6), (2, 3, 7))((1, 1, 7), (1, 2, 7), (1, 3, 7), (2, 1, 7), (3, 1, 7))((0, 1, 5), (0, 1, 6), (0, 1, 7), (0, 2, 7), (0, 3, 7))
66
((0, 0, 0), (0, 0, 1), (0, 0, 2), (1, 0, 2), (2, 0, 2))((1, 0, 1), (2, 0, 1), (3, 0, 1), (3, 1, 1), (3, 2, 1))((1, 0, 0), (1, 1, 0), (1, 2, 0), (2, 2, 0), (3, 2, 0))((2, 0, 0), (3, 0, 0), (4, 0, 0), (4, 0, 1), (4, 0, 2))((2, 1, 0), (3, 1, 0), (4, 1, 0), (4, 1, 1), (4, 1, 2))((2, 4, 0), (3, 4, 0), (4, 2, 0), (4, 3, 0), (4, 4, 0))((1, 2, 2), (1, 3, 2), (1, 4, 0), (1, 4, 1), (1, 4, 2))((3, 1, 2), (3, 2, 2), (3, 3, 0), (3, 3, 1), (3, 3, 2))((1, 0, 4), (2, 0, 4), (3, 0, 2), (3, 0, 3), (3, 0, 4))((0, 1, 0), (0, 2, 0), (0, 3, 0), (1, 3, 0), (2, 3, 0))((0, 2, 2), (0, 3, 2), (0, 4, 0), (0, 4, 1), (0, 4, 2))((1, 1, 1), (1, 1, 2), (1, 1, 3), (1, 2, 1), (1, 3, 1))((0, 1, 1), (0, 1, 2), (0, 1, 3), (0, 2, 1), (0, 3, 1))((0, 0, 3), (0, 0, 4), (0, 0, 5), (1, 0, 3), (2, 0, 3))((2, 1, 1), (2, 1, 2), (2, 1, 3), (3, 1, 3), (4, 1, 3))((2, 0, 5), (3, 0, 5), (4, 0, 3), (4, 0, 4), (4, 0, 5))((2, 4, 1), (3, 4, 1), (4, 2, 1), (4, 3, 1), (4, 4, 1))((2, 3, 1), (2, 3, 2), (2, 3, 3), (3, 3, 3), (4, 3, 3))((2, 2, 1), (2, 2, 2), (2, 2, 3), (3, 2, 3), (4, 2, 3))((2, 4, 2), (3, 4, 2), (4, 2, 2), (4, 3, 2), (4, 4, 2))((2, 4, 3), (3, 4, 3), (4, 4, 3), (4, 4, 4), (4, 4, 5))((0, 2, 3), (0, 3, 3), (0, 4, 3), (0, 4, 4), (0, 4, 5))((1, 2, 3), (1, 3, 3), (1, 4, 3), (1, 4, 4), (1, 4, 5))((1, 0, 5), (1, 0, 6), (1, 0, 7), (2, 0, 7), (3, 0, 7))((0, 0, 6), (0, 0, 7), (0, 0, 8), (0, 1, 8), (0, 2, 8))((1, 0, 8), (1, 1, 8), (1, 2, 8), (2, 0, 8), (3, 0, 8))((2, 0, 6), (3, 0, 6), (4, 0, 6), (4, 0, 7), (4, 0, 8))((0, 2, 6), (0, 3, 6), (0, 4, 6), (0, 4, 7), (0, 4, 8))((0, 3, 8), (1, 3, 8), (2, 1, 8), (2, 2, 8), (2, 3, 8))((3, 1, 8), (3, 2, 8), (3, 3, 6), (3, 3, 7), (3, 3, 8))((1, 2, 6), (1, 3, 6), (1, 4, 6), (1, 4, 7), (1, 4, 8))((1, 2, 4), (2, 2, 4), (3, 2, 4), (3, 3, 4), (3, 4, 4))((0, 1, 4), (0, 2, 4), (0, 3, 4), (1, 3, 4), (2, 3, 4))((2, 4, 4), (2, 4, 5), (2, 4, 6), (3, 4, 6), (4, 4, 6))((2, 4, 8), (3, 4, 8), (4, 2, 8), (4, 3, 8), (4, 4, 8))((3, 2, 5), (3, 2, 6), (3, 2, 7), (3, 3, 5), (3, 4, 5))((2, 4, 7), (3, 4, 7), (4, 2, 7), (4, 3, 7), (4, 4, 7))((2, 1, 5), (3, 1, 5), (4, 1, 5), (4, 2, 5), (4, 3, 5))((2, 1, 4), (3, 1, 4), (4, 1, 4), (4, 2, 4), (4, 3, 4))((1, 1, 4), (1, 1, 5), (1, 1, 6), (2, 1, 6), (3, 1, 6))((4, 1, 6), (4, 1, 7), (4, 1, 8), (4, 2, 6), (4, 3, 6))((0, 2, 5), (1, 2, 5), (2, 2, 5), (2, 2, 6), (2, 2, 7))((0, 3, 5), (1, 3, 5), (2, 3, 5), (2, 3, 6), (2, 3, 7))((1, 1, 7), (1, 2, 7), (1, 3, 7), (2, 1, 7), (3, 1, 7))((0, 1, 5), (0, 1, 6), (0, 1, 7), (0, 2, 7), (0, 3, 7))
67
((0, 0, 0), (0, 0, 1), (0, 0, 2), (1, 0, 2), (2, 0, 2))((1, 0, 1), (2, 0, 1), (3, 0, 1), (3, 1, 1), (3, 2, 1))((1, 0, 0), (1, 1, 0), (1, 2, 0), (2, 2, 0), (3, 2, 0))((2, 0, 0), (3, 0, 0), (4, 0, 0), (4, 0, 1), (4, 0, 2))((2, 1, 0), (3, 1, 0), (4, 1, 0), (4, 1, 1), (4, 1, 2))((2, 4, 0), (3, 4, 0), (4, 2, 0), (4, 3, 0), (4, 4, 0))((1, 2, 2), (1, 3, 2), (1, 4, 0), (1, 4, 1), (1, 4, 2))((3, 1, 2), (3, 2, 2), (3, 3, 0), (3, 3, 1), (3, 3, 2))((1, 0, 4), (2, 0, 4), (3, 0, 2), (3, 0, 3), (3, 0, 4))((0, 1, 0), (0, 2, 0), (0, 3, 0), (1, 3, 0), (2, 3, 0))((0, 2, 2), (0, 3, 2), (0, 4, 0), (0, 4, 1), (0, 4, 2))((1, 1, 1), (1, 1, 2), (1, 1, 3), (1, 2, 1), (1, 3, 1))((0, 1, 1), (0, 1, 2), (0, 1, 3), (0, 2, 1), (0, 3, 1))((0, 0, 3), (0, 0, 4), (0, 0, 5), (1, 0, 3), (2, 0, 3))((2, 1, 1), (2, 1, 2), (2, 1, 3), (3, 1, 3), (4, 1, 3))((2, 0, 5), (3, 0, 5), (4, 0, 3), (4, 0, 4), (4, 0, 5))((2, 4, 1), (3, 4, 1), (4, 2, 1), (4, 3, 1), (4, 4, 1))((2, 3, 1), (2, 3, 2), (2, 3, 3), (3, 3, 3), (4, 3, 3))((2, 2, 1), (2, 2, 2), (2, 2, 3), (3, 2, 3), (4, 2, 3))((2, 4, 2), (3, 4, 2), (4, 2, 2), (4, 3, 2), (4, 4, 2))((2, 4, 3), (2, 4, 4), (2, 4, 5), (3, 4, 3), (4, 4, 3))((1, 2, 3), (1, 3, 3), (1, 4, 3), (1, 4, 4), (1, 4, 5))((0, 2, 3), (0, 3, 3), (0, 4, 3), (0, 4, 4), (0, 4, 5))((4, 2, 6), (4, 3, 6), (4, 4, 4), (4, 4, 5), (4, 4, 6))((2, 4, 7), (3, 4, 7), (4, 2, 7), (4, 3, 7), (4, 4, 7))((2, 4, 8), (3, 4, 8), (4, 2, 8), (4, 3, 8), (4, 4, 8))((2, 0, 6), (3, 0, 6), (4, 0, 6), (4, 0, 7), (4, 0, 8))((2, 1, 5), (3, 1, 5), (4, 1, 5), (4, 2, 5), (4, 3, 5))((2, 1, 4), (3, 1, 4), (4, 1, 4), (4, 2, 4), (4, 3, 4))((2, 1, 6), (3, 1, 6), (4, 1, 6), (4, 1, 7), (4, 1, 8))((0, 1, 4), (0, 2, 4), (0, 3, 4), (1, 3, 4), (2, 3, 4))((1, 1, 4), (1, 1, 5), (1, 1, 6), (1, 2, 6), (1, 3, 6))((1, 2, 4), (2, 2, 4), (3, 2, 4), (3, 3, 4), (3, 4, 4))((3, 2, 5), (3, 2, 6), (3, 2, 7), (3, 3, 5), (3, 4, 5))((1, 1, 7), (1, 2, 7), (1, 3, 7), (2, 1, 7), (3, 1, 7))((1, 0, 5), (1, 0, 6), (1, 0, 7), (2, 0, 7), (3, 0, 7))((1, 4, 6), (1, 4, 7), (1, 4, 8), (2, 4, 6), (3, 4, 6))((3, 1, 8), (3, 2, 8), (3, 3, 6), (3, 3, 7), (3, 3, 8))((1, 0, 8), (1, 1, 8), (1, 2, 8), (2, 0, 8), (3, 0, 8))((0, 2, 5), (1, 2, 5), (2, 2, 5), (2, 2, 6), (2, 2, 7))((0, 1, 5), (0, 1, 6), (0, 1, 7), (0, 2, 7), (0, 3, 7))((0, 3, 5), (1, 3, 5), (2, 3, 5), (2, 3, 6), (2, 3, 7))((0, 2, 6), (0, 3, 6), (0, 4, 6), (0, 4, 7), (0, 4, 8))((0, 3, 8), (1, 3, 8), (2, 1, 8), (2, 2, 8), (2, 3, 8))((0, 0, 6), (0, 0, 7), (0, 0, 8), (0, 1, 8), (0, 2, 8))
68
((0, 0, 0), (0, 0, 1), (0, 0, 2), (1, 0, 2), (2, 0, 2))((1, 0, 1), (2, 0, 1), (3, 0, 1), (3, 1, 1), (3, 2, 1))((1, 0, 0), (1, 1, 0), (1, 2, 0), (2, 2, 0), (3, 2, 0))((2, 0, 0), (3, 0, 0), (4, 0, 0), (4, 0, 1), (4, 0, 2))((2, 1, 0), (3, 1, 0), (4, 1, 0), (4, 1, 1), (4, 1, 2))((2, 4, 0), (3, 4, 0), (4, 2, 0), (4, 3, 0), (4, 4, 0))((1, 2, 2), (1, 3, 2), (1, 4, 0), (1, 4, 1), (1, 4, 2))((3, 1, 2), (3, 2, 2), (3, 3, 0), (3, 3, 1), (3, 3, 2))((1, 0, 4), (2, 0, 4), (3, 0, 2), (3, 0, 3), (3, 0, 4))((0, 1, 0), (0, 2, 0), (0, 3, 0), (1, 3, 0), (2, 3, 0))((0, 2, 2), (0, 3, 2), (0, 4, 0), (0, 4, 1), (0, 4, 2))((1, 1, 1), (1, 1, 2), (1, 1, 3), (1, 2, 1), (1, 3, 1))((0, 1, 1), (0, 1, 2), (0, 1, 3), (0, 2, 1), (0, 3, 1))((0, 0, 3), (0, 0, 4), (0, 0, 5), (1, 0, 3), (2, 0, 3))((2, 1, 1), (2, 1, 2), (2, 1, 3), (3, 1, 3), (4, 1, 3))((2, 0, 5), (3, 0, 5), (4, 0, 3), (4, 0, 4), (4, 0, 5))((2, 4, 1), (3, 4, 1), (4, 2, 1), (4, 3, 1), (4, 4, 1))((2, 3, 1), (2, 3, 2), (2, 3, 3), (3, 3, 3), (4, 3, 3))((2, 2, 1), (2, 2, 2), (2, 2, 3), (3, 2, 3), (4, 2, 3))((2, 4, 2), (3, 4, 2), (4, 2, 2), (4, 3, 2), (4, 4, 2))((2, 4, 3), (2, 4, 4), (2, 4, 5), (3, 4, 3), (4, 4, 3))((1, 2, 3), (1, 3, 3), (1, 4, 3), (1, 4, 4), (1, 4, 5))((0, 2, 3), (0, 3, 3), (0, 4, 3), (0, 4, 4), (0, 4, 5))((4, 2, 6), (4, 3, 6), (4, 4, 4), (4, 4, 5), (4, 4, 6))((2, 4, 7), (3, 4, 7), (4, 2, 7), (4, 3, 7), (4, 4, 7))((2, 4, 8), (3, 4, 8), (4, 2, 8), (4, 3, 8), (4, 4, 8))((2, 0, 6), (3, 0, 6), (4, 0, 6), (4, 0, 7), (4, 0, 8))((2, 1, 5), (3, 1, 5), (4, 1, 5), (4, 2, 5), (4, 3, 5))((2, 1, 4), (3, 1, 4), (4, 1, 4), (4, 2, 4), (4, 3, 4))((2, 1, 6), (3, 1, 6), (4, 1, 6), (4, 1, 7), (4, 1, 8))((0, 1, 4), (0, 2, 4), (0, 3, 4), (1, 3, 4), (2, 3, 4))((1, 1, 4), (1, 1, 5), (1, 1, 6), (1, 2, 6), (1, 3, 6))((1, 2, 4), (2, 2, 4), (3, 2, 4), (3, 3, 4), (3, 4, 4))((3, 2, 5), (3, 2, 6), (3, 2, 7), (3, 3, 5), (3, 4, 5))((1, 1, 7), (1, 2, 7), (1, 3, 7), (2, 1, 7), (3, 1, 7))((1, 0, 5), (1, 0, 6), (1, 0, 7), (2, 0, 7), (3, 0, 7))((1, 4, 6), (1, 4, 7), (1, 4, 8), (2, 4, 6), (3, 4, 6))((1, 3, 8), (2, 3, 8), (3, 3, 6), (3, 3, 7), (3, 3, 8))((0, 3, 5), (1, 3, 5), (2, 3, 5), (2, 3, 6), (2, 3, 7))((0, 1, 5), (0, 1, 6), (0, 1, 7), (0, 2, 7), (0, 3, 7))((0, 2, 6), (0, 3, 6), (0, 4, 6), (0, 4, 7), (0, 4, 8))((0, 2, 5), (1, 2, 5), (2, 2, 5), (2, 2, 6), (2, 2, 7))((0, 1, 8), (0, 2, 8), (0, 3, 8), (1, 1, 8), (2, 1, 8))((1, 2, 8), (2, 2, 8), (3, 0, 8), (3, 1, 8), (3, 2, 8))((0, 0, 6), (0, 0, 7), (0, 0, 8), (1, 0, 8), (2, 0, 8))
69
((0, 0, 0), (0, 0, 1), (0, 0, 2), (1, 0, 2), (2, 0, 2))((1, 0, 1), (2, 0, 1), (3, 0, 1), (3, 1, 1), (3, 2, 1))((1, 0, 0), (1, 1, 0), (1, 2, 0), (2, 2, 0), (3, 2, 0))((2, 0, 0), (3, 0, 0), (4, 0, 0), (4, 0, 1), (4, 0, 2))((2, 1, 0), (3, 1, 0), (4, 1, 0), (4, 1, 1), (4, 1, 2))((2, 4, 0), (3, 4, 0), (4, 2, 0), (4, 3, 0), (4, 4, 0))((1, 2, 2), (1, 3, 2), (1, 4, 0), (1, 4, 1), (1, 4, 2))((3, 1, 2), (3, 2, 2), (3, 3, 0), (3, 3, 1), (3, 3, 2))((1, 0, 4), (2, 0, 4), (3, 0, 2), (3, 0, 3), (3, 0, 4))((0, 1, 0), (0, 2, 0), (0, 3, 0), (1, 3, 0), (2, 3, 0))((0, 2, 2), (0, 3, 2), (0, 4, 0), (0, 4, 1), (0, 4, 2))((1, 1, 1), (1, 1, 2), (1, 1, 3), (1, 2, 1), (1, 3, 1))((0, 1, 1), (0, 1, 2), (0, 1, 3), (0, 2, 1), (0, 3, 1))((0, 0, 3), (0, 0, 4), (0, 0, 5), (1, 0, 3), (2, 0, 3))((2, 1, 1), (2, 1, 2), (2, 1, 3), (3, 1, 3), (4, 1, 3))((2, 0, 5), (3, 0, 5), (4, 0, 3), (4, 0, 4), (4, 0, 5))((2, 4, 1), (3, 4, 1), (4, 2, 1), (4, 3, 1), (4, 4, 1))((2, 3, 1), (2, 3, 2), (2, 3, 3), (3, 3, 3), (4, 3, 3))((2, 2, 1), (2, 2, 2), (2, 2, 3), (3, 2, 3), (4, 2, 3))((2, 4, 2), (3, 4, 2), (4, 2, 2), (4, 3, 2), (4, 4, 2))((2, 4, 3), (2, 4, 4), (2, 4, 5), (3, 4, 3), (4, 4, 3))((1, 2, 3), (1, 3, 3), (1, 4, 3), (1, 4, 4), (1, 4, 5))((0, 2, 3), (0, 3, 3), (0, 4, 3), (0, 4, 4), (0, 4, 5))((2, 4, 6), (3, 4, 6), (4, 4, 4), (4, 4, 5), (4, 4, 6))((3, 2, 5), (3, 2, 6), (3, 2, 7), (3, 3, 5), (3, 4, 5))((1, 2, 4), (2, 2, 4), (3, 2, 4), (3, 3, 4), (3, 4, 4))((2, 4, 7), (3, 4, 7), (4, 2, 7), (4, 3, 7), (4, 4, 7))((2, 4, 8), (3, 4, 8), (4, 2, 8), (4, 3, 8), (4, 4, 8))((2, 1, 5), (3, 1, 5), (4, 1, 5), (4, 2, 5), (4, 3, 5))((2, 1, 4), (3, 1, 4), (4, 1, 4), (4, 2, 4), (4, 3, 4))((1, 1, 4), (1, 1, 5), (1, 1, 6), (2, 1, 6), (3, 1, 6))((1, 1, 7), (1, 2, 7), (1, 3, 7), (2, 1, 7), (3, 1, 7))((1, 0, 5), (1, 0, 6), (1, 0, 7), (2, 0, 7), (3, 0, 7))((0, 2, 5), (1, 2, 5), (2, 2, 5), (2, 2, 6), (2, 2, 7))((1, 2, 6), (1, 3, 6), (1, 4, 6), (1, 4, 7), (1, 4, 8))((4, 1, 6), (4, 1, 7), (4, 1, 8), (4, 2, 6), (4, 3, 6))((2, 0, 6), (3, 0, 6), (4, 0, 6), (4, 0, 7), (4, 0, 8))((3, 1, 8), (3, 2, 8), (3, 3, 6), (3, 3, 7), (3, 3, 8))((1, 0, 8), (1, 1, 8), (1, 2, 8), (2, 0, 8), (3, 0, 8))((0, 3, 8), (1, 3, 8), (2, 1, 8), (2, 2, 8), (2, 3, 8))((0, 3, 5), (1, 3, 5), (2, 3, 5), (2, 3, 6), (2, 3, 7))((0, 1, 5), (0, 1, 6), (0, 1, 7), (0, 2, 7), (0, 3, 7))((0, 1, 4), (0, 2, 4), (0, 3, 4), (1, 3, 4), (2, 3, 4))((0, 2, 6), (0, 3, 6), (0, 4, 6), (0, 4, 7), (0, 4, 8))((0, 0, 6), (0, 0, 7), (0, 0, 8), (0, 1, 8), (0, 2, 8))
70
((0, 0, 0), (0, 0, 1), (0, 0, 2), (1, 0, 2), (2, 0, 2))((1, 0, 1), (2, 0, 1), (3, 0, 1), (3, 1, 1), (3, 2, 1))((1, 0, 0), (1, 1, 0), (1, 2, 0), (2, 2, 0), (3, 2, 0))((2, 0, 0), (3, 0, 0), (4, 0, 0), (4, 0, 1), (4, 0, 2))((2, 1, 0), (3, 1, 0), (4, 1, 0), (4, 1, 1), (4, 1, 2))((2, 4, 0), (3, 4, 0), (4, 2, 0), (4, 3, 0), (4, 4, 0))((1, 2, 2), (1, 3, 2), (1, 4, 0), (1, 4, 1), (1, 4, 2))((3, 1, 2), (3, 2, 2), (3, 3, 0), (3, 3, 1), (3, 3, 2))((1, 0, 4), (2, 0, 4), (3, 0, 2), (3, 0, 3), (3, 0, 4))((0, 1, 0), (0, 2, 0), (0, 3, 0), (1, 3, 0), (2, 3, 0))((0, 2, 2), (0, 3, 2), (0, 4, 0), (0, 4, 1), (0, 4, 2))((1, 1, 1), (1, 1, 2), (1, 1, 3), (1, 2, 1), (1, 3, 1))((0, 1, 1), (0, 1, 2), (0, 1, 3), (0, 2, 1), (0, 3, 1))((0, 0, 3), (0, 0, 4), (0, 0, 5), (1, 0, 3), (2, 0, 3))((2, 1, 1), (2, 1, 2), (2, 1, 3), (3, 1, 3), (4, 1, 3))((2, 0, 5), (3, 0, 5), (4, 0, 3), (4, 0, 4), (4, 0, 5))((2, 4, 1), (3, 4, 1), (4, 2, 1), (4, 3, 1), (4, 4, 1))((2, 3, 1), (2, 3, 2), (2, 3, 3), (3, 3, 3), (4, 3, 3))((2, 2, 1), (2, 2, 2), (2, 2, 3), (3, 2, 3), (4, 2, 3))((2, 4, 2), (3, 4, 2), (4, 2, 2), (4, 3, 2), (4, 4, 2))((2, 4, 3), (2, 4, 4), (2, 4, 5), (3, 4, 3), (4, 4, 3))((1, 2, 3), (1, 3, 3), (1, 4, 3), (1, 4, 4), (1, 4, 5))((0, 2, 3), (0, 3, 3), (0, 4, 3), (0, 4, 4), (0, 4, 5))((2, 4, 6), (3, 4, 6), (4, 4, 4), (4, 4, 5), (4, 4, 6))((3, 2, 5), (3, 2, 6), (3, 2, 7), (3, 3, 5), (3, 4, 5))((1, 2, 4), (2, 2, 4), (3, 2, 4), (3, 3, 4), (3, 4, 4))((2, 4, 7), (3, 4, 7), (4, 2, 7), (4, 3, 7), (4, 4, 7))((2, 4, 8), (3, 4, 8), (4, 2, 8), (4, 3, 8), (4, 4, 8))((2, 1, 5), (3, 1, 5), (4, 1, 5), (4, 2, 5), (4, 3, 5))((2, 1, 4), (3, 1, 4), (4, 1, 4), (4, 2, 4), (4, 3, 4))((1, 1, 4), (1, 1, 5), (1, 1, 6), (2, 1, 6), (3, 1, 6))((1, 1, 7), (1, 2, 7), (1, 3, 7), (2, 1, 7), (3, 1, 7))((1, 0, 5), (1, 0, 6), (1, 0, 7), (2, 0, 7), (3, 0, 7))((0, 2, 5), (1, 2, 5), (2, 2, 5), (2, 2, 6), (2, 2, 7))((1, 2, 6), (1, 3, 6), (1, 4, 6), (1, 4, 7), (1, 4, 8))((4, 1, 6), (4, 1, 7), (4, 1, 8), (4, 2, 6), (4, 3, 6))((2, 0, 6), (3, 0, 6), (4, 0, 6), (4, 0, 7), (4, 0, 8))((1, 3, 8), (2, 3, 8), (3, 3, 6), (3, 3, 7), (3, 3, 8))((0, 3, 5), (1, 3, 5), (2, 3, 5), (2, 3, 6), (2, 3, 7))((0, 1, 4), (0, 2, 4), (0, 3, 4), (1, 3, 4), (2, 3, 4))((0, 1, 5), (0, 1, 6), (0, 1, 7), (0, 2, 7), (0, 3, 7))((0, 2, 6), (0, 3, 6), (0, 4, 6), (0, 4, 7), (0, 4, 8))((0, 1, 8), (0, 2, 8), (0, 3, 8), (1, 1, 8), (2, 1, 8))((1, 2, 8), (2, 2, 8), (3, 0, 8), (3, 1, 8), (3, 2, 8))((0, 0, 6), (0, 0, 7), (0, 0, 8), (1, 0, 8), (2, 0, 8))
71
((0, 0, 0), (0, 0, 1), (0, 0, 2), (1, 0, 2), (2, 0, 2))((1, 0, 1), (2, 0, 1), (3, 0, 1), (3, 1, 1), (3, 2, 1))((1, 0, 0), (1, 1, 0), (1, 2, 0), (2, 2, 0), (3, 2, 0))((2, 0, 0), (3, 0, 0), (4, 0, 0), (4, 0, 1), (4, 0, 2))((2, 1, 0), (3, 1, 0), (4, 1, 0), (4, 1, 1), (4, 1, 2))((2, 4, 0), (3, 4, 0), (4, 2, 0), (4, 3, 0), (4, 4, 0))((1, 4, 0), (1, 4, 1), (1, 4, 2), (2, 4, 2), (3, 4, 2))((2, 4, 1), (3, 4, 1), (4, 4, 1), (4, 4, 2), (4, 4, 3))((2, 2, 3), (3, 2, 3), (4, 2, 1), (4, 2, 2), (4, 2, 3))((0, 2, 2), (0, 3, 2), (0, 4, 0), (0, 4, 1), (0, 4, 2))((0, 1, 0), (0, 2, 0), (0, 3, 0), (1, 3, 0), (2, 3, 0))((1, 3, 2), (2, 3, 2), (3, 3, 0), (3, 3, 1), (3, 3, 2))((2, 3, 3), (3, 3, 3), (4, 3, 1), (4, 3, 2), (4, 3, 3))((1, 2, 2), (1, 2, 3), (1, 2, 4), (2, 2, 2), (3, 2, 2))((1, 1, 1), (1, 1, 2), (1, 1, 3), (1, 2, 1), (1, 3, 1))((0, 1, 1), (0, 1, 2), (0, 1, 3), (0, 2, 1), (0, 3, 1))((2, 1, 1), (2, 1, 2), (2, 1, 3), (2, 2, 1), (2, 3, 1))((1, 3, 3), (1, 3, 4), (1, 3, 5), (2, 3, 5), (3, 3, 5))((3, 1, 2), (3, 1, 3), (3, 1, 4), (3, 2, 4), (3, 3, 4))((1, 0, 4), (2, 0, 4), (3, 0, 2), (3, 0, 3), (3, 0, 4))((0, 0, 3), (0, 0, 4), (0, 0, 5), (1, 0, 3), (2, 0, 3))((2, 0, 5), (3, 0, 5), (4, 0, 3), (4, 0, 4), (4, 0, 5))((4, 1, 3), (4, 1, 4), (4, 1, 5), (4, 2, 5), (4, 3, 5))((4, 2, 4), (4, 3, 4), (4, 4, 4), (4, 4, 5), (4, 4, 6))((1, 4, 5), (2, 4, 5), (3, 4, 3), (3, 4, 4), (3, 4, 5))((0, 2, 3), (0, 3, 3), (0, 4, 3), (1, 4, 3), (2, 4, 3))((2, 4, 7), (3, 4, 7), (4, 2, 7), (4, 3, 7), (4, 4, 7))((2, 4, 8), (3, 4, 8), (4, 2, 8), (4, 3, 8), (4, 4, 8))((0, 4, 4), (1, 4, 4), (2, 2, 4), (2, 3, 4), (2, 4, 4))((2, 0, 6), (3, 0, 6), (4, 0, 6), (4, 0, 7), (4, 0, 8))((1, 1, 7), (2, 1, 7), (3, 1, 5), (3, 1, 6), (3, 1, 7))((1, 0, 5), (1, 0, 6), (1, 0, 7), (2, 0, 7), (3, 0, 7))((4, 1, 6), (4, 1, 7), (4, 1, 8), (4, 2, 6), (4, 3, 6))((1, 2, 7), (2, 2, 7), (3, 2, 5), (3, 2, 6), (3, 2, 7))((0, 2, 5), (0, 3, 5), (0, 4, 5), (1, 2, 5), (2, 2, 5))((0, 1, 4), (0, 1, 5), (0, 1, 6), (0, 2, 4), (0, 3, 4))((0, 1, 7), (0, 2, 7), (0, 3, 7), (1, 3, 7), (2, 3, 7))((1, 1, 4), (1, 1, 5), (1, 1, 6), (1, 2, 6), (1, 3, 6))((2, 1, 4), (2, 1, 5), (2, 1, 6), (2, 2, 6), (2, 3, 6))((1, 4, 6), (1, 4, 7), (1, 4, 8), (2, 4, 6), (3, 4, 6))((0, 2, 6), (0, 3, 6), (0, 4, 6), (0, 4, 7), (0, 4, 8))((3, 1, 8), (3, 2, 8), (3, 3, 6), (3, 3, 7), (3, 3, 8))((1, 0, 8), (1, 1, 8), (1, 2, 8), (2, 0, 8), (3, 0, 8))((0, 3, 8), (1, 3, 8), (2, 1, 8), (2, 2, 8), (2, 3, 8))((0, 0, 6), (0, 0, 7), (0, 0, 8), (0, 1, 8), (0, 2, 8))
72
((0, 0, 0), (0, 0, 1), (0, 0, 2), (1, 0, 2), (2, 0, 2))((1, 0, 1), (2, 0, 1), (3, 0, 1), (3, 1, 1), (3, 2, 1))((1, 0, 0), (1, 1, 0), (1, 2, 0), (2, 2, 0), (3, 2, 0))((2, 0, 0), (3, 0, 0), (4, 0, 0), (4, 0, 1), (4, 0, 2))((2, 1, 0), (3, 1, 0), (4, 1, 0), (4, 1, 1), (4, 1, 2))((2, 4, 0), (3, 4, 0), (4, 2, 0), (4, 3, 0), (4, 4, 0))((1, 4, 0), (1, 4, 1), (1, 4, 2), (2, 4, 2), (3, 4, 2))((2, 4, 1), (3, 4, 1), (4, 4, 1), (4, 4, 2), (4, 4, 3))((2, 2, 3), (3, 2, 3), (4, 2, 1), (4, 2, 2), (4, 2, 3))((0, 2, 2), (0, 3, 2), (0, 4, 0), (0, 4, 1), (0, 4, 2))((0, 1, 0), (0, 2, 0), (0, 3, 0), (1, 3, 0), (2, 3, 0))((1, 3, 2), (2, 3, 2), (3, 3, 0), (3, 3, 1), (3, 3, 2))((2, 3, 3), (3, 3, 3), (4, 3, 1), (4, 3, 2), (4, 3, 3))((1, 2, 2), (1, 2, 3), (1, 2, 4), (2, 2, 2), (3, 2, 2))((1, 1, 1), (1, 1, 2), (1, 1, 3), (1, 2, 1), (1, 3, 1))((0, 1, 1), (0, 1, 2), (0, 1, 3), (0, 2, 1), (0, 3, 1))((2, 1, 1), (2, 1, 2), (2, 1, 3), (2, 2, 1), (2, 3, 1))((1, 3, 3), (1, 3, 4), (1, 3, 5), (2, 3, 5), (3, 3, 5))((3, 1, 2), (3, 1, 3), (3, 1, 4), (3, 2, 4), (3, 3, 4))((1, 0, 4), (2, 0, 4), (3, 0, 2), (3, 0, 3), (3, 0, 4))((0, 0, 3), (0, 0, 4), (0, 0, 5), (1, 0, 3), (2, 0, 3))((2, 0, 5), (3, 0, 5), (4, 0, 3), (4, 0, 4), (4, 0, 5))((4, 1, 3), (4, 1, 4), (4, 1, 5), (4, 2, 5), (4, 3, 5))((4, 2, 4), (4, 3, 4), (4, 4, 4), (4, 4, 5), (4, 4, 6))((1, 4, 5), (2, 4, 5), (3, 4, 3), (3, 4, 4), (3, 4, 5))((0, 2, 3), (0, 3, 3), (0, 4, 3), (1, 4, 3), (2, 4, 3))((2, 4, 7), (3, 4, 7), (4, 2, 7), (4, 3, 7), (4, 4, 7))((2, 4, 8), (3, 4, 8), (4, 2, 8), (4, 3, 8), (4, 4, 8))((0, 4, 4), (1, 4, 4), (2, 2, 4), (2, 3, 4), (2, 4, 4))((2, 0, 6), (3, 0, 6), (4, 0, 6), (4, 0, 7), (4, 0, 8))((1, 1, 7), (2, 1, 7), (3, 1, 5), (3, 1, 6), (3, 1, 7))((1, 0, 5), (1, 0, 6), (1, 0, 7), (2, 0, 7), (3, 0, 7))((4, 1, 6), (4, 1, 7), (4, 1, 8), (4, 2, 6), (4, 3, 6))((1, 2, 7), (2, 2, 7), (3, 2, 5), (3, 2, 6), (3, 2, 7))((0, 2, 5), (0, 3, 5), (0, 4, 5), (1, 2, 5), (2, 2, 5))((0, 1, 4), (0, 1, 5), (0, 1, 6), (0, 2, 4), (0, 3, 4))((0, 1, 7), (0, 2, 7), (0, 3, 7), (1, 3, 7), (2, 3, 7))((1, 1, 4), (1, 1, 5), (1, 1, 6), (1, 2, 6), (1, 3, 6))((2, 1, 4), (2, 1, 5), (2, 1, 6), (2, 2, 6), (2, 3, 6))((1, 4, 6), (1, 4, 7), (1, 4, 8), (2, 4, 6), (3, 4, 6))((0, 2, 6), (0, 3, 6), (0, 4, 6), (0, 4, 7), (0, 4, 8))((1, 3, 8), (2, 3, 8), (3, 3, 6), (3, 3, 7), (3, 3, 8))((0, 1, 8), (0, 2, 8), (0, 3, 8), (1, 1, 8), (2, 1, 8))((1, 2, 8), (2, 2, 8), (3, 0, 8), (3, 1, 8), (3, 2, 8))((0, 0, 6), (0, 0, 7), (0, 0, 8), (1, 0, 8), (2, 0, 8))
73
((0, 0, 0), (0, 0, 1), (0, 0, 2), (1, 0, 2), (2, 0, 2))((1, 0, 1), (2, 0, 1), (3, 0, 1), (3, 1, 1), (3, 2, 1))((1, 0, 0), (1, 1, 0), (1, 2, 0), (2, 2, 0), (3, 2, 0))((2, 0, 0), (3, 0, 0), (4, 0, 0), (4, 0, 1), (4, 0, 2))((2, 1, 0), (3, 1, 0), (4, 1, 0), (4, 1, 1), (4, 1, 2))((2, 4, 0), (3, 4, 0), (4, 2, 0), (4, 3, 0), (4, 4, 0))((1, 4, 0), (1, 4, 1), (1, 4, 2), (2, 4, 2), (3, 4, 2))((2, 4, 1), (3, 4, 1), (4, 2, 1), (4, 3, 1), (4, 4, 1))((0, 2, 2), (0, 3, 2), (0, 4, 0), (0, 4, 1), (0, 4, 2))((0, 1, 0), (0, 2, 0), (0, 3, 0), (1, 3, 0), (2, 3, 0))((1, 3, 2), (2, 3, 2), (3, 3, 0), (3, 3, 1), (3, 3, 2))((1, 1, 1), (1, 1, 2), (1, 1, 3), (1, 2, 1), (1, 3, 1))((0, 1, 1), (0, 1, 2), (0, 1, 3), (0, 2, 1), (0, 3, 1))((2, 1, 1), (2, 1, 2), (2, 1, 3), (2, 2, 1), (2, 3, 1))((0, 0, 3), (0, 0, 4), (0, 0, 5), (0, 1, 5), (0, 2, 5))((0, 2, 3), (0, 3, 3), (0, 4, 3), (0, 4, 4), (0, 4, 5))((4, 2, 2), (4, 3, 2), (4, 4, 2), (4, 4, 3), (4, 4, 4))((0, 1, 4), (0, 2, 4), (0, 3, 4), (1, 1, 4), (2, 1, 4))((1, 2, 2), (2, 2, 2), (3, 0, 2), (3, 1, 2), (3, 2, 2))((1, 0, 3), (1, 0, 4), (1, 0, 5), (2, 0, 3), (3, 0, 3))((2, 2, 3), (3, 2, 3), (4, 0, 3), (4, 1, 3), (4, 2, 3))((3, 1, 3), (3, 1, 4), (3, 1, 5), (3, 2, 5), (3, 3, 5))((2, 3, 3), (3, 3, 3), (4, 3, 3), (4, 3, 4), (4, 3, 5))((1, 3, 4), (1, 3, 5), (1, 3, 6), (2, 3, 4), (3, 3, 4))((0, 1, 7), (0, 2, 7), (0, 3, 5), (0, 3, 6), (0, 3, 7))((1, 1, 5), (1, 1, 6), (1, 1, 7), (1, 2, 7), (1, 3, 7))((1, 2, 3), (1, 3, 3), (1, 4, 3), (2, 4, 3), (3, 4, 3))((1, 2, 4), (1, 2, 5), (1, 2, 6), (2, 2, 4), (3, 2, 4))((0, 0, 6), (0, 0, 7), (0, 0, 8), (0, 1, 6), (0, 2, 6))((1, 4, 4), (1, 4, 5), (1, 4, 6), (2, 4, 4), (3, 4, 4))((0, 4, 6), (0, 4, 7), (0, 4, 8), (1, 4, 8), (2, 4, 8))((1, 4, 7), (2, 4, 7), (3, 2, 7), (3, 3, 7), (3, 4, 7))((1, 2, 8), (2, 2, 8), (3, 2, 8), (3, 3, 8), (3, 4, 8))((0, 1, 8), (0, 2, 8), (0, 3, 8), (1, 3, 8), (2, 3, 8))((1, 1, 8), (2, 1, 8), (3, 1, 6), (3, 1, 7), (3, 1, 8))((2, 2, 5), (2, 3, 5), (2, 4, 5), (3, 4, 5), (4, 4, 5))((2, 1, 5), (2, 1, 6), (2, 1, 7), (2, 2, 7), (2, 3, 7))((2, 3, 6), (3, 3, 6), (4, 3, 6), (4, 3, 7), (4, 3, 8))((2, 4, 6), (3, 4, 6), (4, 4, 6), (4, 4, 7), (4, 4, 8))((2, 0, 4), (3, 0, 4), (4, 0, 4), (4, 1, 4), (4, 2, 4))((2, 2, 6), (3, 2, 6), (4, 0, 6), (4, 1, 6), (4, 2, 6))((2, 0, 7), (3, 0, 7), (4, 0, 7), (4, 1, 7), (4, 2, 7))((2, 0, 5), (3, 0, 5), (4, 0, 5), (4, 1, 5), (4, 2, 5))((2, 0, 8), (3, 0, 8), (4, 0, 8), (4, 1, 8), (4, 2, 8))((1, 0, 6), (1, 0, 7), (1, 0, 8), (2, 0, 6), (3, 0, 6))
74
((0, 0, 0), (0, 0, 1), (0, 0, 2), (1, 0, 2), (2, 0, 2))((1, 0, 1), (2, 0, 1), (3, 0, 1), (3, 1, 1), (3, 2, 1))((1, 0, 0), (1, 1, 0), (1, 2, 0), (2, 2, 0), (3, 2, 0))((2, 0, 0), (3, 0, 0), (4, 0, 0), (4, 0, 1), (4, 0, 2))((2, 1, 0), (3, 1, 0), (4, 1, 0), (4, 1, 1), (4, 1, 2))((2, 4, 0), (3, 4, 0), (4, 2, 0), (4, 3, 0), (4, 4, 0))((1, 4, 0), (1, 4, 1), (1, 4, 2), (2, 4, 2), (3, 4, 2))((2, 4, 1), (3, 4, 1), (4, 2, 1), (4, 3, 1), (4, 4, 1))((0, 2, 2), (0, 3, 2), (0, 4, 0), (0, 4, 1), (0, 4, 2))((0, 1, 0), (0, 2, 0), (0, 3, 0), (1, 3, 0), (2, 3, 0))((1, 3, 2), (2, 3, 2), (3, 3, 0), (3, 3, 1), (3, 3, 2))((1, 1, 1), (1, 1, 2), (1, 1, 3), (1, 2, 1), (1, 3, 1))((0, 1, 1), (0, 1, 2), (0, 1, 3), (0, 2, 1), (0, 3, 1))((2, 1, 1), (2, 1, 2), (2, 1, 3), (2, 2, 1), (2, 3, 1))((0, 0, 3), (0, 0, 4), (0, 0, 5), (0, 1, 5), (0, 2, 5))((0, 2, 3), (0, 3, 3), (0, 4, 3), (0, 4, 4), (0, 4, 5))((4, 2, 2), (4, 3, 2), (4, 4, 2), (4, 4, 3), (4, 4, 4))((0, 1, 4), (0, 2, 4), (0, 3, 4), (1, 1, 4), (2, 1, 4))((1, 2, 2), (2, 2, 2), (3, 0, 2), (3, 1, 2), (3, 2, 2))((1, 0, 3), (1, 0, 4), (1, 0, 5), (2, 0, 3), (3, 0, 3))((2, 2, 3), (3, 2, 3), (4, 0, 3), (4, 1, 3), (4, 2, 3))((3, 1, 3), (3, 1, 4), (3, 1, 5), (3, 2, 5), (3, 3, 5))((2, 3, 3), (3, 3, 3), (4, 3, 3), (4, 3, 4), (4, 3, 5))((1, 3, 4), (1, 3, 5), (1, 3, 6), (2, 3, 4), (3, 3, 4))((0, 1, 7), (0, 2, 7), (0, 3, 5), (0, 3, 6), (0, 3, 7))((1, 1, 5), (1, 1, 6), (1, 1, 7), (1, 2, 7), (1, 3, 7))((1, 2, 3), (1, 3, 3), (1, 4, 3), (2, 4, 3), (3, 4, 3))((1, 2, 4), (1, 2, 5), (1, 2, 6), (2, 2, 4), (3, 2, 4))((0, 0, 6), (0, 0, 7), (0, 0, 8), (0, 1, 6), (0, 2, 6))((1, 4, 4), (1, 4, 5), (1, 4, 6), (2, 4, 4), (3, 4, 4))((0, 2, 8), (0, 3, 8), (0, 4, 6), (0, 4, 7), (0, 4, 8))((0, 1, 8), (1, 1, 8), (2, 1, 8), (2, 2, 8), (2, 3, 8))((1, 2, 8), (1, 3, 8), (1, 4, 8), (2, 4, 8), (3, 4, 8))((1, 4, 7), (2, 4, 7), (3, 2, 7), (3, 3, 7), (3, 4, 7))((3, 1, 6), (3, 1, 7), (3, 1, 8), (3, 2, 8), (3, 3, 8))((2, 2, 5), (2, 3, 5), (2, 4, 5), (3, 4, 5), (4, 4, 5))((2, 1, 5), (2, 1, 6), (2, 1, 7), (2, 2, 7), (2, 3, 7))((2, 3, 6), (3, 3, 6), (4, 3, 6), (4, 3, 7), (4, 3, 8))((2, 4, 6), (3, 4, 6), (4, 4, 6), (4, 4, 7), (4, 4, 8))((2, 0, 4), (3, 0, 4), (4, 0, 4), (4, 1, 4), (4, 2, 4))((2, 2, 6), (3, 2, 6), (4, 0, 6), (4, 1, 6), (4, 2, 6))((2, 0, 7), (3, 0, 7), (4, 0, 7), (4, 1, 7), (4, 2, 7))((2, 0, 5), (3, 0, 5), (4, 0, 5), (4, 1, 5), (4, 2, 5))((2, 0, 8), (3, 0, 8), (4, 0, 8), (4, 1, 8), (4, 2, 8))((1, 0, 6), (1, 0, 7), (1, 0, 8), (2, 0, 6), (3, 0, 6))
75
((0, 0, 0), (0, 0, 1), (0, 0, 2), (1, 0, 2), (2, 0, 2))((1, 0, 1), (2, 0, 1), (3, 0, 1), (3, 1, 1), (3, 2, 1))((1, 0, 0), (1, 1, 0), (1, 2, 0), (2, 2, 0), (3, 2, 0))((2, 0, 0), (3, 0, 0), (4, 0, 0), (4, 0, 1), (4, 0, 2))((2, 1, 0), (3, 1, 0), (4, 1, 0), (4, 1, 1), (4, 1, 2))((2, 4, 0), (3, 4, 0), (4, 2, 0), (4, 3, 0), (4, 4, 0))((1, 4, 0), (1, 4, 1), (1, 4, 2), (2, 4, 2), (3, 4, 2))((2, 4, 1), (3, 4, 1), (4, 2, 1), (4, 3, 1), (4, 4, 1))((0, 2, 2), (0, 3, 2), (0, 4, 0), (0, 4, 1), (0, 4, 2))((0, 1, 0), (0, 2, 0), (0, 3, 0), (1, 3, 0), (2, 3, 0))((1, 3, 2), (2, 3, 2), (3, 3, 0), (3, 3, 1), (3, 3, 2))((1, 1, 1), (1, 1, 2), (1, 1, 3), (1, 2, 1), (1, 3, 1))((0, 1, 1), (0, 1, 2), (0, 1, 3), (0, 2, 1), (0, 3, 1))((2, 1, 1), (2, 1, 2), (2, 1, 3), (2, 2, 1), (2, 3, 1))((0, 0, 3), (0, 0, 4), (0, 0, 5), (0, 1, 5), (0, 2, 5))((0, 2, 3), (0, 3, 3), (0, 4, 3), (0, 4, 4), (0, 4, 5))((4, 2, 2), (4, 3, 2), (4, 4, 2), (4, 4, 3), (4, 4, 4))((0, 1, 4), (0, 2, 4), (0, 3, 4), (0, 3, 5), (0, 3, 6))((1, 2, 2), (2, 2, 2), (3, 0, 2), (3, 1, 2), (3, 2, 2))((1, 0, 3), (1, 0, 4), (1, 0, 5), (2, 0, 3), (3, 0, 3))((2, 2, 3), (3, 2, 3), (4, 0, 3), (4, 1, 3), (4, 2, 3))((3, 1, 3), (3, 1, 4), (3, 1, 5), (3, 2, 5), (3, 3, 5))((2, 3, 3), (3, 3, 3), (4, 3, 3), (4, 3, 4), (4, 3, 5))((1, 2, 3), (1, 3, 3), (1, 4, 3), (2, 4, 3), (3, 4, 3))((1, 4, 4), (2, 4, 4), (3, 2, 4), (3, 3, 4), (3, 4, 4))((1, 1, 4), (1, 1, 5), (1, 1, 6), (1, 2, 4), (1, 3, 4))((2, 1, 4), (2, 1, 5), (2, 1, 6), (2, 2, 4), (2, 3, 4))((2, 0, 4), (3, 0, 4), (4, 0, 4), (4, 1, 4), (4, 2, 4))((2, 2, 5), (2, 3, 5), (2, 4, 5), (3, 4, 5), (4, 4, 5))((1, 4, 5), (1, 4, 6), (1, 4, 7), (2, 4, 7), (3, 4, 7))((1, 2, 5), (1, 2, 6), (1, 2, 7), (2, 2, 7), (3, 2, 7))((0, 1, 7), (0, 2, 7), (0, 3, 7), (1, 1, 7), (2, 1, 7))((1, 3, 5), (1, 3, 6), (1, 3, 7), (2, 3, 7), (3, 3, 7))((0, 0, 6), (0, 0, 7), (0, 0, 8), (0, 1, 6), (0, 2, 6))((0, 4, 6), (0, 4, 7), (0, 4, 8), (1, 4, 8), (2, 4, 8))((1, 2, 8), (2, 2, 8), (3, 2, 8), (3, 3, 8), (3, 4, 8))((0, 1, 8), (0, 2, 8), (0, 3, 8), (1, 3, 8), (2, 3, 8))((1, 1, 8), (2, 1, 8), (3, 1, 6), (3, 1, 7), (3, 1, 8))((2, 3, 6), (3, 3, 6), (4, 3, 6), (4, 3, 7), (4, 3, 8))((2, 4, 6), (3, 4, 6), (4, 4, 6), (4, 4, 7), (4, 4, 8))((2, 2, 6), (3, 2, 6), (4, 0, 6), (4, 1, 6), (4, 2, 6))((2, 0, 7), (3, 0, 7), (4, 0, 7), (4, 1, 7), (4, 2, 7))((2, 0, 5), (3, 0, 5), (4, 0, 5), (4, 1, 5), (4, 2, 5))((2, 0, 8), (3, 0, 8), (4, 0, 8), (4, 1, 8), (4, 2, 8))((1, 0, 6), (1, 0, 7), (1, 0, 8), (2, 0, 6), (3, 0, 6))
76
((0, 0, 0), (0, 0, 1), (0, 0, 2), (1, 0, 2), (2, 0, 2))((1, 0, 1), (2, 0, 1), (3, 0, 1), (3, 1, 1), (3, 2, 1))((1, 0, 0), (1, 1, 0), (1, 2, 0), (2, 2, 0), (3, 2, 0))((2, 0, 0), (3, 0, 0), (4, 0, 0), (4, 0, 1), (4, 0, 2))((2, 1, 0), (3, 1, 0), (4, 1, 0), (4, 1, 1), (4, 1, 2))((2, 4, 0), (3, 4, 0), (4, 2, 0), (4, 3, 0), (4, 4, 0))((1, 4, 0), (1, 4, 1), (1, 4, 2), (2, 4, 2), (3, 4, 2))((2, 4, 1), (3, 4, 1), (4, 2, 1), (4, 3, 1), (4, 4, 1))((0, 2, 2), (0, 3, 2), (0, 4, 0), (0, 4, 1), (0, 4, 2))((0, 1, 0), (0, 2, 0), (0, 3, 0), (1, 3, 0), (2, 3, 0))((1, 3, 2), (2, 3, 2), (3, 3, 0), (3, 3, 1), (3, 3, 2))((1, 1, 1), (1, 1, 2), (1, 1, 3), (1, 2, 1), (1, 3, 1))((0, 1, 1), (0, 1, 2), (0, 1, 3), (0, 2, 1), (0, 3, 1))((2, 1, 1), (2, 1, 2), (2, 1, 3), (2, 2, 1), (2, 3, 1))((0, 0, 3), (0, 0, 4), (0, 0, 5), (0, 1, 5), (0, 2, 5))((0, 2, 3), (0, 3, 3), (0, 4, 3), (0, 4, 4), (0, 4, 5))((4, 2, 2), (4, 3, 2), (4, 4, 2), (4, 4, 3), (4, 4, 4))((0, 1, 4), (0, 2, 4), (0, 3, 4), (0, 3, 5), (0, 3, 6))((1, 2, 2), (2, 2, 2), (3, 0, 2), (3, 1, 2), (3, 2, 2))((1, 0, 3), (1, 0, 4), (1, 0, 5), (2, 0, 3), (3, 0, 3))((2, 2, 3), (3, 2, 3), (4, 0, 3), (4, 1, 3), (4, 2, 3))((3, 1, 3), (3, 1, 4), (3, 1, 5), (3, 2, 5), (3, 3, 5))((2, 3, 3), (3, 3, 3), (4, 3, 3), (4, 3, 4), (4, 3, 5))((1, 2, 3), (1, 3, 3), (1, 4, 3), (2, 4, 3), (3, 4, 3))((1, 4, 4), (2, 4, 4), (3, 2, 4), (3, 3, 4), (3, 4, 4))((1, 1, 4), (1, 1, 5), (1, 1, 6), (1, 2, 4), (1, 3, 4))((2, 1, 4), (2, 1, 5), (2, 1, 6), (2, 2, 4), (2, 3, 4))((2, 0, 4), (3, 0, 4), (4, 0, 4), (4, 1, 4), (4, 2, 4))((2, 2, 5), (2, 3, 5), (2, 4, 5), (3, 4, 5), (4, 4, 5))((1, 4, 5), (1, 4, 6), (1, 4, 7), (2, 4, 7), (3, 4, 7))((1, 2, 5), (1, 2, 6), (1, 2, 7), (2, 2, 7), (3, 2, 7))((0, 1, 7), (0, 2, 7), (0, 3, 7), (1, 1, 7), (2, 1, 7))((1, 3, 5), (1, 3, 6), (1, 3, 7), (2, 3, 7), (3, 3, 7))((0, 0, 6), (0, 0, 7), (0, 0, 8), (0, 1, 6), (0, 2, 6))((0, 2, 8), (0, 3, 8), (0, 4, 6), (0, 4, 7), (0, 4, 8))((0, 1, 8), (1, 1, 8), (2, 1, 8), (2, 2, 8), (2, 3, 8))((1, 2, 8), (1, 3, 8), (1, 4, 8), (2, 4, 8), (3, 4, 8))((3, 1, 6), (3, 1, 7), (3, 1, 8), (3, 2, 8), (3, 3, 8))((2, 3, 6), (3, 3, 6), (4, 3, 6), (4, 3, 7), (4, 3, 8))((2, 4, 6), (3, 4, 6), (4, 4, 6), (4, 4, 7), (4, 4, 8))((2, 2, 6), (3, 2, 6), (4, 0, 6), (4, 1, 6), (4, 2, 6))((2, 0, 7), (3, 0, 7), (4, 0, 7), (4, 1, 7), (4, 2, 7))((2, 0, 5), (3, 0, 5), (4, 0, 5), (4, 1, 5), (4, 2, 5))((2, 0, 8), (3, 0, 8), (4, 0, 8), (4, 1, 8), (4, 2, 8))((1, 0, 6), (1, 0, 7), (1, 0, 8), (2, 0, 6), (3, 0, 6))
77
((0, 0, 0), (0, 0, 1), (0, 0, 2), (1, 0, 2), (2, 0, 2))((1, 0, 1), (1, 1, 1), (1, 2, 1), (1, 2, 2), (1, 2, 3))((1, 0, 0), (2, 0, 0), (3, 0, 0), (3, 0, 1), (3, 0, 2))((2, 0, 1), (2, 1, 1), (2, 2, 1), (2, 2, 2), (2, 2, 3))((4, 0, 0), (4, 0, 1), (4, 0, 2), (4, 1, 2), (4, 2, 2))((2, 3, 1), (3, 3, 1), (4, 1, 1), (4, 2, 1), (4, 3, 1))((2, 1, 0), (2, 2, 0), (2, 3, 0), (3, 1, 0), (4, 1, 0))((1, 1, 0), (1, 2, 0), (1, 3, 0), (1, 3, 1), (1, 3, 2))((4, 2, 0), (4, 3, 0), (4, 4, 0), (4, 4, 1), (4, 4, 2))((1, 1, 3), (2, 1, 3), (3, 1, 1), (3, 1, 2), (3, 1, 3))((3, 2, 0), (3, 2, 1), (3, 2, 2), (3, 3, 0), (3, 4, 0))((0, 1, 0), (0, 1, 1), (0, 1, 2), (1, 1, 2), (2, 1, 2))((0, 2, 0), (0, 3, 0), (0, 4, 0), (1, 4, 0), (2, 4, 0))((2, 3, 2), (3, 3, 2), (4, 3, 2), (4, 3, 3), (4, 3, 4))((3, 2, 3), (3, 3, 3), (3, 4, 1), (3, 4, 2), (3, 4, 3))((2, 4, 5), (3, 4, 5), (4, 4, 3), (4, 4, 4), (4, 4, 5))((0, 2, 1), (0, 3, 1), (0, 4, 1), (1, 4, 1), (2, 4, 1))((0, 2, 2), (0, 3, 2), (0, 4, 2), (1, 4, 2), (2, 4, 2))((0, 4, 3), (0, 4, 4), (0, 4, 5), (1, 4, 3), (2, 4, 3))((0, 3, 3), (0, 3, 4), (0, 3, 5), (1, 3, 3), (2, 3, 3))((0, 0, 3), (0, 0, 4), (0, 0, 5), (0, 1, 3), (0, 2, 3))((1, 0, 3), (1, 0, 4), (1, 0, 5), (2, 0, 5), (3, 0, 5))((2, 0, 3), (3, 0, 3), (4, 0, 3), (4, 1, 3), (4, 2, 3))((0, 1, 4), (0, 1, 5), (0, 1, 6), (1, 1, 4), (2, 1, 4))((2, 0, 4), (3, 0, 4), (4, 0, 4), (4, 1, 4), (4, 2, 4))((0, 2, 4), (0, 2, 5), (0, 2, 6), (1, 2, 4), (2, 2, 4))((1, 4, 4), (1, 4, 5), (1, 4, 6), (2, 4, 4), (3, 4, 4))((0, 4, 6), (0, 4, 7), (0, 4, 8), (1, 4, 8), (2, 4, 8))((1, 2, 7), (1, 3, 7), (1, 4, 7), (2, 4, 7), (3, 4, 7))((0, 0, 7), (0, 1, 7), (0, 2, 7), (1, 0, 7), (2, 0, 7))((0, 0, 6), (1, 0, 6), (2, 0, 6), (2, 1, 6), (2, 2, 6))((1, 2, 8), (2, 2, 8), (3, 2, 8), (3, 3, 8), (3, 4, 8))((0, 0, 8), (0, 1, 8), (0, 2, 8), (1, 0, 8), (2, 0, 8))((3, 0, 6), (3, 0, 7), (3, 0, 8), (3, 1, 6), (3, 2, 6))((0, 3, 6), (0, 3, 7), (0, 3, 8), (1, 3, 8), (2, 3, 8))((1, 1, 6), (1, 1, 7), (1, 1, 8), (1, 2, 6), (1, 3, 6))((1, 3, 4), (2, 3, 4), (3, 1, 4), (3, 2, 4), (3, 3, 4))((1, 1, 5), (1, 2, 5), (1, 3, 5), (2, 1, 5), (3, 1, 5))((2, 2, 5), (3, 2, 5), (4, 0, 5), (4, 1, 5), (4, 2, 5))((2, 1, 8), (3, 1, 8), (4, 1, 8), (4, 2, 8), (4, 3, 8))((4, 0, 6), (4, 0, 7), (4, 0, 8), (4, 1, 6), (4, 2, 6))((3, 1, 7), (3, 2, 7), (3, 3, 5), (3, 3, 6), (3, 3, 7))((2, 4, 6), (3, 4, 6), (4, 4, 6), (4, 4, 7), (4, 4, 8))((2, 1, 7), (2, 2, 7), (2, 3, 5), (2, 3, 6), (2, 3, 7))((4, 1, 7), (4, 2, 7), (4, 3, 5), (4, 3, 6), (4, 3, 7))
78
((0, 0, 0), (0, 0, 1), (0, 0, 2), (1, 0, 2), (2, 0, 2))((1, 0, 1), (1, 1, 1), (1, 2, 1), (1, 2, 2), (1, 2, 3))((1, 0, 0), (2, 0, 0), (3, 0, 0), (3, 0, 1), (3, 0, 2))((2, 0, 1), (2, 1, 1), (2, 2, 1), (2, 2, 2), (2, 2, 3))((4, 0, 0), (4, 0, 1), (4, 0, 2), (4, 1, 2), (4, 2, 2))((2, 3, 1), (3, 3, 1), (4, 1, 1), (4, 2, 1), (4, 3, 1))((2, 1, 0), (2, 2, 0), (2, 3, 0), (3, 1, 0), (4, 1, 0))((1, 1, 0), (1, 2, 0), (1, 3, 0), (1, 3, 1), (1, 3, 2))((4, 2, 0), (4, 3, 0), (4, 4, 0), (4, 4, 1), (4, 4, 2))((1, 1, 3), (2, 1, 3), (3, 1, 1), (3, 1, 2), (3, 1, 3))((3, 2, 1), (3, 2, 2), (3, 2, 3), (3, 3, 3), (3, 4, 3))((2, 3, 2), (3, 3, 2), (4, 3, 2), (4, 3, 3), (4, 3, 4))((2, 4, 5), (3, 4, 5), (4, 4, 3), (4, 4, 4), (4, 4, 5))((3, 2, 0), (3, 3, 0), (3, 4, 0), (3, 4, 1), (3, 4, 2))((0, 1, 0), (0, 1, 1), (0, 1, 2), (1, 1, 2), (2, 1, 2))((0, 2, 0), (0, 3, 0), (0, 4, 0), (1, 4, 0), (2, 4, 0))((0, 2, 1), (0, 3, 1), (0, 4, 1), (1, 4, 1), (2, 4, 1))((0, 2, 2), (0, 3, 2), (0, 4, 2), (1, 4, 2), (2, 4, 2))((0, 4, 3), (0, 4, 4), (0, 4, 5), (1, 4, 3), (2, 4, 3))((0, 3, 3), (0, 3, 4), (0, 3, 5), (1, 3, 3), (2, 3, 3))((0, 0, 3), (0, 0, 4), (0, 0, 5), (0, 1, 3), (0, 2, 3))((1, 0, 3), (1, 0, 4), (1, 0, 5), (2, 0, 5), (3, 0, 5))((2, 0, 3), (3, 0, 3), (4, 0, 3), (4, 1, 3), (4, 2, 3))((0, 1, 4), (0, 1, 5), (0, 1, 6), (1, 1, 4), (2, 1, 4))((2, 0, 4), (3, 0, 4), (4, 0, 4), (4, 1, 4), (4, 2, 4))((0, 2, 4), (0, 2, 5), (0, 2, 6), (1, 2, 4), (2, 2, 4))((1, 4, 4), (1, 4, 5), (1, 4, 6), (2, 4, 4), (3, 4, 4))((0, 4, 6), (0, 4, 7), (0, 4, 8), (1, 4, 8), (2, 4, 8))((1, 2, 7), (1, 3, 7), (1, 4, 7), (2, 4, 7), (3, 4, 7))((0, 0, 7), (0, 1, 7), (0, 2, 7), (1, 0, 7), (2, 0, 7))((0, 0, 6), (1, 0, 6), (2, 0, 6), (2, 1, 6), (2, 2, 6))((1, 2, 8), (2, 2, 8), (3, 2, 8), (3, 3, 8), (3, 4, 8))((0, 0, 8), (0, 1, 8), (0, 2, 8), (1, 0, 8), (2, 0, 8))((3, 0, 6), (3, 0, 7), (3, 0, 8), (3, 1, 6), (3, 2, 6))((0, 3, 6), (0, 3, 7), (0, 3, 8), (1, 3, 8), (2, 3, 8))((1, 1, 6), (1, 1, 7), (1, 1, 8), (1, 2, 6), (1, 3, 6))((1, 3, 4), (2, 3, 4), (3, 1, 4), (3, 2, 4), (3, 3, 4))((1, 1, 5), (1, 2, 5), (1, 3, 5), (2, 1, 5), (3, 1, 5))((2, 2, 5), (3, 2, 5), (4, 0, 5), (4, 1, 5), (4, 2, 5))((2, 1, 8), (3, 1, 8), (4, 1, 8), (4, 2, 8), (4, 3, 8))((4, 0, 6), (4, 0, 7), (4, 0, 8), (4, 1, 6), (4, 2, 6))((3, 1, 7), (3, 2, 7), (3, 3, 5), (3, 3, 6), (3, 3, 7))((2, 4, 6), (3, 4, 6), (4, 4, 6), (4, 4, 7), (4, 4, 8))((2, 1, 7), (2, 2, 7), (2, 3, 5), (2, 3, 6), (2, 3, 7))((4, 1, 7), (4, 2, 7), (4, 3, 5), (4, 3, 6), (4, 3, 7))
79
((0, 0, 0), (0, 0, 1), (0, 0, 2), (1, 0, 2), (2, 0, 2))((1, 0, 1), (1, 1, 1), (1, 2, 1), (1, 2, 2), (1, 2, 3))((1, 0, 0), (2, 0, 0), (3, 0, 0), (3, 0, 1), (3, 0, 2))((2, 0, 1), (2, 1, 1), (2, 2, 1), (2, 2, 2), (2, 2, 3))((4, 0, 0), (4, 0, 1), (4, 0, 2), (4, 1, 2), (4, 2, 2))((4, 1, 1), (4, 2, 1), (4, 3, 1), (4, 3, 2), (4, 3, 3))((2, 3, 0), (3, 3, 0), (4, 1, 0), (4, 2, 0), (4, 3, 0))((2, 4, 0), (3, 4, 0), (4, 4, 0), (4, 4, 1), (4, 4, 2))((1, 2, 0), (1, 3, 0), (1, 4, 0), (2, 2, 0), (3, 2, 0))((0, 1, 0), (0, 2, 0), (0, 3, 0), (1, 1, 0), (2, 1, 0))((1, 1, 2), (2, 1, 2), (3, 1, 0), (3, 1, 1), (3, 1, 2))((0, 4, 0), (0, 4, 1), (0, 4, 2), (1, 4, 2), (2, 4, 2))((1, 4, 1), (2, 4, 1), (3, 4, 1), (3, 4, 2), (3, 4, 3))((3, 0, 3), (3, 1, 3), (3, 2, 1), (3, 2, 2), (3, 2, 3))((4, 2, 5), (4, 3, 5), (4, 4, 3), (4, 4, 4), (4, 4, 5))((4, 0, 3), (4, 0, 4), (4, 0, 5), (4, 1, 3), (4, 2, 3))((1, 3, 3), (2, 3, 3), (3, 3, 1), (3, 3, 2), (3, 3, 3))((0, 1, 2), (0, 2, 2), (0, 3, 2), (1, 3, 2), (2, 3, 2))((0, 1, 1), (0, 2, 1), (0, 3, 1), (1, 3, 1), (2, 3, 1))((0, 0, 3), (0, 0, 4), (0, 0, 5), (1, 0, 3), (2, 0, 3))((0, 1, 3), (0, 2, 3), (0, 3, 3), (1, 1, 3), (2, 1, 3))((0, 4, 3), (0, 4, 4), (0, 4, 5), (1, 4, 3), (2, 4, 3))((2, 3, 4), (3, 3, 4), (4, 1, 4), (4, 2, 4), (4, 3, 4))((1, 2, 4), (1, 3, 4), (1, 4, 4), (2, 4, 4), (3, 4, 4))((0, 1, 4), (0, 2, 4), (0, 3, 4), (1, 1, 4), (2, 1, 4))((2, 0, 6), (2, 1, 6), (2, 2, 4), (2, 2, 5), (2, 2, 6))((4, 1, 5), (4, 1, 6), (4, 1, 7), (4, 2, 7), (4, 3, 7))((4, 2, 6), (4, 3, 6), (4, 4, 6), (4, 4, 7), (4, 4, 8))((4, 0, 6), (4, 0, 7), (4, 0, 8), (4, 1, 8), (4, 2, 8))((2, 1, 8), (2, 2, 8), (2, 3, 8), (3, 3, 8), (4, 3, 8))((1, 0, 4), (2, 0, 4), (3, 0, 4), (3, 1, 4), (3, 2, 4))((1, 0, 5), (1, 0, 6), (1, 0, 7), (2, 0, 5), (3, 0, 5))((0, 2, 7), (1, 2, 7), (2, 0, 7), (2, 1, 7), (2, 2, 7))((0, 0, 6), (0, 0, 7), (0, 0, 8), (1, 0, 8), (2, 0, 8))((1, 1, 6), (1, 1, 7), (1, 1, 8), (1, 2, 6), (1, 3, 6))((1, 2, 8), (1, 3, 8), (1, 4, 8), (2, 4, 8), (3, 4, 8))((0, 3, 7), (1, 3, 7), (2, 3, 5), (2, 3, 6), (2, 3, 7))((0, 1, 5), (0, 2, 5), (0, 3, 5), (1, 1, 5), (2, 1, 5))((0, 1, 6), (0, 1, 7), (0, 1, 8), (0, 2, 8), (0, 3, 8))((0, 2, 6), (0, 3, 6), (0, 4, 6), (0, 4, 7), (0, 4, 8))((1, 4, 6), (2, 4, 6), (3, 2, 6), (3, 3, 6), (3, 4, 6))((1, 4, 7), (2, 4, 7), (3, 2, 7), (3, 3, 7), (3, 4, 7))((1, 2, 5), (1, 3, 5), (1, 4, 5), (2, 4, 5), (3, 4, 5))((3, 1, 5), (3, 1, 6), (3, 1, 7), (3, 2, 5), (3, 3, 5))((3, 0, 6), (3, 0, 7), (3, 0, 8), (3, 1, 8), (3, 2, 8))
80
((0, 0, 0), (0, 0, 1), (0, 0, 2), (1, 0, 2), (2, 0, 2))((1, 0, 1), (1, 1, 1), (1, 2, 1), (1, 2, 2), (1, 2, 3))((1, 0, 0), (2, 0, 0), (3, 0, 0), (3, 0, 1), (3, 0, 2))((2, 0, 1), (2, 1, 1), (2, 2, 1), (2, 2, 2), (2, 2, 3))((4, 0, 0), (4, 0, 1), (4, 0, 2), (4, 1, 2), (4, 2, 2))((4, 1, 1), (4, 2, 1), (4, 3, 1), (4, 3, 2), (4, 3, 3))((2, 3, 0), (3, 3, 0), (4, 1, 0), (4, 2, 0), (4, 3, 0))((2, 4, 0), (3, 4, 0), (4, 4, 0), (4, 4, 1), (4, 4, 2))((1, 2, 0), (1, 3, 0), (1, 4, 0), (2, 2, 0), (3, 2, 0))((0, 1, 0), (0, 2, 0), (0, 3, 0), (1, 1, 0), (2, 1, 0))((1, 1, 2), (2, 1, 2), (3, 1, 0), (3, 1, 1), (3, 1, 2))((0, 4, 0), (0, 4, 1), (0, 4, 2), (1, 4, 2), (2, 4, 2))((1, 4, 1), (2, 4, 1), (3, 4, 1), (3, 4, 2), (3, 4, 3))((3, 0, 3), (3, 1, 3), (3, 2, 1), (3, 2, 2), (3, 2, 3))((4, 2, 5), (4, 3, 5), (4, 4, 3), (4, 4, 4), (4, 4, 5))((4, 0, 3), (4, 0, 4), (4, 0, 5), (4, 1, 3), (4, 2, 3))((1, 3, 3), (2, 3, 3), (3, 3, 1), (3, 3, 2), (3, 3, 3))((0, 1, 2), (0, 2, 2), (0, 3, 2), (1, 3, 2), (2, 3, 2))((0, 1, 1), (0, 2, 1), (0, 3, 1), (1, 3, 1), (2, 3, 1))((0, 0, 3), (0, 0, 4), (0, 0, 5), (1, 0, 3), (2, 0, 3))((0, 1, 3), (0, 2, 3), (0, 3, 3), (1, 1, 3), (2, 1, 3))((0, 4, 3), (0, 4, 4), (0, 4, 5), (1, 4, 3), (2, 4, 3))((2, 3, 4), (3, 3, 4), (4, 1, 4), (4, 2, 4), (4, 3, 4))((1, 2, 4), (1, 3, 4), (1, 4, 4), (2, 4, 4), (3, 4, 4))((0, 1, 4), (0, 2, 4), (0, 3, 4), (1, 1, 4), (2, 1, 4))((2, 0, 6), (2, 1, 6), (2, 2, 4), (2, 2, 5), (2, 2, 6))((4, 1, 5), (4, 1, 6), (4, 1, 7), (4, 2, 7), (4, 3, 7))((4, 2, 6), (4, 3, 6), (4, 4, 6), (4, 4, 7), (4, 4, 8))((4, 0, 6), (4, 0, 7), (4, 0, 8), (4, 1, 8), (4, 2, 8))((2, 1, 8), (2, 2, 8), (2, 3, 8), (3, 3, 8), (4, 3, 8))((1, 0, 4), (2, 0, 4), (3, 0, 4), (3, 1, 4), (3, 2, 4))((1, 0, 5), (1, 0, 6), (1, 0, 7), (2, 0, 5), (3, 0, 5))((0, 2, 7), (1, 2, 7), (2, 0, 7), (2, 1, 7), (2, 2, 7))((0, 0, 6), (0, 0, 7), (0, 0, 8), (1, 0, 8), (2, 0, 8))((1, 1, 6), (1, 1, 7), (1, 1, 8), (1, 2, 6), (1, 3, 6))((1, 2, 8), (1, 3, 8), (1, 4, 8), (2, 4, 8), (3, 4, 8))((0, 3, 7), (1, 3, 7), (2, 3, 5), (2, 3, 6), (2, 3, 7))((0, 1, 5), (0, 2, 5), (0, 3, 5), (1, 1, 5), (2, 1, 5))((0, 2, 8), (0, 3, 8), (0, 4, 6), (0, 4, 7), (0, 4, 8))((0, 1, 6), (0, 1, 7), (0, 1, 8), (0, 2, 6), (0, 3, 6))((1, 4, 6), (2, 4, 6), (3, 2, 6), (3, 3, 6), (3, 4, 6))((1, 4, 7), (2, 4, 7), (3, 2, 7), (3, 3, 7), (3, 4, 7))((1, 2, 5), (1, 3, 5), (1, 4, 5), (2, 4, 5), (3, 4, 5))((3, 1, 5), (3, 1, 6), (3, 1, 7), (3, 2, 5), (3, 3, 5))((3, 0, 6), (3, 0, 7), (3, 0, 8), (3, 1, 8), (3, 2, 8))
81
((0, 0, 0), (0, 0, 1), (0, 0, 2), (1, 0, 2), (2, 0, 2))((1, 0, 1), (1, 1, 1), (1, 2, 1), (1, 2, 2), (1, 2, 3))((1, 0, 0), (2, 0, 0), (3, 0, 0), (3, 0, 1), (3, 0, 2))((2, 0, 1), (2, 1, 1), (2, 2, 1), (2, 2, 2), (2, 2, 3))((4, 0, 0), (4, 0, 1), (4, 0, 2), (4, 1, 2), (4, 2, 2))((4, 1, 1), (4, 2, 1), (4, 3, 1), (4, 3, 2), (4, 3, 3))((2, 3, 0), (3, 3, 0), (4, 1, 0), (4, 2, 0), (4, 3, 0))((2, 4, 0), (3, 4, 0), (4, 4, 0), (4, 4, 1), (4, 4, 2))((1, 2, 0), (1, 3, 0), (1, 4, 0), (2, 2, 0), (3, 2, 0))((0, 1, 0), (0, 2, 0), (0, 3, 0), (1, 1, 0), (2, 1, 0))((1, 1, 2), (2, 1, 2), (3, 1, 0), (3, 1, 1), (3, 1, 2))((0, 4, 0), (0, 4, 1), (0, 4, 2), (1, 4, 2), (2, 4, 2))((1, 4, 1), (2, 4, 1), (3, 4, 1), (3, 4, 2), (3, 4, 3))((3, 0, 3), (3, 1, 3), (3, 2, 1), (3, 2, 2), (3, 2, 3))((4, 2, 5), (4, 3, 5), (4, 4, 3), (4, 4, 4), (4, 4, 5))((4, 0, 3), (4, 0, 4), (4, 0, 5), (4, 1, 3), (4, 2, 3))((1, 3, 3), (2, 3, 3), (3, 3, 1), (3, 3, 2), (3, 3, 3))((0, 1, 2), (0, 2, 2), (0, 3, 2), (1, 3, 2), (2, 3, 2))((0, 1, 1), (0, 2, 1), (0, 3, 1), (1, 3, 1), (2, 3, 1))((0, 0, 3), (0, 0, 4), (0, 0, 5), (1, 0, 3), (2, 0, 3))((0, 1, 3), (0, 2, 3), (0, 3, 3), (1, 1, 3), (2, 1, 3))((0, 4, 3), (0, 4, 4), (0, 4, 5), (1, 4, 3), (2, 4, 3))((2, 1, 4), (3, 1, 4), (4, 1, 4), (4, 2, 4), (4, 3, 4))((0, 1, 4), (0, 2, 4), (0, 3, 4), (1, 3, 4), (2, 3, 4))((1, 4, 4), (2, 4, 4), (3, 2, 4), (3, 3, 4), (3, 4, 4))((2, 0, 6), (2, 1, 6), (2, 2, 4), (2, 2, 5), (2, 2, 6))((4, 1, 5), (4, 1, 6), (4, 1, 7), (4, 2, 7), (4, 3, 7))((4, 2, 6), (4, 3, 6), (4, 4, 6), (4, 4, 7), (4, 4, 8))((4, 0, 6), (4, 0, 7), (4, 0, 8), (4, 1, 8), (4, 2, 8))((2, 1, 8), (2, 2, 8), (2, 3, 8), (3, 3, 8), (4, 3, 8))((1, 0, 4), (1, 1, 4), (1, 2, 4), (2, 0, 4), (3, 0, 4))((1, 0, 5), (1, 0, 6), (1, 0, 7), (2, 0, 5), (3, 0, 5))((0, 2, 7), (1, 2, 7), (2, 0, 7), (2, 1, 7), (2, 2, 7))((0, 0, 6), (0, 0, 7), (0, 0, 8), (1, 0, 8), (2, 0, 8))((1, 1, 6), (1, 1, 7), (1, 1, 8), (1, 2, 6), (1, 3, 6))((1, 2, 8), (1, 3, 8), (1, 4, 8), (2, 4, 8), (3, 4, 8))((0, 3, 7), (1, 3, 7), (2, 3, 5), (2, 3, 6), (2, 3, 7))((0, 1, 5), (0, 2, 5), (0, 3, 5), (1, 1, 5), (2, 1, 5))((0, 1, 6), (0, 1, 7), (0, 1, 8), (0, 2, 8), (0, 3, 8))((0, 2, 6), (0, 3, 6), (0, 4, 6), (0, 4, 7), (0, 4, 8))((1, 4, 6), (2, 4, 6), (3, 2, 6), (3, 3, 6), (3, 4, 6))((1, 4, 7), (2, 4, 7), (3, 2, 7), (3, 3, 7), (3, 4, 7))((1, 2, 5), (1, 3, 5), (1, 4, 5), (2, 4, 5), (3, 4, 5))((3, 1, 5), (3, 1, 6), (3, 1, 7), (3, 2, 5), (3, 3, 5))((3, 0, 6), (3, 0, 7), (3, 0, 8), (3, 1, 8), (3, 2, 8))
82
((0, 0, 0), (0, 0, 1), (0, 0, 2), (1, 0, 2), (2, 0, 2))((1, 0, 1), (1, 1, 1), (1, 2, 1), (1, 2, 2), (1, 2, 3))((1, 0, 0), (2, 0, 0), (3, 0, 0), (3, 0, 1), (3, 0, 2))((2, 0, 1), (2, 1, 1), (2, 2, 1), (2, 2, 2), (2, 2, 3))((4, 0, 0), (4, 0, 1), (4, 0, 2), (4, 1, 2), (4, 2, 2))((4, 1, 1), (4, 2, 1), (4, 3, 1), (4, 3, 2), (4, 3, 3))((2, 3, 0), (3, 3, 0), (4, 1, 0), (4, 2, 0), (4, 3, 0))((2, 4, 0), (3, 4, 0), (4, 4, 0), (4, 4, 1), (4, 4, 2))((1, 2, 0), (1, 3, 0), (1, 4, 0), (2, 2, 0), (3, 2, 0))((0, 1, 0), (0, 2, 0), (0, 3, 0), (1, 1, 0), (2, 1, 0))((1, 1, 2), (2, 1, 2), (3, 1, 0), (3, 1, 1), (3, 1, 2))((0, 4, 0), (0, 4, 1), (0, 4, 2), (1, 4, 2), (2, 4, 2))((1, 4, 1), (2, 4, 1), (3, 4, 1), (3, 4, 2), (3, 4, 3))((3, 0, 3), (3, 1, 3), (3, 2, 1), (3, 2, 2), (3, 2, 3))((4, 2, 5), (4, 3, 5), (4, 4, 3), (4, 4, 4), (4, 4, 5))((4, 0, 3), (4, 0, 4), (4, 0, 5), (4, 1, 3), (4, 2, 3))((1, 3, 3), (2, 3, 3), (3, 3, 1), (3, 3, 2), (3, 3, 3))((0, 1, 2), (0, 2, 2), (0, 3, 2), (1, 3, 2), (2, 3, 2))((0, 1, 1), (0, 2, 1), (0, 3, 1), (1, 3, 1), (2, 3, 1))((0, 0, 3), (0, 0, 4), (0, 0, 5), (1, 0, 3), (2, 0, 3))((0, 1, 3), (0, 2, 3), (0, 3, 3), (1, 1, 3), (2, 1, 3))((0, 4, 3), (0, 4, 4), (0, 4, 5), (1, 4, 3), (2, 4, 3))((2, 1, 4), (3, 1, 4), (4, 1, 4), (4, 2, 4), (4, 3, 4))((0, 1, 4), (0, 2, 4), (0, 3, 4), (1, 3, 4), (2, 3, 4))((1, 4, 4), (2, 4, 4), (3, 2, 4), (3, 3, 4), (3, 4, 4))((2, 0, 6), (2, 1, 6), (2, 2, 4), (2, 2, 5), (2, 2, 6))((4, 1, 5), (4, 1, 6), (4, 1, 7), (4, 2, 7), (4, 3, 7))((4, 2, 6), (4, 3, 6), (4, 4, 6), (4, 4, 7), (4, 4, 8))((4, 0, 6), (4, 0, 7), (4, 0, 8), (4, 1, 8), (4, 2, 8))((2, 1, 8), (2, 2, 8), (2, 3, 8), (3, 3, 8), (4, 3, 8))((1, 0, 4), (1, 1, 4), (1, 2, 4), (2, 0, 4), (3, 0, 4))((1, 0, 5), (1, 0, 6), (1, 0, 7), (2, 0, 5), (3, 0, 5))((0, 2, 7), (1, 2, 7), (2, 0, 7), (2, 1, 7), (2, 2, 7))((0, 0, 6), (0, 0, 7), (0, 0, 8), (1, 0, 8), (2, 0, 8))((1, 1, 6), (1, 1, 7), (1, 1, 8), (1, 2, 6), (1, 3, 6))((1, 2, 8), (1, 3, 8), (1, 4, 8), (2, 4, 8), (3, 4, 8))((0, 3, 7), (1, 3, 7), (2, 3, 5), (2, 3, 6), (2, 3, 7))((0, 1, 5), (0, 2, 5), (0, 3, 5), (1, 1, 5), (2, 1, 5))((0, 2, 8), (0, 3, 8), (0, 4, 6), (0, 4, 7), (0, 4, 8))((0, 1, 6), (0, 1, 7), (0, 1, 8), (0, 2, 6), (0, 3, 6))((1, 4, 6), (2, 4, 6), (3, 2, 6), (3, 3, 6), (3, 4, 6))((1, 4, 7), (2, 4, 7), (3, 2, 7), (3, 3, 7), (3, 4, 7))((1, 2, 5), (1, 3, 5), (1, 4, 5), (2, 4, 5), (3, 4, 5))((3, 1, 5), (3, 1, 6), (3, 1, 7), (3, 2, 5), (3, 3, 5))((3, 0, 6), (3, 0, 7), (3, 0, 8), (3, 1, 8), (3, 2, 8))
83
((0, 0, 0), (0, 0, 1), (0, 0, 2), (1, 0, 2), (2, 0, 2))((1, 0, 1), (1, 1, 1), (1, 2, 1), (1, 2, 2), (1, 2, 3))((1, 0, 0), (2, 0, 0), (3, 0, 0), (3, 0, 1), (3, 0, 2))((2, 0, 1), (2, 1, 1), (2, 2, 1), (2, 2, 2), (2, 2, 3))((4, 0, 0), (4, 0, 1), (4, 0, 2), (4, 1, 2), (4, 2, 2))((4, 1, 1), (4, 2, 1), (4, 3, 1), (4, 3, 2), (4, 3, 3))((2, 3, 0), (3, 3, 0), (4, 1, 0), (4, 2, 0), (4, 3, 0))((2, 4, 0), (3, 4, 0), (4, 4, 0), (4, 4, 1), (4, 4, 2))((1, 2, 0), (1, 3, 0), (1, 4, 0), (2, 2, 0), (3, 2, 0))((0, 1, 0), (0, 2, 0), (0, 3, 0), (1, 1, 0), (2, 1, 0))((1, 1, 2), (2, 1, 2), (3, 1, 0), (3, 1, 1), (3, 1, 2))((0, 4, 0), (0, 4, 1), (0, 4, 2), (1, 4, 2), (2, 4, 2))((1, 4, 1), (2, 4, 1), (3, 4, 1), (3, 4, 2), (3, 4, 3))((3, 0, 3), (3, 1, 3), (3, 2, 1), (3, 2, 2), (3, 2, 3))((2, 4, 5), (3, 4, 5), (4, 4, 3), (4, 4, 4), (4, 4, 5))((0, 4, 3), (0, 4, 4), (0, 4, 5), (1, 4, 3), (2, 4, 3))((1, 3, 3), (2, 3, 3), (3, 3, 1), (3, 3, 2), (3, 3, 3))((0, 1, 2), (0, 2, 2), (0, 3, 2), (1, 3, 2), (2, 3, 2))((0, 1, 1), (0, 2, 1), (0, 3, 1), (1, 3, 1), (2, 3, 1))((4, 0, 3), (4, 0, 4), (4, 0, 5), (4, 1, 3), (4, 2, 3))((0, 1, 3), (0, 2, 3), (0, 3, 3), (1, 1, 3), (2, 1, 3))((0, 0, 3), (0, 0, 4), (0, 0, 5), (1, 0, 3), (2, 0, 3))((1, 2, 4), (1, 3, 4), (1, 4, 4), (2, 4, 4), (3, 4, 4))((1, 4, 5), (1, 4, 6), (1, 4, 7), (2, 4, 7), (3, 4, 7))((0, 1, 4), (0, 2, 4), (0, 3, 4), (1, 1, 4), (2, 1, 4))((2, 3, 4), (3, 3, 4), (4, 1, 4), (4, 2, 4), (4, 3, 4))((0, 2, 6), (1, 2, 6), (2, 2, 4), (2, 2, 5), (2, 2, 6))((0, 4, 6), (0, 4, 7), (0, 4, 8), (1, 4, 8), (2, 4, 8))((1, 2, 8), (2, 2, 8), (3, 2, 8), (3, 3, 8), (3, 4, 8))((2, 4, 6), (3, 4, 6), (4, 4, 6), (4, 4, 7), (4, 4, 8))((0, 3, 6), (0, 3, 7), (0, 3, 8), (1, 3, 8), (2, 3, 8))((0, 0, 6), (0, 0, 7), (0, 0, 8), (0, 1, 8), (0, 2, 8))((0, 2, 7), (1, 2, 7), (2, 0, 7), (2, 1, 7), (2, 2, 7))((0, 1, 5), (0, 1, 6), (0, 1, 7), (0, 2, 5), (0, 3, 5))((1, 1, 6), (1, 1, 7), (1, 1, 8), (2, 1, 6), (3, 1, 6))((2, 1, 8), (3, 1, 8), (4, 1, 8), (4, 2, 8), (4, 3, 8))((2, 0, 8), (3, 0, 8), (4, 0, 6), (4, 0, 7), (4, 0, 8))((2, 3, 6), (3, 3, 6), (4, 1, 6), (4, 2, 6), (4, 3, 6))((2, 3, 7), (3, 3, 7), (4, 1, 7), (4, 2, 7), (4, 3, 7))((1, 0, 6), (1, 0, 7), (1, 0, 8), (2, 0, 6), (3, 0, 6))((3, 0, 7), (3, 1, 7), (3, 2, 5), (3, 2, 6), (3, 2, 7))((1, 0, 5), (1, 1, 5), (1, 2, 5), (2, 0, 5), (3, 0, 5))((1, 3, 5), (1, 3, 6), (1, 3, 7), (2, 3, 5), (3, 3, 5))((2, 1, 5), (3, 1, 5), (4, 1, 5), (4, 2, 5), (4, 3, 5))((1, 0, 4), (2, 0, 4), (3, 0, 4), (3, 1, 4), (3, 2, 4))
84
((0, 0, 0), (0, 0, 1), (0, 0, 2), (1, 0, 2), (2, 0, 2))((1, 0, 1), (1, 1, 1), (1, 2, 1), (1, 2, 2), (1, 2, 3))((1, 0, 0), (2, 0, 0), (3, 0, 0), (3, 0, 1), (3, 0, 2))((2, 0, 1), (2, 1, 1), (2, 2, 1), (2, 2, 2), (2, 2, 3))((4, 0, 0), (4, 0, 1), (4, 0, 2), (4, 1, 2), (4, 2, 2))((4, 1, 1), (4, 2, 1), (4, 3, 1), (4, 3, 2), (4, 3, 3))((2, 3, 0), (3, 3, 0), (4, 1, 0), (4, 2, 0), (4, 3, 0))((2, 4, 0), (3, 4, 0), (4, 4, 0), (4, 4, 1), (4, 4, 2))((1, 2, 0), (1, 3, 0), (1, 4, 0), (2, 2, 0), (3, 2, 0))((0, 1, 0), (0, 2, 0), (0, 3, 0), (1, 1, 0), (2, 1, 0))((1, 1, 2), (2, 1, 2), (3, 1, 0), (3, 1, 1), (3, 1, 2))((0, 4, 0), (0, 4, 1), (0, 4, 2), (1, 4, 2), (2, 4, 2))((1, 4, 1), (2, 4, 1), (3, 4, 1), (3, 4, 2), (3, 4, 3))((3, 0, 3), (3, 1, 3), (3, 2, 1), (3, 2, 2), (3, 2, 3))((2, 4, 5), (3, 4, 5), (4, 4, 3), (4, 4, 4), (4, 4, 5))((0, 4, 3), (0, 4, 4), (0, 4, 5), (1, 4, 3), (2, 4, 3))((1, 3, 3), (2, 3, 3), (3, 3, 1), (3, 3, 2), (3, 3, 3))((0, 1, 2), (0, 2, 2), (0, 3, 2), (1, 3, 2), (2, 3, 2))((0, 1, 1), (0, 2, 1), (0, 3, 1), (1, 3, 1), (2, 3, 1))((4, 0, 3), (4, 0, 4), (4, 0, 5), (4, 1, 3), (4, 2, 3))((0, 1, 3), (0, 2, 3), (0, 3, 3), (1, 1, 3), (2, 1, 3))((0, 0, 3), (0, 0, 4), (0, 0, 5), (1, 0, 3), (2, 0, 3))((1, 2, 4), (1, 3, 4), (1, 4, 4), (2, 4, 4), (3, 4, 4))((1, 4, 5), (1, 4, 6), (1, 4, 7), (2, 4, 7), (3, 4, 7))((0, 1, 4), (0, 2, 4), (0, 3, 4), (1, 1, 4), (2, 1, 4))((2, 3, 4), (3, 3, 4), (4, 1, 4), (4, 2, 4), (4, 3, 4))((0, 2, 6), (1, 2, 6), (2, 2, 4), (2, 2, 5), (2, 2, 6))((0, 4, 6), (0, 4, 7), (0, 4, 8), (1, 4, 8), (2, 4, 8))((1, 2, 8), (2, 2, 8), (3, 2, 8), (3, 3, 8), (3, 4, 8))((2, 4, 6), (3, 4, 6), (4, 4, 6), (4, 4, 7), (4, 4, 8))((0, 3, 6), (0, 3, 7), (0, 3, 8), (1, 3, 8), (2, 3, 8))((0, 0, 6), (0, 0, 7), (0, 0, 8), (0, 1, 8), (0, 2, 8))((0, 2, 7), (1, 2, 7), (2, 0, 7), (2, 1, 7), (2, 2, 7))((0, 1, 5), (0, 1, 6), (0, 1, 7), (0, 2, 5), (0, 3, 5))((1, 1, 6), (1, 1, 7), (1, 1, 8), (2, 1, 6), (3, 1, 6))((2, 1, 8), (3, 1, 8), (4, 1, 8), (4, 2, 8), (4, 3, 8))((1, 0, 6), (1, 0, 7), (1, 0, 8), (2, 0, 8), (3, 0, 8))((1, 0, 4), (2, 0, 4), (3, 0, 4), (3, 1, 4), (3, 2, 4))((3, 0, 7), (3, 1, 7), (3, 2, 5), (3, 2, 6), (3, 2, 7))((1, 0, 5), (1, 1, 5), (1, 2, 5), (2, 0, 5), (3, 0, 5))((1, 3, 5), (1, 3, 6), (1, 3, 7), (2, 3, 5), (3, 3, 5))((2, 3, 6), (3, 3, 6), (4, 1, 6), (4, 2, 6), (4, 3, 6))((2, 0, 6), (3, 0, 6), (4, 0, 6), (4, 0, 7), (4, 0, 8))((2, 1, 5), (3, 1, 5), (4, 1, 5), (4, 2, 5), (4, 3, 5))((2, 3, 7), (3, 3, 7), (4, 1, 7), (4, 2, 7), (4, 3, 7))
85
((0, 0, 0), (0, 0, 1), (0, 0, 2), (1, 0, 2), (2, 0, 2))((1, 0, 1), (1, 1, 1), (1, 2, 1), (1, 2, 2), (1, 2, 3))((1, 0, 0), (2, 0, 0), (3, 0, 0), (3, 0, 1), (3, 0, 2))((2, 0, 1), (2, 1, 1), (2, 2, 1), (2, 2, 2), (2, 2, 3))((4, 0, 0), (4, 0, 1), (4, 0, 2), (4, 1, 2), (4, 2, 2))((4, 1, 1), (4, 2, 1), (4, 3, 1), (4, 3, 2), (4, 3, 3))((2, 3, 0), (3, 3, 0), (4, 1, 0), (4, 2, 0), (4, 3, 0))((2, 4, 0), (3, 4, 0), (4, 4, 0), (4, 4, 1), (4, 4, 2))((1, 2, 0), (1, 3, 0), (1, 4, 0), (2, 2, 0), (3, 2, 0))((0, 1, 0), (0, 2, 0), (0, 3, 0), (1, 1, 0), (2, 1, 0))((1, 1, 2), (2, 1, 2), (3, 1, 0), (3, 1, 1), (3, 1, 2))((0, 4, 0), (0, 4, 1), (0, 4, 2), (1, 4, 2), (2, 4, 2))((1, 4, 1), (2, 4, 1), (3, 4, 1), (3, 4, 2), (3, 4, 3))((3, 0, 3), (3, 1, 3), (3, 2, 1), (3, 2, 2), (3, 2, 3))((2, 4, 5), (3, 4, 5), (4, 4, 3), (4, 4, 4), (4, 4, 5))((0, 4, 3), (0, 4, 4), (0, 4, 5), (1, 4, 3), (2, 4, 3))((1, 3, 3), (2, 3, 3), (3, 3, 1), (3, 3, 2), (3, 3, 3))((0, 1, 2), (0, 2, 2), (0, 3, 2), (1, 3, 2), (2, 3, 2))((0, 1, 1), (0, 2, 1), (0, 3, 1), (1, 3, 1), (2, 3, 1))((4, 0, 3), (4, 0, 4), (4, 0, 5), (4, 1, 3), (4, 2, 3))((0, 1, 3), (0, 2, 3), (0, 3, 3), (1, 1, 3), (2, 1, 3))((0, 0, 3), (0, 0, 4), (0, 0, 5), (1, 0, 3), (2, 0, 3))((1, 4, 4), (2, 4, 4), (3, 2, 4), (3, 3, 4), (3, 4, 4))((2, 1, 4), (3, 1, 4), (4, 1, 4), (4, 2, 4), (4, 3, 4))((0, 1, 4), (0, 2, 4), (0, 3, 4), (1, 3, 4), (2, 3, 4))((0, 2, 6), (1, 2, 6), (2, 2, 4), (2, 2, 5), (2, 2, 6))((1, 0, 4), (1, 1, 4), (1, 2, 4), (2, 0, 4), (3, 0, 4))((1, 4, 5), (1, 4, 6), (1, 4, 7), (2, 4, 7), (3, 4, 7))((0, 4, 6), (0, 4, 7), (0, 4, 8), (1, 4, 8), (2, 4, 8))((1, 2, 8), (2, 2, 8), (3, 2, 8), (3, 3, 8), (3, 4, 8))((2, 4, 6), (3, 4, 6), (4, 4, 6), (4, 4, 7), (4, 4, 8))((0, 3, 6), (0, 3, 7), (0, 3, 8), (1, 3, 8), (2, 3, 8))((0, 0, 6), (0, 0, 7), (0, 0, 8), (0, 1, 8), (0, 2, 8))((0, 2, 7), (1, 2, 7), (2, 0, 7), (2, 1, 7), (2, 2, 7))((0, 1, 5), (0, 1, 6), (0, 1, 7), (0, 2, 5), (0, 3, 5))((1, 1, 6), (1, 1, 7), (1, 1, 8), (2, 1, 6), (3, 1, 6))((3, 0, 7), (3, 1, 7), (3, 2, 5), (3, 2, 6), (3, 2, 7))((1, 0, 5), (1, 1, 5), (1, 2, 5), (2, 0, 5), (3, 0, 5))((1, 3, 5), (1, 3, 6), (1, 3, 7), (2, 3, 5), (3, 3, 5))((2, 3, 6), (3, 3, 6), (4, 1, 6), (4, 2, 6), (4, 3, 6))((2, 1, 8), (3, 1, 8), (4, 1, 8), (4, 2, 8), (4, 3, 8))((2, 1, 5), (3, 1, 5), (4, 1, 5), (4, 2, 5), (4, 3, 5))((2, 3, 7), (3, 3, 7), (4, 1, 7), (4, 2, 7), (4, 3, 7))((2, 0, 8), (3, 0, 8), (4, 0, 6), (4, 0, 7), (4, 0, 8))((1, 0, 6), (1, 0, 7), (1, 0, 8), (2, 0, 6), (3, 0, 6))
86
((0, 0, 0), (0, 0, 1), (0, 0, 2), (1, 0, 2), (2, 0, 2))((1, 0, 1), (1, 1, 1), (1, 2, 1), (1, 2, 2), (1, 2, 3))((1, 0, 0), (2, 0, 0), (3, 0, 0), (3, 0, 1), (3, 0, 2))((2, 0, 1), (2, 1, 1), (2, 2, 1), (2, 2, 2), (2, 2, 3))((4, 0, 0), (4, 0, 1), (4, 0, 2), (4, 1, 2), (4, 2, 2))((4, 1, 1), (4, 2, 1), (4, 3, 1), (4, 3, 2), (4, 3, 3))((2, 3, 0), (3, 3, 0), (4, 1, 0), (4, 2, 0), (4, 3, 0))((2, 4, 0), (3, 4, 0), (4, 4, 0), (4, 4, 1), (4, 4, 2))((1, 2, 0), (1, 3, 0), (1, 4, 0), (2, 2, 0), (3, 2, 0))((0, 1, 0), (0, 2, 0), (0, 3, 0), (1, 1, 0), (2, 1, 0))((1, 1, 2), (2, 1, 2), (3, 1, 0), (3, 1, 1), (3, 1, 2))((0, 4, 0), (0, 4, 1), (0, 4, 2), (1, 4, 2), (2, 4, 2))((1, 4, 1), (2, 4, 1), (3, 4, 1), (3, 4, 2), (3, 4, 3))((3, 0, 3), (3, 1, 3), (3, 2, 1), (3, 2, 2), (3, 2, 3))((2, 4, 5), (3, 4, 5), (4, 4, 3), (4, 4, 4), (4, 4, 5))((0, 4, 3), (0, 4, 4), (0, 4, 5), (1, 4, 3), (2, 4, 3))((1, 3, 3), (2, 3, 3), (3, 3, 1), (3, 3, 2), (3, 3, 3))((0, 1, 2), (0, 2, 2), (0, 3, 2), (1, 3, 2), (2, 3, 2))((0, 1, 1), (0, 2, 1), (0, 3, 1), (1, 3, 1), (2, 3, 1))((4, 0, 3), (4, 0, 4), (4, 0, 5), (4, 1, 3), (4, 2, 3))((0, 1, 3), (0, 2, 3), (0, 3, 3), (1, 1, 3), (2, 1, 3))((0, 0, 3), (0, 0, 4), (0, 0, 5), (1, 0, 3), (2, 0, 3))((1, 4, 4), (2, 4, 4), (3, 2, 4), (3, 3, 4), (3, 4, 4))((2, 1, 4), (3, 1, 4), (4, 1, 4), (4, 2, 4), (4, 3, 4))((0, 1, 4), (0, 2, 4), (0, 3, 4), (1, 3, 4), (2, 3, 4))((0, 2, 6), (1, 2, 6), (2, 2, 4), (2, 2, 5), (2, 2, 6))((1, 0, 4), (1, 1, 4), (1, 2, 4), (2, 0, 4), (3, 0, 4))((1, 4, 5), (1, 4, 6), (1, 4, 7), (2, 4, 7), (3, 4, 7))((0, 4, 6), (0, 4, 7), (0, 4, 8), (1, 4, 8), (2, 4, 8))((1, 2, 8), (2, 2, 8), (3, 2, 8), (3, 3, 8), (3, 4, 8))((2, 4, 6), (3, 4, 6), (4, 4, 6), (4, 4, 7), (4, 4, 8))((0, 3, 6), (0, 3, 7), (0, 3, 8), (1, 3, 8), (2, 3, 8))((0, 0, 6), (0, 0, 7), (0, 0, 8), (0, 1, 8), (0, 2, 8))((0, 2, 7), (1, 2, 7), (2, 0, 7), (2, 1, 7), (2, 2, 7))((0, 1, 5), (0, 1, 6), (0, 1, 7), (0, 2, 5), (0, 3, 5))((1, 1, 6), (1, 1, 7), (1, 1, 8), (2, 1, 6), (3, 1, 6))((3, 0, 7), (3, 1, 7), (3, 2, 5), (3, 2, 6), (3, 2, 7))((1, 0, 5), (1, 1, 5), (1, 2, 5), (2, 0, 5), (3, 0, 5))((1, 3, 5), (1, 3, 6), (1, 3, 7), (2, 3, 5), (3, 3, 5))((2, 3, 6), (3, 3, 6), (4, 1, 6), (4, 2, 6), (4, 3, 6))((2, 1, 8), (3, 1, 8), (4, 1, 8), (4, 2, 8), (4, 3, 8))((2, 1, 5), (3, 1, 5), (4, 1, 5), (4, 2, 5), (4, 3, 5))((2, 3, 7), (3, 3, 7), (4, 1, 7), (4, 2, 7), (4, 3, 7))((1, 0, 6), (1, 0, 7), (1, 0, 8), (2, 0, 8), (3, 0, 8))((2, 0, 6), (3, 0, 6), (4, 0, 6), (4, 0, 7), (4, 0, 8))
87
((0, 0, 0), (0, 0, 1), (0, 0, 2), (1, 0, 2), (2, 0, 2))((1, 0, 1), (1, 1, 1), (1, 2, 1), (1, 2, 2), (1, 2, 3))((1, 0, 0), (2, 0, 0), (3, 0, 0), (3, 0, 1), (3, 0, 2))((2, 0, 1), (2, 1, 1), (2, 2, 1), (3, 2, 1), (4, 2, 1))((4, 0, 0), (4, 0, 1), (4, 0, 2), (4, 1, 0), (4, 2, 0))((4, 1, 1), (4, 1, 2), (4, 1, 3), (4, 2, 3), (4, 3, 3))((2, 3, 0), (3, 3, 0), (4, 3, 0), (4, 3, 1), (4, 3, 2))((1, 2, 0), (1, 3, 0), (1, 4, 0), (2, 2, 0), (3, 2, 0))((2, 2, 2), (2, 2, 3), (2, 2, 4), (3, 2, 2), (4, 2, 2))((1, 1, 2), (2, 1, 2), (3, 1, 0), (3, 1, 1), (3, 1, 2))((0, 1, 0), (0, 2, 0), (0, 3, 0), (1, 1, 0), (2, 1, 0))((0, 4, 0), (0, 4, 1), (0, 4, 2), (1, 4, 2), (2, 4, 2))((2, 4, 0), (3, 4, 0), (4, 4, 0), (4, 4, 1), (4, 4, 2))((1, 4, 1), (2, 4, 1), (3, 4, 1), (3, 4, 2), (3, 4, 3))((2, 4, 5), (3, 4, 5), (4, 4, 3), (4, 4, 4), (4, 4, 5))((0, 4, 3), (0, 4, 4), (0, 4, 5), (1, 4, 3), (2, 4, 3))((1, 2, 4), (1, 3, 4), (1, 4, 4), (2, 4, 4), (3, 4, 4))((4, 0, 3), (4, 0, 4), (4, 0, 5), (4, 1, 5), (4, 2, 5))((2, 3, 4), (3, 3, 4), (4, 1, 4), (4, 2, 4), (4, 3, 4))((1, 3, 3), (2, 3, 3), (3, 3, 1), (3, 3, 2), (3, 3, 3))((0, 1, 2), (0, 2, 2), (0, 3, 2), (1, 3, 2), (2, 3, 2))((0, 1, 1), (0, 2, 1), (0, 3, 1), (1, 3, 1), (2, 3, 1))((0, 1, 3), (0, 2, 3), (0, 3, 3), (1, 1, 3), (2, 1, 3))((0, 0, 3), (0, 0, 4), (0, 0, 5), (0, 1, 5), (0, 2, 5))((0, 1, 4), (0, 2, 4), (0, 3, 4), (1, 1, 4), (2, 1, 4))((1, 0, 3), (2, 0, 3), (3, 0, 3), (3, 1, 3), (3, 2, 3))((0, 1, 7), (0, 2, 7), (0, 3, 5), (0, 3, 6), (0, 3, 7))((0, 2, 8), (0, 3, 8), (0, 4, 6), (0, 4, 7), (0, 4, 8))((0, 1, 8), (1, 1, 8), (2, 1, 8), (2, 2, 8), (2, 3, 8))((0, 0, 6), (0, 0, 7), (0, 0, 8), (0, 1, 6), (0, 2, 6))((1, 2, 8), (1, 3, 8), (1, 4, 8), (2, 4, 8), (3, 4, 8))((3, 1, 6), (3, 2, 6), (3, 3, 6), (3, 3, 7), (3, 3, 8))((1, 0, 4), (2, 0, 4), (3, 0, 4), (3, 1, 4), (3, 2, 4))((1, 0, 8), (2, 0, 8), (3, 0, 8), (3, 1, 8), (3, 2, 8))((2, 1, 5), (2, 1, 6), (2, 1, 7), (3, 1, 7), (4, 1, 7))((2, 3, 5), (2, 3, 6), (2, 3, 7), (3, 3, 5), (4, 3, 5))((2, 2, 5), (2, 2, 6), (2, 2, 7), (3, 2, 7), (4, 2, 7))((1, 4, 5), (1, 4, 6), (1, 4, 7), (2, 4, 7), (3, 4, 7))((1, 1, 5), (1, 2, 5), (1, 3, 5), (1, 3, 6), (1, 3, 7))((1, 0, 6), (1, 1, 6), (1, 2, 6), (2, 0, 6), (3, 0, 6))((1, 0, 5), (2, 0, 5), (3, 0, 5), (3, 1, 5), (3, 2, 5))((1, 0, 7), (1, 1, 7), (1, 2, 7), (2, 0, 7), (3, 0, 7))((4, 0, 6), (4, 0, 7), (4, 0, 8), (4, 1, 6), (4, 2, 6))((4, 1, 8), (4, 2, 8), (4, 3, 6), (4, 3, 7), (4, 3, 8))((2, 4, 6), (3, 4, 6), (4, 4, 6), (4, 4, 7), (4, 4, 8))
88
((0, 0, 0), (0, 0, 1), (0, 0, 2), (1, 0, 2), (2, 0, 2))((1, 0, 1), (1, 1, 1), (1, 2, 1), (1, 2, 2), (1, 2, 3))((1, 0, 0), (2, 0, 0), (3, 0, 0), (3, 0, 1), (3, 0, 2))((2, 0, 1), (2, 1, 1), (2, 2, 1), (3, 2, 1), (4, 2, 1))((4, 0, 0), (4, 0, 1), (4, 0, 2), (4, 1, 0), (4, 2, 0))((4, 1, 1), (4, 1, 2), (4, 1, 3), (4, 2, 3), (4, 3, 3))((2, 3, 0), (3, 3, 0), (4, 3, 0), (4, 3, 1), (4, 3, 2))((1, 2, 0), (1, 3, 0), (1, 4, 0), (2, 2, 0), (3, 2, 0))((2, 2, 2), (2, 2, 3), (2, 2, 4), (3, 2, 2), (4, 2, 2))((1, 1, 2), (2, 1, 2), (3, 1, 0), (3, 1, 1), (3, 1, 2))((0, 1, 0), (0, 2, 0), (0, 3, 0), (1, 1, 0), (2, 1, 0))((0, 4, 0), (0, 4, 1), (0, 4, 2), (1, 4, 2), (2, 4, 2))((2, 4, 0), (3, 4, 0), (4, 4, 0), (4, 4, 1), (4, 4, 2))((1, 4, 1), (2, 4, 1), (3, 4, 1), (3, 4, 2), (3, 4, 3))((2, 4, 5), (3, 4, 5), (4, 4, 3), (4, 4, 4), (4, 4, 5))((0, 4, 3), (0, 4, 4), (0, 4, 5), (1, 4, 3), (2, 4, 3))((1, 2, 4), (1, 3, 4), (1, 4, 4), (2, 4, 4), (3, 4, 4))((4, 0, 3), (4, 0, 4), (4, 0, 5), (4, 1, 5), (4, 2, 5))((2, 3, 4), (3, 3, 4), (4, 1, 4), (4, 2, 4), (4, 3, 4))((1, 3, 3), (2, 3, 3), (3, 3, 1), (3, 3, 2), (3, 3, 3))((0, 1, 2), (0, 2, 2), (0, 3, 2), (1, 3, 2), (2, 3, 2))((0, 1, 1), (0, 2, 1), (0, 3, 1), (1, 3, 1), (2, 3, 1))((0, 1, 3), (0, 2, 3), (0, 3, 3), (1, 1, 3), (2, 1, 3))((0, 0, 3), (0, 0, 4), (0, 0, 5), (0, 1, 5), (0, 2, 5))((0, 1, 4), (0, 2, 4), (0, 3, 4), (1, 1, 4), (2, 1, 4))((1, 0, 3), (2, 0, 3), (3, 0, 3), (3, 1, 3), (3, 2, 3))((0, 1, 7), (0, 2, 7), (0, 3, 5), (0, 3, 6), (0, 3, 7))((0, 2, 8), (0, 3, 8), (0, 4, 6), (0, 4, 7), (0, 4, 8))((0, 1, 8), (1, 1, 8), (2, 1, 8), (2, 2, 8), (2, 3, 8))((0, 0, 6), (0, 0, 7), (0, 0, 8), (0, 1, 6), (0, 2, 6))((1, 2, 8), (1, 3, 8), (1, 4, 8), (2, 4, 8), (3, 4, 8))((3, 1, 6), (3, 2, 6), (3, 3, 6), (3, 3, 7), (3, 3, 8))((1, 0, 4), (2, 0, 4), (3, 0, 4), (3, 1, 4), (3, 2, 4))((1, 0, 8), (2, 0, 8), (3, 0, 8), (3, 1, 8), (3, 2, 8))((2, 1, 5), (2, 1, 6), (2, 1, 7), (3, 1, 7), (4, 1, 7))((2, 3, 5), (2, 3, 6), (2, 3, 7), (3, 3, 5), (4, 3, 5))((2, 2, 5), (2, 2, 6), (2, 2, 7), (3, 2, 7), (4, 2, 7))((1, 4, 5), (1, 4, 6), (1, 4, 7), (2, 4, 7), (3, 4, 7))((1, 1, 5), (1, 2, 5), (1, 3, 5), (1, 3, 6), (1, 3, 7))((1, 0, 6), (1, 1, 6), (1, 2, 6), (2, 0, 6), (3, 0, 6))((1, 0, 5), (2, 0, 5), (3, 0, 5), (3, 1, 5), (3, 2, 5))((1, 0, 7), (1, 1, 7), (1, 2, 7), (2, 0, 7), (3, 0, 7))((4, 1, 6), (4, 2, 6), (4, 3, 6), (4, 3, 7), (4, 3, 8))((4, 0, 6), (4, 0, 7), (4, 0, 8), (4, 1, 8), (4, 2, 8))((2, 4, 6), (3, 4, 6), (4, 4, 6), (4, 4, 7), (4, 4, 8))
89
((0, 0, 0), (0, 0, 1), (0, 0, 2), (1, 0, 2), (2, 0, 2))((1, 0, 1), (1, 1, 1), (1, 2, 1), (1, 2, 2), (1, 2, 3))((1, 0, 0), (2, 0, 0), (3, 0, 0), (3, 0, 1), (3, 0, 2))((2, 0, 1), (2, 1, 1), (2, 2, 1), (3, 2, 1), (4, 2, 1))((4, 0, 0), (4, 0, 1), (4, 0, 2), (4, 1, 0), (4, 2, 0))((4, 1, 1), (4, 1, 2), (4, 1, 3), (4, 2, 3), (4, 3, 3))((2, 3, 0), (3, 3, 0), (4, 3, 0), (4, 3, 1), (4, 3, 2))((1, 2, 0), (1, 3, 0), (1, 4, 0), (2, 2, 0), (3, 2, 0))((2, 2, 2), (2, 2, 3), (2, 2, 4), (3, 2, 2), (4, 2, 2))((1, 1, 2), (2, 1, 2), (3, 1, 0), (3, 1, 1), (3, 1, 2))((0, 1, 0), (0, 2, 0), (0, 3, 0), (1, 1, 0), (2, 1, 0))((0, 4, 0), (0, 4, 1), (0, 4, 2), (1, 4, 2), (2, 4, 2))((2, 4, 0), (3, 4, 0), (4, 4, 0), (4, 4, 1), (4, 4, 2))((1, 4, 1), (2, 4, 1), (3, 4, 1), (3, 4, 2), (3, 4, 3))((2, 4, 5), (3, 4, 5), (4, 4, 3), (4, 4, 4), (4, 4, 5))((0, 4, 3), (0, 4, 4), (0, 4, 5), (1, 4, 3), (2, 4, 3))((1, 2, 4), (1, 3, 4), (1, 4, 4), (2, 4, 4), (3, 4, 4))((2, 0, 5), (3, 0, 5), (4, 0, 3), (4, 0, 4), (4, 0, 5))((1, 0, 3), (2, 0, 3), (3, 0, 3), (3, 1, 3), (3, 2, 3))((1, 3, 3), (2, 3, 3), (3, 3, 1), (3, 3, 2), (3, 3, 3))((0, 1, 2), (0, 2, 2), (0, 3, 2), (1, 3, 2), (2, 3, 2))((0, 1, 1), (0, 2, 1), (0, 3, 1), (1, 3, 1), (2, 3, 1))((0, 0, 3), (0, 0, 4), (0, 0, 5), (0, 1, 5), (0, 2, 5))((0, 1, 4), (0, 2, 4), (0, 3, 4), (1, 1, 4), (2, 1, 4))((0, 1, 3), (0, 2, 3), (0, 3, 3), (1, 1, 3), (2, 1, 3))((1, 0, 4), (2, 0, 4), (3, 0, 4), (3, 1, 4), (3, 2, 4))((0, 1, 7), (0, 2, 7), (0, 3, 5), (0, 3, 6), (0, 3, 7))((0, 4, 6), (0, 4, 7), (0, 4, 8), (1, 4, 8), (2, 4, 8))((0, 1, 8), (0, 2, 8), (0, 3, 8), (1, 3, 8), (2, 3, 8))((0, 0, 6), (0, 0, 7), (0, 0, 8), (0, 1, 6), (0, 2, 6))((2, 3, 4), (3, 3, 4), (4, 1, 4), (4, 2, 4), (4, 3, 4))((2, 4, 6), (3, 4, 6), (4, 4, 6), (4, 4, 7), (4, 4, 8))((1, 2, 8), (2, 2, 8), (3, 2, 8), (3, 3, 8), (3, 4, 8))((1, 1, 6), (1, 1, 7), (1, 1, 8), (2, 1, 6), (3, 1, 6))((2, 1, 8), (3, 1, 8), (4, 1, 8), (4, 2, 8), (4, 3, 8))((1, 0, 6), (1, 0, 7), (1, 0, 8), (2, 0, 8), (3, 0, 8))((1, 0, 5), (1, 1, 5), (1, 2, 5), (1, 2, 6), (1, 2, 7))((1, 4, 5), (1, 4, 6), (1, 4, 7), (2, 4, 7), (3, 4, 7))((1, 3, 5), (1, 3, 6), (1, 3, 7), (2, 3, 5), (3, 3, 5))((2, 3, 6), (3, 3, 6), (4, 1, 6), (4, 2, 6), (4, 3, 6))((2, 1, 5), (3, 1, 5), (4, 1, 5), (4, 2, 5), (4, 3, 5))((3, 0, 7), (3, 1, 7), (3, 2, 5), (3, 2, 6), (3, 2, 7))((2, 0, 6), (3, 0, 6), (4, 0, 6), (4, 0, 7), (4, 0, 8))((2, 0, 7), (2, 1, 7), (2, 2, 5), (2, 2, 6), (2, 2, 7))((2, 3, 7), (3, 3, 7), (4, 1, 7), (4, 2, 7), (4, 3, 7))
90
((0, 0, 0), (0, 0, 1), (0, 0, 2), (1, 0, 2), (2, 0, 2))((1, 0, 1), (1, 1, 1), (1, 2, 1), (1, 2, 2), (1, 2, 3))((1, 0, 0), (2, 0, 0), (3, 0, 0), (3, 0, 1), (3, 0, 2))((2, 0, 1), (2, 1, 1), (2, 2, 1), (3, 2, 1), (4, 2, 1))((4, 0, 0), (4, 0, 1), (4, 0, 2), (4, 1, 0), (4, 2, 0))((4, 1, 1), (4, 1, 2), (4, 1, 3), (4, 2, 3), (4, 3, 3))((2, 3, 0), (3, 3, 0), (4, 3, 0), (4, 3, 1), (4, 3, 2))((1, 2, 0), (1, 3, 0), (1, 4, 0), (2, 2, 0), (3, 2, 0))((2, 2, 2), (2, 2, 3), (2, 2, 4), (3, 2, 2), (4, 2, 2))((1, 1, 2), (2, 1, 2), (3, 1, 0), (3, 1, 1), (3, 1, 2))((0, 1, 0), (0, 2, 0), (0, 3, 0), (1, 1, 0), (2, 1, 0))((0, 4, 0), (0, 4, 1), (0, 4, 2), (1, 4, 2), (2, 4, 2))((2, 4, 0), (3, 4, 0), (4, 4, 0), (4, 4, 1), (4, 4, 2))((1, 4, 1), (2, 4, 1), (3, 4, 1), (3, 4, 2), (3, 4, 3))((2, 4, 5), (3, 4, 5), (4, 4, 3), (4, 4, 4), (4, 4, 5))((0, 4, 3), (0, 4, 4), (0, 4, 5), (1, 4, 3), (2, 4, 3))((1, 2, 4), (1, 3, 4), (1, 4, 4), (2, 4, 4), (3, 4, 4))((2, 0, 5), (3, 0, 5), (4, 0, 3), (4, 0, 4), (4, 0, 5))((1, 0, 3), (2, 0, 3), (3, 0, 3), (3, 1, 3), (3, 2, 3))((1, 3, 3), (2, 3, 3), (3, 3, 1), (3, 3, 2), (3, 3, 3))((0, 1, 2), (0, 2, 2), (0, 3, 2), (1, 3, 2), (2, 3, 2))((0, 1, 1), (0, 2, 1), (0, 3, 1), (1, 3, 1), (2, 3, 1))((0, 0, 3), (0, 0, 4), (0, 0, 5), (0, 1, 5), (0, 2, 5))((0, 1, 4), (0, 2, 4), (0, 3, 4), (1, 1, 4), (2, 1, 4))((0, 1, 3), (0, 2, 3), (0, 3, 3), (1, 1, 3), (2, 1, 3))((1, 0, 4), (2, 0, 4), (3, 0, 4), (3, 1, 4), (3, 2, 4))((0, 1, 7), (0, 2, 7), (0, 3, 5), (0, 3, 6), (0, 3, 7))((0, 4, 6), (0, 4, 7), (0, 4, 8), (1, 4, 8), (2, 4, 8))((0, 1, 8), (0, 2, 8), (0, 3, 8), (1, 3, 8), (2, 3, 8))((0, 0, 6), (0, 0, 7), (0, 0, 8), (0, 1, 6), (0, 2, 6))((2, 3, 4), (3, 3, 4), (4, 1, 4), (4, 2, 4), (4, 3, 4))((2, 4, 6), (3, 4, 6), (4, 4, 6), (4, 4, 7), (4, 4, 8))((1, 2, 8), (2, 2, 8), (3, 2, 8), (3, 3, 8), (3, 4, 8))((1, 1, 6), (1, 1, 7), (1, 1, 8), (2, 1, 6), (3, 1, 6))((2, 1, 8), (3, 1, 8), (4, 1, 8), (4, 2, 8), (4, 3, 8))((1, 0, 6), (1, 0, 7), (1, 0, 8), (2, 0, 6), (3, 0, 6))((2, 0, 8), (3, 0, 8), (4, 0, 6), (4, 0, 7), (4, 0, 8))((2, 0, 7), (2, 1, 7), (2, 2, 5), (2, 2, 6), (2, 2, 7))((2, 3, 6), (3, 3, 6), (4, 1, 6), (4, 2, 6), (4, 3, 6))((2, 3, 7), (3, 3, 7), (4, 1, 7), (4, 2, 7), (4, 3, 7))((3, 0, 7), (3, 1, 7), (3, 2, 5), (3, 2, 6), (3, 2, 7))((1, 0, 5), (1, 1, 5), (1, 2, 5), (1, 2, 6), (1, 2, 7))((1, 4, 5), (1, 4, 6), (1, 4, 7), (2, 4, 7), (3, 4, 7))((1, 3, 5), (1, 3, 6), (1, 3, 7), (2, 3, 5), (3, 3, 5))((2, 1, 5), (3, 1, 5), (4, 1, 5), (4, 2, 5), (4, 3, 5))
91
((0, 0, 0), (0, 0, 1), (0, 0, 2), (1, 0, 2), (2, 0, 2))((1, 0, 1), (1, 1, 1), (1, 2, 1), (1, 2, 2), (1, 2, 3))((1, 0, 0), (2, 0, 0), (3, 0, 0), (3, 0, 1), (3, 0, 2))((2, 0, 1), (2, 1, 1), (2, 2, 1), (3, 2, 1), (4, 2, 1))((4, 0, 0), (4, 0, 1), (4, 0, 2), (4, 1, 0), (4, 2, 0))((4, 1, 1), (4, 1, 2), (4, 1, 3), (4, 2, 3), (4, 3, 3))((2, 3, 0), (3, 3, 0), (4, 3, 0), (4, 3, 1), (4, 3, 2))((1, 2, 0), (1, 3, 0), (1, 4, 0), (2, 2, 0), (3, 2, 0))((2, 2, 2), (2, 2, 3), (2, 2, 4), (3, 2, 2), (4, 2, 2))((1, 1, 2), (2, 1, 2), (3, 1, 0), (3, 1, 1), (3, 1, 2))((0, 1, 0), (0, 2, 0), (0, 3, 0), (1, 1, 0), (2, 1, 0))((0, 4, 0), (0, 4, 1), (0, 4, 2), (1, 4, 2), (2, 4, 2))((2, 4, 0), (3, 4, 0), (4, 4, 0), (4, 4, 1), (4, 4, 2))((1, 4, 1), (2, 4, 1), (3, 4, 1), (3, 4, 2), (3, 4, 3))((2, 4, 5), (3, 4, 5), (4, 4, 3), (4, 4, 4), (4, 4, 5))((0, 4, 3), (0, 4, 4), (0, 4, 5), (1, 4, 3), (2, 4, 3))((1, 4, 4), (2, 4, 4), (3, 2, 4), (3, 3, 4), (3, 4, 4))((1, 3, 3), (2, 3, 3), (3, 3, 1), (3, 3, 2), (3, 3, 3))((0, 1, 2), (0, 2, 2), (0, 3, 2), (1, 3, 2), (2, 3, 2))((0, 1, 1), (0, 2, 1), (0, 3, 1), (1, 3, 1), (2, 3, 1))((1, 0, 3), (2, 0, 3), (3, 0, 3), (3, 1, 3), (3, 2, 3))((4, 0, 3), (4, 0, 4), (4, 0, 5), (4, 1, 5), (4, 2, 5))((2, 1, 4), (3, 1, 4), (4, 1, 4), (4, 2, 4), (4, 3, 4))((0, 1, 3), (0, 2, 3), (0, 3, 3), (1, 1, 3), (2, 1, 3))((0, 0, 3), (0, 0, 4), (0, 0, 5), (0, 1, 5), (0, 2, 5))((0, 1, 4), (0, 2, 4), (0, 3, 4), (1, 3, 4), (2, 3, 4))((0, 1, 7), (0, 2, 7), (0, 3, 5), (0, 3, 6), (0, 3, 7))((0, 2, 8), (0, 3, 8), (0, 4, 6), (0, 4, 7), (0, 4, 8))((0, 1, 8), (1, 1, 8), (2, 1, 8), (2, 2, 8), (2, 3, 8))((0, 0, 6), (0, 0, 7), (0, 0, 8), (0, 1, 6), (0, 2, 6))((1, 2, 8), (1, 3, 8), (1, 4, 8), (2, 4, 8), (3, 4, 8))((3, 1, 6), (3, 2, 6), (3, 3, 6), (3, 3, 7), (3, 3, 8))((1, 0, 8), (2, 0, 8), (3, 0, 8), (3, 1, 8), (3, 2, 8))((2, 3, 5), (2, 3, 6), (2, 3, 7), (3, 3, 5), (4, 3, 5))((2, 1, 5), (2, 1, 6), (2, 1, 7), (3, 1, 7), (4, 1, 7))((2, 2, 5), (2, 2, 6), (2, 2, 7), (3, 2, 7), (4, 2, 7))((1, 4, 5), (1, 4, 6), (1, 4, 7), (2, 4, 7), (3, 4, 7))((1, 0, 5), (2, 0, 5), (3, 0, 5), (3, 1, 5), (3, 2, 5))((1, 0, 7), (1, 1, 7), (1, 2, 7), (2, 0, 7), (3, 0, 7))((1, 0, 4), (1, 1, 4), (1, 2, 4), (2, 0, 4), (3, 0, 4))((1, 1, 5), (1, 2, 5), (1, 3, 5), (1, 3, 6), (1, 3, 7))((1, 0, 6), (1, 1, 6), (1, 2, 6), (2, 0, 6), (3, 0, 6))((4, 0, 6), (4, 0, 7), (4, 0, 8), (4, 1, 6), (4, 2, 6))((4, 1, 8), (4, 2, 8), (4, 3, 6), (4, 3, 7), (4, 3, 8))((2, 4, 6), (3, 4, 6), (4, 4, 6), (4, 4, 7), (4, 4, 8))
92
((0, 0, 0), (0, 0, 1), (0, 0, 2), (1, 0, 2), (2, 0, 2))((1, 0, 1), (1, 1, 1), (1, 2, 1), (1, 2, 2), (1, 2, 3))((1, 0, 0), (2, 0, 0), (3, 0, 0), (3, 0, 1), (3, 0, 2))((2, 0, 1), (2, 1, 1), (2, 2, 1), (3, 2, 1), (4, 2, 1))((4, 0, 0), (4, 0, 1), (4, 0, 2), (4, 1, 0), (4, 2, 0))((4, 1, 1), (4, 1, 2), (4, 1, 3), (4, 2, 3), (4, 3, 3))((2, 3, 0), (3, 3, 0), (4, 3, 0), (4, 3, 1), (4, 3, 2))((1, 2, 0), (1, 3, 0), (1, 4, 0), (2, 2, 0), (3, 2, 0))((2, 2, 2), (2, 2, 3), (2, 2, 4), (3, 2, 2), (4, 2, 2))((1, 1, 2), (2, 1, 2), (3, 1, 0), (3, 1, 1), (3, 1, 2))((0, 1, 0), (0, 2, 0), (0, 3, 0), (1, 1, 0), (2, 1, 0))((0, 4, 0), (0, 4, 1), (0, 4, 2), (1, 4, 2), (2, 4, 2))((2, 4, 0), (3, 4, 0), (4, 4, 0), (4, 4, 1), (4, 4, 2))((1, 4, 1), (2, 4, 1), (3, 4, 1), (3, 4, 2), (3, 4, 3))((2, 4, 5), (3, 4, 5), (4, 4, 3), (4, 4, 4), (4, 4, 5))((0, 4, 3), (0, 4, 4), (0, 4, 5), (1, 4, 3), (2, 4, 3))((1, 4, 4), (2, 4, 4), (3, 2, 4), (3, 3, 4), (3, 4, 4))((1, 3, 3), (2, 3, 3), (3, 3, 1), (3, 3, 2), (3, 3, 3))((0, 1, 2), (0, 2, 2), (0, 3, 2), (1, 3, 2), (2, 3, 2))((0, 1, 1), (0, 2, 1), (0, 3, 1), (1, 3, 1), (2, 3, 1))((1, 0, 3), (2, 0, 3), (3, 0, 3), (3, 1, 3), (3, 2, 3))((4, 0, 3), (4, 0, 4), (4, 0, 5), (4, 1, 5), (4, 2, 5))((2, 1, 4), (3, 1, 4), (4, 1, 4), (4, 2, 4), (4, 3, 4))((0, 1, 3), (0, 2, 3), (0, 3, 3), (1, 1, 3), (2, 1, 3))((0, 0, 3), (0, 0, 4), (0, 0, 5), (0, 1, 5), (0, 2, 5))((0, 1, 4), (0, 2, 4), (0, 3, 4), (1, 3, 4), (2, 3, 4))((0, 1, 7), (0, 2, 7), (0, 3, 5), (0, 3, 6), (0, 3, 7))((0, 2, 8), (0, 3, 8), (0, 4, 6), (0, 4, 7), (0, 4, 8))((0, 1, 8), (1, 1, 8), (2, 1, 8), (2, 2, 8), (2, 3, 8))((0, 0, 6), (0, 0, 7), (0, 0, 8), (0, 1, 6), (0, 2, 6))((1, 2, 8), (1, 3, 8), (1, 4, 8), (2, 4, 8), (3, 4, 8))((3, 1, 6), (3, 2, 6), (3, 3, 6), (3, 3, 7), (3, 3, 8))((1, 0, 8), (2, 0, 8), (3, 0, 8), (3, 1, 8), (3, 2, 8))((2, 3, 5), (2, 3, 6), (2, 3, 7), (3, 3, 5), (4, 3, 5))((2, 1, 5), (2, 1, 6), (2, 1, 7), (3, 1, 7), (4, 1, 7))((2, 2, 5), (2, 2, 6), (2, 2, 7), (3, 2, 7), (4, 2, 7))((1, 4, 5), (1, 4, 6), (1, 4, 7), (2, 4, 7), (3, 4, 7))((1, 0, 5), (2, 0, 5), (3, 0, 5), (3, 1, 5), (3, 2, 5))((1, 0, 7), (1, 1, 7), (1, 2, 7), (2, 0, 7), (3, 0, 7))((1, 0, 4), (1, 1, 4), (1, 2, 4), (2, 0, 4), (3, 0, 4))((1, 1, 5), (1, 2, 5), (1, 3, 5), (1, 3, 6), (1, 3, 7))((1, 0, 6), (1, 1, 6), (1, 2, 6), (2, 0, 6), (3, 0, 6))((4, 1, 6), (4, 2, 6), (4, 3, 6), (4, 3, 7), (4, 3, 8))((4, 0, 6), (4, 0, 7), (4, 0, 8), (4, 1, 8), (4, 2, 8))((2, 4, 6), (3, 4, 6), (4, 4, 6), (4, 4, 7), (4, 4, 8))
93
((0, 0, 0), (0, 0, 1), (0, 0, 2), (1, 0, 2), (2, 0, 2))((1, 0, 1), (1, 1, 1), (1, 2, 1), (1, 2, 2), (1, 2, 3))((1, 0, 0), (2, 0, 0), (3, 0, 0), (3, 0, 1), (3, 0, 2))((2, 0, 1), (2, 1, 1), (2, 2, 1), (3, 2, 1), (4, 2, 1))((4, 0, 0), (4, 0, 1), (4, 0, 2), (4, 1, 0), (4, 2, 0))((4, 1, 1), (4, 1, 2), (4, 1, 3), (4, 2, 3), (4, 3, 3))((2, 3, 0), (3, 3, 0), (4, 3, 0), (4, 3, 1), (4, 3, 2))((1, 2, 0), (1, 3, 0), (1, 4, 0), (2, 2, 0), (3, 2, 0))((2, 2, 2), (2, 2, 3), (2, 2, 4), (3, 2, 2), (4, 2, 2))((1, 1, 2), (2, 1, 2), (3, 1, 0), (3, 1, 1), (3, 1, 2))((0, 1, 0), (0, 2, 0), (0, 3, 0), (1, 1, 0), (2, 1, 0))((0, 4, 0), (0, 4, 1), (0, 4, 2), (1, 4, 2), (2, 4, 2))((2, 4, 0), (3, 4, 0), (4, 4, 0), (4, 4, 1), (4, 4, 2))((1, 4, 1), (2, 4, 1), (3, 4, 1), (3, 4, 2), (3, 4, 3))((2, 4, 5), (3, 4, 5), (4, 4, 3), (4, 4, 4), (4, 4, 5))((0, 4, 3), (0, 4, 4), (0, 4, 5), (1, 4, 3), (2, 4, 3))((1, 4, 4), (2, 4, 4), (3, 2, 4), (3, 3, 4), (3, 4, 4))((1, 3, 3), (2, 3, 3), (3, 3, 1), (3, 3, 2), (3, 3, 3))((0, 1, 2), (0, 2, 2), (0, 3, 2), (1, 3, 2), (2, 3, 2))((0, 1, 1), (0, 2, 1), (0, 3, 1), (1, 3, 1), (2, 3, 1))((1, 0, 3), (2, 0, 3), (3, 0, 3), (3, 1, 3), (3, 2, 3))((2, 0, 5), (3, 0, 5), (4, 0, 3), (4, 0, 4), (4, 0, 5))((1, 0, 4), (1, 1, 4), (1, 2, 4), (2, 0, 4), (3, 0, 4))((0, 1, 3), (0, 2, 3), (0, 3, 3), (1, 1, 3), (2, 1, 3))((0, 0, 3), (0, 0, 4), (0, 0, 5), (0, 1, 5), (0, 2, 5))((0, 1, 4), (0, 2, 4), (0, 3, 4), (1, 3, 4), (2, 3, 4))((0, 1, 7), (0, 2, 7), (0, 3, 5), (0, 3, 6), (0, 3, 7))((0, 4, 6), (0, 4, 7), (0, 4, 8), (1, 4, 8), (2, 4, 8))((0, 1, 8), (0, 2, 8), (0, 3, 8), (1, 3, 8), (2, 3, 8))((0, 0, 6), (0, 0, 7), (0, 0, 8), (0, 1, 6), (0, 2, 6))((2, 4, 6), (3, 4, 6), (4, 4, 6), (4, 4, 7), (4, 4, 8))((1, 2, 8), (2, 2, 8), (3, 2, 8), (3, 3, 8), (3, 4, 8))((1, 1, 6), (1, 1, 7), (1, 1, 8), (2, 1, 6), (3, 1, 6))((2, 1, 8), (3, 1, 8), (4, 1, 8), (4, 2, 8), (4, 3, 8))((2, 1, 4), (3, 1, 4), (4, 1, 4), (4, 2, 4), (4, 3, 4))((1, 0, 6), (1, 0, 7), (1, 0, 8), (2, 0, 8), (3, 0, 8))((1, 0, 5), (1, 1, 5), (1, 2, 5), (1, 2, 6), (1, 2, 7))((1, 4, 5), (1, 4, 6), (1, 4, 7), (2, 4, 7), (3, 4, 7))((1, 3, 5), (1, 3, 6), (1, 3, 7), (2, 3, 5), (3, 3, 5))((2, 3, 6), (3, 3, 6), (4, 1, 6), (4, 2, 6), (4, 3, 6))((2, 1, 5), (3, 1, 5), (4, 1, 5), (4, 2, 5), (4, 3, 5))((3, 0, 7), (3, 1, 7), (3, 2, 5), (3, 2, 6), (3, 2, 7))((2, 0, 6), (3, 0, 6), (4, 0, 6), (4, 0, 7), (4, 0, 8))((2, 0, 7), (2, 1, 7), (2, 2, 5), (2, 2, 6), (2, 2, 7))((2, 3, 7), (3, 3, 7), (4, 1, 7), (4, 2, 7), (4, 3, 7))
94
((0, 0, 0), (0, 0, 1), (0, 0, 2), (1, 0, 2), (2, 0, 2))((1, 0, 1), (1, 1, 1), (1, 2, 1), (1, 2, 2), (1, 2, 3))((1, 0, 0), (2, 0, 0), (3, 0, 0), (3, 0, 1), (3, 0, 2))((2, 0, 1), (2, 1, 1), (2, 2, 1), (3, 2, 1), (4, 2, 1))((4, 0, 0), (4, 0, 1), (4, 0, 2), (4, 1, 0), (4, 2, 0))((4, 1, 1), (4, 1, 2), (4, 1, 3), (4, 2, 3), (4, 3, 3))((2, 3, 0), (3, 3, 0), (4, 3, 0), (4, 3, 1), (4, 3, 2))((1, 2, 0), (1, 3, 0), (1, 4, 0), (2, 2, 0), (3, 2, 0))((2, 2, 2), (2, 2, 3), (2, 2, 4), (3, 2, 2), (4, 2, 2))((1, 1, 2), (2, 1, 2), (3, 1, 0), (3, 1, 1), (3, 1, 2))((0, 1, 0), (0, 2, 0), (0, 3, 0), (1, 1, 0), (2, 1, 0))((0, 4, 0), (0, 4, 1), (0, 4, 2), (1, 4, 2), (2, 4, 2))((2, 4, 0), (3, 4, 0), (4, 4, 0), (4, 4, 1), (4, 4, 2))((1, 4, 1), (2, 4, 1), (3, 4, 1), (3, 4, 2), (3, 4, 3))((2, 4, 5), (3, 4, 5), (4, 4, 3), (4, 4, 4), (4, 4, 5))((0, 4, 3), (0, 4, 4), (0, 4, 5), (1, 4, 3), (2, 4, 3))((1, 4, 4), (2, 4, 4), (3, 2, 4), (3, 3, 4), (3, 4, 4))((1, 3, 3), (2, 3, 3), (3, 3, 1), (3, 3, 2), (3, 3, 3))((0, 1, 2), (0, 2, 2), (0, 3, 2), (1, 3, 2), (2, 3, 2))((0, 1, 1), (0, 2, 1), (0, 3, 1), (1, 3, 1), (2, 3, 1))((1, 0, 3), (2, 0, 3), (3, 0, 3), (3, 1, 3), (3, 2, 3))((2, 0, 5), (3, 0, 5), (4, 0, 3), (4, 0, 4), (4, 0, 5))((1, 0, 4), (1, 1, 4), (1, 2, 4), (2, 0, 4), (3, 0, 4))((0, 1, 3), (0, 2, 3), (0, 3, 3), (1, 1, 3), (2, 1, 3))((0, 0, 3), (0, 0, 4), (0, 0, 5), (0, 1, 5), (0, 2, 5))((0, 1, 4), (0, 2, 4), (0, 3, 4), (1, 3, 4), (2, 3, 4))((0, 1, 7), (0, 2, 7), (0, 3, 5), (0, 3, 6), (0, 3, 7))((0, 4, 6), (0, 4, 7), (0, 4, 8), (1, 4, 8), (2, 4, 8))((0, 1, 8), (0, 2, 8), (0, 3, 8), (1, 3, 8), (2, 3, 8))((0, 0, 6), (0, 0, 7), (0, 0, 8), (0, 1, 6), (0, 2, 6))((2, 4, 6), (3, 4, 6), (4, 4, 6), (4, 4, 7), (4, 4, 8))((1, 2, 8), (2, 2, 8), (3, 2, 8), (3, 3, 8), (3, 4, 8))((1, 1, 6), (1, 1, 7), (1, 1, 8), (2, 1, 6), (3, 1, 6))((2, 1, 8), (3, 1, 8), (4, 1, 8), (4, 2, 8), (4, 3, 8))((2, 1, 4), (3, 1, 4), (4, 1, 4), (4, 2, 4), (4, 3, 4))((1, 0, 6), (1, 0, 7), (1, 0, 8), (2, 0, 6), (3, 0, 6))((2, 0, 8), (3, 0, 8), (4, 0, 6), (4, 0, 7), (4, 0, 8))((2, 0, 7), (2, 1, 7), (2, 2, 5), (2, 2, 6), (2, 2, 7))((2, 3, 6), (3, 3, 6), (4, 1, 6), (4, 2, 6), (4, 3, 6))((2, 3, 7), (3, 3, 7), (4, 1, 7), (4, 2, 7), (4, 3, 7))((3, 0, 7), (3, 1, 7), (3, 2, 5), (3, 2, 6), (3, 2, 7))((1, 0, 5), (1, 1, 5), (1, 2, 5), (1, 2, 6), (1, 2, 7))((1, 4, 5), (1, 4, 6), (1, 4, 7), (2, 4, 7), (3, 4, 7))((1, 3, 5), (1, 3, 6), (1, 3, 7), (2, 3, 5), (3, 3, 5))((2, 1, 5), (3, 1, 5), (4, 1, 5), (4, 2, 5), (4, 3, 5))
95
((0, 0, 0), (0, 0, 1), (0, 0, 2), (1, 0, 2), (2, 0, 2))((1, 0, 1), (2, 0, 1), (3, 0, 1), (3, 0, 2), (3, 0, 3))((1, 0, 0), (2, 0, 0), (3, 0, 0), (3, 1, 0), (3, 2, 0))((4, 0, 0), (4, 0, 1), (4, 0, 2), (4, 1, 0), (4, 2, 0))((4, 2, 2), (4, 3, 2), (4, 4, 0), (4, 4, 1), (4, 4, 2))((2, 1, 0), (2, 2, 0), (2, 3, 0), (3, 3, 0), (4, 3, 0))((1, 1, 0), (1, 1, 1), (1, 1, 2), (1, 2, 2), (1, 3, 2))((1, 2, 0), (1, 3, 0), (1, 4, 0), (2, 4, 0), (3, 4, 0))((0, 1, 0), (0, 1, 1), (0, 1, 2), (0, 2, 2), (0, 3, 2))((0, 2, 0), (0, 3, 0), (0, 4, 0), (0, 4, 1), (0, 4, 2))((0, 2, 1), (1, 2, 1), (2, 2, 1), (2, 2, 2), (2, 2, 3))((0, 3, 1), (1, 3, 1), (2, 3, 1), (2, 3, 2), (2, 3, 3))((4, 1, 1), (4, 1, 2), (4, 1, 3), (4, 2, 1), (4, 3, 1))((0, 1, 3), (1, 1, 3), (2, 1, 1), (2, 1, 2), (2, 1, 3))((4, 0, 3), (4, 0, 4), (4, 0, 5), (4, 1, 5), (4, 2, 5))((4, 2, 3), (4, 3, 3), (4, 4, 3), (4, 4, 4), (4, 4, 5))((3, 1, 1), (3, 1, 2), (3, 1, 3), (3, 2, 3), (3, 3, 3))((1, 4, 2), (2, 4, 2), (3, 2, 2), (3, 3, 2), (3, 4, 2))((1, 4, 1), (2, 4, 1), (3, 2, 1), (3, 3, 1), (3, 4, 1))((0, 0, 3), (0, 0, 4), (0, 0, 5), (1, 0, 3), (2, 0, 3))((0, 2, 3), (0, 3, 3), (0, 4, 3), (0, 4, 4), (0, 4, 5))((1, 2, 3), (1, 3, 3), (1, 4, 3), (2, 4, 3), (3, 4, 3))((2, 3, 4), (3, 3, 4), (4, 1, 4), (4, 2, 4), (4, 3, 4))((4, 1, 7), (4, 2, 7), (4, 3, 5), (4, 3, 6), (4, 3, 7))((4, 2, 8), (4, 3, 8), (4, 4, 6), (4, 4, 7), (4, 4, 8))((2, 1, 8), (2, 2, 8), (2, 3, 8), (3, 1, 8), (4, 1, 8))((4, 0, 6), (4, 0, 7), (4, 0, 8), (4, 1, 6), (4, 2, 6))((3, 2, 8), (3, 3, 8), (3, 4, 6), (3, 4, 7), (3, 4, 8))((1, 2, 4), (1, 3, 4), (1, 4, 4), (2, 4, 4), (3, 4, 4))((1, 0, 4), (2, 0, 4), (3, 0, 4), (3, 1, 4), (3, 2, 4))((2, 2, 4), (2, 2, 5), (2, 2, 6), (2, 3, 6), (2, 4, 6))((0, 4, 6), (0, 4, 7), (0, 4, 8), (1, 4, 8), (2, 4, 8))((0, 2, 7), (1, 2, 7), (2, 2, 7), (2, 3, 7), (2, 4, 7))((1, 4, 5), (1, 4, 6), (1, 4, 7), (2, 4, 5), (3, 4, 5))((1, 1, 6), (1, 2, 6), (1, 3, 6), (1, 3, 7), (1, 3, 8))((1, 0, 8), (1, 1, 8), (1, 2, 8), (2, 0, 8), (3, 0, 8))((0, 1, 7), (1, 1, 7), (2, 1, 5), (2, 1, 6), (2, 1, 7))((0, 1, 8), (0, 2, 8), (0, 3, 6), (0, 3, 7), (0, 3, 8))((0, 1, 5), (0, 2, 5), (0, 3, 5), (1, 3, 5), (2, 3, 5))((0, 1, 4), (0, 2, 4), (0, 3, 4), (1, 1, 4), (2, 1, 4))((0, 0, 6), (0, 0, 7), (0, 0, 8), (0, 1, 6), (0, 2, 6))((1, 0, 6), (2, 0, 6), (3, 0, 6), (3, 1, 6), (3, 2, 6))((1, 0, 7), (2, 0, 7), (3, 0, 7), (3, 1, 7), (3, 2, 7))((3, 1, 5), (3, 2, 5), (3, 3, 5), (3, 3, 6), (3, 3, 7))((1, 0, 5), (1, 1, 5), (1, 2, 5), (2, 0, 5), (3, 0, 5))
96
((0, 0, 0), (0, 0, 1), (0, 0, 2), (1, 0, 2), (2, 0, 2))((1, 0, 1), (2, 0, 1), (3, 0, 1), (3, 0, 2), (3, 0, 3))((1, 0, 0), (2, 0, 0), (3, 0, 0), (3, 1, 0), (3, 2, 0))((4, 0, 0), (4, 0, 1), (4, 0, 2), (4, 1, 0), (4, 2, 0))((4, 2, 2), (4, 3, 2), (4, 4, 0), (4, 4, 1), (4, 4, 2))((2, 1, 0), (2, 2, 0), (2, 3, 0), (3, 3, 0), (4, 3, 0))((1, 1, 0), (1, 1, 1), (1, 1, 2), (1, 2, 2), (1, 3, 2))((1, 2, 0), (1, 3, 0), (1, 4, 0), (2, 4, 0), (3, 4, 0))((0, 1, 0), (0, 1, 1), (0, 1, 2), (0, 2, 2), (0, 3, 2))((0, 2, 0), (0, 3, 0), (0, 4, 0), (0, 4, 1), (0, 4, 2))((0, 2, 1), (1, 2, 1), (2, 2, 1), (2, 2, 2), (2, 2, 3))((0, 3, 1), (1, 3, 1), (2, 3, 1), (2, 3, 2), (2, 3, 3))((4, 1, 1), (4, 1, 2), (4, 1, 3), (4, 2, 1), (4, 3, 1))((0, 1, 3), (1, 1, 3), (2, 1, 1), (2, 1, 2), (2, 1, 3))((4, 0, 3), (4, 0, 4), (4, 0, 5), (4, 1, 5), (4, 2, 5))((4, 2, 3), (4, 3, 3), (4, 4, 3), (4, 4, 4), (4, 4, 5))((3, 1, 1), (3, 1, 2), (3, 1, 3), (3, 2, 3), (3, 3, 3))((1, 4, 2), (2, 4, 2), (3, 2, 2), (3, 3, 2), (3, 4, 2))((1, 4, 1), (2, 4, 1), (3, 2, 1), (3, 3, 1), (3, 4, 1))((0, 0, 3), (0, 0, 4), (0, 0, 5), (1, 0, 3), (2, 0, 3))((0, 2, 3), (0, 3, 3), (0, 4, 3), (0, 4, 4), (0, 4, 5))((1, 2, 3), (1, 3, 3), (1, 4, 3), (2, 4, 3), (3, 4, 3))((2, 3, 4), (3, 3, 4), (4, 1, 4), (4, 2, 4), (4, 3, 4))((4, 1, 7), (4, 2, 7), (4, 3, 5), (4, 3, 6), (4, 3, 7))((4, 2, 8), (4, 3, 8), (4, 4, 6), (4, 4, 7), (4, 4, 8))((2, 1, 8), (2, 2, 8), (2, 3, 8), (3, 1, 8), (4, 1, 8))((4, 0, 6), (4, 0, 7), (4, 0, 8), (4, 1, 6), (4, 2, 6))((3, 2, 8), (3, 3, 8), (3, 4, 6), (3, 4, 7), (3, 4, 8))((1, 2, 4), (1, 3, 4), (1, 4, 4), (2, 4, 4), (3, 4, 4))((1, 0, 4), (2, 0, 4), (3, 0, 4), (3, 1, 4), (3, 2, 4))((2, 2, 4), (2, 2, 5), (2, 2, 6), (2, 3, 6), (2, 4, 6))((0, 4, 6), (0, 4, 7), (0, 4, 8), (1, 4, 8), (2, 4, 8))((0, 2, 7), (1, 2, 7), (2, 2, 7), (2, 3, 7), (2, 4, 7))((1, 4, 5), (1, 4, 6), (1, 4, 7), (2, 4, 5), (3, 4, 5))((1, 1, 6), (1, 2, 6), (1, 3, 6), (1, 3, 7), (1, 3, 8))((1, 0, 8), (1, 1, 8), (1, 2, 8), (2, 0, 8), (3, 0, 8))((0, 1, 7), (1, 1, 7), (2, 1, 5), (2, 1, 6), (2, 1, 7))((0, 0, 6), (0, 0, 7), (0, 0, 8), (0, 1, 8), (0, 2, 8))((0, 1, 6), (0, 2, 6), (0, 3, 6), (0, 3, 7), (0, 3, 8))((0, 1, 4), (0, 2, 4), (0, 3, 4), (1, 1, 4), (2, 1, 4))((0, 1, 5), (0, 2, 5), (0, 3, 5), (1, 3, 5), (2, 3, 5))((1, 0, 6), (2, 0, 6), (3, 0, 6), (3, 1, 6), (3, 2, 6))((1, 0, 7), (2, 0, 7), (3, 0, 7), (3, 1, 7), (3, 2, 7))((3, 1, 5), (3, 2, 5), (3, 3, 5), (3, 3, 6), (3, 3, 7))((1, 0, 5), (1, 1, 5), (1, 2, 5), (2, 0, 5), (3, 0, 5))
97
((0, 0, 0), (0, 0, 1), (0, 0, 2), (1, 0, 2), (2, 0, 2))((1, 0, 1), (2, 0, 1), (3, 0, 1), (3, 0, 2), (3, 0, 3))((1, 0, 0), (2, 0, 0), (3, 0, 0), (3, 1, 0), (3, 2, 0))((4, 0, 0), (4, 0, 1), (4, 0, 2), (4, 1, 0), (4, 2, 0))((4, 2, 2), (4, 3, 2), (4, 4, 0), (4, 4, 1), (4, 4, 2))((2, 1, 0), (2, 2, 0), (2, 3, 0), (3, 3, 0), (4, 3, 0))((1, 1, 0), (1, 1, 1), (1, 1, 2), (1, 2, 2), (1, 3, 2))((1, 2, 0), (1, 3, 0), (1, 4, 0), (2, 4, 0), (3, 4, 0))((0, 1, 0), (0, 1, 1), (0, 1, 2), (0, 2, 2), (0, 3, 2))((0, 2, 0), (0, 3, 0), (0, 4, 0), (0, 4, 1), (0, 4, 2))((0, 2, 1), (1, 2, 1), (2, 2, 1), (2, 2, 2), (2, 2, 3))((0, 3, 1), (1, 3, 1), (2, 3, 1), (2, 3, 2), (2, 3, 3))((4, 1, 1), (4, 1, 2), (4, 1, 3), (4, 2, 1), (4, 3, 1))((0, 1, 3), (1, 1, 3), (2, 1, 1), (2, 1, 2), (2, 1, 3))((4, 0, 3), (4, 0, 4), (4, 0, 5), (4, 1, 5), (4, 2, 5))((4, 2, 3), (4, 3, 3), (4, 4, 3), (4, 4, 4), (4, 4, 5))((3, 1, 1), (3, 1, 2), (3, 1, 3), (3, 2, 3), (3, 3, 3))((1, 4, 2), (2, 4, 2), (3, 2, 2), (3, 3, 2), (3, 4, 2))((1, 4, 1), (2, 4, 1), (3, 2, 1), (3, 3, 1), (3, 4, 1))((0, 0, 3), (0, 0, 4), (0, 0, 5), (1, 0, 3), (2, 0, 3))((0, 2, 3), (0, 3, 3), (0, 4, 3), (0, 4, 4), (0, 4, 5))((1, 2, 3), (1, 3, 3), (1, 4, 3), (2, 4, 3), (3, 4, 3))((2, 1, 4), (3, 1, 4), (4, 1, 4), (4, 2, 4), (4, 3, 4))((4, 1, 7), (4, 2, 7), (4, 3, 5), (4, 3, 6), (4, 3, 7))((4, 0, 6), (4, 0, 7), (4, 0, 8), (4, 1, 6), (4, 2, 6))((2, 1, 8), (2, 2, 8), (2, 3, 8), (3, 1, 8), (4, 1, 8))((4, 2, 8), (4, 3, 8), (4, 4, 6), (4, 4, 7), (4, 4, 8))((3, 2, 8), (3, 3, 8), (3, 4, 6), (3, 4, 7), (3, 4, 8))((0, 1, 4), (0, 2, 4), (0, 3, 4), (1, 3, 4), (2, 3, 4))((1, 4, 4), (2, 4, 4), (3, 2, 4), (3, 3, 4), (3, 4, 4))((2, 2, 4), (2, 2, 5), (2, 2, 6), (2, 3, 6), (2, 4, 6))((0, 4, 6), (0, 4, 7), (0, 4, 8), (1, 4, 8), (2, 4, 8))((0, 2, 7), (1, 2, 7), (2, 2, 7), (2, 3, 7), (2, 4, 7))((1, 4, 5), (1, 4, 6), (1, 4, 7), (2, 4, 5), (3, 4, 5))((1, 1, 6), (1, 2, 6), (1, 3, 6), (1, 3, 7), (1, 3, 8))((0, 1, 7), (1, 1, 7), (2, 1, 5), (2, 1, 6), (2, 1, 7))((1, 0, 8), (1, 1, 8), (1, 2, 8), (2, 0, 8), (3, 0, 8))((0, 1, 8), (0, 2, 8), (0, 3, 6), (0, 3, 7), (0, 3, 8))((0, 1, 5), (0, 2, 5), (0, 3, 5), (1, 3, 5), (2, 3, 5))((0, 0, 6), (0, 0, 7), (0, 0, 8), (0, 1, 6), (0, 2, 6))((3, 1, 5), (3, 2, 5), (3, 3, 5), (3, 3, 6), (3, 3, 7))((1, 0, 7), (2, 0, 7), (3, 0, 7), (3, 1, 7), (3, 2, 7))((1, 0, 5), (1, 1, 5), (1, 2, 5), (2, 0, 5), (3, 0, 5))((1, 0, 4), (1, 1, 4), (1, 2, 4), (2, 0, 4), (3, 0, 4))((1, 0, 6), (2, 0, 6), (3, 0, 6), (3, 1, 6), (3, 2, 6))
98
((0, 0, 0), (0, 0, 1), (0, 0, 2), (1, 0, 2), (2, 0, 2))((1, 0, 1), (2, 0, 1), (3, 0, 1), (3, 0, 2), (3, 0, 3))((1, 0, 0), (2, 0, 0), (3, 0, 0), (3, 1, 0), (3, 2, 0))((4, 0, 0), (4, 0, 1), (4, 0, 2), (4, 1, 0), (4, 2, 0))((4, 2, 2), (4, 3, 2), (4, 4, 0), (4, 4, 1), (4, 4, 2))((2, 1, 0), (2, 2, 0), (2, 3, 0), (3, 3, 0), (4, 3, 0))((1, 1, 0), (1, 1, 1), (1, 1, 2), (1, 2, 2), (1, 3, 2))((1, 2, 0), (1, 3, 0), (1, 4, 0), (2, 4, 0), (3, 4, 0))((0, 1, 0), (0, 1, 1), (0, 1, 2), (0, 2, 2), (0, 3, 2))((0, 2, 0), (0, 3, 0), (0, 4, 0), (0, 4, 1), (0, 4, 2))((0, 2, 1), (1, 2, 1), (2, 2, 1), (2, 2, 2), (2, 2, 3))((0, 3, 1), (1, 3, 1), (2, 3, 1), (2, 3, 2), (2, 3, 3))((4, 1, 1), (4, 1, 2), (4, 1, 3), (4, 2, 1), (4, 3, 1))((0, 1, 3), (1, 1, 3), (2, 1, 1), (2, 1, 2), (2, 1, 3))((4, 0, 3), (4, 0, 4), (4, 0, 5), (4, 1, 5), (4, 2, 5))((4, 2, 3), (4, 3, 3), (4, 4, 3), (4, 4, 4), (4, 4, 5))((3, 1, 1), (3, 1, 2), (3, 1, 3), (3, 2, 3), (3, 3, 3))((1, 4, 2), (2, 4, 2), (3, 2, 2), (3, 3, 2), (3, 4, 2))((1, 4, 1), (2, 4, 1), (3, 2, 1), (3, 3, 1), (3, 4, 1))((0, 0, 3), (0, 0, 4), (0, 0, 5), (1, 0, 3), (2, 0, 3))((0, 2, 3), (0, 3, 3), (0, 4, 3), (0, 4, 4), (0, 4, 5))((1, 2, 3), (1, 3, 3), (1, 4, 3), (2, 4, 3), (3, 4, 3))((2, 1, 4), (3, 1, 4), (4, 1, 4), (4, 2, 4), (4, 3, 4))((4, 1, 7), (4, 2, 7), (4, 3, 5), (4, 3, 6), (4, 3, 7))((4, 0, 6), (4, 0, 7), (4, 0, 8), (4, 1, 6), (4, 2, 6))((2, 1, 8), (2, 2, 8), (2, 3, 8), (3, 1, 8), (4, 1, 8))((4, 2, 8), (4, 3, 8), (4, 4, 6), (4, 4, 7), (4, 4, 8))((3, 2, 8), (3, 3, 8), (3, 4, 6), (3, 4, 7), (3, 4, 8))((0, 1, 4), (0, 2, 4), (0, 3, 4), (1, 3, 4), (2, 3, 4))((1, 4, 4), (2, 4, 4), (3, 2, 4), (3, 3, 4), (3, 4, 4))((2, 2, 4), (2, 2, 5), (2, 2, 6), (2, 3, 6), (2, 4, 6))((0, 4, 6), (0, 4, 7), (0, 4, 8), (1, 4, 8), (2, 4, 8))((0, 2, 7), (1, 2, 7), (2, 2, 7), (2, 3, 7), (2, 4, 7))((1, 4, 5), (1, 4, 6), (1, 4, 7), (2, 4, 5), (3, 4, 5))((1, 1, 6), (1, 2, 6), (1, 3, 6), (1, 3, 7), (1, 3, 8))((0, 1, 7), (1, 1, 7), (2, 1, 5), (2, 1, 6), (2, 1, 7))((1, 0, 8), (1, 1, 8), (1, 2, 8), (2, 0, 8), (3, 0, 8))((0, 0, 6), (0, 0, 7), (0, 0, 8), (0, 1, 8), (0, 2, 8))((0, 1, 6), (0, 2, 6), (0, 3, 6), (0, 3, 7), (0, 3, 8))((0, 1, 5), (0, 2, 5), (0, 3, 5), (1, 3, 5), (2, 3, 5))((3, 1, 5), (3, 2, 5), (3, 3, 5), (3, 3, 6), (3, 3, 7))((1, 0, 7), (2, 0, 7), (3, 0, 7), (3, 1, 7), (3, 2, 7))((1, 0, 5), (1, 1, 5), (1, 2, 5), (2, 0, 5), (3, 0, 5))((1, 0, 4), (1, 1, 4), (1, 2, 4), (2, 0, 4), (3, 0, 4))((1, 0, 6), (2, 0, 6), (3, 0, 6), (3, 1, 6), (3, 2, 6))
99
((0, 0, 0), (0, 0, 1), (0, 0, 2), (1, 0, 2), (2, 0, 2))((1, 0, 1), (2, 0, 1), (3, 0, 1), (3, 0, 2), (3, 0, 3))((1, 0, 0), (2, 0, 0), (3, 0, 0), (3, 1, 0), (3, 2, 0))((4, 0, 0), (4, 0, 1), (4, 0, 2), (4, 1, 0), (4, 2, 0))((4, 2, 2), (4, 3, 2), (4, 4, 0), (4, 4, 1), (4, 4, 2))((2, 1, 0), (2, 2, 0), (2, 3, 0), (3, 3, 0), (4, 3, 0))((1, 1, 0), (1, 1, 1), (1, 1, 2), (1, 2, 2), (1, 3, 2))((1, 2, 0), (1, 3, 0), (1, 4, 0), (2, 4, 0), (3, 4, 0))((0, 1, 0), (0, 1, 1), (0, 1, 2), (0, 2, 2), (0, 3, 2))((0, 2, 0), (0, 3, 0), (0, 4, 0), (0, 4, 1), (0, 4, 2))((0, 2, 1), (1, 2, 1), (2, 2, 1), (2, 2, 2), (2, 2, 3))((0, 3, 1), (1, 3, 1), (2, 3, 1), (2, 3, 2), (2, 3, 3))((4, 1, 1), (4, 1, 2), (4, 1, 3), (4, 2, 1), (4, 3, 1))((0, 1, 3), (1, 1, 3), (2, 1, 1), (2, 1, 2), (2, 1, 3))((2, 0, 5), (3, 0, 5), (4, 0, 3), (4, 0, 4), (4, 0, 5))((0, 0, 3), (0, 0, 4), (0, 0, 5), (1, 0, 3), (2, 0, 3))((3, 1, 1), (3, 1, 2), (3, 1, 3), (3, 2, 3), (3, 3, 3))((1, 4, 2), (2, 4, 2), (3, 2, 2), (3, 3, 2), (3, 4, 2))((1, 4, 1), (2, 4, 1), (3, 2, 1), (3, 3, 1), (3, 4, 1))((0, 2, 3), (0, 3, 3), (0, 4, 3), (0, 4, 4), (0, 4, 5))((4, 2, 3), (4, 3, 3), (4, 4, 3), (4, 4, 4), (4, 4, 5))((1, 2, 3), (1, 3, 3), (1, 4, 3), (2, 4, 3), (3, 4, 3))((1, 0, 4), (2, 0, 4), (3, 0, 4), (3, 1, 4), (3, 2, 4))((2, 3, 4), (3, 3, 4), (4, 1, 4), (4, 2, 4), (4, 3, 4))((1, 0, 5), (1, 0, 6), (1, 0, 7), (2, 0, 7), (3, 0, 7))((0, 0, 6), (0, 0, 7), (0, 0, 8), (1, 0, 8), (2, 0, 8))((1, 2, 8), (2, 2, 8), (3, 0, 8), (3, 1, 8), (3, 2, 8))((2, 0, 6), (3, 0, 6), (4, 0, 6), (4, 0, 7), (4, 0, 8))((0, 1, 6), (0, 1, 7), (0, 1, 8), (1, 1, 8), (2, 1, 8))((0, 1, 4), (0, 2, 4), (0, 3, 4), (1, 1, 4), (2, 1, 4))((0, 2, 6), (1, 2, 6), (2, 2, 4), (2, 2, 5), (2, 2, 6))((0, 2, 8), (0, 3, 8), (0, 4, 6), (0, 4, 7), (0, 4, 8))((0, 2, 7), (1, 2, 7), (2, 2, 7), (2, 3, 7), (2, 4, 7))((0, 1, 5), (0, 2, 5), (0, 3, 5), (0, 3, 6), (0, 3, 7))((1, 2, 4), (1, 3, 4), (1, 4, 4), (2, 4, 4), (3, 4, 4))((1, 3, 6), (1, 3, 7), (1, 3, 8), (2, 3, 6), (3, 3, 6))((2, 3, 8), (3, 3, 8), (4, 1, 8), (4, 2, 8), (4, 3, 8))((3, 2, 5), (3, 2, 6), (3, 2, 7), (3, 3, 7), (3, 4, 7))((1, 2, 5), (1, 3, 5), (1, 4, 5), (2, 4, 5), (3, 4, 5))((2, 3, 5), (3, 3, 5), (4, 1, 5), (4, 2, 5), (4, 3, 5))((2, 1, 6), (3, 1, 6), (4, 1, 6), (4, 2, 6), (4, 3, 6))((2, 1, 7), (3, 1, 7), (4, 1, 7), (4, 2, 7), (4, 3, 7))((1, 1, 5), (1, 1, 6), (1, 1, 7), (2, 1, 5), (3, 1, 5))((2, 4, 8), (3, 4, 8), (4, 4, 6), (4, 4, 7), (4, 4, 8))((1, 4, 6), (1, 4, 7), (1, 4, 8), (2, 4, 6), (3, 4, 6))
100
((0, 0, 0), (0, 0, 1), (0, 0, 2), (1, 0, 2), (2, 0, 2))((1, 0, 1), (2, 0, 1), (3, 0, 1), (3, 0, 2), (3, 0, 3))((1, 0, 0), (2, 0, 0), (3, 0, 0), (3, 1, 0), (3, 2, 0))((4, 0, 0), (4, 0, 1), (4, 0, 2), (4, 1, 0), (4, 2, 0))((4, 2, 2), (4, 3, 2), (4, 4, 0), (4, 4, 1), (4, 4, 2))((2, 1, 0), (2, 2, 0), (2, 3, 0), (3, 3, 0), (4, 3, 0))((1, 1, 0), (1, 1, 1), (1, 1, 2), (1, 2, 2), (1, 3, 2))((1, 2, 0), (1, 3, 0), (1, 4, 0), (2, 4, 0), (3, 4, 0))((0, 1, 0), (0, 1, 1), (0, 1, 2), (0, 2, 2), (0, 3, 2))((0, 2, 0), (0, 3, 0), (0, 4, 0), (0, 4, 1), (0, 4, 2))((0, 2, 1), (1, 2, 1), (2, 2, 1), (2, 2, 2), (2, 2, 3))((0, 3, 1), (1, 3, 1), (2, 3, 1), (2, 3, 2), (2, 3, 3))((4, 1, 1), (4, 1, 2), (4, 1, 3), (4, 2, 1), (4, 3, 1))((0, 1, 3), (1, 1, 3), (2, 1, 1), (2, 1, 2), (2, 1, 3))((2, 0, 5), (3, 0, 5), (4, 0, 3), (4, 0, 4), (4, 0, 5))((0, 0, 3), (0, 0, 4), (0, 0, 5), (1, 0, 3), (2, 0, 3))((3, 1, 1), (3, 1, 2), (3, 1, 3), (3, 2, 3), (3, 3, 3))((1, 4, 2), (2, 4, 2), (3, 2, 2), (3, 3, 2), (3, 4, 2))((1, 4, 1), (2, 4, 1), (3, 2, 1), (3, 3, 1), (3, 4, 1))((0, 2, 3), (0, 3, 3), (0, 4, 3), (0, 4, 4), (0, 4, 5))((4, 2, 3), (4, 3, 3), (4, 4, 3), (4, 4, 4), (4, 4, 5))((1, 2, 3), (1, 3, 3), (1, 4, 3), (2, 4, 3), (3, 4, 3))((1, 0, 4), (2, 0, 4), (3, 0, 4), (3, 1, 4), (3, 2, 4))((2, 3, 4), (3, 3, 4), (4, 1, 4), (4, 2, 4), (4, 3, 4))((1, 0, 5), (1, 0, 6), (1, 0, 7), (2, 0, 7), (3, 0, 7))((0, 0, 6), (0, 0, 7), (0, 0, 8), (1, 0, 8), (2, 0, 8))((1, 2, 8), (2, 2, 8), (3, 0, 8), (3, 1, 8), (3, 2, 8))((2, 0, 6), (3, 0, 6), (4, 0, 6), (4, 0, 7), (4, 0, 8))((0, 1, 6), (0, 1, 7), (0, 1, 8), (1, 1, 8), (2, 1, 8))((0, 1, 4), (0, 2, 4), (0, 3, 4), (1, 1, 4), (2, 1, 4))((0, 2, 6), (1, 2, 6), (2, 2, 4), (2, 2, 5), (2, 2, 6))((0, 2, 8), (0, 3, 8), (0, 4, 6), (0, 4, 7), (0, 4, 8))((0, 2, 7), (1, 2, 7), (2, 2, 7), (2, 3, 7), (2, 4, 7))((0, 1, 5), (0, 2, 5), (0, 3, 5), (0, 3, 6), (0, 3, 7))((1, 2, 4), (1, 3, 4), (1, 4, 4), (2, 4, 4), (3, 4, 4))((1, 3, 6), (1, 3, 7), (1, 3, 8), (2, 3, 6), (3, 3, 6))((2, 3, 8), (3, 3, 8), (4, 1, 8), (4, 2, 8), (4, 3, 8))((3, 2, 5), (3, 2, 6), (3, 2, 7), (3, 3, 7), (3, 4, 7))((1, 2, 5), (1, 3, 5), (1, 4, 5), (2, 4, 5), (3, 4, 5))((2, 3, 5), (3, 3, 5), (4, 1, 5), (4, 2, 5), (4, 3, 5))((2, 1, 6), (3, 1, 6), (4, 1, 6), (4, 2, 6), (4, 3, 6))((2, 1, 7), (3, 1, 7), (4, 1, 7), (4, 2, 7), (4, 3, 7))((1, 1, 5), (1, 1, 6), (1, 1, 7), (2, 1, 5), (3, 1, 5))((2, 4, 6), (3, 4, 6), (4, 4, 6), (4, 4, 7), (4, 4, 8))((1, 4, 6), (1, 4, 7), (1, 4, 8), (2, 4, 8), (3, 4, 8))
101
((0, 0, 0), (0, 0, 1), (0, 0, 2), (1, 0, 2), (2, 0, 2))((1, 0, 1), (2, 0, 1), (3, 0, 1), (3, 0, 2), (3, 0, 3))((1, 0, 0), (2, 0, 0), (3, 0, 0), (3, 1, 0), (3, 2, 0))((4, 0, 0), (4, 0, 1), (4, 0, 2), (4, 1, 0), (4, 2, 0))((4, 2, 2), (4, 3, 2), (4, 4, 0), (4, 4, 1), (4, 4, 2))((2, 1, 0), (2, 2, 0), (2, 3, 0), (3, 3, 0), (4, 3, 0))((1, 1, 0), (1, 1, 1), (1, 1, 2), (1, 2, 2), (1, 3, 2))((1, 2, 0), (1, 3, 0), (1, 4, 0), (2, 4, 0), (3, 4, 0))((0, 1, 0), (0, 1, 1), (0, 1, 2), (0, 2, 2), (0, 3, 2))((0, 2, 0), (0, 3, 0), (0, 4, 0), (0, 4, 1), (0, 4, 2))((0, 2, 1), (1, 2, 1), (2, 2, 1), (2, 2, 2), (2, 2, 3))((0, 3, 1), (1, 3, 1), (2, 3, 1), (2, 3, 2), (2, 3, 3))((4, 1, 1), (4, 1, 2), (4, 1, 3), (4, 2, 1), (4, 3, 1))((0, 1, 3), (1, 1, 3), (2, 1, 1), (2, 1, 2), (2, 1, 3))((2, 0, 5), (3, 0, 5), (4, 0, 3), (4, 0, 4), (4, 0, 5))((0, 0, 3), (0, 0, 4), (0, 0, 5), (1, 0, 3), (2, 0, 3))((3, 1, 1), (3, 1, 2), (3, 1, 3), (3, 2, 3), (3, 3, 3))((1, 4, 2), (2, 4, 2), (3, 2, 2), (3, 3, 2), (3, 4, 2))((1, 4, 1), (2, 4, 1), (3, 2, 1), (3, 3, 1), (3, 4, 1))((0, 2, 3), (0, 3, 3), (0, 4, 3), (0, 4, 4), (0, 4, 5))((4, 2, 3), (4, 3, 3), (4, 4, 3), (4, 4, 4), (4, 4, 5))((1, 2, 3), (1, 3, 3), (1, 4, 3), (2, 4, 3), (3, 4, 3))((1, 0, 4), (1, 1, 4), (1, 2, 4), (2, 0, 4), (3, 0, 4))((0, 1, 4), (0, 2, 4), (0, 3, 4), (1, 3, 4), (2, 3, 4))((2, 1, 4), (3, 1, 4), (4, 1, 4), (4, 2, 4), (4, 3, 4))((0, 2, 6), (1, 2, 6), (2, 2, 4), (2, 2, 5), (2, 2, 6))((1, 0, 5), (1, 0, 6), (1, 0, 7), (2, 0, 7), (3, 0, 7))((0, 0, 6), (0, 0, 7), (0, 0, 8), (1, 0, 8), (2, 0, 8))((1, 2, 8), (2, 2, 8), (3, 0, 8), (3, 1, 8), (3, 2, 8))((2, 0, 6), (3, 0, 6), (4, 0, 6), (4, 0, 7), (4, 0, 8))((0, 1, 5), (0, 2, 5), (0, 3, 5), (0, 3, 6), (0, 3, 7))((0, 2, 7), (1, 2, 7), (2, 2, 7), (2, 3, 7), (2, 4, 7))((0, 2, 8), (0, 3, 8), (0, 4, 6), (0, 4, 7), (0, 4, 8))((1, 3, 6), (1, 3, 7), (1, 3, 8), (2, 3, 6), (3, 3, 6))((2, 3, 8), (3, 3, 8), (4, 1, 8), (4, 2, 8), (4, 3, 8))((1, 4, 4), (2, 4, 4), (3, 2, 4), (3, 3, 4), (3, 4, 4))((3, 2, 5), (3, 2, 6), (3, 2, 7), (3, 3, 7), (3, 4, 7))((1, 2, 5), (1, 3, 5), (1, 4, 5), (2, 4, 5), (3, 4, 5))((2, 3, 5), (3, 3, 5), (4, 1, 5), (4, 2, 5), (4, 3, 5))((2, 1, 7), (3, 1, 7), (4, 1, 7), (4, 2, 7), (4, 3, 7))((2, 1, 6), (3, 1, 6), (4, 1, 6), (4, 2, 6), (4, 3, 6))((1, 1, 5), (1, 1, 6), (1, 1, 7), (2, 1, 5), (3, 1, 5))((0, 1, 6), (0, 1, 7), (0, 1, 8), (1, 1, 8), (2, 1, 8))((2, 4, 8), (3, 4, 8), (4, 4, 6), (4, 4, 7), (4, 4, 8))((1, 4, 6), (1, 4, 7), (1, 4, 8), (2, 4, 6), (3, 4, 6))
102
((0, 0, 0), (0, 0, 1), (0, 0, 2), (1, 0, 2), (2, 0, 2))((1, 0, 1), (2, 0, 1), (3, 0, 1), (3, 0, 2), (3, 0, 3))((1, 0, 0), (2, 0, 0), (3, 0, 0), (3, 1, 0), (3, 2, 0))((4, 0, 0), (4, 0, 1), (4, 0, 2), (4, 1, 0), (4, 2, 0))((4, 2, 2), (4, 3, 2), (4, 4, 0), (4, 4, 1), (4, 4, 2))((2, 1, 0), (2, 2, 0), (2, 3, 0), (3, 3, 0), (4, 3, 0))((1, 1, 0), (1, 1, 1), (1, 1, 2), (1, 2, 2), (1, 3, 2))((1, 2, 0), (1, 3, 0), (1, 4, 0), (2, 4, 0), (3, 4, 0))((0, 1, 0), (0, 1, 1), (0, 1, 2), (0, 2, 2), (0, 3, 2))((0, 2, 0), (0, 3, 0), (0, 4, 0), (0, 4, 1), (0, 4, 2))((0, 2, 1), (1, 2, 1), (2, 2, 1), (2, 2, 2), (2, 2, 3))((0, 3, 1), (1, 3, 1), (2, 3, 1), (2, 3, 2), (2, 3, 3))((4, 1, 1), (4, 1, 2), (4, 1, 3), (4, 2, 1), (4, 3, 1))((0, 1, 3), (1, 1, 3), (2, 1, 1), (2, 1, 2), (2, 1, 3))((2, 0, 5), (3, 0, 5), (4, 0, 3), (4, 0, 4), (4, 0, 5))((0, 0, 3), (0, 0, 4), (0, 0, 5), (1, 0, 3), (2, 0, 3))((3, 1, 1), (3, 1, 2), (3, 1, 3), (3, 2, 3), (3, 3, 3))((1, 4, 2), (2, 4, 2), (3, 2, 2), (3, 3, 2), (3, 4, 2))((1, 4, 1), (2, 4, 1), (3, 2, 1), (3, 3, 1), (3, 4, 1))((0, 2, 3), (0, 3, 3), (0, 4, 3), (0, 4, 4), (0, 4, 5))((4, 2, 3), (4, 3, 3), (4, 4, 3), (4, 4, 4), (4, 4, 5))((1, 2, 3), (1, 3, 3), (1, 4, 3), (2, 4, 3), (3, 4, 3))((1, 0, 4), (1, 1, 4), (1, 2, 4), (2, 0, 4), (3, 0, 4))((0, 1, 4), (0, 2, 4), (0, 3, 4), (1, 3, 4), (2, 3, 4))((2, 1, 4), (3, 1, 4), (4, 1, 4), (4, 2, 4), (4, 3, 4))((0, 2, 6), (1, 2, 6), (2, 2, 4), (2, 2, 5), (2, 2, 6))((1, 0, 5), (1, 0, 6), (1, 0, 7), (2, 0, 7), (3, 0, 7))((0, 0, 6), (0, 0, 7), (0, 0, 8), (1, 0, 8), (2, 0, 8))((1, 2, 8), (2, 2, 8), (3, 0, 8), (3, 1, 8), (3, 2, 8))((2, 0, 6), (3, 0, 6), (4, 0, 6), (4, 0, 7), (4, 0, 8))((0, 1, 5), (0, 2, 5), (0, 3, 5), (0, 3, 6), (0, 3, 7))((0, 2, 7), (1, 2, 7), (2, 2, 7), (2, 3, 7), (2, 4, 7))((0, 2, 8), (0, 3, 8), (0, 4, 6), (0, 4, 7), (0, 4, 8))((1, 3, 6), (1, 3, 7), (1, 3, 8), (2, 3, 6), (3, 3, 6))((2, 3, 8), (3, 3, 8), (4, 1, 8), (4, 2, 8), (4, 3, 8))((1, 4, 4), (2, 4, 4), (3, 2, 4), (3, 3, 4), (3, 4, 4))((3, 2, 5), (3, 2, 6), (3, 2, 7), (3, 3, 7), (3, 4, 7))((1, 2, 5), (1, 3, 5), (1, 4, 5), (2, 4, 5), (3, 4, 5))((2, 3, 5), (3, 3, 5), (4, 1, 5), (4, 2, 5), (4, 3, 5))((2, 1, 7), (3, 1, 7), (4, 1, 7), (4, 2, 7), (4, 3, 7))((2, 1, 6), (3, 1, 6), (4, 1, 6), (4, 2, 6), (4, 3, 6))((1, 1, 5), (1, 1, 6), (1, 1, 7), (2, 1, 5), (3, 1, 5))((0, 1, 6), (0, 1, 7), (0, 1, 8), (1, 1, 8), (2, 1, 8))((2, 4, 6), (3, 4, 6), (4, 4, 6), (4, 4, 7), (4, 4, 8))((1, 4, 6), (1, 4, 7), (1, 4, 8), (2, 4, 8), (3, 4, 8))
103
((0, 0, 0), (0, 0, 1), (0, 0, 2), (1, 0, 2), (2, 0, 2))((1, 0, 1), (2, 0, 1), (3, 0, 1), (3, 0, 2), (3, 0, 3))((1, 0, 0), (2, 0, 0), (3, 0, 0), (3, 1, 0), (3, 2, 0))((4, 0, 0), (4, 0, 1), (4, 0, 2), (4, 1, 0), (4, 2, 0))((4, 2, 2), (4, 3, 2), (4, 4, 0), (4, 4, 1), (4, 4, 2))((2, 1, 0), (2, 2, 0), (2, 3, 0), (3, 3, 0), (4, 3, 0))((1, 1, 0), (1, 1, 1), (1, 1, 2), (1, 2, 2), (1, 3, 2))((1, 2, 0), (1, 3, 0), (1, 4, 0), (2, 4, 0), (3, 4, 0))((0, 1, 0), (0, 1, 1), (0, 1, 2), (0, 2, 0), (0, 3, 0))((0, 2, 2), (0, 3, 2), (0, 4, 0), (0, 4, 1), (0, 4, 2))((0, 2, 1), (1, 2, 1), (2, 2, 1), (2, 2, 2), (2, 2, 3))((0, 3, 1), (1, 3, 1), (2, 3, 1), (2, 3, 2), (2, 3, 3))((4, 1, 1), (4, 1, 2), (4, 1, 3), (4, 2, 1), (4, 3, 1))((0, 1, 3), (1, 1, 3), (2, 1, 1), (2, 1, 2), (2, 1, 3))((4, 0, 3), (4, 0, 4), (4, 0, 5), (4, 1, 5), (4, 2, 5))((4, 2, 3), (4, 3, 3), (4, 4, 3), (4, 4, 4), (4, 4, 5))((3, 1, 1), (3, 1, 2), (3, 1, 3), (3, 2, 3), (3, 3, 3))((1, 4, 2), (2, 4, 2), (3, 2, 2), (3, 3, 2), (3, 4, 2))((1, 4, 1), (2, 4, 1), (3, 2, 1), (3, 3, 1), (3, 4, 1))((0, 0, 3), (0, 0, 4), (0, 0, 5), (1, 0, 3), (2, 0, 3))((0, 2, 3), (0, 3, 3), (0, 4, 3), (0, 4, 4), (0, 4, 5))((1, 2, 3), (1, 3, 3), (1, 4, 3), (2, 4, 3), (3, 4, 3))((2, 3, 4), (3, 3, 4), (4, 1, 4), (4, 2, 4), (4, 3, 4))((4, 1, 7), (4, 2, 7), (4, 3, 5), (4, 3, 6), (4, 3, 7))((4, 2, 8), (4, 3, 8), (4, 4, 6), (4, 4, 7), (4, 4, 8))((2, 1, 8), (2, 2, 8), (2, 3, 8), (3, 1, 8), (4, 1, 8))((4, 0, 6), (4, 0, 7), (4, 0, 8), (4, 1, 6), (4, 2, 6))((3, 2, 8), (3, 3, 8), (3, 4, 6), (3, 4, 7), (3, 4, 8))((1, 2, 4), (1, 3, 4), (1, 4, 4), (2, 4, 4), (3, 4, 4))((1, 0, 4), (2, 0, 4), (3, 0, 4), (3, 1, 4), (3, 2, 4))((2, 2, 4), (2, 2, 5), (2, 2, 6), (2, 3, 6), (2, 4, 6))((0, 4, 6), (0, 4, 7), (0, 4, 8), (1, 4, 8), (2, 4, 8))((0, 2, 7), (1, 2, 7), (2, 2, 7), (2, 3, 7), (2, 4, 7))((1, 4, 5), (1, 4, 6), (1, 4, 7), (2, 4, 5), (3, 4, 5))((1, 1, 6), (1, 2, 6), (1, 3, 6), (1, 3, 7), (1, 3, 8))((1, 0, 8), (1, 1, 8), (1, 2, 8), (2, 0, 8), (3, 0, 8))((0, 1, 7), (1, 1, 7), (2, 1, 5), (2, 1, 6), (2, 1, 7))((0, 1, 8), (0, 2, 8), (0, 3, 6), (0, 3, 7), (0, 3, 8))((0, 1, 5), (0, 2, 5), (0, 3, 5), (1, 3, 5), (2, 3, 5))((0, 1, 4), (0, 2, 4), (0, 3, 4), (1, 1, 4), (2, 1, 4))((0, 0, 6), (0, 0, 7), (0, 0, 8), (0, 1, 6), (0, 2, 6))((1, 0, 6), (2, 0, 6), (3, 0, 6), (3, 1, 6), (3, 2, 6))((1, 0, 7), (2, 0, 7), (3, 0, 7), (3, 1, 7), (3, 2, 7))((3, 1, 5), (3, 2, 5), (3, 3, 5), (3, 3, 6), (3, 3, 7))((1, 0, 5), (1, 1, 5), (1, 2, 5), (2, 0, 5), (3, 0, 5))
104
((0, 0, 0), (0, 0, 1), (0, 0, 2), (1, 0, 2), (2, 0, 2))((1, 0, 1), (2, 0, 1), (3, 0, 1), (3, 0, 2), (3, 0, 3))((1, 0, 0), (2, 0, 0), (3, 0, 0), (3, 1, 0), (3, 2, 0))((4, 0, 0), (4, 0, 1), (4, 0, 2), (4, 1, 0), (4, 2, 0))((4, 2, 2), (4, 3, 2), (4, 4, 0), (4, 4, 1), (4, 4, 2))((2, 1, 0), (2, 2, 0), (2, 3, 0), (3, 3, 0), (4, 3, 0))((1, 1, 0), (1, 1, 1), (1, 1, 2), (1, 2, 2), (1, 3, 2))((1, 2, 0), (1, 3, 0), (1, 4, 0), (2, 4, 0), (3, 4, 0))((0, 1, 0), (0, 1, 1), (0, 1, 2), (0, 2, 0), (0, 3, 0))((0, 2, 2), (0, 3, 2), (0, 4, 0), (0, 4, 1), (0, 4, 2))((0, 2, 1), (1, 2, 1), (2, 2, 1), (2, 2, 2), (2, 2, 3))((0, 3, 1), (1, 3, 1), (2, 3, 1), (2, 3, 2), (2, 3, 3))((4, 1, 1), (4, 1, 2), (4, 1, 3), (4, 2, 1), (4, 3, 1))((0, 1, 3), (1, 1, 3), (2, 1, 1), (2, 1, 2), (2, 1, 3))((4, 0, 3), (4, 0, 4), (4, 0, 5), (4, 1, 5), (4, 2, 5))((4, 2, 3), (4, 3, 3), (4, 4, 3), (4, 4, 4), (4, 4, 5))((3, 1, 1), (3, 1, 2), (3, 1, 3), (3, 2, 3), (3, 3, 3))((1, 4, 2), (2, 4, 2), (3, 2, 2), (3, 3, 2), (3, 4, 2))((1, 4, 1), (2, 4, 1), (3, 2, 1), (3, 3, 1), (3, 4, 1))((0, 0, 3), (0, 0, 4), (0, 0, 5), (1, 0, 3), (2, 0, 3))((0, 2, 3), (0, 3, 3), (0, 4, 3), (0, 4, 4), (0, 4, 5))((1, 2, 3), (1, 3, 3), (1, 4, 3), (2, 4, 3), (3, 4, 3))((2, 3, 4), (3, 3, 4), (4, 1, 4), (4, 2, 4), (4, 3, 4))((4, 1, 7), (4, 2, 7), (4, 3, 5), (4, 3, 6), (4, 3, 7))((4, 2, 8), (4, 3, 8), (4, 4, 6), (4, 4, 7), (4, 4, 8))((2, 1, 8), (2, 2, 8), (2, 3, 8), (3, 1, 8), (4, 1, 8))((4, 0, 6), (4, 0, 7), (4, 0, 8), (4, 1, 6), (4, 2, 6))((3, 2, 8), (3, 3, 8), (3, 4, 6), (3, 4, 7), (3, 4, 8))((1, 2, 4), (1, 3, 4), (1, 4, 4), (2, 4, 4), (3, 4, 4))((1, 0, 4), (2, 0, 4), (3, 0, 4), (3, 1, 4), (3, 2, 4))((2, 2, 4), (2, 2, 5), (2, 2, 6), (2, 3, 6), (2, 4, 6))((0, 4, 6), (0, 4, 7), (0, 4, 8), (1, 4, 8), (2, 4, 8))((0, 2, 7), (1, 2, 7), (2, 2, 7), (2, 3, 7), (2, 4, 7))((1, 4, 5), (1, 4, 6), (1, 4, 7), (2, 4, 5), (3, 4, 5))((1, 1, 6), (1, 2, 6), (1, 3, 6), (1, 3, 7), (1, 3, 8))((1, 0, 8), (1, 1, 8), (1, 2, 8), (2, 0, 8), (3, 0, 8))((0, 1, 7), (1, 1, 7), (2, 1, 5), (2, 1, 6), (2, 1, 7))((0, 0, 6), (0, 0, 7), (0, 0, 8), (0, 1, 8), (0, 2, 8))((0, 1, 6), (0, 2, 6), (0, 3, 6), (0, 3, 7), (0, 3, 8))((0, 1, 4), (0, 2, 4), (0, 3, 4), (1, 1, 4), (2, 1, 4))((0, 1, 5), (0, 2, 5), (0, 3, 5), (1, 3, 5), (2, 3, 5))((1, 0, 6), (2, 0, 6), (3, 0, 6), (3, 1, 6), (3, 2, 6))((1, 0, 7), (2, 0, 7), (3, 0, 7), (3, 1, 7), (3, 2, 7))((3, 1, 5), (3, 2, 5), (3, 3, 5), (3, 3, 6), (3, 3, 7))((1, 0, 5), (1, 1, 5), (1, 2, 5), (2, 0, 5), (3, 0, 5))
105
((0, 0, 0), (0, 0, 1), (0, 0, 2), (1, 0, 2), (2, 0, 2))((1, 0, 1), (2, 0, 1), (3, 0, 1), (3, 0, 2), (3, 0, 3))((1, 0, 0), (2, 0, 0), (3, 0, 0), (3, 1, 0), (3, 2, 0))((4, 0, 0), (4, 0, 1), (4, 0, 2), (4, 1, 0), (4, 2, 0))((4, 2, 2), (4, 3, 2), (4, 4, 0), (4, 4, 1), (4, 4, 2))((2, 1, 0), (2, 2, 0), (2, 3, 0), (3, 3, 0), (4, 3, 0))((1, 1, 0), (1, 1, 1), (1, 1, 2), (1, 2, 2), (1, 3, 2))((1, 2, 0), (1, 3, 0), (1, 4, 0), (2, 4, 0), (3, 4, 0))((0, 1, 0), (0, 1, 1), (0, 1, 2), (0, 2, 0), (0, 3, 0))((0, 2, 2), (0, 3, 2), (0, 4, 0), (0, 4, 1), (0, 4, 2))((0, 2, 1), (1, 2, 1), (2, 2, 1), (2, 2, 2), (2, 2, 3))((0, 3, 1), (1, 3, 1), (2, 3, 1), (2, 3, 2), (2, 3, 3))((4, 1, 1), (4, 1, 2), (4, 1, 3), (4, 2, 1), (4, 3, 1))((0, 1, 3), (1, 1, 3), (2, 1, 1), (2, 1, 2), (2, 1, 3))((4, 0, 3), (4, 0, 4), (4, 0, 5), (4, 1, 5), (4, 2, 5))((4, 2, 3), (4, 3, 3), (4, 4, 3), (4, 4, 4), (4, 4, 5))((3, 1, 1), (3, 1, 2), (3, 1, 3), (3, 2, 3), (3, 3, 3))((1, 4, 2), (2, 4, 2), (3, 2, 2), (3, 3, 2), (3, 4, 2))((1, 4, 1), (2, 4, 1), (3, 2, 1), (3, 3, 1), (3, 4, 1))((0, 0, 3), (0, 0, 4), (0, 0, 5), (1, 0, 3), (2, 0, 3))((0, 2, 3), (0, 3, 3), (0, 4, 3), (0, 4, 4), (0, 4, 5))((1, 2, 3), (1, 3, 3), (1, 4, 3), (2, 4, 3), (3, 4, 3))((2, 1, 4), (3, 1, 4), (4, 1, 4), (4, 2, 4), (4, 3, 4))((4, 1, 7), (4, 2, 7), (4, 3, 5), (4, 3, 6), (4, 3, 7))((4, 0, 6), (4, 0, 7), (4, 0, 8), (4, 1, 6), (4, 2, 6))((2, 1, 8), (2, 2, 8), (2, 3, 8), (3, 1, 8), (4, 1, 8))((4, 2, 8), (4, 3, 8), (4, 4, 6), (4, 4, 7), (4, 4, 8))((3, 2, 8), (3, 3, 8), (3, 4, 6), (3, 4, 7), (3, 4, 8))((0, 1, 4), (0, 2, 4), (0, 3, 4), (1, 3, 4), (2, 3, 4))((1, 4, 4), (2, 4, 4), (3, 2, 4), (3, 3, 4), (3, 4, 4))((2, 2, 4), (2, 2, 5), (2, 2, 6), (2, 3, 6), (2, 4, 6))((0, 4, 6), (0, 4, 7), (0, 4, 8), (1, 4, 8), (2, 4, 8))((0, 2, 7), (1, 2, 7), (2, 2, 7), (2, 3, 7), (2, 4, 7))((1, 4, 5), (1, 4, 6), (1, 4, 7), (2, 4, 5), (3, 4, 5))((1, 1, 6), (1, 2, 6), (1, 3, 6), (1, 3, 7), (1, 3, 8))((0, 1, 7), (1, 1, 7), (2, 1, 5), (2, 1, 6), (2, 1, 7))((1, 0, 8), (1, 1, 8), (1, 2, 8), (2, 0, 8), (3, 0, 8))((0, 1, 8), (0, 2, 8), (0, 3, 6), (0, 3, 7), (0, 3, 8))((0, 1, 5), (0, 2, 5), (0, 3, 5), (1, 3, 5), (2, 3, 5))((0, 0, 6), (0, 0, 7), (0, 0, 8), (0, 1, 6), (0, 2, 6))((3, 1, 5), (3, 2, 5), (3, 3, 5), (3, 3, 6), (3, 3, 7))((1, 0, 7), (2, 0, 7), (3, 0, 7), (3, 1, 7), (3, 2, 7))((1, 0, 5), (1, 1, 5), (1, 2, 5), (2, 0, 5), (3, 0, 5))((1, 0, 4), (1, 1, 4), (1, 2, 4), (2, 0, 4), (3, 0, 4))((1, 0, 6), (2, 0, 6), (3, 0, 6), (3, 1, 6), (3, 2, 6))
106
((0, 0, 0), (0, 0, 1), (0, 0, 2), (1, 0, 2), (2, 0, 2))((1, 0, 1), (2, 0, 1), (3, 0, 1), (3, 0, 2), (3, 0, 3))((1, 0, 0), (2, 0, 0), (3, 0, 0), (3, 1, 0), (3, 2, 0))((4, 0, 0), (4, 0, 1), (4, 0, 2), (4, 1, 0), (4, 2, 0))((4, 2, 2), (4, 3, 2), (4, 4, 0), (4, 4, 1), (4, 4, 2))((2, 1, 0), (2, 2, 0), (2, 3, 0), (3, 3, 0), (4, 3, 0))((1, 1, 0), (1, 1, 1), (1, 1, 2), (1, 2, 2), (1, 3, 2))((1, 2, 0), (1, 3, 0), (1, 4, 0), (2, 4, 0), (3, 4, 0))((0, 1, 0), (0, 1, 1), (0, 1, 2), (0, 2, 0), (0, 3, 0))((0, 2, 2), (0, 3, 2), (0, 4, 0), (0, 4, 1), (0, 4, 2))((0, 2, 1), (1, 2, 1), (2, 2, 1), (2, 2, 2), (2, 2, 3))((0, 3, 1), (1, 3, 1), (2, 3, 1), (2, 3, 2), (2, 3, 3))((4, 1, 1), (4, 1, 2), (4, 1, 3), (4, 2, 1), (4, 3, 1))((0, 1, 3), (1, 1, 3), (2, 1, 1), (2, 1, 2), (2, 1, 3))((4, 0, 3), (4, 0, 4), (4, 0, 5), (4, 1, 5), (4, 2, 5))((4, 2, 3), (4, 3, 3), (4, 4, 3), (4, 4, 4), (4, 4, 5))((3, 1, 1), (3, 1, 2), (3, 1, 3), (3, 2, 3), (3, 3, 3))((1, 4, 2), (2, 4, 2), (3, 2, 2), (3, 3, 2), (3, 4, 2))((1, 4, 1), (2, 4, 1), (3, 2, 1), (3, 3, 1), (3, 4, 1))((0, 0, 3), (0, 0, 4), (0, 0, 5), (1, 0, 3), (2, 0, 3))((0, 2, 3), (0, 3, 3), (0, 4, 3), (0, 4, 4), (0, 4, 5))((1, 2, 3), (1, 3, 3), (1, 4, 3), (2, 4, 3), (3, 4, 3))((2, 1, 4), (3, 1, 4), (4, 1, 4), (4, 2, 4), (4, 3, 4))((4, 1, 7), (4, 2, 7), (4, 3, 5), (4, 3, 6), (4, 3, 7))((4, 0, 6), (4, 0, 7), (4, 0, 8), (4, 1, 6), (4, 2, 6))((2, 1, 8), (2, 2, 8), (2, 3, 8), (3, 1, 8), (4, 1, 8))((4, 2, 8), (4, 3, 8), (4, 4, 6), (4, 4, 7), (4, 4, 8))((3, 2, 8), (3, 3, 8), (3, 4, 6), (3, 4, 7), (3, 4, 8))((0, 1, 4), (0, 2, 4), (0, 3, 4), (1, 3, 4), (2, 3, 4))((1, 4, 4), (2, 4, 4), (3, 2, 4), (3, 3, 4), (3, 4, 4))((2, 2, 4), (2, 2, 5), (2, 2, 6), (2, 3, 6), (2, 4, 6))((0, 4, 6), (0, 4, 7), (0, 4, 8), (1, 4, 8), (2, 4, 8))((0, 2, 7), (1, 2, 7), (2, 2, 7), (2, 3, 7), (2, 4, 7))((1, 4, 5), (1, 4, 6), (1, 4, 7), (2, 4, 5), (3, 4, 5))((1, 1, 6), (1, 2, 6), (1, 3, 6), (1, 3, 7), (1, 3, 8))((0, 1, 7), (1, 1, 7), (2, 1, 5), (2, 1, 6), (2, 1, 7))((1, 0, 8), (1, 1, 8), (1, 2, 8), (2, 0, 8), (3, 0, 8))((0, 0, 6), (0, 0, 7), (0, 0, 8), (0, 1, 8), (0, 2, 8))((0, 1, 6), (0, 2, 6), (0, 3, 6), (0, 3, 7), (0, 3, 8))((0, 1, 5), (0, 2, 5), (0, 3, 5), (1, 3, 5), (2, 3, 5))((3, 1, 5), (3, 2, 5), (3, 3, 5), (3, 3, 6), (3, 3, 7))((1, 0, 7), (2, 0, 7), (3, 0, 7), (3, 1, 7), (3, 2, 7))((1, 0, 5), (1, 1, 5), (1, 2, 5), (2, 0, 5), (3, 0, 5))((1, 0, 4), (1, 1, 4), (1, 2, 4), (2, 0, 4), (3, 0, 4))((1, 0, 6), (2, 0, 6), (3, 0, 6), (3, 1, 6), (3, 2, 6))
107
((0, 0, 0), (0, 0, 1), (0, 0, 2), (1, 0, 2), (2, 0, 2))((1, 0, 1), (2, 0, 1), (3, 0, 1), (3, 0, 2), (3, 0, 3))((1, 0, 0), (2, 0, 0), (3, 0, 0), (3, 1, 0), (3, 2, 0))((4, 0, 0), (4, 0, 1), (4, 0, 2), (4, 1, 0), (4, 2, 0))((4, 2, 2), (4, 3, 2), (4, 4, 0), (4, 4, 1), (4, 4, 2))((2, 1, 0), (2, 2, 0), (2, 3, 0), (3, 3, 0), (4, 3, 0))((1, 1, 0), (1, 1, 1), (1, 1, 2), (1, 2, 2), (1, 3, 2))((1, 2, 0), (1, 3, 0), (1, 4, 0), (2, 4, 0), (3, 4, 0))((0, 1, 0), (0, 1, 1), (0, 1, 2), (0, 2, 0), (0, 3, 0))((0, 2, 2), (0, 3, 2), (0, 4, 0), (0, 4, 1), (0, 4, 2))((0, 2, 1), (1, 2, 1), (2, 2, 1), (2, 2, 2), (2, 2, 3))((0, 3, 1), (1, 3, 1), (2, 3, 1), (2, 3, 2), (2, 3, 3))((4, 1, 1), (4, 1, 2), (4, 1, 3), (4, 2, 1), (4, 3, 1))((0, 1, 3), (1, 1, 3), (2, 1, 1), (2, 1, 2), (2, 1, 3))((2, 0, 5), (3, 0, 5), (4, 0, 3), (4, 0, 4), (4, 0, 5))((0, 0, 3), (0, 0, 4), (0, 0, 5), (1, 0, 3), (2, 0, 3))((3, 1, 1), (3, 1, 2), (3, 1, 3), (3, 2, 3), (3, 3, 3))((1, 4, 2), (2, 4, 2), (3, 2, 2), (3, 3, 2), (3, 4, 2))((1, 4, 1), (2, 4, 1), (3, 2, 1), (3, 3, 1), (3, 4, 1))((0, 2, 3), (0, 3, 3), (0, 4, 3), (0, 4, 4), (0, 4, 5))((4, 2, 3), (4, 3, 3), (4, 4, 3), (4, 4, 4), (4, 4, 5))((1, 2, 3), (1, 3, 3), (1, 4, 3), (2, 4, 3), (3, 4, 3))((1, 0, 4), (2, 0, 4), (3, 0, 4), (3, 1, 4), (3, 2, 4))((2, 3, 4), (3, 3, 4), (4, 1, 4), (4, 2, 4), (4, 3, 4))((1, 0, 5), (1, 0, 6), (1, 0, 7), (2, 0, 7), (3, 0, 7))((0, 0, 6), (0, 0, 7), (0, 0, 8), (1, 0, 8), (2, 0, 8))((1, 2, 8), (2, 2, 8), (3, 0, 8), (3, 1, 8), (3, 2, 8))((2, 0, 6), (3, 0, 6), (4, 0, 6), (4, 0, 7), (4, 0, 8))((0, 1, 6), (0, 1, 7), (0, 1, 8), (1, 1, 8), (2, 1, 8))((0, 1, 4), (0, 2, 4), (0, 3, 4), (1, 1, 4), (2, 1, 4))((0, 2, 6), (1, 2, 6), (2, 2, 4), (2, 2, 5), (2, 2, 6))((0, 2, 8), (0, 3, 8), (0, 4, 6), (0, 4, 7), (0, 4, 8))((0, 2, 7), (1, 2, 7), (2, 2, 7), (2, 3, 7), (2, 4, 7))((0, 1, 5), (0, 2, 5), (0, 3, 5), (0, 3, 6), (0, 3, 7))((1, 2, 4), (1, 3, 4), (1, 4, 4), (2, 4, 4), (3, 4, 4))((1, 3, 6), (1, 3, 7), (1, 3, 8), (2, 3, 6), (3, 3, 6))((2, 3, 8), (3, 3, 8), (4, 1, 8), (4, 2, 8), (4, 3, 8))((3, 2, 5), (3, 2, 6), (3, 2, 7), (3, 3, 7), (3, 4, 7))((1, 2, 5), (1, 3, 5), (1, 4, 5), (2, 4, 5), (3, 4, 5))((2, 3, 5), (3, 3, 5), (4, 1, 5), (4, 2, 5), (4, 3, 5))((2, 1, 6), (3, 1, 6), (4, 1, 6), (4, 2, 6), (4, 3, 6))((2, 1, 7), (3, 1, 7), (4, 1, 7), (4, 2, 7), (4, 3, 7))((1, 1, 5), (1, 1, 6), (1, 1, 7), (2, 1, 5), (3, 1, 5))((2, 4, 8), (3, 4, 8), (4, 4, 6), (4, 4, 7), (4, 4, 8))((1, 4, 6), (1, 4, 7), (1, 4, 8), (2, 4, 6), (3, 4, 6))
108
((0, 0, 0), (0, 0, 1), (0, 0, 2), (1, 0, 2), (2, 0, 2))((1, 0, 1), (2, 0, 1), (3, 0, 1), (3, 0, 2), (3, 0, 3))((1, 0, 0), (2, 0, 0), (3, 0, 0), (3, 1, 0), (3, 2, 0))((4, 0, 0), (4, 0, 1), (4, 0, 2), (4, 1, 0), (4, 2, 0))((4, 2, 2), (4, 3, 2), (4, 4, 0), (4, 4, 1), (4, 4, 2))((2, 1, 0), (2, 2, 0), (2, 3, 0), (3, 3, 0), (4, 3, 0))((1, 1, 0), (1, 1, 1), (1, 1, 2), (1, 2, 2), (1, 3, 2))((1, 2, 0), (1, 3, 0), (1, 4, 0), (2, 4, 0), (3, 4, 0))((0, 1, 0), (0, 1, 1), (0, 1, 2), (0, 2, 0), (0, 3, 0))((0, 2, 2), (0, 3, 2), (0, 4, 0), (0, 4, 1), (0, 4, 2))((0, 2, 1), (1, 2, 1), (2, 2, 1), (2, 2, 2), (2, 2, 3))((0, 3, 1), (1, 3, 1), (2, 3, 1), (2, 3, 2), (2, 3, 3))((4, 1, 1), (4, 1, 2), (4, 1, 3), (4, 2, 1), (4, 3, 1))((0, 1, 3), (1, 1, 3), (2, 1, 1), (2, 1, 2), (2, 1, 3))((2, 0, 5), (3, 0, 5), (4, 0, 3), (4, 0, 4), (4, 0, 5))((0, 0, 3), (0, 0, 4), (0, 0, 5), (1, 0, 3), (2, 0, 3))((3, 1, 1), (3, 1, 2), (3, 1, 3), (3, 2, 3), (3, 3, 3))((1, 4, 2), (2, 4, 2), (3, 2, 2), (3, 3, 2), (3, 4, 2))((1, 4, 1), (2, 4, 1), (3, 2, 1), (3, 3, 1), (3, 4, 1))((0, 2, 3), (0, 3, 3), (0, 4, 3), (0, 4, 4), (0, 4, 5))((4, 2, 3), (4, 3, 3), (4, 4, 3), (4, 4, 4), (4, 4, 5))((1, 2, 3), (1, 3, 3), (1, 4, 3), (2, 4, 3), (3, 4, 3))((1, 0, 4), (2, 0, 4), (3, 0, 4), (3, 1, 4), (3, 2, 4))((2, 3, 4), (3, 3, 4), (4, 1, 4), (4, 2, 4), (4, 3, 4))((1, 0, 5), (1, 0, 6), (1, 0, 7), (2, 0, 7), (3, 0, 7))((0, 0, 6), (0, 0, 7), (0, 0, 8), (1, 0, 8), (2, 0, 8))((1, 2, 8), (2, 2, 8), (3, 0, 8), (3, 1, 8), (3, 2, 8))((2, 0, 6), (3, 0, 6), (4, 0, 6), (4, 0, 7), (4, 0, 8))((0, 1, 6), (0, 1, 7), (0, 1, 8), (1, 1, 8), (2, 1, 8))((0, 1, 4), (0, 2, 4), (0, 3, 4), (1, 1, 4), (2, 1, 4))((0, 2, 6), (1, 2, 6), (2, 2, 4), (2, 2, 5), (2, 2, 6))((0, 2, 8), (0, 3, 8), (0, 4, 6), (0, 4, 7), (0, 4, 8))((0, 2, 7), (1, 2, 7), (2, 2, 7), (2, 3, 7), (2, 4, 7))((0, 1, 5), (0, 2, 5), (0, 3, 5), (0, 3, 6), (0, 3, 7))((1, 2, 4), (1, 3, 4), (1, 4, 4), (2, 4, 4), (3, 4, 4))((1, 3, 6), (1, 3, 7), (1, 3, 8), (2, 3, 6), (3, 3, 6))((2, 3, 8), (3, 3, 8), (4, 1, 8), (4, 2, 8), (4, 3, 8))((3, 2, 5), (3, 2, 6), (3, 2, 7), (3, 3, 7), (3, 4, 7))((1, 2, 5), (1, 3, 5), (1, 4, 5), (2, 4, 5), (3, 4, 5))((2, 3, 5), (3, 3, 5), (4, 1, 5), (4, 2, 5), (4, 3, 5))((2, 1, 6), (3, 1, 6), (4, 1, 6), (4, 2, 6), (4, 3, 6))((2, 1, 7), (3, 1, 7), (4, 1, 7), (4, 2, 7), (4, 3, 7))((1, 1, 5), (1, 1, 6), (1, 1, 7), (2, 1, 5), (3, 1, 5))((2, 4, 6), (3, 4, 6), (4, 4, 6), (4, 4, 7), (4, 4, 8))((1, 4, 6), (1, 4, 7), (1, 4, 8), (2, 4, 8), (3, 4, 8))
109
((0, 0, 0), (0, 0, 1), (0, 0, 2), (1, 0, 2), (2, 0, 2))((1, 0, 1), (2, 0, 1), (3, 0, 1), (3, 0, 2), (3, 0, 3))((1, 0, 0), (2, 0, 0), (3, 0, 0), (3, 1, 0), (3, 2, 0))((4, 0, 0), (4, 0, 1), (4, 0, 2), (4, 1, 0), (4, 2, 0))((4, 2, 2), (4, 3, 2), (4, 4, 0), (4, 4, 1), (4, 4, 2))((2, 1, 0), (2, 2, 0), (2, 3, 0), (3, 3, 0), (4, 3, 0))((1, 1, 0), (1, 1, 1), (1, 1, 2), (1, 2, 2), (1, 3, 2))((1, 2, 0), (1, 3, 0), (1, 4, 0), (2, 4, 0), (3, 4, 0))((0, 1, 0), (0, 1, 1), (0, 1, 2), (0, 2, 0), (0, 3, 0))((0, 2, 2), (0, 3, 2), (0, 4, 0), (0, 4, 1), (0, 4, 2))((0, 2, 1), (1, 2, 1), (2, 2, 1), (2, 2, 2), (2, 2, 3))((0, 3, 1), (1, 3, 1), (2, 3, 1), (2, 3, 2), (2, 3, 3))((4, 1, 1), (4, 1, 2), (4, 1, 3), (4, 2, 1), (4, 3, 1))((0, 1, 3), (1, 1, 3), (2, 1, 1), (2, 1, 2), (2, 1, 3))((2, 0, 5), (3, 0, 5), (4, 0, 3), (4, 0, 4), (4, 0, 5))((0, 0, 3), (0, 0, 4), (0, 0, 5), (1, 0, 3), (2, 0, 3))((3, 1, 1), (3, 1, 2), (3, 1, 3), (3, 2, 3), (3, 3, 3))((1, 4, 2), (2, 4, 2), (3, 2, 2), (3, 3, 2), (3, 4, 2))((1, 4, 1), (2, 4, 1), (3, 2, 1), (3, 3, 1), (3, 4, 1))((0, 2, 3), (0, 3, 3), (0, 4, 3), (0, 4, 4), (0, 4, 5))((4, 2, 3), (4, 3, 3), (4, 4, 3), (4, 4, 4), (4, 4, 5))((1, 2, 3), (1, 3, 3), (1, 4, 3), (2, 4, 3), (3, 4, 3))((1, 0, 4), (1, 1, 4), (1, 2, 4), (2, 0, 4), (3, 0, 4))((0, 1, 4), (0, 2, 4), (0, 3, 4), (1, 3, 4), (2, 3, 4))((2, 1, 4), (3, 1, 4), (4, 1, 4), (4, 2, 4), (4, 3, 4))((0, 2, 6), (1, 2, 6), (2, 2, 4), (2, 2, 5), (2, 2, 6))((1, 0, 5), (1, 0, 6), (1, 0, 7), (2, 0, 7), (3, 0, 7))((0, 0, 6), (0, 0, 7), (0, 0, 8), (1, 0, 8), (2, 0, 8))((1, 2, 8), (2, 2, 8), (3, 0, 8), (3, 1, 8), (3, 2, 8))((2, 0, 6), (3, 0, 6), (4, 0, 6), (4, 0, 7), (4, 0, 8))((0, 1, 5), (0, 2, 5), (0, 3, 5), (0, 3, 6), (0, 3, 7))((0, 2, 7), (1, 2, 7), (2, 2, 7), (2, 3, 7), (2, 4, 7))((0, 2, 8), (0, 3, 8), (0, 4, 6), (0, 4, 7), (0, 4, 8))((1, 3, 6), (1, 3, 7), (1, 3, 8), (2, 3, 6), (3, 3, 6))((2, 3, 8), (3, 3, 8), (4, 1, 8), (4, 2, 8), (4, 3, 8))((1, 4, 4), (2, 4, 4), (3, 2, 4), (3, 3, 4), (3, 4, 4))((3, 2, 5), (3, 2, 6), (3, 2, 7), (3, 3, 7), (3, 4, 7))((1, 2, 5), (1, 3, 5), (1, 4, 5), (2, 4, 5), (3, 4, 5))((2, 3, 5), (3, 3, 5), (4, 1, 5), (4, 2, 5), (4, 3, 5))((2, 1, 7), (3, 1, 7), (4, 1, 7), (4, 2, 7), (4, 3, 7))((2, 1, 6), (3, 1, 6), (4, 1, 6), (4, 2, 6), (4, 3, 6))((1, 1, 5), (1, 1, 6), (1, 1, 7), (2, 1, 5), (3, 1, 5))((0, 1, 6), (0, 1, 7), (0, 1, 8), (1, 1, 8), (2, 1, 8))((2, 4, 8), (3, 4, 8), (4, 4, 6), (4, 4, 7), (4, 4, 8))((1, 4, 6), (1, 4, 7), (1, 4, 8), (2, 4, 6), (3, 4, 6))
110
((0, 0, 0), (0, 0, 1), (0, 0, 2), (1, 0, 2), (2, 0, 2))((1, 0, 1), (2, 0, 1), (3, 0, 1), (3, 0, 2), (3, 0, 3))((1, 0, 0), (2, 0, 0), (3, 0, 0), (3, 1, 0), (3, 2, 0))((4, 0, 0), (4, 0, 1), (4, 0, 2), (4, 1, 0), (4, 2, 0))((4, 2, 2), (4, 3, 2), (4, 4, 0), (4, 4, 1), (4, 4, 2))((2, 1, 0), (2, 2, 0), (2, 3, 0), (3, 3, 0), (4, 3, 0))((1, 1, 0), (1, 1, 1), (1, 1, 2), (1, 2, 2), (1, 3, 2))((1, 2, 0), (1, 3, 0), (1, 4, 0), (2, 4, 0), (3, 4, 0))((0, 1, 0), (0, 1, 1), (0, 1, 2), (0, 2, 0), (0, 3, 0))((0, 2, 2), (0, 3, 2), (0, 4, 0), (0, 4, 1), (0, 4, 2))((0, 2, 1), (1, 2, 1), (2, 2, 1), (2, 2, 2), (2, 2, 3))((0, 3, 1), (1, 3, 1), (2, 3, 1), (2, 3, 2), (2, 3, 3))((4, 1, 1), (4, 1, 2), (4, 1, 3), (4, 2, 1), (4, 3, 1))((0, 1, 3), (1, 1, 3), (2, 1, 1), (2, 1, 2), (2, 1, 3))((2, 0, 5), (3, 0, 5), (4, 0, 3), (4, 0, 4), (4, 0, 5))((0, 0, 3), (0, 0, 4), (0, 0, 5), (1, 0, 3), (2, 0, 3))((3, 1, 1), (3, 1, 2), (3, 1, 3), (3, 2, 3), (3, 3, 3))((1, 4, 2), (2, 4, 2), (3, 2, 2), (3, 3, 2), (3, 4, 2))((1, 4, 1), (2, 4, 1), (3, 2, 1), (3, 3, 1), (3, 4, 1))((0, 2, 3), (0, 3, 3), (0, 4, 3), (0, 4, 4), (0, 4, 5))((4, 2, 3), (4, 3, 3), (4, 4, 3), (4, 4, 4), (4, 4, 5))((1, 2, 3), (1, 3, 3), (1, 4, 3), (2, 4, 3), (3, 4, 3))((1, 0, 4), (1, 1, 4), (1, 2, 4), (2, 0, 4), (3, 0, 4))((0, 1, 4), (0, 2, 4), (0, 3, 4), (1, 3, 4), (2, 3, 4))((2, 1, 4), (3, 1, 4), (4, 1, 4), (4, 2, 4), (4, 3, 4))((0, 2, 6), (1, 2, 6), (2, 2, 4), (2, 2, 5), (2, 2, 6))((1, 0, 5), (1, 0, 6), (1, 0, 7), (2, 0, 7), (3, 0, 7))((0, 0, 6), (0, 0, 7), (0, 0, 8), (1, 0, 8), (2, 0, 8))((1, 2, 8), (2, 2, 8), (3, 0, 8), (3, 1, 8), (3, 2, 8))((2, 0, 6), (3, 0, 6), (4, 0, 6), (4, 0, 7), (4, 0, 8))((0, 1, 5), (0, 2, 5), (0, 3, 5), (0, 3, 6), (0, 3, 7))((0, 2, 7), (1, 2, 7), (2, 2, 7), (2, 3, 7), (2, 4, 7))((0, 2, 8), (0, 3, 8), (0, 4, 6), (0, 4, 7), (0, 4, 8))((1, 3, 6), (1, 3, 7), (1, 3, 8), (2, 3, 6), (3, 3, 6))((2, 3, 8), (3, 3, 8), (4, 1, 8), (4, 2, 8), (4, 3, 8))((1, 4, 4), (2, 4, 4), (3, 2, 4), (3, 3, 4), (3, 4, 4))((3, 2, 5), (3, 2, 6), (3, 2, 7), (3, 3, 7), (3, 4, 7))((1, 2, 5), (1, 3, 5), (1, 4, 5), (2, 4, 5), (3, 4, 5))((2, 3, 5), (3, 3, 5), (4, 1, 5), (4, 2, 5), (4, 3, 5))((2, 1, 7), (3, 1, 7), (4, 1, 7), (4, 2, 7), (4, 3, 7))((2, 1, 6), (3, 1, 6), (4, 1, 6), (4, 2, 6), (4, 3, 6))((1, 1, 5), (1, 1, 6), (1, 1, 7), (2, 1, 5), (3, 1, 5))((0, 1, 6), (0, 1, 7), (0, 1, 8), (1, 1, 8), (2, 1, 8))((2, 4, 6), (3, 4, 6), (4, 4, 6), (4, 4, 7), (4, 4, 8))((1, 4, 6), (1, 4, 7), (1, 4, 8), (2, 4, 8), (3, 4, 8))
111
((0, 0, 0), (0, 0, 1), (0, 0, 2), (1, 0, 2), (2, 0, 2))((1, 0, 1), (2, 0, 1), (3, 0, 1), (3, 0, 2), (3, 0, 3))((1, 0, 0), (2, 0, 0), (3, 0, 0), (3, 1, 0), (3, 2, 0))((4, 0, 0), (4, 0, 1), (4, 0, 2), (4, 1, 0), (4, 2, 0))((4, 2, 2), (4, 3, 2), (4, 4, 0), (4, 4, 1), (4, 4, 2))((2, 1, 0), (2, 2, 0), (2, 3, 0), (3, 3, 0), (4, 3, 0))((1, 1, 0), (1, 1, 1), (1, 1, 2), (1, 2, 2), (1, 3, 2))((1, 2, 0), (1, 3, 0), (1, 4, 0), (2, 4, 0), (3, 4, 0))((0, 1, 0), (0, 1, 1), (0, 1, 2), (0, 2, 0), (0, 3, 0))((0, 4, 0), (0, 4, 1), (0, 4, 2), (1, 4, 2), (2, 4, 2))((1, 4, 1), (2, 4, 1), (3, 4, 1), (3, 4, 2), (3, 4, 3))((0, 2, 1), (0, 2, 2), (0, 2, 3), (1, 2, 1), (2, 2, 1))((2, 1, 1), (3, 1, 1), (4, 1, 1), (4, 2, 1), (4, 3, 1))((1, 2, 3), (2, 2, 3), (3, 2, 1), (3, 2, 2), (3, 2, 3))((1, 3, 1), (2, 3, 1), (3, 3, 1), (3, 3, 2), (3, 3, 3))((0, 3, 1), (0, 3, 2), (0, 3, 3), (1, 3, 3), (2, 3, 3))((2, 1, 2), (2, 2, 2), (2, 3, 2), (3, 1, 2), (4, 1, 2))((2, 0, 5), (3, 0, 5), (4, 0, 3), (4, 0, 4), (4, 0, 5))((0, 0, 3), (0, 0, 4), (0, 0, 5), (1, 0, 3), (2, 0, 3))((4, 2, 5), (4, 3, 5), (4, 4, 3), (4, 4, 4), (4, 4, 5))((2, 1, 3), (3, 1, 3), (4, 1, 3), (4, 2, 3), (4, 3, 3))((1, 1, 3), (1, 1, 4), (1, 1, 5), (1, 2, 5), (1, 3, 5))((0, 1, 3), (0, 1, 4), (0, 1, 5), (0, 2, 5), (0, 3, 5))((0, 4, 3), (0, 4, 4), (0, 4, 5), (1, 4, 3), (2, 4, 3))((0, 3, 4), (1, 3, 4), (2, 3, 4), (2, 3, 5), (2, 3, 6))((0, 2, 4), (1, 2, 4), (2, 2, 4), (2, 2, 5), (2, 2, 6))((2, 1, 4), (3, 1, 4), (4, 1, 4), (4, 2, 4), (4, 3, 4))((1, 0, 4), (1, 0, 5), (1, 0, 6), (2, 0, 4), (3, 0, 4))((1, 4, 4), (2, 4, 4), (3, 2, 4), (3, 3, 4), (3, 4, 4))((0, 0, 6), (0, 0, 7), (0, 0, 8), (1, 0, 8), (2, 0, 8))((2, 0, 6), (3, 0, 6), (4, 0, 6), (4, 0, 7), (4, 0, 8))((1, 2, 8), (2, 2, 8), (3, 0, 8), (3, 1, 8), (3, 2, 8))((1, 0, 7), (1, 1, 7), (1, 2, 7), (2, 0, 7), (3, 0, 7))((0, 1, 6), (0, 1, 7), (0, 1, 8), (1, 1, 8), (2, 1, 8))((0, 2, 7), (0, 3, 7), (0, 4, 7), (1, 4, 7), (2, 4, 7))((0, 2, 6), (0, 3, 6), (0, 4, 6), (1, 4, 6), (2, 4, 6))((0, 2, 8), (0, 3, 8), (0, 4, 8), (1, 4, 8), (2, 4, 8))((3, 2, 6), (3, 3, 6), (3, 4, 6), (3, 4, 7), (3, 4, 8))((1, 4, 5), (2, 4, 5), (3, 2, 5), (3, 3, 5), (3, 4, 5))((1, 1, 6), (1, 2, 6), (1, 3, 6), (1, 3, 7), (1, 3, 8))((2, 3, 8), (3, 3, 8), (4, 1, 8), (4, 2, 8), (4, 3, 8))((4, 2, 6), (4, 3, 6), (4, 4, 6), (4, 4, 7), (4, 4, 8))((3, 1, 5), (3, 1, 6), (3, 1, 7), (3, 2, 7), (3, 3, 7))((2, 1, 5), (2, 1, 6), (2, 1, 7), (2, 2, 7), (2, 3, 7))((4, 1, 5), (4, 1, 6), (4, 1, 7), (4, 2, 7), (4, 3, 7))
112
((0, 0, 0), (0, 0, 1), (0, 0, 2), (1, 0, 2), (2, 0, 2))((1, 0, 1), (2, 0, 1), (3, 0, 1), (3, 0, 2), (3, 0, 3))((1, 0, 0), (2, 0, 0), (3, 0, 0), (3, 1, 0), (3, 2, 0))((4, 0, 0), (4, 0, 1), (4, 0, 2), (4, 1, 0), (4, 2, 0))((4, 2, 2), (4, 3, 2), (4, 4, 0), (4, 4, 1), (4, 4, 2))((2, 1, 0), (2, 2, 0), (2, 3, 0), (3, 3, 0), (4, 3, 0))((1, 1, 0), (1, 1, 1), (1, 1, 2), (1, 2, 2), (1, 3, 2))((1, 2, 0), (1, 3, 0), (1, 4, 0), (2, 4, 0), (3, 4, 0))((0, 1, 0), (0, 1, 1), (0, 1, 2), (0, 2, 0), (0, 3, 0))((0, 4, 0), (0, 4, 1), (0, 4, 2), (1, 4, 2), (2, 4, 2))((1, 4, 1), (2, 4, 1), (3, 4, 1), (3, 4, 2), (3, 4, 3))((0, 2, 1), (0, 2, 2), (0, 2, 3), (1, 2, 1), (2, 2, 1))((2, 1, 1), (3, 1, 1), (4, 1, 1), (4, 2, 1), (4, 3, 1))((1, 2, 3), (2, 2, 3), (3, 2, 1), (3, 2, 2), (3, 2, 3))((1, 3, 3), (2, 3, 3), (3, 3, 1), (3, 3, 2), (3, 3, 3))((0, 3, 1), (0, 3, 2), (0, 3, 3), (1, 3, 1), (2, 3, 1))((2, 1, 2), (2, 2, 2), (2, 3, 2), (3, 1, 2), (4, 1, 2))((2, 0, 5), (3, 0, 5), (4, 0, 3), (4, 0, 4), (4, 0, 5))((0, 0, 3), (0, 0, 4), (0, 0, 5), (1, 0, 3), (2, 0, 3))((4, 2, 5), (4, 3, 5), (4, 4, 3), (4, 4, 4), (4, 4, 5))((2, 1, 3), (3, 1, 3), (4, 1, 3), (4, 2, 3), (4, 3, 3))((1, 1, 3), (1, 1, 4), (1, 1, 5), (1, 2, 5), (1, 3, 5))((0, 1, 3), (0, 1, 4), (0, 1, 5), (0, 2, 5), (0, 3, 5))((0, 4, 3), (0, 4, 4), (0, 4, 5), (1, 4, 3), (2, 4, 3))((0, 3, 4), (1, 3, 4), (2, 3, 4), (2, 3, 5), (2, 3, 6))((0, 2, 4), (1, 2, 4), (2, 2, 4), (2, 2, 5), (2, 2, 6))((2, 1, 4), (3, 1, 4), (4, 1, 4), (4, 2, 4), (4, 3, 4))((1, 0, 4), (1, 0, 5), (1, 0, 6), (2, 0, 4), (3, 0, 4))((1, 4, 4), (2, 4, 4), (3, 2, 4), (3, 3, 4), (3, 4, 4))((0, 0, 6), (0, 0, 7), (0, 0, 8), (1, 0, 8), (2, 0, 8))((2, 0, 6), (3, 0, 6), (4, 0, 6), (4, 0, 7), (4, 0, 8))((1, 2, 8), (2, 2, 8), (3, 0, 8), (3, 1, 8), (3, 2, 8))((1, 0, 7), (1, 1, 7), (1, 2, 7), (2, 0, 7), (3, 0, 7))((0, 1, 6), (0, 1, 7), (0, 1, 8), (1, 1, 8), (2, 1, 8))((0, 2, 7), (0, 3, 7), (0, 4, 7), (1, 4, 7), (2, 4, 7))((0, 2, 6), (0, 3, 6), (0, 4, 6), (1, 4, 6), (2, 4, 6))((0, 2, 8), (0, 3, 8), (0, 4, 8), (1, 4, 8), (2, 4, 8))((3, 2, 6), (3, 3, 6), (3, 4, 6), (3, 4, 7), (3, 4, 8))((1, 4, 5), (2, 4, 5), (3, 2, 5), (3, 3, 5), (3, 4, 5))((1, 1, 6), (1, 2, 6), (1, 3, 6), (1, 3, 7), (1, 3, 8))((2, 3, 8), (3, 3, 8), (4, 1, 8), (4, 2, 8), (4, 3, 8))((4, 2, 6), (4, 3, 6), (4, 4, 6), (4, 4, 7), (4, 4, 8))((3, 1, 5), (3, 1, 6), (3, 1, 7), (3, 2, 7), (3, 3, 7))((2, 1, 5), (2, 1, 6), (2, 1, 7), (2, 2, 7), (2, 3, 7))((4, 1, 5), (4, 1, 6), (4, 1, 7), (4, 2, 7), (4, 3, 7))
113
((0, 0, 0), (0, 0, 1), (0, 0, 2), (1, 0, 2), (2, 0, 2))((1, 0, 1), (2, 0, 1), (3, 0, 1), (3, 0, 2), (3, 0, 3))((1, 0, 0), (2, 0, 0), (3, 0, 0), (3, 1, 0), (3, 2, 0))((4, 0, 0), (4, 0, 1), (4, 0, 2), (4, 1, 0), (4, 2, 0))((4, 2, 2), (4, 3, 2), (4, 4, 0), (4, 4, 1), (4, 4, 2))((2, 1, 0), (2, 2, 0), (2, 3, 0), (3, 3, 0), (4, 3, 0))((1, 1, 0), (1, 1, 1), (1, 1, 2), (1, 2, 2), (1, 3, 2))((1, 2, 0), (1, 3, 0), (1, 4, 0), (2, 4, 0), (3, 4, 0))((0, 1, 0), (0, 1, 1), (0, 1, 2), (0, 2, 0), (0, 3, 0))((0, 4, 0), (0, 4, 1), (0, 4, 2), (1, 4, 2), (2, 4, 2))((1, 4, 1), (2, 4, 1), (3, 4, 1), (3, 4, 2), (3, 4, 3))((1, 2, 1), (2, 2, 1), (3, 2, 1), (3, 2, 2), (3, 2, 3))((0, 2, 1), (0, 2, 2), (0, 2, 3), (1, 2, 3), (2, 2, 3))((1, 3, 1), (2, 3, 1), (3, 3, 1), (3, 3, 2), (3, 3, 3))((0, 3, 1), (0, 3, 2), (0, 3, 3), (1, 3, 3), (2, 3, 3))((2, 1, 1), (3, 1, 1), (4, 1, 1), (4, 2, 1), (4, 3, 1))((2, 1, 2), (2, 2, 2), (2, 3, 2), (3, 1, 2), (4, 1, 2))((2, 0, 5), (3, 0, 5), (4, 0, 3), (4, 0, 4), (4, 0, 5))((0, 0, 3), (0, 0, 4), (0, 0, 5), (1, 0, 3), (2, 0, 3))((4, 2, 5), (4, 3, 5), (4, 4, 3), (4, 4, 4), (4, 4, 5))((2, 1, 3), (3, 1, 3), (4, 1, 3), (4, 2, 3), (4, 3, 3))((1, 1, 3), (1, 1, 4), (1, 1, 5), (1, 2, 5), (1, 3, 5))((0, 1, 3), (0, 1, 4), (0, 1, 5), (0, 2, 5), (0, 3, 5))((0, 4, 3), (0, 4, 4), (0, 4, 5), (1, 4, 3), (2, 4, 3))((0, 3, 4), (1, 3, 4), (2, 3, 4), (2, 3, 5), (2, 3, 6))((0, 2, 4), (1, 2, 4), (2, 2, 4), (2, 2, 5), (2, 2, 6))((2, 1, 4), (3, 1, 4), (4, 1, 4), (4, 2, 4), (4, 3, 4))((1, 0, 4), (1, 0, 5), (1, 0, 6), (2, 0, 4), (3, 0, 4))((1, 4, 4), (2, 4, 4), (3, 2, 4), (3, 3, 4), (3, 4, 4))((0, 0, 6), (0, 0, 7), (0, 0, 8), (1, 0, 8), (2, 0, 8))((2, 0, 6), (3, 0, 6), (4, 0, 6), (4, 0, 7), (4, 0, 8))((1, 2, 8), (2, 2, 8), (3, 0, 8), (3, 1, 8), (3, 2, 8))((1, 0, 7), (1, 1, 7), (1, 2, 7), (2, 0, 7), (3, 0, 7))((0, 1, 6), (0, 1, 7), (0, 1, 8), (1, 1, 8), (2, 1, 8))((0, 2, 7), (0, 3, 7), (0, 4, 7), (1, 4, 7), (2, 4, 7))((0, 2, 6), (0, 3, 6), (0, 4, 6), (1, 4, 6), (2, 4, 6))((0, 2, 8), (0, 3, 8), (0, 4, 8), (1, 4, 8), (2, 4, 8))((3, 2, 6), (3, 3, 6), (3, 4, 6), (3, 4, 7), (3, 4, 8))((1, 4, 5), (2, 4, 5), (3, 2, 5), (3, 3, 5), (3, 4, 5))((1, 1, 6), (1, 2, 6), (1, 3, 6), (1, 3, 7), (1, 3, 8))((2, 3, 8), (3, 3, 8), (4, 1, 8), (4, 2, 8), (4, 3, 8))((4, 2, 6), (4, 3, 6), (4, 4, 6), (4, 4, 7), (4, 4, 8))((3, 1, 5), (3, 1, 6), (3, 1, 7), (3, 2, 7), (3, 3, 7))((2, 1, 5), (2, 1, 6), (2, 1, 7), (2, 2, 7), (2, 3, 7))((4, 1, 5), (4, 1, 6), (4, 1, 7), (4, 2, 7), (4, 3, 7))
114
((0, 0, 0), (0, 0, 1), (0, 0, 2), (1, 0, 2), (2, 0, 2))((1, 0, 1), (2, 0, 1), (3, 0, 1), (3, 0, 2), (3, 0, 3))((1, 0, 0), (2, 0, 0), (3, 0, 0), (3, 1, 0), (3, 2, 0))((4, 0, 0), (4, 0, 1), (4, 0, 2), (4, 1, 0), (4, 2, 0))((4, 2, 2), (4, 3, 2), (4, 4, 0), (4, 4, 1), (4, 4, 2))((2, 1, 0), (2, 2, 0), (2, 3, 0), (3, 3, 0), (4, 3, 0))((1, 1, 0), (1, 1, 1), (1, 1, 2), (1, 2, 2), (1, 3, 2))((1, 2, 0), (1, 3, 0), (1, 4, 0), (2, 4, 0), (3, 4, 0))((0, 1, 0), (0, 1, 1), (0, 1, 2), (0, 2, 0), (0, 3, 0))((0, 4, 0), (0, 4, 1), (0, 4, 2), (1, 4, 2), (2, 4, 2))((1, 4, 1), (2, 4, 1), (3, 4, 1), (3, 4, 2), (3, 4, 3))((1, 2, 1), (2, 2, 1), (3, 2, 1), (3, 2, 2), (3, 2, 3))((0, 2, 1), (0, 2, 2), (0, 2, 3), (1, 2, 3), (2, 2, 3))((0, 3, 1), (0, 3, 2), (0, 3, 3), (1, 3, 1), (2, 3, 1))((1, 3, 3), (2, 3, 3), (3, 3, 1), (3, 3, 2), (3, 3, 3))((2, 1, 1), (3, 1, 1), (4, 1, 1), (4, 2, 1), (4, 3, 1))((2, 1, 2), (2, 2, 2), (2, 3, 2), (3, 1, 2), (4, 1, 2))((2, 0, 5), (3, 0, 5), (4, 0, 3), (4, 0, 4), (4, 0, 5))((0, 0, 3), (0, 0, 4), (0, 0, 5), (1, 0, 3), (2, 0, 3))((4, 2, 5), (4, 3, 5), (4, 4, 3), (4, 4, 4), (4, 4, 5))((2, 1, 3), (3, 1, 3), (4, 1, 3), (4, 2, 3), (4, 3, 3))((1, 1, 3), (1, 1, 4), (1, 1, 5), (1, 2, 5), (1, 3, 5))((0, 1, 3), (0, 1, 4), (0, 1, 5), (0, 2, 5), (0, 3, 5))((0, 4, 3), (0, 4, 4), (0, 4, 5), (1, 4, 3), (2, 4, 3))((0, 3, 4), (1, 3, 4), (2, 3, 4), (2, 3, 5), (2, 3, 6))((0, 2, 4), (1, 2, 4), (2, 2, 4), (2, 2, 5), (2, 2, 6))((2, 1, 4), (3, 1, 4), (4, 1, 4), (4, 2, 4), (4, 3, 4))((1, 0, 4), (1, 0, 5), (1, 0, 6), (2, 0, 4), (3, 0, 4))((1, 4, 4), (2, 4, 4), (3, 2, 4), (3, 3, 4), (3, 4, 4))((0, 0, 6), (0, 0, 7), (0, 0, 8), (1, 0, 8), (2, 0, 8))((2, 0, 6), (3, 0, 6), (4, 0, 6), (4, 0, 7), (4, 0, 8))((1, 2, 8), (2, 2, 8), (3, 0, 8), (3, 1, 8), (3, 2, 8))((1, 0, 7), (1, 1, 7), (1, 2, 7), (2, 0, 7), (3, 0, 7))((0, 1, 6), (0, 1, 7), (0, 1, 8), (1, 1, 8), (2, 1, 8))((0, 2, 7), (0, 3, 7), (0, 4, 7), (1, 4, 7), (2, 4, 7))((0, 2, 6), (0, 3, 6), (0, 4, 6), (1, 4, 6), (2, 4, 6))((0, 2, 8), (0, 3, 8), (0, 4, 8), (1, 4, 8), (2, 4, 8))((3, 2, 6), (3, 3, 6), (3, 4, 6), (3, 4, 7), (3, 4, 8))((1, 4, 5), (2, 4, 5), (3, 2, 5), (3, 3, 5), (3, 4, 5))((1, 1, 6), (1, 2, 6), (1, 3, 6), (1, 3, 7), (1, 3, 8))((2, 3, 8), (3, 3, 8), (4, 1, 8), (4, 2, 8), (4, 3, 8))((4, 2, 6), (4, 3, 6), (4, 4, 6), (4, 4, 7), (4, 4, 8))((3, 1, 5), (3, 1, 6), (3, 1, 7), (3, 2, 7), (3, 3, 7))((2, 1, 5), (2, 1, 6), (2, 1, 7), (2, 2, 7), (2, 3, 7))((4, 1, 5), (4, 1, 6), (4, 1, 7), (4, 2, 7), (4, 3, 7))
115
((0, 0, 0), (0, 0, 1), (0, 0, 2), (1, 0, 2), (2, 0, 2))((1, 0, 1), (2, 0, 1), (3, 0, 1), (3, 0, 2), (3, 0, 3))((1, 0, 0), (2, 0, 0), (3, 0, 0), (3, 1, 0), (3, 2, 0))((4, 0, 0), (4, 0, 1), (4, 0, 2), (4, 1, 0), (4, 2, 0))((4, 2, 2), (4, 3, 2), (4, 4, 0), (4, 4, 1), (4, 4, 2))((2, 1, 0), (2, 2, 0), (2, 3, 0), (3, 3, 0), (4, 3, 0))((1, 1, 0), (1, 2, 0), (1, 3, 0), (1, 3, 1), (1, 3, 2))((1, 4, 0), (1, 4, 1), (1, 4, 2), (2, 4, 0), (3, 4, 0))((0, 2, 0), (0, 3, 0), (0, 4, 0), (0, 4, 1), (0, 4, 2))((0, 1, 0), (0, 1, 1), (0, 1, 2), (1, 1, 2), (2, 1, 2))((1, 1, 1), (2, 1, 1), (3, 1, 1), (3, 1, 2), (3, 1, 3))((0, 3, 1), (0, 3, 2), (0, 3, 3), (1, 3, 3), (2, 3, 3))((4, 1, 1), (4, 1, 2), (4, 1, 3), (4, 2, 1), (4, 3, 1))((4, 0, 3), (4, 0, 4), (4, 0, 5), (4, 1, 5), (4, 2, 5))((3, 2, 1), (3, 2, 2), (3, 2, 3), (3, 3, 1), (3, 4, 1))((1, 3, 4), (2, 3, 4), (3, 3, 2), (3, 3, 3), (3, 3, 4))((1, 4, 4), (2, 4, 4), (3, 4, 2), (3, 4, 3), (3, 4, 4))((4, 2, 3), (4, 3, 3), (4, 4, 3), (4, 4, 4), (4, 4, 5))((0, 2, 2), (1, 2, 2), (2, 2, 2), (2, 3, 2), (2, 4, 2))((0, 2, 1), (1, 2, 1), (2, 2, 1), (2, 3, 1), (2, 4, 1))((0, 4, 3), (0, 4, 4), (0, 4, 5), (1, 4, 3), (2, 4, 3))((4, 1, 4), (4, 2, 4), (4, 3, 4), (4, 3, 5), (4, 3, 6))((4, 2, 8), (4, 3, 8), (4, 4, 6), (4, 4, 7), (4, 4, 8))((2, 3, 7), (3, 3, 7), (4, 1, 7), (4, 2, 7), (4, 3, 7))((2, 1, 8), (2, 2, 8), (2, 3, 8), (3, 1, 8), (4, 1, 8))((3, 2, 6), (3, 2, 7), (3, 2, 8), (3, 3, 8), (3, 4, 8))((1, 3, 6), (1, 3, 7), (1, 3, 8), (2, 3, 6), (3, 3, 6))((4, 0, 6), (4, 0, 7), (4, 0, 8), (4, 1, 6), (4, 2, 6))((1, 0, 8), (1, 1, 8), (1, 2, 8), (2, 0, 8), (3, 0, 8))((0, 2, 8), (0, 3, 8), (0, 4, 8), (1, 4, 8), (2, 4, 8))((0, 1, 6), (0, 1, 7), (0, 1, 8), (1, 1, 6), (2, 1, 6))((0, 0, 6), (0, 0, 7), (0, 0, 8), (1, 0, 6), (2, 0, 6))((0, 1, 4), (0, 2, 4), (0, 3, 4), (1, 1, 4), (2, 1, 4))((1, 0, 3), (1, 0, 4), (1, 0, 5), (1, 1, 3), (1, 2, 3))((0, 0, 3), (0, 0, 4), (0, 0, 5), (0, 1, 3), (0, 2, 3))((1, 2, 4), (2, 2, 4), (3, 0, 4), (3, 1, 4), (3, 2, 4))((2, 0, 3), (2, 0, 4), (2, 0, 5), (2, 1, 3), (2, 2, 3))((0, 2, 6), (0, 3, 6), (0, 4, 6), (1, 2, 6), (2, 2, 6))((0, 2, 7), (0, 3, 7), (0, 4, 7), (1, 2, 7), (2, 2, 7))((1, 0, 7), (2, 0, 7), (3, 0, 5), (3, 0, 6), (3, 0, 7))((1, 1, 7), (2, 1, 7), (3, 1, 5), (3, 1, 6), (3, 1, 7))((2, 2, 5), (2, 3, 5), (2, 4, 5), (2, 4, 6), (2, 4, 7))((0, 1, 5), (0, 2, 5), (0, 3, 5), (1, 1, 5), (2, 1, 5))((3, 2, 5), (3, 3, 5), (3, 4, 5), (3, 4, 6), (3, 4, 7))((1, 2, 5), (1, 3, 5), (1, 4, 5), (1, 4, 6), (1, 4, 7))
116
((0, 0, 0), (0, 0, 1), (0, 0, 2), (1, 0, 2), (2, 0, 2))((1, 0, 1), (2, 0, 1), (3, 0, 1), (3, 0, 2), (3, 0, 3))((1, 0, 0), (2, 0, 0), (3, 0, 0), (3, 1, 0), (3, 2, 0))((4, 0, 0), (4, 0, 1), (4, 0, 2), (4, 1, 0), (4, 2, 0))((4, 2, 2), (4, 3, 2), (4, 4, 0), (4, 4, 1), (4, 4, 2))((2, 1, 0), (2, 2, 0), (2, 3, 0), (3, 3, 0), (4, 3, 0))((1, 1, 0), (1, 2, 0), (1, 3, 0), (1, 3, 1), (1, 3, 2))((1, 4, 0), (1, 4, 1), (1, 4, 2), (2, 4, 0), (3, 4, 0))((0, 2, 0), (0, 3, 0), (0, 4, 0), (0, 4, 1), (0, 4, 2))((0, 1, 0), (0, 1, 1), (0, 1, 2), (1, 1, 2), (2, 1, 2))((1, 1, 1), (2, 1, 1), (3, 1, 1), (3, 1, 2), (3, 1, 3))((0, 3, 1), (0, 3, 2), (0, 3, 3), (1, 3, 3), (2, 3, 3))((4, 1, 1), (4, 1, 2), (4, 1, 3), (4, 2, 1), (4, 3, 1))((4, 0, 3), (4, 0, 4), (4, 0, 5), (4, 1, 5), (4, 2, 5))((3, 2, 1), (3, 2, 2), (3, 2, 3), (3, 3, 1), (3, 4, 1))((1, 3, 4), (2, 3, 4), (3, 3, 2), (3, 3, 3), (3, 3, 4))((1, 4, 4), (2, 4, 4), (3, 4, 2), (3, 4, 3), (3, 4, 4))((4, 2, 3), (4, 3, 3), (4, 4, 3), (4, 4, 4), (4, 4, 5))((0, 2, 2), (1, 2, 2), (2, 2, 2), (2, 3, 2), (2, 4, 2))((0, 2, 1), (1, 2, 1), (2, 2, 1), (2, 3, 1), (2, 4, 1))((0, 4, 3), (0, 4, 4), (0, 4, 5), (1, 4, 3), (2, 4, 3))((4, 1, 4), (4, 2, 4), (4, 3, 4), (4, 3, 5), (4, 3, 6))((4, 2, 8), (4, 3, 8), (4, 4, 6), (4, 4, 7), (4, 4, 8))((2, 3, 7), (3, 3, 7), (4, 1, 7), (4, 2, 7), (4, 3, 7))((2, 1, 8), (2, 2, 8), (2, 3, 8), (3, 1, 8), (4, 1, 8))((3, 2, 6), (3, 2, 7), (3, 2, 8), (3, 3, 8), (3, 4, 8))((1, 3, 6), (1, 3, 7), (1, 3, 8), (2, 3, 6), (3, 3, 6))((4, 0, 6), (4, 0, 7), (4, 0, 8), (4, 1, 6), (4, 2, 6))((1, 0, 8), (1, 1, 8), (1, 2, 8), (2, 0, 8), (3, 0, 8))((0, 2, 8), (0, 3, 8), (0, 4, 8), (1, 4, 8), (2, 4, 8))((0, 1, 6), (0, 1, 7), (0, 1, 8), (1, 1, 6), (2, 1, 6))((0, 0, 6), (0, 0, 7), (0, 0, 8), (1, 0, 6), (2, 0, 6))((0, 1, 4), (0, 2, 4), (0, 3, 4), (1, 1, 4), (2, 1, 4))((1, 0, 3), (1, 0, 4), (1, 0, 5), (1, 1, 3), (1, 2, 3))((0, 0, 3), (0, 0, 4), (0, 0, 5), (0, 1, 3), (0, 2, 3))((1, 2, 4), (2, 2, 4), (3, 0, 4), (3, 1, 4), (3, 2, 4))((2, 0, 3), (2, 0, 4), (2, 0, 5), (2, 1, 3), (2, 2, 3))((0, 2, 6), (0, 3, 6), (0, 4, 6), (1, 4, 6), (2, 4, 6))((0, 2, 7), (0, 3, 7), (0, 4, 7), (1, 4, 7), (2, 4, 7))((3, 2, 5), (3, 3, 5), (3, 4, 5), (3, 4, 6), (3, 4, 7))((1, 2, 5), (1, 2, 6), (1, 2, 7), (1, 3, 5), (1, 4, 5))((2, 2, 5), (2, 2, 6), (2, 2, 7), (2, 3, 5), (2, 4, 5))((0, 1, 5), (0, 2, 5), (0, 3, 5), (1, 1, 5), (2, 1, 5))((1, 0, 7), (2, 0, 7), (3, 0, 5), (3, 0, 6), (3, 0, 7))((1, 1, 7), (2, 1, 7), (3, 1, 5), (3, 1, 6), (3, 1, 7))
117
((0, 0, 0), (0, 0, 1), (0, 0, 2), (1, 0, 2), (2, 0, 2))((1, 0, 1), (2, 0, 1), (3, 0, 1), (3, 0, 2), (3, 0, 3))((1, 0, 0), (2, 0, 0), (3, 0, 0), (3, 1, 0), (3, 2, 0))((4, 0, 0), (4, 0, 1), (4, 0, 2), (4, 1, 0), (4, 2, 0))((4, 2, 2), (4, 3, 2), (4, 4, 0), (4, 4, 1), (4, 4, 2))((2, 1, 0), (2, 2, 0), (2, 3, 0), (3, 3, 0), (4, 3, 0))((1, 1, 0), (1, 2, 0), (1, 3, 0), (1, 3, 1), (1, 3, 2))((1, 4, 0), (1, 4, 1), (1, 4, 2), (2, 4, 0), (3, 4, 0))((0, 2, 0), (0, 3, 0), (0, 4, 0), (0, 4, 1), (0, 4, 2))((0, 1, 0), (0, 1, 1), (0, 1, 2), (1, 1, 2), (2, 1, 2))((1, 1, 1), (2, 1, 1), (3, 1, 1), (3, 1, 2), (3, 1, 3))((0, 3, 1), (0, 3, 2), (0, 3, 3), (1, 3, 3), (2, 3, 3))((4, 1, 1), (4, 1, 2), (4, 1, 3), (4, 2, 1), (4, 3, 1))((4, 0, 3), (4, 0, 4), (4, 0, 5), (4, 1, 5), (4, 2, 5))((3, 2, 1), (3, 2, 2), (3, 2, 3), (3, 3, 1), (3, 4, 1))((1, 3, 4), (2, 3, 4), (3, 3, 2), (3, 3, 3), (3, 3, 4))((1, 4, 4), (2, 4, 4), (3, 4, 2), (3, 4, 3), (3, 4, 4))((4, 2, 3), (4, 3, 3), (4, 4, 3), (4, 4, 4), (4, 4, 5))((0, 2, 2), (1, 2, 2), (2, 2, 2), (2, 3, 2), (2, 4, 2))((0, 2, 1), (1, 2, 1), (2, 2, 1), (2, 3, 1), (2, 4, 1))((0, 4, 3), (0, 4, 4), (0, 4, 5), (1, 4, 3), (2, 4, 3))((4, 1, 4), (4, 2, 4), (4, 3, 4), (4, 3, 5), (4, 3, 6))((4, 2, 8), (4, 3, 8), (4, 4, 6), (4, 4, 7), (4, 4, 8))((2, 3, 7), (3, 3, 7), (4, 1, 7), (4, 2, 7), (4, 3, 7))((2, 1, 8), (2, 2, 8), (2, 3, 8), (3, 1, 8), (4, 1, 8))((3, 2, 8), (3, 3, 8), (3, 4, 6), (3, 4, 7), (3, 4, 8))((4, 0, 6), (4, 0, 7), (4, 0, 8), (4, 1, 6), (4, 2, 6))((1, 3, 6), (1, 3, 7), (1, 3, 8), (2, 3, 6), (3, 3, 6))((0, 2, 8), (0, 3, 8), (0, 4, 8), (1, 4, 8), (2, 4, 8))((0, 1, 6), (0, 1, 7), (0, 1, 8), (1, 1, 6), (2, 1, 6))((0, 1, 4), (0, 2, 4), (0, 3, 4), (1, 1, 4), (2, 1, 4))((1, 0, 3), (1, 0, 4), (1, 0, 5), (1, 1, 3), (1, 2, 3))((0, 0, 3), (0, 0, 4), (0, 0, 5), (0, 1, 3), (0, 2, 3))((0, 2, 6), (0, 3, 6), (0, 4, 6), (1, 2, 6), (2, 2, 6))((0, 2, 7), (0, 3, 7), (0, 4, 7), (1, 2, 7), (2, 2, 7))((2, 2, 5), (2, 3, 5), (2, 4, 5), (2, 4, 6), (2, 4, 7))((0, 1, 5), (0, 2, 5), (0, 3, 5), (1, 1, 5), (2, 1, 5))((2, 0, 3), (2, 0, 4), (2, 0, 5), (2, 1, 3), (2, 2, 3))((1, 2, 5), (1, 3, 5), (1, 4, 5), (1, 4, 6), (1, 4, 7))((1, 1, 7), (2, 1, 7), (3, 1, 5), (3, 1, 6), (3, 1, 7))((3, 2, 5), (3, 2, 6), (3, 2, 7), (3, 3, 5), (3, 4, 5))((1, 2, 4), (2, 2, 4), (3, 0, 4), (3, 1, 4), (3, 2, 4))((1, 0, 7), (2, 0, 7), (3, 0, 5), (3, 0, 6), (3, 0, 7))((1, 0, 8), (1, 1, 8), (1, 2, 8), (2, 0, 8), (3, 0, 8))((0, 0, 6), (0, 0, 7), (0, 0, 8), (1, 0, 6), (2, 0, 6))
118
((0, 0, 0), (0, 0, 1), (0, 0, 2), (1, 0, 2), (2, 0, 2))((1, 0, 1), (2, 0, 1), (3, 0, 1), (3, 0, 2), (3, 0, 3))((1, 0, 0), (2, 0, 0), (3, 0, 0), (3, 1, 0), (3, 2, 0))((4, 0, 0), (4, 0, 1), (4, 0, 2), (4, 1, 0), (4, 2, 0))((4, 2, 2), (4, 3, 2), (4, 4, 0), (4, 4, 1), (4, 4, 2))((2, 1, 0), (2, 2, 0), (2, 3, 0), (3, 3, 0), (4, 3, 0))((1, 1, 0), (1, 2, 0), (1, 3, 0), (1, 3, 1), (1, 3, 2))((1, 4, 0), (1, 4, 1), (1, 4, 2), (2, 4, 0), (3, 4, 0))((0, 2, 0), (0, 3, 0), (0, 4, 0), (0, 4, 1), (0, 4, 2))((0, 1, 0), (0, 1, 1), (0, 1, 2), (1, 1, 2), (2, 1, 2))((1, 1, 1), (2, 1, 1), (3, 1, 1), (3, 1, 2), (3, 1, 3))((0, 3, 1), (0, 3, 2), (0, 3, 3), (1, 3, 3), (2, 3, 3))((4, 1, 1), (4, 1, 2), (4, 1, 3), (4, 2, 1), (4, 3, 1))((4, 0, 3), (4, 0, 4), (4, 0, 5), (4, 1, 5), (4, 2, 5))((3, 2, 1), (3, 2, 2), (3, 2, 3), (3, 3, 1), (3, 4, 1))((1, 3, 4), (2, 3, 4), (3, 3, 2), (3, 3, 3), (3, 3, 4))((1, 4, 4), (2, 4, 4), (3, 4, 2), (3, 4, 3), (3, 4, 4))((4, 2, 3), (4, 3, 3), (4, 4, 3), (4, 4, 4), (4, 4, 5))((0, 2, 2), (1, 2, 2), (2, 2, 2), (2, 3, 2), (2, 4, 2))((0, 2, 1), (1, 2, 1), (2, 2, 1), (2, 3, 1), (2, 4, 1))((0, 4, 3), (0, 4, 4), (0, 4, 5), (1, 4, 3), (2, 4, 3))((4, 1, 4), (4, 2, 4), (4, 3, 4), (4, 3, 5), (4, 3, 6))((4, 2, 8), (4, 3, 8), (4, 4, 6), (4, 4, 7), (4, 4, 8))((2, 3, 7), (3, 3, 7), (4, 1, 7), (4, 2, 7), (4, 3, 7))((2, 1, 8), (2, 2, 8), (2, 3, 8), (3, 1, 8), (4, 1, 8))((3, 2, 8), (3, 3, 8), (3, 4, 6), (3, 4, 7), (3, 4, 8))((4, 0, 6), (4, 0, 7), (4, 0, 8), (4, 1, 6), (4, 2, 6))((1, 3, 6), (1, 3, 7), (1, 3, 8), (2, 3, 6), (3, 3, 6))((0, 2, 8), (0, 3, 8), (0, 4, 8), (1, 4, 8), (2, 4, 8))((0, 1, 6), (0, 1, 7), (0, 1, 8), (1, 1, 6), (2, 1, 6))((0, 1, 4), (0, 2, 4), (0, 3, 4), (1, 1, 4), (2, 1, 4))((1, 0, 3), (1, 0, 4), (1, 0, 5), (1, 1, 3), (1, 2, 3))((0, 0, 3), (0, 0, 4), (0, 0, 5), (0, 1, 3), (0, 2, 3))((0, 2, 6), (0, 3, 6), (0, 4, 6), (1, 4, 6), (2, 4, 6))((0, 2, 7), (0, 3, 7), (0, 4, 7), (1, 4, 7), (2, 4, 7))((2, 0, 3), (2, 0, 4), (2, 0, 5), (2, 1, 3), (2, 2, 3))((0, 1, 5), (0, 2, 5), (0, 3, 5), (1, 1, 5), (2, 1, 5))((2, 2, 5), (2, 2, 6), (2, 2, 7), (2, 3, 5), (2, 4, 5))((3, 2, 5), (3, 2, 6), (3, 2, 7), (3, 3, 5), (3, 4, 5))((1, 1, 7), (2, 1, 7), (3, 1, 5), (3, 1, 6), (3, 1, 7))((1, 2, 5), (1, 2, 6), (1, 2, 7), (1, 3, 5), (1, 4, 5))((1, 2, 4), (2, 2, 4), (3, 0, 4), (3, 1, 4), (3, 2, 4))((1, 0, 7), (2, 0, 7), (3, 0, 5), (3, 0, 6), (3, 0, 7))((1, 0, 8), (1, 1, 8), (1, 2, 8), (2, 0, 8), (3, 0, 8))((0, 0, 6), (0, 0, 7), (0, 0, 8), (1, 0, 6), (2, 0, 6))
119
((0, 0, 0), (0, 0, 1), (0, 0, 2), (1, 0, 2), (2, 0, 2))((1, 0, 1), (2, 0, 1), (3, 0, 1), (3, 0, 2), (3, 0, 3))((1, 0, 0), (2, 0, 0), (3, 0, 0), (3, 1, 0), (3, 2, 0))((4, 0, 0), (4, 0, 1), (4, 0, 2), (4, 1, 0), (4, 2, 0))((4, 2, 2), (4, 3, 2), (4, 4, 0), (4, 4, 1), (4, 4, 2))((2, 1, 0), (2, 2, 0), (2, 3, 0), (3, 3, 0), (4, 3, 0))((1, 1, 0), (1, 2, 0), (1, 3, 0), (1, 3, 1), (1, 3, 2))((1, 4, 2), (2, 4, 2), (3, 4, 0), (3, 4, 1), (3, 4, 2))((0, 2, 0), (0, 3, 0), (0, 4, 0), (1, 4, 0), (2, 4, 0))((0, 1, 0), (0, 1, 1), (0, 1, 2), (1, 1, 2), (2, 1, 2))((1, 1, 1), (2, 1, 1), (3, 1, 1), (3, 1, 2), (3, 1, 3))((3, 1, 4), (3, 2, 4), (3, 3, 2), (3, 3, 3), (3, 3, 4))((2, 3, 1), (3, 3, 1), (4, 1, 1), (4, 2, 1), (4, 3, 1))((4, 1, 2), (4, 1, 3), (4, 1, 4), (4, 2, 4), (4, 3, 4))((4, 0, 3), (4, 0, 4), (4, 0, 5), (4, 1, 5), (4, 2, 5))((2, 1, 4), (2, 2, 4), (2, 3, 2), (2, 3, 3), (2, 3, 4))((0, 2, 1), (0, 3, 1), (0, 4, 1), (1, 4, 1), (2, 4, 1))((4, 2, 3), (4, 3, 3), (4, 4, 3), (4, 4, 4), (4, 4, 5))((1, 2, 1), (2, 2, 1), (3, 2, 1), (3, 2, 2), (3, 2, 3))((0, 2, 2), (0, 3, 2), (0, 4, 2), (1, 2, 2), (2, 2, 2))((4, 1, 7), (4, 2, 7), (4, 3, 5), (4, 3, 6), (4, 3, 7))((4, 0, 6), (4, 0, 7), (4, 0, 8), (4, 1, 6), (4, 2, 6))((2, 3, 8), (3, 3, 8), (4, 1, 8), (4, 2, 8), (4, 3, 8))((2, 4, 8), (3, 4, 8), (4, 4, 6), (4, 4, 7), (4, 4, 8))((1, 2, 8), (1, 3, 8), (1, 4, 8), (2, 2, 8), (3, 2, 8))((0, 4, 6), (0, 4, 7), (0, 4, 8), (1, 4, 6), (2, 4, 6))((1, 1, 6), (1, 1, 7), (1, 1, 8), (2, 1, 8), (3, 1, 8))((0, 3, 6), (0, 3, 7), (0, 3, 8), (1, 3, 6), (2, 3, 6))((0, 0, 8), (0, 1, 8), (0, 2, 8), (1, 0, 8), (2, 0, 8))((1, 0, 6), (2, 0, 6), (3, 0, 6), (3, 0, 7), (3, 0, 8))((1, 0, 4), (1, 1, 4), (1, 2, 4), (2, 0, 4), (3, 0, 4))((2, 1, 5), (2, 1, 6), (2, 1, 7), (2, 2, 7), (2, 3, 7))((0, 0, 7), (0, 1, 7), (0, 2, 7), (1, 0, 7), (2, 0, 7))((3, 1, 5), (3, 1, 6), (3, 1, 7), (3, 2, 7), (3, 3, 7))((1, 0, 5), (1, 1, 5), (1, 2, 5), (2, 0, 5), (3, 0, 5))((1, 2, 7), (1, 3, 7), (1, 4, 7), (2, 4, 7), (3, 4, 7))((1, 1, 3), (1, 2, 3), (1, 3, 3), (1, 3, 4), (1, 3, 5))((0, 0, 3), (1, 0, 3), (2, 0, 3), (2, 1, 3), (2, 2, 3))((1, 2, 6), (2, 2, 6), (3, 2, 6), (3, 3, 6), (3, 4, 6))((3, 2, 5), (3, 3, 5), (3, 4, 3), (3, 4, 4), (3, 4, 5))((0, 2, 4), (0, 3, 4), (0, 4, 4), (1, 4, 4), (2, 4, 4))((0, 0, 4), (0, 0, 5), (0, 0, 6), (0, 1, 6), (0, 2, 6))((0, 4, 5), (1, 4, 5), (2, 2, 5), (2, 3, 5), (2, 4, 5))((0, 1, 3), (0, 1, 4), (0, 1, 5), (0, 2, 5), (0, 3, 5))((0, 2, 3), (0, 3, 3), (0, 4, 3), (1, 4, 3), (2, 4, 3))
120
((0, 0, 0), (0, 0, 1), (0, 0, 2), (1, 0, 2), (2, 0, 2))((1, 0, 1), (2, 0, 1), (3, 0, 1), (3, 0, 2), (3, 0, 3))((1, 0, 0), (2, 0, 0), (3, 0, 0), (3, 1, 0), (3, 2, 0))((4, 0, 0), (4, 0, 1), (4, 0, 2), (4, 1, 0), (4, 2, 0))((4, 2, 2), (4, 3, 2), (4, 4, 0), (4, 4, 1), (4, 4, 2))((2, 1, 0), (2, 2, 0), (2, 3, 0), (3, 3, 0), (4, 3, 0))((1, 1, 0), (1, 2, 0), (1, 3, 0), (1, 3, 1), (1, 3, 2))((1, 4, 2), (2, 4, 2), (3, 4, 0), (3, 4, 1), (3, 4, 2))((0, 2, 0), (0, 3, 0), (0, 4, 0), (1, 4, 0), (2, 4, 0))((0, 1, 0), (0, 1, 1), (0, 1, 2), (1, 1, 2), (2, 1, 2))((1, 1, 1), (2, 1, 1), (3, 1, 1), (3, 1, 2), (3, 1, 3))((3, 1, 4), (3, 2, 4), (3, 3, 2), (3, 3, 3), (3, 3, 4))((2, 3, 1), (3, 3, 1), (4, 1, 1), (4, 2, 1), (4, 3, 1))((4, 1, 2), (4, 1, 3), (4, 1, 4), (4, 2, 4), (4, 3, 4))((4, 0, 3), (4, 0, 4), (4, 0, 5), (4, 1, 5), (4, 2, 5))((2, 1, 4), (2, 2, 4), (2, 3, 2), (2, 3, 3), (2, 3, 4))((0, 2, 1), (0, 3, 1), (0, 4, 1), (1, 4, 1), (2, 4, 1))((4, 2, 3), (4, 3, 3), (4, 4, 3), (4, 4, 4), (4, 4, 5))((1, 2, 1), (2, 2, 1), (3, 2, 1), (3, 2, 2), (3, 2, 3))((0, 2, 2), (0, 3, 2), (0, 4, 2), (1, 2, 2), (2, 2, 2))((4, 1, 7), (4, 2, 7), (4, 3, 5), (4, 3, 6), (4, 3, 7))((4, 0, 6), (4, 0, 7), (4, 0, 8), (4, 1, 6), (4, 2, 6))((2, 1, 8), (2, 2, 8), (2, 3, 8), (3, 1, 8), (4, 1, 8))((4, 2, 8), (4, 3, 8), (4, 4, 6), (4, 4, 7), (4, 4, 8))((1, 4, 8), (2, 4, 8), (3, 2, 8), (3, 3, 8), (3, 4, 8))((1, 1, 6), (1, 1, 7), (1, 1, 8), (1, 2, 8), (1, 3, 8))((0, 4, 6), (0, 4, 7), (0, 4, 8), (1, 4, 6), (2, 4, 6))((0, 3, 6), (0, 3, 7), (0, 3, 8), (1, 3, 6), (2, 3, 6))((0, 0, 8), (0, 1, 8), (0, 2, 8), (1, 0, 8), (2, 0, 8))((1, 0, 6), (2, 0, 6), (3, 0, 6), (3, 0, 7), (3, 0, 8))((1, 0, 4), (1, 1, 4), (1, 2, 4), (2, 0, 4), (3, 0, 4))((2, 1, 5), (2, 1, 6), (2, 1, 7), (2, 2, 7), (2, 3, 7))((0, 0, 7), (0, 1, 7), (0, 2, 7), (1, 0, 7), (2, 0, 7))((3, 1, 5), (3, 1, 6), (3, 1, 7), (3, 2, 7), (3, 3, 7))((1, 0, 5), (1, 1, 5), (1, 2, 5), (2, 0, 5), (3, 0, 5))((1, 2, 7), (1, 3, 7), (1, 4, 7), (2, 4, 7), (3, 4, 7))((1, 1, 3), (1, 2, 3), (1, 3, 3), (1, 3, 4), (1, 3, 5))((0, 0, 3), (1, 0, 3), (2, 0, 3), (2, 1, 3), (2, 2, 3))((1, 2, 6), (2, 2, 6), (3, 2, 6), (3, 3, 6), (3, 4, 6))((3, 2, 5), (3, 3, 5), (3, 4, 3), (3, 4, 4), (3, 4, 5))((0, 2, 4), (0, 3, 4), (0, 4, 4), (1, 4, 4), (2, 4, 4))((0, 0, 4), (0, 0, 5), (0, 0, 6), (0, 1, 6), (0, 2, 6))((0, 4, 5), (1, 4, 5), (2, 2, 5), (2, 3, 5), (2, 4, 5))((0, 1, 3), (0, 1, 4), (0, 1, 5), (0, 2, 5), (0, 3, 5))((0, 2, 3), (0, 3, 3), (0, 4, 3), (1, 4, 3), (2, 4, 3))
121
((0, 0, 0), (0, 0, 1), (0, 0, 2), (1, 0, 2), (2, 0, 2))((1, 0, 1), (2, 0, 1), (3, 0, 1), (3, 0, 2), (3, 0, 3))((1, 0, 0), (2, 0, 0), (3, 0, 0), (3, 1, 0), (3, 2, 0))((4, 0, 0), (4, 0, 1), (4, 0, 2), (4, 1, 0), (4, 2, 0))((4, 2, 2), (4, 3, 2), (4, 4, 0), (4, 4, 1), (4, 4, 2))((2, 1, 0), (2, 2, 0), (2, 3, 0), (3, 3, 0), (4, 3, 0))((1, 1, 0), (1, 2, 0), (1, 3, 0), (1, 3, 1), (1, 3, 2))((1, 4, 2), (2, 4, 2), (3, 4, 0), (3, 4, 1), (3, 4, 2))((0, 2, 0), (0, 3, 0), (0, 4, 0), (1, 4, 0), (2, 4, 0))((0, 1, 0), (0, 1, 1), (0, 1, 2), (1, 1, 2), (2, 1, 2))((1, 1, 1), (2, 1, 1), (3, 1, 1), (3, 1, 2), (3, 1, 3))((3, 1, 4), (3, 2, 4), (3, 3, 2), (3, 3, 3), (3, 3, 4))((2, 3, 1), (3, 3, 1), (4, 1, 1), (4, 2, 1), (4, 3, 1))((4, 1, 2), (4, 1, 3), (4, 1, 4), (4, 2, 4), (4, 3, 4))((4, 0, 3), (4, 0, 4), (4, 0, 5), (4, 1, 5), (4, 2, 5))((2, 1, 4), (2, 2, 4), (2, 3, 2), (2, 3, 3), (2, 3, 4))((0, 2, 1), (0, 3, 1), (0, 4, 1), (1, 4, 1), (2, 4, 1))((4, 2, 3), (4, 3, 3), (4, 4, 3), (4, 4, 4), (4, 4, 5))((1, 2, 1), (2, 2, 1), (3, 2, 1), (3, 2, 2), (3, 2, 3))((0, 2, 2), (0, 3, 2), (0, 4, 2), (1, 2, 2), (2, 2, 2))((4, 1, 7), (4, 2, 7), (4, 3, 5), (4, 3, 6), (4, 3, 7))((4, 0, 6), (4, 0, 7), (4, 0, 8), (4, 1, 6), (4, 2, 6))((2, 1, 8), (3, 1, 8), (4, 1, 8), (4, 2, 8), (4, 3, 8))((2, 4, 6), (3, 4, 6), (4, 4, 6), (4, 4, 7), (4, 4, 8))((1, 2, 7), (1, 3, 7), (1, 4, 7), (2, 4, 7), (3, 4, 7))((1, 2, 8), (2, 2, 8), (3, 2, 8), (3, 3, 8), (3, 4, 8))((1, 1, 6), (1, 1, 7), (1, 1, 8), (2, 1, 6), (3, 1, 6))((0, 4, 6), (0, 4, 7), (0, 4, 8), (1, 4, 8), (2, 4, 8))((0, 3, 6), (0, 3, 7), (0, 3, 8), (1, 3, 8), (2, 3, 8))((2, 1, 7), (2, 2, 7), (2, 3, 5), (2, 3, 6), (2, 3, 7))((3, 1, 7), (3, 2, 7), (3, 3, 5), (3, 3, 6), (3, 3, 7))((1, 2, 6), (1, 3, 6), (1, 4, 6), (2, 2, 6), (3, 2, 6))((1, 1, 3), (1, 2, 3), (1, 3, 3), (1, 3, 4), (1, 3, 5))((1, 0, 4), (1, 1, 4), (1, 2, 4), (2, 0, 4), (3, 0, 4))((0, 0, 3), (1, 0, 3), (2, 0, 3), (2, 1, 3), (2, 2, 3))((1, 4, 5), (2, 4, 5), (3, 4, 3), (3, 4, 4), (3, 4, 5))((0, 2, 4), (0, 3, 4), (0, 4, 4), (1, 4, 4), (2, 4, 4))((0, 2, 3), (0, 3, 3), (0, 4, 3), (1, 4, 3), (2, 4, 3))((0, 1, 3), (0, 1, 4), (0, 1, 5), (1, 1, 5), (2, 1, 5))((0, 2, 5), (0, 3, 5), (0, 4, 5), (1, 2, 5), (2, 2, 5))((1, 0, 5), (2, 0, 5), (3, 0, 5), (3, 1, 5), (3, 2, 5))((0, 0, 7), (0, 1, 7), (0, 2, 7), (1, 0, 7), (2, 0, 7))((0, 0, 8), (0, 1, 8), (0, 2, 8), (1, 0, 8), (2, 0, 8))((1, 0, 6), (2, 0, 6), (3, 0, 6), (3, 0, 7), (3, 0, 8))((0, 0, 4), (0, 0, 5), (0, 0, 6), (0, 1, 6), (0, 2, 6))
122
((0, 0, 0), (0, 0, 1), (0, 0, 2), (1, 0, 2), (2, 0, 2))((1, 0, 1), (2, 0, 1), (3, 0, 1), (3, 0, 2), (3, 0, 3))((1, 0, 0), (2, 0, 0), (3, 0, 0), (3, 1, 0), (3, 2, 0))((4, 0, 0), (4, 0, 1), (4, 0, 2), (4, 1, 0), (4, 2, 0))((4, 2, 2), (4, 3, 2), (4, 4, 0), (4, 4, 1), (4, 4, 2))((2, 1, 0), (2, 2, 0), (2, 3, 0), (3, 3, 0), (4, 3, 0))((1, 1, 0), (1, 2, 0), (1, 3, 0), (1, 3, 1), (1, 3, 2))((1, 4, 2), (2, 4, 2), (3, 4, 0), (3, 4, 1), (3, 4, 2))((0, 2, 0), (0, 3, 0), (0, 4, 0), (1, 4, 0), (2, 4, 0))((0, 1, 0), (0, 1, 1), (0, 1, 2), (1, 1, 2), (2, 1, 2))((1, 1, 1), (2, 1, 1), (3, 1, 1), (3, 2, 1), (3, 3, 1))((4, 1, 1), (4, 1, 2), (4, 1, 3), (4, 2, 1), (4, 3, 1))((4, 0, 3), (4, 0, 4), (4, 0, 5), (4, 1, 5), (4, 2, 5))((0, 2, 1), (0, 3, 1), (0, 4, 1), (1, 4, 1), (2, 4, 1))((1, 0, 3), (1, 1, 3), (1, 2, 1), (1, 2, 2), (1, 2, 3))((0, 3, 3), (1, 3, 3), (2, 3, 1), (2, 3, 2), (2, 3, 3))((2, 0, 3), (2, 1, 3), (2, 2, 1), (2, 2, 2), (2, 2, 3))((4, 2, 3), (4, 3, 3), (4, 4, 3), (4, 4, 4), (4, 4, 5))((0, 2, 2), (0, 2, 3), (0, 2, 4), (0, 3, 2), (0, 4, 2))((0, 1, 3), (0, 1, 4), (0, 1, 5), (1, 1, 5), (2, 1, 5))((0, 0, 3), (0, 0, 4), (0, 0, 5), (1, 0, 5), (2, 0, 5))((3, 1, 2), (3, 1, 3), (3, 1, 4), (3, 2, 2), (3, 3, 2))((4, 1, 4), (4, 2, 4), (4, 3, 4), (4, 3, 5), (4, 3, 6))((1, 0, 4), (1, 1, 4), (1, 2, 4), (2, 0, 4), (3, 0, 4))((0, 3, 4), (1, 3, 4), (2, 1, 4), (2, 2, 4), (2, 3, 4))((0, 2, 5), (0, 3, 5), (0, 4, 3), (0, 4, 4), (0, 4, 5))((1, 4, 3), (2, 4, 3), (3, 2, 3), (3, 3, 3), (3, 4, 3))((1, 4, 4), (2, 4, 4), (3, 2, 4), (3, 3, 4), (3, 4, 4))((4, 2, 8), (4, 3, 8), (4, 4, 6), (4, 4, 7), (4, 4, 8))((2, 3, 7), (3, 3, 7), (4, 1, 7), (4, 2, 7), (4, 3, 7))((2, 1, 8), (2, 2, 8), (2, 3, 8), (3, 1, 8), (4, 1, 8))((3, 2, 6), (3, 2, 7), (3, 2, 8), (3, 3, 8), (3, 4, 8))((1, 3, 6), (1, 3, 7), (1, 3, 8), (2, 3, 6), (3, 3, 6))((4, 0, 6), (4, 0, 7), (4, 0, 8), (4, 1, 6), (4, 2, 6))((1, 1, 7), (2, 1, 7), (3, 1, 5), (3, 1, 6), (3, 1, 7))((1, 0, 7), (2, 0, 7), (3, 0, 5), (3, 0, 6), (3, 0, 7))((1, 0, 8), (1, 1, 8), (1, 2, 8), (2, 0, 8), (3, 0, 8))((0, 1, 6), (0, 1, 7), (0, 1, 8), (1, 1, 6), (2, 1, 6))((0, 0, 6), (0, 0, 7), (0, 0, 8), (1, 0, 6), (2, 0, 6))((0, 2, 7), (0, 3, 7), (0, 4, 7), (1, 4, 7), (2, 4, 7))((0, 2, 8), (0, 3, 8), (0, 4, 8), (1, 4, 8), (2, 4, 8))((2, 2, 5), (2, 2, 6), (2, 2, 7), (2, 3, 5), (2, 4, 5))((0, 2, 6), (0, 3, 6), (0, 4, 6), (1, 4, 6), (2, 4, 6))((3, 2, 5), (3, 3, 5), (3, 4, 5), (3, 4, 6), (3, 4, 7))((1, 2, 5), (1, 2, 6), (1, 2, 7), (1, 3, 5), (1, 4, 5))
123
((0, 0, 0), (0, 0, 1), (0, 0, 2), (1, 0, 2), (2, 0, 2))((1, 0, 1), (2, 0, 1), (3, 0, 1), (3, 0, 2), (3, 0, 3))((1, 0, 0), (2, 0, 0), (3, 0, 0), (3, 1, 0), (3, 2, 0))((4, 0, 0), (4, 0, 1), (4, 0, 2), (4, 1, 0), (4, 2, 0))((4, 2, 2), (4, 3, 2), (4, 4, 0), (4, 4, 1), (4, 4, 2))((2, 1, 0), (2, 2, 0), (2, 3, 0), (3, 3, 0), (4, 3, 0))((1, 1, 0), (1, 2, 0), (1, 3, 0), (1, 3, 1), (1, 3, 2))((1, 4, 2), (2, 4, 2), (3, 4, 0), (3, 4, 1), (3, 4, 2))((0, 2, 0), (0, 3, 0), (0, 4, 0), (1, 4, 0), (2, 4, 0))((0, 1, 0), (0, 1, 1), (0, 1, 2), (1, 1, 2), (2, 1, 2))((1, 1, 1), (2, 1, 1), (3, 1, 1), (3, 2, 1), (3, 3, 1))((4, 1, 1), (4, 1, 2), (4, 1, 3), (4, 2, 1), (4, 3, 1))((4, 0, 3), (4, 0, 4), (4, 0, 5), (4, 1, 5), (4, 2, 5))((0, 2, 1), (0, 3, 1), (0, 4, 1), (1, 4, 1), (2, 4, 1))((1, 0, 3), (1, 1, 3), (1, 2, 1), (1, 2, 2), (1, 2, 3))((0, 3, 3), (1, 3, 3), (2, 3, 1), (2, 3, 2), (2, 3, 3))((2, 0, 3), (2, 1, 3), (2, 2, 1), (2, 2, 2), (2, 2, 3))((4, 2, 3), (4, 3, 3), (4, 4, 3), (4, 4, 4), (4, 4, 5))((0, 2, 2), (0, 2, 3), (0, 2, 4), (0, 3, 2), (0, 4, 2))((0, 1, 3), (0, 1, 4), (0, 1, 5), (1, 1, 5), (2, 1, 5))((0, 0, 3), (0, 0, 4), (0, 0, 5), (1, 0, 5), (2, 0, 5))((3, 1, 2), (3, 1, 3), (3, 1, 4), (3, 2, 2), (3, 3, 2))((4, 1, 4), (4, 2, 4), (4, 3, 4), (4, 3, 5), (4, 3, 6))((1, 0, 4), (1, 1, 4), (1, 2, 4), (2, 0, 4), (3, 0, 4))((0, 3, 4), (1, 3, 4), (2, 1, 4), (2, 2, 4), (2, 3, 4))((0, 2, 5), (0, 3, 5), (0, 4, 3), (0, 4, 4), (0, 4, 5))((1, 4, 3), (2, 4, 3), (3, 2, 3), (3, 3, 3), (3, 4, 3))((1, 4, 4), (2, 4, 4), (3, 2, 4), (3, 3, 4), (3, 4, 4))((4, 2, 8), (4, 3, 8), (4, 4, 6), (4, 4, 7), (4, 4, 8))((2, 3, 7), (3, 3, 7), (4, 1, 7), (4, 2, 7), (4, 3, 7))((2, 1, 8), (2, 2, 8), (2, 3, 8), (3, 1, 8), (4, 1, 8))((3, 2, 6), (3, 2, 7), (3, 2, 8), (3, 3, 8), (3, 4, 8))((1, 3, 6), (1, 3, 7), (1, 3, 8), (2, 3, 6), (3, 3, 6))((4, 0, 6), (4, 0, 7), (4, 0, 8), (4, 1, 6), (4, 2, 6))((1, 1, 7), (2, 1, 7), (3, 1, 5), (3, 1, 6), (3, 1, 7))((1, 0, 7), (2, 0, 7), (3, 0, 5), (3, 0, 6), (3, 0, 7))((1, 0, 8), (1, 1, 8), (1, 2, 8), (2, 0, 8), (3, 0, 8))((0, 1, 6), (0, 1, 7), (0, 1, 8), (1, 1, 6), (2, 1, 6))((0, 0, 6), (0, 0, 7), (0, 0, 8), (1, 0, 6), (2, 0, 6))((0, 2, 7), (0, 3, 7), (0, 4, 7), (1, 2, 7), (2, 2, 7))((0, 2, 8), (0, 3, 8), (0, 4, 8), (1, 4, 8), (2, 4, 8))((2, 2, 5), (2, 3, 5), (2, 4, 5), (2, 4, 6), (2, 4, 7))((0, 2, 6), (0, 3, 6), (0, 4, 6), (1, 2, 6), (2, 2, 6))((3, 2, 5), (3, 3, 5), (3, 4, 5), (3, 4, 6), (3, 4, 7))((1, 2, 5), (1, 3, 5), (1, 4, 5), (1, 4, 6), (1, 4, 7))
124
((0, 0, 0), (0, 0, 1), (0, 0, 2), (1, 0, 2), (2, 0, 2))((1, 0, 1), (2, 0, 1), (3, 0, 1), (3, 0, 2), (3, 0, 3))((1, 0, 0), (2, 0, 0), (3, 0, 0), (3, 1, 0), (3, 2, 0))((4, 0, 0), (4, 0, 1), (4, 0, 2), (4, 1, 0), (4, 2, 0))((4, 2, 2), (4, 3, 2), (4, 4, 0), (4, 4, 1), (4, 4, 2))((2, 1, 0), (2, 2, 0), (2, 3, 0), (3, 3, 0), (4, 3, 0))((1, 1, 0), (1, 2, 0), (1, 3, 0), (1, 3, 1), (1, 3, 2))((1, 4, 2), (2, 4, 2), (3, 4, 0), (3, 4, 1), (3, 4, 2))((0, 2, 0), (0, 3, 0), (0, 4, 0), (1, 4, 0), (2, 4, 0))((0, 1, 0), (0, 1, 1), (0, 1, 2), (1, 1, 2), (2, 1, 2))((1, 1, 1), (2, 1, 1), (3, 1, 1), (3, 2, 1), (3, 3, 1))((4, 1, 1), (4, 1, 2), (4, 1, 3), (4, 2, 1), (4, 3, 1))((4, 0, 3), (4, 0, 4), (4, 0, 5), (4, 1, 5), (4, 2, 5))((0, 2, 1), (0, 3, 1), (0, 4, 1), (1, 4, 1), (2, 4, 1))((1, 0, 3), (1, 1, 3), (1, 2, 1), (1, 2, 2), (1, 2, 3))((0, 3, 3), (1, 3, 3), (2, 3, 1), (2, 3, 2), (2, 3, 3))((2, 0, 3), (2, 1, 3), (2, 2, 1), (2, 2, 2), (2, 2, 3))((4, 2, 3), (4, 3, 3), (4, 4, 3), (4, 4, 4), (4, 4, 5))((0, 2, 2), (0, 2, 3), (0, 2, 4), (0, 3, 2), (0, 4, 2))((0, 1, 3), (0, 1, 4), (0, 1, 5), (1, 1, 5), (2, 1, 5))((0, 0, 3), (0, 0, 4), (0, 0, 5), (1, 0, 5), (2, 0, 5))((3, 1, 2), (3, 1, 3), (3, 1, 4), (3, 2, 2), (3, 3, 2))((4, 1, 4), (4, 2, 4), (4, 3, 4), (4, 3, 5), (4, 3, 6))((1, 0, 4), (1, 1, 4), (1, 2, 4), (2, 0, 4), (3, 0, 4))((0, 3, 4), (1, 3, 4), (2, 1, 4), (2, 2, 4), (2, 3, 4))((0, 2, 5), (0, 3, 5), (0, 4, 3), (0, 4, 4), (0, 4, 5))((1, 4, 3), (2, 4, 3), (3, 2, 3), (3, 3, 3), (3, 4, 3))((1, 4, 4), (2, 4, 4), (3, 2, 4), (3, 3, 4), (3, 4, 4))((4, 2, 8), (4, 3, 8), (4, 4, 6), (4, 4, 7), (4, 4, 8))((2, 3, 7), (3, 3, 7), (4, 1, 7), (4, 2, 7), (4, 3, 7))((2, 1, 8), (2, 2, 8), (2, 3, 8), (3, 1, 8), (4, 1, 8))((3, 2, 8), (3, 3, 8), (3, 4, 6), (3, 4, 7), (3, 4, 8))((1, 3, 6), (1, 3, 7), (1, 3, 8), (2, 3, 6), (3, 3, 6))((4, 0, 6), (4, 0, 7), (4, 0, 8), (4, 1, 6), (4, 2, 6))((2, 2, 5), (2, 2, 6), (2, 2, 7), (2, 3, 5), (2, 4, 5))((3, 2, 5), (3, 2, 6), (3, 2, 7), (3, 3, 5), (3, 4, 5))((1, 1, 7), (2, 1, 7), (3, 1, 5), (3, 1, 6), (3, 1, 7))((1, 0, 7), (2, 0, 7), (3, 0, 5), (3, 0, 6), (3, 0, 7))((1, 0, 8), (1, 1, 8), (1, 2, 8), (2, 0, 8), (3, 0, 8))((1, 2, 5), (1, 2, 6), (1, 2, 7), (1, 3, 5), (1, 4, 5))((0, 2, 7), (0, 3, 7), (0, 4, 7), (1, 4, 7), (2, 4, 7))((0, 2, 8), (0, 3, 8), (0, 4, 8), (1, 4, 8), (2, 4, 8))((0, 2, 6), (0, 3, 6), (0, 4, 6), (1, 4, 6), (2, 4, 6))((0, 1, 6), (0, 1, 7), (0, 1, 8), (1, 1, 6), (2, 1, 6))((0, 0, 6), (0, 0, 7), (0, 0, 8), (1, 0, 6), (2, 0, 6))
125
((0, 0, 0), (0, 0, 1), (0, 0, 2), (1, 0, 2), (2, 0, 2))((1, 0, 1), (2, 0, 1), (3, 0, 1), (3, 0, 2), (3, 0, 3))((1, 0, 0), (2, 0, 0), (3, 0, 0), (3, 1, 0), (3, 2, 0))((4, 0, 0), (4, 0, 1), (4, 0, 2), (4, 1, 0), (4, 2, 0))((4, 2, 2), (4, 3, 2), (4, 4, 0), (4, 4, 1), (4, 4, 2))((2, 1, 0), (2, 2, 0), (2, 3, 0), (3, 3, 0), (4, 3, 0))((1, 1, 0), (1, 2, 0), (1, 3, 0), (1, 3, 1), (1, 3, 2))((1, 4, 2), (2, 4, 2), (3, 4, 0), (3, 4, 1), (3, 4, 2))((0, 2, 0), (0, 3, 0), (0, 4, 0), (1, 4, 0), (2, 4, 0))((0, 1, 0), (0, 1, 1), (0, 1, 2), (1, 1, 2), (2, 1, 2))((1, 1, 1), (2, 1, 1), (3, 1, 1), (3, 2, 1), (3, 3, 1))((4, 1, 1), (4, 1, 2), (4, 1, 3), (4, 2, 1), (4, 3, 1))((4, 0, 3), (4, 0, 4), (4, 0, 5), (4, 1, 5), (4, 2, 5))((0, 2, 1), (0, 3, 1), (0, 4, 1), (1, 4, 1), (2, 4, 1))((1, 0, 3), (1, 1, 3), (1, 2, 1), (1, 2, 2), (1, 2, 3))((0, 3, 3), (1, 3, 3), (2, 3, 1), (2, 3, 2), (2, 3, 3))((2, 0, 3), (2, 1, 3), (2, 2, 1), (2, 2, 2), (2, 2, 3))((4, 2, 3), (4, 3, 3), (4, 4, 3), (4, 4, 4), (4, 4, 5))((0, 2, 2), (0, 2, 3), (0, 2, 4), (0, 3, 2), (0, 4, 2))((0, 1, 3), (0, 1, 4), (0, 1, 5), (1, 1, 5), (2, 1, 5))((0, 0, 3), (0, 0, 4), (0, 0, 5), (1, 0, 5), (2, 0, 5))((3, 1, 2), (3, 1, 3), (3, 1, 4), (3, 2, 2), (3, 3, 2))((4, 1, 4), (4, 2, 4), (4, 3, 4), (4, 3, 5), (4, 3, 6))((1, 0, 4), (1, 1, 4), (1, 2, 4), (2, 0, 4), (3, 0, 4))((0, 3, 4), (1, 3, 4), (2, 1, 4), (2, 2, 4), (2, 3, 4))((0, 2, 5), (0, 3, 5), (0, 4, 3), (0, 4, 4), (0, 4, 5))((1, 4, 3), (2, 4, 3), (3, 2, 3), (3, 3, 3), (3, 4, 3))((1, 4, 4), (2, 4, 4), (3, 2, 4), (3, 3, 4), (3, 4, 4))((4, 2, 8), (4, 3, 8), (4, 4, 6), (4, 4, 7), (4, 4, 8))((2, 3, 7), (3, 3, 7), (4, 1, 7), (4, 2, 7), (4, 3, 7))((2, 1, 8), (2, 2, 8), (2, 3, 8), (3, 1, 8), (4, 1, 8))((3, 2, 8), (3, 3, 8), (3, 4, 6), (3, 4, 7), (3, 4, 8))((1, 3, 6), (1, 3, 7), (1, 3, 8), (2, 3, 6), (3, 3, 6))((4, 0, 6), (4, 0, 7), (4, 0, 8), (4, 1, 6), (4, 2, 6))((2, 2, 5), (2, 3, 5), (2, 4, 5), (2, 4, 6), (2, 4, 7))((3, 2, 5), (3, 2, 6), (3, 2, 7), (3, 3, 5), (3, 4, 5))((1, 1, 7), (2, 1, 7), (3, 1, 5), (3, 1, 6), (3, 1, 7))((1, 2, 5), (1, 3, 5), (1, 4, 5), (1, 4, 6), (1, 4, 7))((1, 0, 7), (2, 0, 7), (3, 0, 5), (3, 0, 6), (3, 0, 7))((1, 0, 8), (1, 1, 8), (1, 2, 8), (2, 0, 8), (3, 0, 8))((0, 1, 6), (0, 1, 7), (0, 1, 8), (1, 1, 6), (2, 1, 6))((0, 2, 7), (0, 3, 7), (0, 4, 7), (1, 2, 7), (2, 2, 7))((0, 2, 6), (0, 3, 6), (0, 4, 6), (1, 2, 6), (2, 2, 6))((0, 2, 8), (0, 3, 8), (0, 4, 8), (1, 4, 8), (2, 4, 8))((0, 0, 6), (0, 0, 7), (0, 0, 8), (1, 0, 6), (2, 0, 6))
126
((0, 0, 0), (0, 0, 1), (0, 0, 2), (1, 0, 2), (2, 0, 2))((1, 0, 1), (2, 0, 1), (3, 0, 1), (3, 0, 2), (3, 0, 3))((1, 0, 0), (2, 0, 0), (3, 0, 0), (3, 1, 0), (3, 2, 0))((4, 0, 0), (4, 0, 1), (4, 0, 2), (4, 1, 0), (4, 2, 0))((4, 2, 2), (4, 3, 2), (4, 4, 0), (4, 4, 1), (4, 4, 2))((2, 1, 0), (2, 2, 0), (2, 3, 0), (3, 3, 0), (4, 3, 0))((1, 1, 0), (1, 2, 0), (1, 3, 0), (1, 3, 1), (1, 3, 2))((1, 4, 2), (2, 4, 2), (3, 4, 0), (3, 4, 1), (3, 4, 2))((0, 2, 0), (0, 3, 0), (0, 4, 0), (1, 4, 0), (2, 4, 0))((0, 1, 0), (0, 1, 1), (0, 1, 2), (1, 1, 2), (2, 1, 2))((1, 1, 1), (2, 1, 1), (3, 1, 1), (3, 2, 1), (3, 3, 1))((4, 1, 1), (4, 1, 2), (4, 1, 3), (4, 2, 1), (4, 3, 1))((4, 0, 3), (4, 0, 4), (4, 0, 5), (4, 1, 5), (4, 2, 5))((0, 2, 1), (0, 3, 1), (0, 4, 1), (1, 4, 1), (2, 4, 1))((1, 0, 3), (1, 1, 3), (1, 2, 1), (1, 2, 2), (1, 2, 3))((0, 3, 3), (1, 3, 3), (2, 3, 1), (2, 3, 2), (2, 3, 3))((2, 0, 3), (2, 1, 3), (2, 2, 1), (2, 2, 2), (2, 2, 3))((4, 2, 3), (4, 3, 3), (4, 4, 3), (4, 4, 4), (4, 4, 5))((0, 2, 2), (0, 3, 2), (0, 4, 2), (0, 4, 3), (0, 4, 4))((3, 1, 2), (3, 1, 3), (3, 1, 4), (3, 2, 2), (3, 3, 2))((4, 1, 4), (4, 2, 4), (4, 3, 4), (4, 3, 5), (4, 3, 6))((0, 1, 3), (0, 1, 4), (0, 1, 5), (1, 1, 5), (2, 1, 5))((0, 0, 3), (0, 0, 4), (0, 0, 5), (1, 0, 5), (2, 0, 5))((0, 2, 3), (0, 2, 4), (0, 2, 5), (0, 3, 5), (0, 4, 5))((0, 3, 4), (1, 3, 4), (2, 1, 4), (2, 2, 4), (2, 3, 4))((1, 0, 4), (1, 1, 4), (1, 2, 4), (2, 0, 4), (3, 0, 4))((1, 4, 3), (2, 4, 3), (3, 2, 3), (3, 3, 3), (3, 4, 3))((1, 4, 4), (2, 4, 4), (3, 2, 4), (3, 3, 4), (3, 4, 4))((4, 2, 8), (4, 3, 8), (4, 4, 6), (4, 4, 7), (4, 4, 8))((2, 3, 7), (3, 3, 7), (4, 1, 7), (4, 2, 7), (4, 3, 7))((2, 1, 8), (2, 2, 8), (2, 3, 8), (3, 1, 8), (4, 1, 8))((3, 2, 6), (3, 2, 7), (3, 2, 8), (3, 3, 8), (3, 4, 8))((1, 3, 6), (1, 3, 7), (1, 3, 8), (2, 3, 6), (3, 3, 6))((4, 0, 6), (4, 0, 7), (4, 0, 8), (4, 1, 6), (4, 2, 6))((1, 1, 7), (2, 1, 7), (3, 1, 5), (3, 1, 6), (3, 1, 7))((1, 0, 7), (2, 0, 7), (3, 0, 5), (3, 0, 6), (3, 0, 7))((1, 0, 8), (1, 1, 8), (1, 2, 8), (2, 0, 8), (3, 0, 8))((0, 1, 6), (0, 1, 7), (0, 1, 8), (1, 1, 6), (2, 1, 6))((0, 0, 6), (0, 0, 7), (0, 0, 8), (1, 0, 6), (2, 0, 6))((0, 2, 7), (0, 3, 7), (0, 4, 7), (1, 4, 7), (2, 4, 7))((0, 2, 8), (0, 3, 8), (0, 4, 8), (1, 4, 8), (2, 4, 8))((2, 2, 5), (2, 2, 6), (2, 2, 7), (2, 3, 5), (2, 4, 5))((0, 2, 6), (0, 3, 6), (0, 4, 6), (1, 4, 6), (2, 4, 6))((3, 2, 5), (3, 3, 5), (3, 4, 5), (3, 4, 6), (3, 4, 7))((1, 2, 5), (1, 2, 6), (1, 2, 7), (1, 3, 5), (1, 4, 5))
127
((0, 0, 0), (0, 0, 1), (0, 0, 2), (1, 0, 2), (2, 0, 2))((1, 0, 1), (2, 0, 1), (3, 0, 1), (3, 0, 2), (3, 0, 3))((1, 0, 0), (2, 0, 0), (3, 0, 0), (3, 1, 0), (3, 2, 0))((4, 0, 0), (4, 0, 1), (4, 0, 2), (4, 1, 0), (4, 2, 0))((4, 2, 2), (4, 3, 2), (4, 4, 0), (4, 4, 1), (4, 4, 2))((2, 1, 0), (2, 2, 0), (2, 3, 0), (3, 3, 0), (4, 3, 0))((1, 1, 0), (1, 2, 0), (1, 3, 0), (1, 3, 1), (1, 3, 2))((1, 4, 2), (2, 4, 2), (3, 4, 0), (3, 4, 1), (3, 4, 2))((0, 2, 0), (0, 3, 0), (0, 4, 0), (1, 4, 0), (2, 4, 0))((0, 1, 0), (0, 1, 1), (0, 1, 2), (1, 1, 2), (2, 1, 2))((1, 1, 1), (2, 1, 1), (3, 1, 1), (3, 2, 1), (3, 3, 1))((4, 1, 1), (4, 1, 2), (4, 1, 3), (4, 2, 1), (4, 3, 1))((4, 0, 3), (4, 0, 4), (4, 0, 5), (4, 1, 5), (4, 2, 5))((0, 2, 1), (0, 3, 1), (0, 4, 1), (1, 4, 1), (2, 4, 1))((1, 0, 3), (1, 1, 3), (1, 2, 1), (1, 2, 2), (1, 2, 3))((0, 3, 3), (1, 3, 3), (2, 3, 1), (2, 3, 2), (2, 3, 3))((2, 0, 3), (2, 1, 3), (2, 2, 1), (2, 2, 2), (2, 2, 3))((4, 2, 3), (4, 3, 3), (4, 4, 3), (4, 4, 4), (4, 4, 5))((0, 2, 2), (0, 3, 2), (0, 4, 2), (0, 4, 3), (0, 4, 4))((3, 1, 2), (3, 1, 3), (3, 1, 4), (3, 2, 2), (3, 3, 2))((4, 1, 4), (4, 2, 4), (4, 3, 4), (4, 3, 5), (4, 3, 6))((0, 1, 3), (0, 1, 4), (0, 1, 5), (1, 1, 5), (2, 1, 5))((0, 0, 3), (0, 0, 4), (0, 0, 5), (1, 0, 5), (2, 0, 5))((0, 2, 3), (0, 2, 4), (0, 2, 5), (0, 3, 5), (0, 4, 5))((0, 3, 4), (1, 3, 4), (2, 1, 4), (2, 2, 4), (2, 3, 4))((1, 0, 4), (1, 1, 4), (1, 2, 4), (2, 0, 4), (3, 0, 4))((1, 4, 3), (2, 4, 3), (3, 2, 3), (3, 3, 3), (3, 4, 3))((1, 4, 4), (2, 4, 4), (3, 2, 4), (3, 3, 4), (3, 4, 4))((4, 2, 8), (4, 3, 8), (4, 4, 6), (4, 4, 7), (4, 4, 8))((2, 3, 7), (3, 3, 7), (4, 1, 7), (4, 2, 7), (4, 3, 7))((2, 1, 8), (2, 2, 8), (2, 3, 8), (3, 1, 8), (4, 1, 8))((3, 2, 6), (3, 2, 7), (3, 2, 8), (3, 3, 8), (3, 4, 8))((1, 3, 6), (1, 3, 7), (1, 3, 8), (2, 3, 6), (3, 3, 6))((4, 0, 6), (4, 0, 7), (4, 0, 8), (4, 1, 6), (4, 2, 6))((1, 1, 7), (2, 1, 7), (3, 1, 5), (3, 1, 6), (3, 1, 7))((1, 0, 7), (2, 0, 7), (3, 0, 5), (3, 0, 6), (3, 0, 7))((1, 0, 8), (1, 1, 8), (1, 2, 8), (2, 0, 8), (3, 0, 8))((0, 1, 6), (0, 1, 7), (0, 1, 8), (1, 1, 6), (2, 1, 6))((0, 0, 6), (0, 0, 7), (0, 0, 8), (1, 0, 6), (2, 0, 6))((0, 2, 7), (0, 3, 7), (0, 4, 7), (1, 2, 7), (2, 2, 7))((0, 2, 8), (0, 3, 8), (0, 4, 8), (1, 4, 8), (2, 4, 8))((2, 2, 5), (2, 3, 5), (2, 4, 5), (2, 4, 6), (2, 4, 7))((0, 2, 6), (0, 3, 6), (0, 4, 6), (1, 2, 6), (2, 2, 6))((3, 2, 5), (3, 3, 5), (3, 4, 5), (3, 4, 6), (3, 4, 7))((1, 2, 5), (1, 3, 5), (1, 4, 5), (1, 4, 6), (1, 4, 7))
128
((0, 0, 0), (0, 0, 1), (0, 0, 2), (1, 0, 2), (2, 0, 2))((1, 0, 1), (2, 0, 1), (3, 0, 1), (3, 0, 2), (3, 0, 3))((1, 0, 0), (2, 0, 0), (3, 0, 0), (3, 1, 0), (3, 2, 0))((4, 0, 0), (4, 0, 1), (4, 0, 2), (4, 1, 0), (4, 2, 0))((4, 2, 2), (4, 3, 2), (4, 4, 0), (4, 4, 1), (4, 4, 2))((2, 1, 0), (2, 2, 0), (2, 3, 0), (3, 3, 0), (4, 3, 0))((1, 1, 0), (1, 2, 0), (1, 3, 0), (1, 3, 1), (1, 3, 2))((1, 4, 2), (2, 4, 2), (3, 4, 0), (3, 4, 1), (3, 4, 2))((0, 2, 0), (0, 3, 0), (0, 4, 0), (1, 4, 0), (2, 4, 0))((0, 1, 0), (0, 1, 1), (0, 1, 2), (1, 1, 2), (2, 1, 2))((1, 1, 1), (2, 1, 1), (3, 1, 1), (3, 2, 1), (3, 3, 1))((4, 1, 1), (4, 1, 2), (4, 1, 3), (4, 2, 1), (4, 3, 1))((4, 0, 3), (4, 0, 4), (4, 0, 5), (4, 1, 5), (4, 2, 5))((0, 2, 1), (0, 3, 1), (0, 4, 1), (1, 4, 1), (2, 4, 1))((1, 0, 3), (1, 1, 3), (1, 2, 1), (1, 2, 2), (1, 2, 3))((0, 3, 3), (1, 3, 3), (2, 3, 1), (2, 3, 2), (2, 3, 3))((2, 0, 3), (2, 1, 3), (2, 2, 1), (2, 2, 2), (2, 2, 3))((4, 2, 3), (4, 3, 3), (4, 4, 3), (4, 4, 4), (4, 4, 5))((0, 2, 2), (0, 3, 2), (0, 4, 2), (0, 4, 3), (0, 4, 4))((3, 1, 2), (3, 1, 3), (3, 1, 4), (3, 2, 2), (3, 3, 2))((4, 1, 4), (4, 2, 4), (4, 3, 4), (4, 3, 5), (4, 3, 6))((0, 1, 3), (0, 1, 4), (0, 1, 5), (1, 1, 5), (2, 1, 5))((0, 0, 3), (0, 0, 4), (0, 0, 5), (1, 0, 5), (2, 0, 5))((0, 2, 3), (0, 2, 4), (0, 2, 5), (0, 3, 5), (0, 4, 5))((0, 3, 4), (1, 3, 4), (2, 1, 4), (2, 2, 4), (2, 3, 4))((1, 0, 4), (1, 1, 4), (1, 2, 4), (2, 0, 4), (3, 0, 4))((1, 4, 3), (2, 4, 3), (3, 2, 3), (3, 3, 3), (3, 4, 3))((1, 4, 4), (2, 4, 4), (3, 2, 4), (3, 3, 4), (3, 4, 4))((4, 2, 8), (4, 3, 8), (4, 4, 6), (4, 4, 7), (4, 4, 8))((2, 3, 7), (3, 3, 7), (4, 1, 7), (4, 2, 7), (4, 3, 7))((2, 1, 8), (2, 2, 8), (2, 3, 8), (3, 1, 8), (4, 1, 8))((3, 2, 8), (3, 3, 8), (3, 4, 6), (3, 4, 7), (3, 4, 8))((1, 3, 6), (1, 3, 7), (1, 3, 8), (2, 3, 6), (3, 3, 6))((4, 0, 6), (4, 0, 7), (4, 0, 8), (4, 1, 6), (4, 2, 6))((2, 2, 5), (2, 2, 6), (2, 2, 7), (2, 3, 5), (2, 4, 5))((3, 2, 5), (3, 2, 6), (3, 2, 7), (3, 3, 5), (3, 4, 5))((1, 1, 7), (2, 1, 7), (3, 1, 5), (3, 1, 6), (3, 1, 7))((1, 0, 7), (2, 0, 7), (3, 0, 5), (3, 0, 6), (3, 0, 7))((1, 0, 8), (1, 1, 8), (1, 2, 8), (2, 0, 8), (3, 0, 8))((1, 2, 5), (1, 2, 6), (1, 2, 7), (1, 3, 5), (1, 4, 5))((0, 2, 7), (0, 3, 7), (0, 4, 7), (1, 4, 7), (2, 4, 7))((0, 2, 8), (0, 3, 8), (0, 4, 8), (1, 4, 8), (2, 4, 8))((0, 2, 6), (0, 3, 6), (0, 4, 6), (1, 4, 6), (2, 4, 6))((0, 1, 6), (0, 1, 7), (0, 1, 8), (1, 1, 6), (2, 1, 6))((0, 0, 6), (0, 0, 7), (0, 0, 8), (1, 0, 6), (2, 0, 6))
129
((0, 0, 0), (0, 0, 1), (0, 0, 2), (1, 0, 2), (2, 0, 2))((1, 0, 1), (2, 0, 1), (3, 0, 1), (3, 0, 2), (3, 0, 3))((1, 0, 0), (2, 0, 0), (3, 0, 0), (3, 1, 0), (3, 2, 0))((4, 0, 0), (4, 0, 1), (4, 0, 2), (4, 1, 0), (4, 2, 0))((4, 2, 2), (4, 3, 2), (4, 4, 0), (4, 4, 1), (4, 4, 2))((2, 1, 0), (2, 2, 0), (2, 3, 0), (3, 3, 0), (4, 3, 0))((1, 1, 0), (1, 2, 0), (1, 3, 0), (1, 3, 1), (1, 3, 2))((1, 4, 2), (2, 4, 2), (3, 4, 0), (3, 4, 1), (3, 4, 2))((0, 2, 0), (0, 3, 0), (0, 4, 0), (1, 4, 0), (2, 4, 0))((0, 1, 0), (0, 1, 1), (0, 1, 2), (1, 1, 2), (2, 1, 2))((1, 1, 1), (2, 1, 1), (3, 1, 1), (3, 2, 1), (3, 3, 1))((4, 1, 1), (4, 1, 2), (4, 1, 3), (4, 2, 1), (4, 3, 1))((4, 0, 3), (4, 0, 4), (4, 0, 5), (4, 1, 5), (4, 2, 5))((0, 2, 1), (0, 3, 1), (0, 4, 1), (1, 4, 1), (2, 4, 1))((1, 0, 3), (1, 1, 3), (1, 2, 1), (1, 2, 2), (1, 2, 3))((0, 3, 3), (1, 3, 3), (2, 3, 1), (2, 3, 2), (2, 3, 3))((2, 0, 3), (2, 1, 3), (2, 2, 1), (2, 2, 2), (2, 2, 3))((4, 2, 3), (4, 3, 3), (4, 4, 3), (4, 4, 4), (4, 4, 5))((0, 2, 2), (0, 3, 2), (0, 4, 2), (0, 4, 3), (0, 4, 4))((3, 1, 2), (3, 1, 3), (3, 1, 4), (3, 2, 2), (3, 3, 2))((4, 1, 4), (4, 2, 4), (4, 3, 4), (4, 3, 5), (4, 3, 6))((0, 1, 3), (0, 1, 4), (0, 1, 5), (1, 1, 5), (2, 1, 5))((0, 0, 3), (0, 0, 4), (0, 0, 5), (1, 0, 5), (2, 0, 5))((0, 2, 3), (0, 2, 4), (0, 2, 5), (0, 3, 5), (0, 4, 5))((0, 3, 4), (1, 3, 4), (2, 1, 4), (2, 2, 4), (2, 3, 4))((1, 0, 4), (1, 1, 4), (1, 2, 4), (2, 0, 4), (3, 0, 4))((1, 4, 3), (2, 4, 3), (3, 2, 3), (3, 3, 3), (3, 4, 3))((1, 4, 4), (2, 4, 4), (3, 2, 4), (3, 3, 4), (3, 4, 4))((4, 2, 8), (4, 3, 8), (4, 4, 6), (4, 4, 7), (4, 4, 8))((2, 3, 7), (3, 3, 7), (4, 1, 7), (4, 2, 7), (4, 3, 7))((2, 1, 8), (2, 2, 8), (2, 3, 8), (3, 1, 8), (4, 1, 8))((3, 2, 8), (3, 3, 8), (3, 4, 6), (3, 4, 7), (3, 4, 8))((1, 3, 6), (1, 3, 7), (1, 3, 8), (2, 3, 6), (3, 3, 6))((4, 0, 6), (4, 0, 7), (4, 0, 8), (4, 1, 6), (4, 2, 6))((2, 2, 5), (2, 3, 5), (2, 4, 5), (2, 4, 6), (2, 4, 7))((3, 2, 5), (3, 2, 6), (3, 2, 7), (3, 3, 5), (3, 4, 5))((1, 1, 7), (2, 1, 7), (3, 1, 5), (3, 1, 6), (3, 1, 7))((1, 2, 5), (1, 3, 5), (1, 4, 5), (1, 4, 6), (1, 4, 7))((1, 0, 7), (2, 0, 7), (3, 0, 5), (3, 0, 6), (3, 0, 7))((1, 0, 8), (1, 1, 8), (1, 2, 8), (2, 0, 8), (3, 0, 8))((0, 1, 6), (0, 1, 7), (0, 1, 8), (1, 1, 6), (2, 1, 6))((0, 2, 7), (0, 3, 7), (0, 4, 7), (1, 2, 7), (2, 2, 7))((0, 2, 6), (0, 3, 6), (0, 4, 6), (1, 2, 6), (2, 2, 6))((0, 2, 8), (0, 3, 8), (0, 4, 8), (1, 4, 8), (2, 4, 8))((0, 0, 6), (0, 0, 7), (0, 0, 8), (1, 0, 6), (2, 0, 6))
130
((0, 0, 0), (0, 0, 1), (0, 0, 2), (1, 0, 2), (2, 0, 2))((1, 0, 1), (2, 0, 1), (3, 0, 1), (3, 0, 2), (3, 0, 3))((1, 0, 0), (2, 0, 0), (3, 0, 0), (3, 1, 0), (3, 2, 0))((4, 0, 0), (4, 0, 1), (4, 0, 2), (4, 1, 0), (4, 2, 0))((4, 2, 2), (4, 3, 2), (4, 4, 0), (4, 4, 1), (4, 4, 2))((2, 1, 0), (2, 2, 0), (2, 3, 0), (3, 3, 0), (4, 3, 0))((1, 1, 0), (1, 2, 0), (1, 3, 0), (1, 3, 1), (1, 3, 2))((1, 4, 2), (2, 4, 2), (3, 4, 0), (3, 4, 1), (3, 4, 2))((0, 2, 0), (0, 3, 0), (0, 4, 0), (1, 4, 0), (2, 4, 0))((0, 1, 0), (0, 1, 1), (0, 1, 2), (1, 1, 2), (2, 1, 2))((1, 1, 1), (2, 1, 1), (3, 1, 1), (3, 2, 1), (3, 3, 1))((4, 1, 1), (4, 1, 2), (4, 1, 3), (4, 2, 1), (4, 3, 1))((2, 0, 5), (3, 0, 5), (4, 0, 3), (4, 0, 4), (4, 0, 5))((0, 2, 1), (0, 3, 1), (0, 4, 1), (1, 4, 1), (2, 4, 1))((1, 2, 1), (1, 2, 2), (1, 2, 3), (1, 3, 3), (1, 4, 3))((2, 3, 1), (2, 3, 2), (2, 3, 3), (3, 3, 3), (4, 3, 3))((3, 1, 2), (3, 1, 3), (3, 1, 4), (3, 2, 2), (3, 3, 2))((2, 2, 1), (2, 2, 2), (2, 2, 3), (3, 2, 3), (4, 2, 3))((0, 0, 3), (0, 0, 4), (0, 0, 5), (1, 0, 3), (2, 0, 3))((1, 0, 4), (1, 0, 5), (1, 0, 6), (2, 0, 4), (3, 0, 4))((4, 2, 5), (4, 3, 5), (4, 4, 3), (4, 4, 4), (4, 4, 5))((0, 4, 5), (1, 4, 5), (2, 4, 3), (2, 4, 4), (2, 4, 5))((3, 2, 5), (3, 3, 5), (3, 4, 3), (3, 4, 4), (3, 4, 5))((1, 2, 4), (1, 3, 4), (1, 4, 4), (2, 2, 4), (3, 2, 4))((2, 3, 4), (3, 3, 4), (4, 1, 4), (4, 2, 4), (4, 3, 4))((0, 2, 2), (0, 3, 2), (0, 4, 2), (0, 4, 3), (0, 4, 4))((0, 1, 3), (0, 2, 3), (0, 3, 3), (1, 1, 3), (2, 1, 3))((0, 1, 4), (0, 2, 4), (0, 3, 4), (1, 1, 4), (2, 1, 4))((0, 0, 6), (0, 0, 7), (0, 0, 8), (1, 0, 8), (2, 0, 8))((1, 0, 7), (1, 1, 7), (1, 2, 7), (2, 0, 7), (3, 0, 7))((1, 2, 8), (2, 2, 8), (3, 0, 8), (3, 1, 8), (3, 2, 8))((0, 1, 8), (1, 1, 8), (2, 1, 6), (2, 1, 7), (2, 1, 8))((1, 1, 6), (1, 2, 6), (1, 3, 6), (1, 3, 7), (1, 3, 8))((3, 1, 5), (3, 1, 6), (3, 1, 7), (3, 2, 7), (3, 3, 7))((4, 1, 5), (4, 1, 6), (4, 1, 7), (4, 2, 7), (4, 3, 7))((2, 0, 6), (3, 0, 6), (4, 0, 6), (4, 0, 7), (4, 0, 8))((2, 3, 8), (3, 3, 8), (4, 1, 8), (4, 2, 8), (4, 3, 8))((3, 2, 6), (3, 3, 6), (3, 4, 6), (3, 4, 7), (3, 4, 8))((4, 2, 6), (4, 3, 6), (4, 4, 6), (4, 4, 7), (4, 4, 8))((0, 2, 5), (0, 2, 6), (0, 2, 7), (1, 2, 5), (2, 2, 5))((0, 3, 5), (0, 3, 6), (0, 3, 7), (1, 3, 5), (2, 3, 5))((0, 1, 5), (0, 1, 6), (0, 1, 7), (1, 1, 5), (2, 1, 5))((0, 4, 7), (1, 4, 7), (2, 2, 7), (2, 3, 7), (2, 4, 7))((0, 2, 8), (0, 3, 8), (0, 4, 8), (1, 4, 8), (2, 4, 8))((0, 4, 6), (1, 4, 6), (2, 2, 6), (2, 3, 6), (2, 4, 6))
131
((0, 0, 0), (0, 0, 1), (0, 0, 2), (1, 0, 2), (2, 0, 2))((1, 0, 1), (2, 0, 1), (3, 0, 1), (3, 0, 2), (3, 0, 3))((1, 0, 0), (2, 0, 0), (3, 0, 0), (3, 1, 0), (3, 2, 0))((4, 0, 0), (4, 0, 1), (4, 0, 2), (4, 1, 0), (4, 2, 0))((4, 2, 2), (4, 3, 2), (4, 4, 0), (4, 4, 1), (4, 4, 2))((2, 1, 0), (2, 2, 0), (2, 3, 0), (3, 3, 0), (4, 3, 0))((1, 1, 0), (1, 2, 0), (1, 3, 0), (1, 3, 1), (1, 3, 2))((1, 4, 2), (2, 4, 2), (3, 4, 0), (3, 4, 1), (3, 4, 2))((0, 2, 0), (0, 3, 0), (0, 4, 0), (1, 4, 0), (2, 4, 0))((0, 1, 0), (0, 1, 1), (0, 1, 2), (1, 1, 2), (2, 1, 2))((1, 1, 1), (2, 1, 1), (3, 1, 1), (3, 2, 1), (3, 3, 1))((4, 1, 1), (4, 1, 2), (4, 1, 3), (4, 2, 1), (4, 3, 1))((2, 0, 5), (3, 0, 5), (4, 0, 3), (4, 0, 4), (4, 0, 5))((0, 2, 1), (0, 3, 1), (0, 4, 1), (1, 4, 1), (2, 4, 1))((1, 2, 1), (1, 2, 2), (1, 2, 3), (1, 3, 3), (1, 4, 3))((2, 3, 1), (2, 3, 2), (2, 3, 3), (3, 3, 3), (4, 3, 3))((3, 1, 2), (3, 1, 3), (3, 1, 4), (3, 2, 2), (3, 3, 2))((2, 2, 1), (2, 2, 2), (2, 2, 3), (3, 2, 3), (4, 2, 3))((0, 0, 3), (0, 0, 4), (0, 0, 5), (1, 0, 3), (2, 0, 3))((1, 0, 4), (1, 0, 5), (1, 0, 6), (2, 0, 4), (3, 0, 4))((4, 2, 5), (4, 3, 5), (4, 4, 3), (4, 4, 4), (4, 4, 5))((0, 4, 5), (1, 4, 5), (2, 4, 3), (2, 4, 4), (2, 4, 5))((3, 2, 5), (3, 3, 5), (3, 4, 3), (3, 4, 4), (3, 4, 5))((1, 2, 4), (1, 3, 4), (1, 4, 4), (2, 2, 4), (3, 2, 4))((2, 3, 4), (3, 3, 4), (4, 1, 4), (4, 2, 4), (4, 3, 4))((0, 2, 2), (0, 3, 2), (0, 4, 2), (0, 4, 3), (0, 4, 4))((0, 1, 3), (0, 2, 3), (0, 3, 3), (1, 1, 3), (2, 1, 3))((0, 1, 4), (0, 2, 4), (0, 3, 4), (1, 1, 4), (2, 1, 4))((0, 0, 6), (0, 0, 7), (0, 0, 8), (1, 0, 8), (2, 0, 8))((1, 0, 7), (1, 1, 7), (1, 2, 7), (2, 0, 7), (3, 0, 7))((1, 2, 8), (2, 2, 8), (3, 0, 8), (3, 1, 8), (3, 2, 8))((0, 1, 8), (1, 1, 8), (2, 1, 6), (2, 1, 7), (2, 1, 8))((1, 1, 6), (1, 2, 6), (1, 3, 6), (1, 3, 7), (1, 3, 8))((3, 1, 5), (3, 1, 6), (3, 1, 7), (3, 2, 7), (3, 3, 7))((4, 1, 5), (4, 1, 6), (4, 1, 7), (4, 2, 7), (4, 3, 7))((2, 0, 6), (3, 0, 6), (4, 0, 6), (4, 0, 7), (4, 0, 8))((2, 3, 8), (3, 3, 8), (4, 1, 8), (4, 2, 8), (4, 3, 8))((3, 2, 6), (3, 3, 6), (3, 4, 6), (3, 4, 7), (3, 4, 8))((4, 2, 6), (4, 3, 6), (4, 4, 6), (4, 4, 7), (4, 4, 8))((0, 2, 5), (1, 2, 5), (2, 2, 5), (2, 2, 6), (2, 2, 7))((0, 3, 5), (1, 3, 5), (2, 3, 5), (2, 3, 6), (2, 3, 7))((0, 1, 5), (0, 1, 6), (0, 1, 7), (1, 1, 5), (2, 1, 5))((0, 2, 7), (0, 3, 7), (0, 4, 7), (1, 4, 7), (2, 4, 7))((0, 2, 6), (0, 3, 6), (0, 4, 6), (1, 4, 6), (2, 4, 6))((0, 2, 8), (0, 3, 8), (0, 4, 8), (1, 4, 8), (2, 4, 8))
132
((0, 0, 0), (0, 0, 1), (0, 0, 2), (1, 0, 2), (2, 0, 2))((1, 0, 1), (2, 0, 1), (3, 0, 1), (3, 0, 2), (3, 0, 3))((1, 0, 0), (2, 0, 0), (3, 0, 0), (3, 1, 0), (3, 2, 0))((4, 0, 0), (4, 0, 1), (4, 0, 2), (4, 1, 0), (4, 2, 0))((4, 2, 2), (4, 3, 2), (4, 4, 0), (4, 4, 1), (4, 4, 2))((2, 1, 0), (2, 2, 0), (2, 3, 0), (3, 3, 0), (4, 3, 0))((1, 1, 0), (1, 2, 0), (1, 3, 0), (1, 3, 1), (1, 3, 2))((1, 4, 2), (2, 4, 2), (3, 4, 0), (3, 4, 1), (3, 4, 2))((0, 2, 0), (0, 3, 0), (0, 4, 0), (1, 4, 0), (2, 4, 0))((0, 1, 0), (0, 1, 1), (0, 1, 2), (1, 1, 2), (2, 1, 2))((1, 1, 1), (2, 1, 1), (3, 1, 1), (3, 2, 1), (3, 3, 1))((4, 1, 1), (4, 1, 2), (4, 1, 3), (4, 2, 1), (4, 3, 1))((2, 0, 5), (3, 0, 5), (4, 0, 3), (4, 0, 4), (4, 0, 5))((0, 2, 1), (0, 3, 1), (0, 4, 1), (1, 4, 1), (2, 4, 1))((1, 2, 1), (1, 2, 2), (1, 2, 3), (1, 3, 3), (1, 4, 3))((2, 3, 1), (2, 3, 2), (2, 3, 3), (3, 3, 3), (4, 3, 3))((3, 1, 2), (3, 1, 3), (3, 1, 4), (3, 2, 2), (3, 3, 2))((2, 2, 1), (2, 2, 2), (2, 2, 3), (3, 2, 3), (4, 2, 3))((0, 0, 3), (0, 0, 4), (0, 0, 5), (1, 0, 3), (2, 0, 3))((1, 0, 4), (1, 0, 5), (1, 0, 6), (2, 0, 4), (3, 0, 4))((4, 2, 5), (4, 3, 5), (4, 4, 3), (4, 4, 4), (4, 4, 5))((0, 4, 5), (1, 4, 5), (2, 4, 3), (2, 4, 4), (2, 4, 5))((3, 2, 5), (3, 3, 5), (3, 4, 3), (3, 4, 4), (3, 4, 5))((1, 2, 4), (1, 3, 4), (1, 4, 4), (2, 2, 4), (3, 2, 4))((2, 3, 4), (3, 3, 4), (4, 1, 4), (4, 2, 4), (4, 3, 4))((0, 2, 2), (0, 3, 2), (0, 4, 2), (0, 4, 3), (0, 4, 4))((0, 1, 3), (0, 2, 3), (0, 3, 3), (1, 1, 3), (2, 1, 3))((0, 1, 4), (0, 2, 4), (0, 3, 4), (1, 1, 4), (2, 1, 4))((0, 0, 6), (0, 0, 7), (0, 0, 8), (1, 0, 8), (2, 0, 8))((1, 0, 7), (1, 1, 7), (1, 2, 7), (2, 0, 7), (3, 0, 7))((1, 2, 8), (2, 2, 8), (3, 0, 8), (3, 1, 8), (3, 2, 8))((0, 1, 6), (0, 1, 7), (0, 1, 8), (1, 1, 8), (2, 1, 8))((2, 0, 6), (3, 0, 6), (4, 0, 6), (4, 0, 7), (4, 0, 8))((0, 2, 5), (0, 2, 6), (0, 2, 7), (1, 2, 5), (2, 2, 5))((0, 1, 5), (1, 1, 5), (2, 1, 5), (2, 1, 6), (2, 1, 7))((3, 1, 5), (3, 1, 6), (3, 1, 7), (3, 2, 7), (3, 3, 7))((4, 1, 5), (4, 1, 6), (4, 1, 7), (4, 2, 7), (4, 3, 7))((2, 3, 8), (3, 3, 8), (4, 1, 8), (4, 2, 8), (4, 3, 8))((0, 2, 8), (0, 3, 8), (0, 4, 8), (1, 4, 8), (2, 4, 8))((0, 4, 7), (1, 4, 7), (2, 2, 7), (2, 3, 7), (2, 4, 7))((0, 3, 5), (0, 3, 6), (0, 3, 7), (1, 3, 5), (2, 3, 5))((0, 4, 6), (1, 4, 6), (2, 2, 6), (2, 3, 6), (2, 4, 6))((3, 2, 6), (3, 3, 6), (3, 4, 6), (3, 4, 7), (3, 4, 8))((4, 2, 6), (4, 3, 6), (4, 4, 6), (4, 4, 7), (4, 4, 8))((1, 1, 6), (1, 2, 6), (1, 3, 6), (1, 3, 7), (1, 3, 8))
133
((0, 0, 0), (0, 0, 1), (0, 0, 2), (1, 0, 2), (2, 0, 2))((1, 0, 1), (2, 0, 1), (3, 0, 1), (3, 0, 2), (3, 0, 3))((1, 0, 0), (2, 0, 0), (3, 0, 0), (3, 1, 0), (3, 2, 0))((4, 0, 0), (4, 0, 1), (4, 0, 2), (4, 1, 0), (4, 2, 0))((4, 2, 2), (4, 3, 2), (4, 4, 0), (4, 4, 1), (4, 4, 2))((2, 1, 0), (2, 2, 0), (2, 3, 0), (3, 3, 0), (4, 3, 0))((1, 1, 0), (1, 2, 0), (1, 3, 0), (1, 3, 1), (1, 3, 2))((1, 4, 2), (2, 4, 2), (3, 4, 0), (3, 4, 1), (3, 4, 2))((0, 2, 0), (0, 3, 0), (0, 4, 0), (1, 4, 0), (2, 4, 0))((0, 1, 0), (0, 1, 1), (0, 1, 2), (1, 1, 2), (2, 1, 2))((1, 1, 1), (2, 1, 1), (3, 1, 1), (3, 2, 1), (3, 3, 1))((4, 1, 1), (4, 1, 2), (4, 1, 3), (4, 2, 1), (4, 3, 1))((2, 0, 5), (3, 0, 5), (4, 0, 3), (4, 0, 4), (4, 0, 5))((0, 2, 1), (0, 3, 1), (0, 4, 1), (1, 4, 1), (2, 4, 1))((1, 2, 1), (1, 2, 2), (1, 2, 3), (1, 3, 3), (1, 4, 3))((2, 3, 1), (2, 3, 2), (2, 3, 3), (3, 3, 3), (4, 3, 3))((3, 1, 2), (3, 1, 3), (3, 1, 4), (3, 2, 2), (3, 3, 2))((2, 2, 1), (2, 2, 2), (2, 2, 3), (3, 2, 3), (4, 2, 3))((0, 0, 3), (0, 0, 4), (0, 0, 5), (1, 0, 3), (2, 0, 3))((1, 0, 4), (1, 0, 5), (1, 0, 6), (2, 0, 4), (3, 0, 4))((4, 2, 5), (4, 3, 5), (4, 4, 3), (4, 4, 4), (4, 4, 5))((0, 4, 5), (1, 4, 5), (2, 4, 3), (2, 4, 4), (2, 4, 5))((3, 2, 5), (3, 3, 5), (3, 4, 3), (3, 4, 4), (3, 4, 5))((1, 2, 4), (1, 3, 4), (1, 4, 4), (2, 2, 4), (3, 2, 4))((2, 3, 4), (3, 3, 4), (4, 1, 4), (4, 2, 4), (4, 3, 4))((0, 2, 2), (0, 3, 2), (0, 4, 2), (0, 4, 3), (0, 4, 4))((0, 1, 3), (0, 2, 3), (0, 3, 3), (1, 1, 3), (2, 1, 3))((0, 1, 4), (0, 2, 4), (0, 3, 4), (1, 1, 4), (2, 1, 4))((0, 0, 6), (0, 0, 7), (0, 0, 8), (1, 0, 8), (2, 0, 8))((1, 0, 7), (1, 1, 7), (1, 2, 7), (2, 0, 7), (3, 0, 7))((1, 2, 8), (2, 2, 8), (3, 0, 8), (3, 1, 8), (3, 2, 8))((0, 1, 6), (0, 1, 7), (0, 1, 8), (1, 1, 8), (2, 1, 8))((2, 0, 6), (3, 0, 6), (4, 0, 6), (4, 0, 7), (4, 0, 8))((0, 2, 5), (1, 2, 5), (2, 2, 5), (2, 2, 6), (2, 2, 7))((0, 1, 5), (1, 1, 5), (2, 1, 5), (2, 1, 6), (2, 1, 7))((3, 1, 5), (3, 1, 6), (3, 1, 7), (3, 2, 7), (3, 3, 7))((4, 1, 5), (4, 1, 6), (4, 1, 7), (4, 2, 7), (4, 3, 7))((2, 3, 8), (3, 3, 8), (4, 1, 8), (4, 2, 8), (4, 3, 8))((1, 1, 6), (1, 2, 6), (1, 3, 6), (1, 3, 7), (1, 3, 8))((0, 3, 5), (1, 3, 5), (2, 3, 5), (2, 3, 6), (2, 3, 7))((0, 2, 7), (0, 3, 7), (0, 4, 7), (1, 4, 7), (2, 4, 7))((0, 2, 6), (0, 3, 6), (0, 4, 6), (1, 4, 6), (2, 4, 6))((3, 2, 6), (3, 3, 6), (3, 4, 6), (3, 4, 7), (3, 4, 8))((0, 2, 8), (0, 3, 8), (0, 4, 8), (1, 4, 8), (2, 4, 8))((4, 2, 6), (4, 3, 6), (4, 4, 6), (4, 4, 7), (4, 4, 8))
134
((0, 0, 0), (0, 0, 1), (0, 0, 2), (1, 0, 2), (2, 0, 2))((1, 0, 1), (2, 0, 1), (3, 0, 1), (3, 0, 2), (3, 0, 3))((1, 0, 0), (2, 0, 0), (3, 0, 0), (3, 1, 0), (3, 2, 0))((4, 0, 0), (4, 0, 1), (4, 0, 2), (4, 1, 0), (4, 2, 0))((4, 2, 2), (4, 3, 2), (4, 4, 0), (4, 4, 1), (4, 4, 2))((2, 1, 0), (2, 2, 0), (2, 3, 0), (3, 3, 0), (4, 3, 0))((1, 1, 0), (1, 2, 0), (1, 3, 0), (1, 3, 1), (1, 3, 2))((1, 4, 2), (2, 4, 2), (3, 4, 0), (3, 4, 1), (3, 4, 2))((0, 2, 0), (0, 3, 0), (0, 4, 0), (1, 4, 0), (2, 4, 0))((0, 1, 0), (0, 1, 1), (0, 1, 2), (0, 2, 2), (0, 3, 2))((0, 2, 1), (0, 3, 1), (0, 4, 1), (1, 4, 1), (2, 4, 1))((0, 2, 4), (0, 3, 4), (0, 4, 2), (0, 4, 3), (0, 4, 4))((2, 3, 1), (3, 3, 1), (4, 1, 1), (4, 2, 1), (4, 3, 1))((1, 1, 1), (1, 1, 2), (1, 1, 3), (2, 1, 1), (3, 1, 1))((0, 1, 3), (0, 1, 4), (0, 1, 5), (0, 2, 3), (0, 3, 3))((3, 1, 2), (3, 1, 3), (3, 1, 4), (3, 2, 2), (3, 3, 2))((4, 1, 2), (4, 1, 3), (4, 1, 4), (4, 2, 4), (4, 3, 4))((1, 2, 1), (1, 2, 2), (1, 2, 3), (2, 2, 1), (3, 2, 1))((2, 0, 5), (3, 0, 5), (4, 0, 3), (4, 0, 4), (4, 0, 5))((0, 0, 3), (0, 0, 4), (0, 0, 5), (1, 0, 3), (2, 0, 3))((1, 0, 4), (1, 0, 5), (1, 0, 6), (2, 0, 4), (3, 0, 4))((2, 1, 2), (2, 1, 3), (2, 1, 4), (2, 2, 2), (2, 3, 2))((2, 2, 3), (3, 2, 3), (4, 2, 3), (4, 3, 3), (4, 4, 3))((1, 3, 3), (2, 3, 3), (3, 3, 3), (3, 3, 4), (3, 3, 5))((1, 4, 3), (1, 4, 4), (1, 4, 5), (2, 4, 3), (3, 4, 3))((1, 1, 4), (1, 1, 5), (1, 1, 6), (1, 2, 4), (1, 3, 4))((1, 2, 6), (2, 2, 6), (3, 2, 4), (3, 2, 5), (3, 2, 6))((2, 2, 4), (2, 3, 4), (2, 4, 4), (3, 4, 4), (4, 4, 4))((0, 2, 5), (0, 2, 6), (0, 2, 7), (1, 2, 5), (2, 2, 5))((0, 4, 5), (0, 4, 6), (0, 4, 7), (1, 4, 7), (2, 4, 7))((1, 4, 6), (2, 4, 6), (3, 4, 6), (3, 4, 7), (3, 4, 8))((2, 4, 5), (3, 4, 5), (4, 2, 5), (4, 3, 5), (4, 4, 5))((0, 1, 6), (0, 1, 7), (0, 1, 8), (1, 1, 8), (2, 1, 8))((0, 0, 6), (0, 0, 7), (0, 0, 8), (1, 0, 8), (2, 0, 8))((1, 2, 8), (2, 2, 8), (3, 0, 8), (3, 1, 8), (3, 2, 8))((0, 2, 8), (0, 3, 8), (0, 4, 8), (1, 4, 8), (2, 4, 8))((2, 0, 6), (3, 0, 6), (4, 0, 6), (4, 0, 7), (4, 0, 8))((0, 3, 5), (0, 3, 6), (0, 3, 7), (1, 3, 5), (2, 3, 5))((4, 2, 6), (4, 3, 6), (4, 4, 6), (4, 4, 7), (4, 4, 8))((2, 3, 8), (3, 3, 8), (4, 1, 8), (4, 2, 8), (4, 3, 8))((1, 3, 6), (1, 3, 7), (1, 3, 8), (2, 3, 6), (3, 3, 6))((3, 1, 5), (3, 1, 6), (3, 1, 7), (3, 2, 7), (3, 3, 7))((2, 1, 5), (2, 1, 6), (2, 1, 7), (2, 2, 7), (2, 3, 7))((4, 1, 5), (4, 1, 6), (4, 1, 7), (4, 2, 7), (4, 3, 7))((1, 0, 7), (1, 1, 7), (1, 2, 7), (2, 0, 7), (3, 0, 7))
135
((0, 0, 0), (0, 0, 1), (0, 0, 2), (1, 0, 2), (2, 0, 2))((1, 0, 1), (2, 0, 1), (3, 0, 1), (3, 0, 2), (3, 0, 3))((1, 0, 0), (2, 0, 0), (3, 0, 0), (3, 1, 0), (3, 2, 0))((4, 0, 0), (4, 0, 1), (4, 0, 2), (4, 1, 0), (4, 2, 0))((4, 2, 2), (4, 3, 2), (4, 4, 0), (4, 4, 1), (4, 4, 2))((2, 1, 0), (2, 2, 0), (2, 3, 0), (3, 3, 0), (4, 3, 0))((1, 1, 0), (1, 2, 0), (1, 3, 0), (1, 3, 1), (1, 3, 2))((3, 2, 2), (3, 3, 2), (3, 4, 0), (3, 4, 1), (3, 4, 2))((0, 4, 0), (0, 4, 1), (0, 4, 2), (1, 4, 0), (2, 4, 0))((1, 2, 3), (1, 3, 3), (1, 4, 1), (1, 4, 2), (1, 4, 3))((0, 1, 0), (0, 2, 0), (0, 3, 0), (0, 3, 1), (0, 3, 2))((0, 2, 1), (1, 2, 1), (2, 2, 1), (2, 3, 1), (2, 4, 1))((3, 1, 1), (3, 1, 2), (3, 1, 3), (3, 2, 1), (3, 3, 1))((4, 1, 1), (4, 1, 2), (4, 1, 3), (4, 2, 1), (4, 3, 1))((2, 0, 5), (3, 0, 5), (4, 0, 3), (4, 0, 4), (4, 0, 5))((0, 1, 1), (1, 1, 1), (2, 1, 1), (2, 1, 2), (2, 1, 3))((0, 0, 3), (0, 0, 4), (0, 0, 5), (1, 0, 3), (2, 0, 3))((0, 1, 2), (0, 1, 3), (0, 1, 4), (0, 2, 4), (0, 3, 4))((0, 2, 3), (0, 3, 3), (0, 4, 3), (0, 4, 4), (0, 4, 5))((0, 2, 2), (1, 2, 2), (2, 2, 2), (2, 3, 2), (2, 4, 2))((1, 1, 2), (1, 1, 3), (1, 1, 4), (1, 2, 4), (1, 3, 4))((1, 0, 4), (1, 0, 5), (1, 0, 6), (2, 0, 4), (3, 0, 4))((0, 0, 6), (0, 0, 7), (0, 0, 8), (1, 0, 8), (2, 0, 8))((1, 0, 7), (1, 1, 7), (1, 2, 7), (2, 0, 7), (3, 0, 7))((1, 2, 8), (2, 2, 8), (3, 0, 8), (3, 1, 8), (3, 2, 8))((0, 1, 8), (1, 1, 8), (2, 1, 6), (2, 1, 7), (2, 1, 8))((1, 1, 6), (1, 2, 6), (1, 3, 6), (1, 3, 7), (1, 3, 8))((2, 0, 6), (3, 0, 6), (4, 0, 6), (4, 0, 7), (4, 0, 8))((0, 2, 8), (0, 3, 8), (0, 4, 8), (1, 4, 8), (2, 4, 8))((3, 2, 6), (3, 3, 6), (3, 4, 6), (3, 4, 7), (3, 4, 8))((1, 4, 4), (2, 4, 4), (3, 2, 4), (3, 3, 4), (3, 4, 4))((2, 3, 3), (3, 3, 3), (4, 3, 3), (4, 3, 4), (4, 3, 5))((2, 4, 3), (3, 4, 3), (4, 4, 3), (4, 4, 4), (4, 4, 5))((2, 2, 3), (3, 2, 3), (4, 2, 3), (4, 2, 4), (4, 2, 5))((2, 1, 4), (2, 2, 4), (2, 3, 4), (3, 1, 4), (4, 1, 4))((0, 4, 6), (1, 4, 6), (2, 2, 6), (2, 3, 6), (2, 4, 6))((0, 2, 5), (0, 2, 6), (0, 2, 7), (1, 2, 5), (2, 2, 5))((1, 4, 5), (2, 4, 5), (3, 2, 5), (3, 3, 5), (3, 4, 5))((0, 3, 5), (0, 3, 6), (0, 3, 7), (1, 3, 5), (2, 3, 5))((0, 1, 5), (0, 1, 6), (0, 1, 7), (1, 1, 5), (2, 1, 5))((3, 1, 5), (3, 1, 6), (3, 1, 7), (3, 2, 7), (3, 3, 7))((0, 4, 7), (1, 4, 7), (2, 2, 7), (2, 3, 7), (2, 4, 7))((4, 1, 5), (4, 1, 6), (4, 1, 7), (4, 2, 7), (4, 3, 7))((2, 3, 8), (3, 3, 8), (4, 1, 8), (4, 2, 8), (4, 3, 8))((4, 2, 6), (4, 3, 6), (4, 4, 6), (4, 4, 7), (4, 4, 8))
136
((0, 0, 0), (0, 0, 1), (0, 0, 2), (1, 0, 2), (2, 0, 2))((1, 0, 1), (2, 0, 1), (3, 0, 1), (3, 0, 2), (3, 0, 3))((1, 0, 0), (2, 0, 0), (3, 0, 0), (3, 1, 0), (3, 2, 0))((4, 0, 0), (4, 0, 1), (4, 0, 2), (4, 1, 0), (4, 2, 0))((4, 2, 2), (4, 3, 2), (4, 4, 0), (4, 4, 1), (4, 4, 2))((2, 1, 0), (2, 2, 0), (2, 3, 0), (3, 3, 0), (4, 3, 0))((1, 1, 0), (1, 2, 0), (1, 3, 0), (1, 3, 1), (1, 3, 2))((3, 2, 2), (3, 3, 2), (3, 4, 0), (3, 4, 1), (3, 4, 2))((0, 4, 0), (0, 4, 1), (0, 4, 2), (1, 4, 0), (2, 4, 0))((1, 2, 3), (1, 3, 3), (1, 4, 1), (1, 4, 2), (1, 4, 3))((0, 1, 0), (0, 2, 0), (0, 3, 0), (0, 3, 1), (0, 3, 2))((0, 2, 1), (1, 2, 1), (2, 2, 1), (2, 3, 1), (2, 4, 1))((3, 1, 1), (3, 1, 2), (3, 1, 3), (3, 2, 1), (3, 3, 1))((4, 1, 1), (4, 1, 2), (4, 1, 3), (4, 2, 1), (4, 3, 1))((2, 0, 5), (3, 0, 5), (4, 0, 3), (4, 0, 4), (4, 0, 5))((0, 1, 1), (1, 1, 1), (2, 1, 1), (2, 1, 2), (2, 1, 3))((0, 0, 3), (0, 0, 4), (0, 0, 5), (1, 0, 3), (2, 0, 3))((0, 1, 2), (0, 1, 3), (0, 1, 4), (0, 2, 4), (0, 3, 4))((0, 2, 3), (0, 3, 3), (0, 4, 3), (0, 4, 4), (0, 4, 5))((0, 2, 2), (1, 2, 2), (2, 2, 2), (2, 3, 2), (2, 4, 2))((1, 1, 2), (1, 1, 3), (1, 1, 4), (1, 2, 4), (1, 3, 4))((1, 0, 4), (1, 0, 5), (1, 0, 6), (2, 0, 4), (3, 0, 4))((0, 0, 6), (0, 0, 7), (0, 0, 8), (1, 0, 8), (2, 0, 8))((1, 0, 7), (1, 1, 7), (1, 2, 7), (2, 0, 7), (3, 0, 7))((1, 2, 8), (2, 2, 8), (3, 0, 8), (3, 1, 8), (3, 2, 8))((0, 1, 8), (1, 1, 8), (2, 1, 6), (2, 1, 7), (2, 1, 8))((1, 1, 6), (1, 2, 6), (1, 3, 6), (1, 3, 7), (1, 3, 8))((2, 0, 6), (3, 0, 6), (4, 0, 6), (4, 0, 7), (4, 0, 8))((0, 2, 8), (0, 3, 8), (0, 4, 8), (1, 4, 8), (2, 4, 8))((3, 2, 6), (3, 3, 6), (3, 4, 6), (3, 4, 7), (3, 4, 8))((1, 4, 4), (2, 4, 4), (3, 2, 4), (3, 3, 4), (3, 4, 4))((2, 3, 3), (3, 3, 3), (4, 3, 3), (4, 3, 4), (4, 3, 5))((2, 4, 3), (3, 4, 3), (4, 4, 3), (4, 4, 4), (4, 4, 5))((2, 2, 3), (3, 2, 3), (4, 2, 3), (4, 2, 4), (4, 2, 5))((2, 1, 4), (2, 2, 4), (2, 3, 4), (3, 1, 4), (4, 1, 4))((0, 2, 6), (0, 3, 6), (0, 4, 6), (1, 4, 6), (2, 4, 6))((0, 2, 7), (0, 3, 7), (0, 4, 7), (1, 4, 7), (2, 4, 7))((0, 1, 5), (0, 1, 6), (0, 1, 7), (1, 1, 5), (2, 1, 5))((0, 3, 5), (1, 3, 5), (2, 3, 5), (2, 3, 6), (2, 3, 7))((1, 4, 5), (2, 4, 5), (3, 2, 5), (3, 3, 5), (3, 4, 5))((0, 2, 5), (1, 2, 5), (2, 2, 5), (2, 2, 6), (2, 2, 7))((3, 1, 5), (3, 1, 6), (3, 1, 7), (3, 2, 7), (3, 3, 7))((4, 1, 5), (4, 1, 6), (4, 1, 7), (4, 2, 7), (4, 3, 7))((2, 3, 8), (3, 3, 8), (4, 1, 8), (4, 2, 8), (4, 3, 8))((4, 2, 6), (4, 3, 6), (4, 4, 6), (4, 4, 7), (4, 4, 8))
137
((0, 0, 0), (0, 0, 1), (0, 0, 2), (1, 0, 2), (2, 0, 2))((1, 0, 1), (2, 0, 1), (3, 0, 1), (3, 0, 2), (3, 0, 3))((1, 0, 0), (2, 0, 0), (3, 0, 0), (3, 1, 0), (3, 2, 0))((4, 0, 0), (4, 0, 1), (4, 0, 2), (4, 1, 0), (4, 2, 0))((4, 2, 2), (4, 3, 2), (4, 4, 0), (4, 4, 1), (4, 4, 2))((2, 1, 0), (2, 2, 0), (2, 3, 0), (3, 3, 0), (4, 3, 0))((1, 1, 0), (1, 2, 0), (1, 3, 0), (1, 3, 1), (1, 3, 2))((3, 2, 2), (3, 3, 2), (3, 4, 0), (3, 4, 1), (3, 4, 2))((0, 4, 0), (0, 4, 1), (0, 4, 2), (1, 4, 0), (2, 4, 0))((1, 2, 3), (1, 3, 3), (1, 4, 1), (1, 4, 2), (1, 4, 3))((0, 1, 0), (0, 2, 0), (0, 3, 0), (0, 3, 1), (0, 3, 2))((0, 2, 1), (1, 2, 1), (2, 2, 1), (2, 3, 1), (2, 4, 1))((3, 1, 1), (3, 1, 2), (3, 1, 3), (3, 2, 1), (3, 3, 1))((4, 1, 1), (4, 1, 2), (4, 1, 3), (4, 2, 1), (4, 3, 1))((2, 0, 5), (3, 0, 5), (4, 0, 3), (4, 0, 4), (4, 0, 5))((0, 1, 1), (1, 1, 1), (2, 1, 1), (2, 1, 2), (2, 1, 3))((0, 0, 3), (0, 0, 4), (0, 0, 5), (1, 0, 3), (2, 0, 3))((0, 1, 2), (0, 1, 3), (0, 1, 4), (0, 2, 4), (0, 3, 4))((0, 2, 3), (0, 3, 3), (0, 4, 3), (0, 4, 4), (0, 4, 5))((0, 2, 2), (1, 2, 2), (2, 2, 2), (2, 3, 2), (2, 4, 2))((1, 1, 2), (1, 1, 3), (1, 1, 4), (1, 2, 4), (1, 3, 4))((1, 0, 4), (1, 0, 5), (1, 0, 6), (2, 0, 4), (3, 0, 4))((0, 0, 6), (0, 0, 7), (0, 0, 8), (1, 0, 8), (2, 0, 8))((1, 0, 7), (1, 1, 7), (1, 2, 7), (2, 0, 7), (3, 0, 7))((1, 2, 8), (2, 2, 8), (3, 0, 8), (3, 1, 8), (3, 2, 8))((0, 1, 6), (0, 1, 7), (0, 1, 8), (1, 1, 8), (2, 1, 8))((2, 0, 6), (3, 0, 6), (4, 0, 6), (4, 0, 7), (4, 0, 8))((0, 2, 8), (0, 3, 8), (0, 4, 8), (1, 4, 8), (2, 4, 8))((3, 2, 6), (3, 3, 6), (3, 4, 6), (3, 4, 7), (3, 4, 8))((1, 1, 6), (1, 2, 6), (1, 3, 6), (1, 3, 7), (1, 3, 8))((1, 4, 4), (2, 4, 4), (3, 2, 4), (3, 3, 4), (3, 4, 4))((2, 3, 3), (3, 3, 3), (4, 3, 3), (4, 3, 4), (4, 3, 5))((2, 4, 3), (3, 4, 3), (4, 4, 3), (4, 4, 4), (4, 4, 5))((2, 2, 3), (3, 2, 3), (4, 2, 3), (4, 2, 4), (4, 2, 5))((0, 4, 6), (1, 4, 6), (2, 2, 6), (2, 3, 6), (2, 4, 6))((0, 2, 5), (0, 2, 6), (0, 2, 7), (1, 2, 5), (2, 2, 5))((1, 4, 5), (2, 4, 5), (3, 2, 5), (3, 3, 5), (3, 4, 5))((0, 3, 5), (0, 3, 6), (0, 3, 7), (1, 3, 5), (2, 3, 5))((0, 1, 5), (1, 1, 5), (2, 1, 5), (2, 1, 6), (2, 1, 7))((2, 1, 4), (2, 2, 4), (2, 3, 4), (3, 1, 4), (4, 1, 4))((3, 1, 5), (3, 1, 6), (3, 1, 7), (3, 2, 7), (3, 3, 7))((0, 4, 7), (1, 4, 7), (2, 2, 7), (2, 3, 7), (2, 4, 7))((4, 1, 5), (4, 1, 6), (4, 1, 7), (4, 2, 7), (4, 3, 7))((2, 3, 8), (3, 3, 8), (4, 1, 8), (4, 2, 8), (4, 3, 8))((4, 2, 6), (4, 3, 6), (4, 4, 6), (4, 4, 7), (4, 4, 8))
138
((0, 0, 0), (0, 0, 1), (0, 0, 2), (1, 0, 2), (2, 0, 2))((1, 0, 1), (2, 0, 1), (3, 0, 1), (3, 0, 2), (3, 0, 3))((1, 0, 0), (2, 0, 0), (3, 0, 0), (3, 1, 0), (3, 2, 0))((4, 0, 0), (4, 0, 1), (4, 0, 2), (4, 1, 0), (4, 2, 0))((4, 2, 2), (4, 3, 2), (4, 4, 0), (4, 4, 1), (4, 4, 2))((2, 1, 0), (2, 2, 0), (2, 3, 0), (3, 3, 0), (4, 3, 0))((1, 1, 0), (1, 2, 0), (1, 3, 0), (1, 3, 1), (1, 3, 2))((3, 2, 2), (3, 3, 2), (3, 4, 0), (3, 4, 1), (3, 4, 2))((0, 4, 0), (0, 4, 1), (0, 4, 2), (1, 4, 0), (2, 4, 0))((1, 2, 3), (1, 3, 3), (1, 4, 1), (1, 4, 2), (1, 4, 3))((0, 1, 0), (0, 2, 0), (0, 3, 0), (0, 3, 1), (0, 3, 2))((0, 2, 1), (1, 2, 1), (2, 2, 1), (2, 3, 1), (2, 4, 1))((3, 1, 1), (3, 1, 2), (3, 1, 3), (3, 2, 1), (3, 3, 1))((4, 1, 1), (4, 1, 2), (4, 1, 3), (4, 2, 1), (4, 3, 1))((2, 0, 5), (3, 0, 5), (4, 0, 3), (4, 0, 4), (4, 0, 5))((0, 1, 1), (1, 1, 1), (2, 1, 1), (2, 1, 2), (2, 1, 3))((0, 0, 3), (0, 0, 4), (0, 0, 5), (1, 0, 3), (2, 0, 3))((0, 1, 2), (0, 1, 3), (0, 1, 4), (0, 2, 4), (0, 3, 4))((0, 2, 3), (0, 3, 3), (0, 4, 3), (0, 4, 4), (0, 4, 5))((0, 2, 2), (1, 2, 2), (2, 2, 2), (2, 3, 2), (2, 4, 2))((1, 1, 2), (1, 1, 3), (1, 1, 4), (1, 2, 4), (1, 3, 4))((1, 0, 4), (1, 0, 5), (1, 0, 6), (2, 0, 4), (3, 0, 4))((0, 0, 6), (0, 0, 7), (0, 0, 8), (1, 0, 8), (2, 0, 8))((1, 0, 7), (1, 1, 7), (1, 2, 7), (2, 0, 7), (3, 0, 7))((1, 2, 8), (2, 2, 8), (3, 0, 8), (3, 1, 8), (3, 2, 8))((0, 1, 6), (0, 1, 7), (0, 1, 8), (1, 1, 8), (2, 1, 8))((2, 0, 6), (3, 0, 6), (4, 0, 6), (4, 0, 7), (4, 0, 8))((0, 2, 8), (0, 3, 8), (0, 4, 8), (1, 4, 8), (2, 4, 8))((3, 2, 6), (3, 3, 6), (3, 4, 6), (3, 4, 7), (3, 4, 8))((1, 1, 6), (1, 2, 6), (1, 3, 6), (1, 3, 7), (1, 3, 8))((1, 4, 4), (2, 4, 4), (3, 2, 4), (3, 3, 4), (3, 4, 4))((2, 3, 3), (3, 3, 3), (4, 3, 3), (4, 3, 4), (4, 3, 5))((2, 4, 3), (3, 4, 3), (4, 4, 3), (4, 4, 4), (4, 4, 5))((2, 2, 3), (3, 2, 3), (4, 2, 3), (4, 2, 4), (4, 2, 5))((0, 2, 6), (0, 3, 6), (0, 4, 6), (1, 4, 6), (2, 4, 6))((0, 2, 7), (0, 3, 7), (0, 4, 7), (1, 4, 7), (2, 4, 7))((4, 2, 6), (4, 3, 6), (4, 4, 6), (4, 4, 7), (4, 4, 8))((2, 3, 8), (3, 3, 8), (4, 1, 8), (4, 2, 8), (4, 3, 8))((3, 1, 5), (3, 1, 6), (3, 1, 7), (3, 2, 7), (3, 3, 7))((4, 1, 5), (4, 1, 6), (4, 1, 7), (4, 2, 7), (4, 3, 7))((2, 1, 4), (2, 2, 4), (2, 3, 4), (3, 1, 4), (4, 1, 4))((0, 2, 5), (1, 2, 5), (2, 2, 5), (2, 2, 6), (2, 2, 7))((0, 1, 5), (1, 1, 5), (2, 1, 5), (2, 1, 6), (2, 1, 7))((1, 4, 5), (2, 4, 5), (3, 2, 5), (3, 3, 5), (3, 4, 5))((0, 3, 5), (1, 3, 5), (2, 3, 5), (2, 3, 6), (2, 3, 7))
139
((0, 0, 0), (0, 0, 1), (0, 0, 2), (1, 0, 2), (2, 0, 2))((1, 0, 1), (2, 0, 1), (3, 0, 1), (3, 0, 2), (3, 0, 3))((1, 0, 0), (2, 0, 0), (3, 0, 0), (3, 1, 0), (3, 2, 0))((4, 0, 0), (4, 0, 1), (4, 0, 2), (4, 1, 0), (4, 2, 0))((4, 2, 2), (4, 3, 2), (4, 4, 0), (4, 4, 1), (4, 4, 2))((2, 1, 0), (2, 2, 0), (2, 3, 0), (3, 3, 0), (4, 3, 0))((1, 1, 0), (1, 2, 0), (1, 3, 0), (1, 3, 1), (1, 3, 2))((3, 2, 2), (3, 3, 2), (3, 4, 0), (3, 4, 1), (3, 4, 2))((0, 2, 0), (0, 3, 0), (0, 4, 0), (1, 4, 0), (2, 4, 0))((0, 1, 0), (0, 1, 1), (0, 1, 2), (0, 2, 2), (0, 3, 2))((0, 2, 1), (0, 3, 1), (0, 4, 1), (1, 4, 1), (2, 4, 1))((1, 2, 1), (1, 2, 2), (1, 2, 3), (1, 3, 3), (1, 4, 3))((1, 1, 1), (2, 1, 1), (3, 1, 1), (3, 2, 1), (3, 3, 1))((4, 1, 1), (4, 1, 2), (4, 1, 3), (4, 2, 1), (4, 3, 1))((2, 0, 5), (3, 0, 5), (4, 0, 3), (4, 0, 4), (4, 0, 5))((2, 3, 1), (2, 3, 2), (2, 3, 3), (3, 3, 3), (4, 3, 3))((2, 2, 1), (2, 2, 2), (2, 2, 3), (3, 2, 3), (4, 2, 3))((0, 0, 3), (0, 0, 4), (0, 0, 5), (1, 0, 3), (2, 0, 3))((0, 4, 2), (0, 4, 3), (0, 4, 4), (1, 4, 2), (2, 4, 2))((4, 2, 5), (4, 3, 5), (4, 4, 3), (4, 4, 4), (4, 4, 5))((0, 4, 5), (1, 4, 5), (2, 4, 3), (2, 4, 4), (2, 4, 5))((3, 2, 5), (3, 3, 5), (3, 4, 3), (3, 4, 4), (3, 4, 5))((1, 2, 4), (1, 3, 4), (1, 4, 4), (2, 2, 4), (3, 2, 4))((1, 0, 4), (1, 0, 5), (1, 0, 6), (2, 0, 4), (3, 0, 4))((2, 3, 4), (3, 3, 4), (4, 1, 4), (4, 2, 4), (4, 3, 4))((1, 1, 2), (2, 1, 2), (3, 1, 2), (3, 1, 3), (3, 1, 4))((0, 1, 3), (0, 2, 3), (0, 3, 3), (1, 1, 3), (2, 1, 3))((0, 1, 4), (0, 2, 4), (0, 3, 4), (1, 1, 4), (2, 1, 4))((0, 0, 6), (0, 0, 7), (0, 0, 8), (1, 0, 8), (2, 0, 8))((1, 0, 7), (1, 1, 7), (1, 2, 7), (2, 0, 7), (3, 0, 7))((1, 2, 8), (2, 2, 8), (3, 0, 8), (3, 1, 8), (3, 2, 8))((0, 1, 8), (1, 1, 8), (2, 1, 6), (2, 1, 7), (2, 1, 8))((1, 1, 6), (1, 2, 6), (1, 3, 6), (1, 3, 7), (1, 3, 8))((3, 1, 5), (3, 1, 6), (3, 1, 7), (3, 2, 7), (3, 3, 7))((4, 1, 5), (4, 1, 6), (4, 1, 7), (4, 2, 7), (4, 3, 7))((2, 0, 6), (3, 0, 6), (4, 0, 6), (4, 0, 7), (4, 0, 8))((2, 3, 8), (3, 3, 8), (4, 1, 8), (4, 2, 8), (4, 3, 8))((3, 2, 6), (3, 3, 6), (3, 4, 6), (3, 4, 7), (3, 4, 8))((4, 2, 6), (4, 3, 6), (4, 4, 6), (4, 4, 7), (4, 4, 8))((0, 2, 5), (0, 2, 6), (0, 2, 7), (1, 2, 5), (2, 2, 5))((0, 3, 5), (0, 3, 6), (0, 3, 7), (1, 3, 5), (2, 3, 5))((0, 1, 5), (0, 1, 6), (0, 1, 7), (1, 1, 5), (2, 1, 5))((0, 4, 7), (1, 4, 7), (2, 2, 7), (2, 3, 7), (2, 4, 7))((0, 2, 8), (0, 3, 8), (0, 4, 8), (1, 4, 8), (2, 4, 8))((0, 4, 6), (1, 4, 6), (2, 2, 6), (2, 3, 6), (2, 4, 6))
140
((0, 0, 0), (0, 0, 1), (0, 0, 2), (1, 0, 2), (2, 0, 2))((1, 0, 1), (2, 0, 1), (3, 0, 1), (3, 0, 2), (3, 0, 3))((1, 0, 0), (2, 0, 0), (3, 0, 0), (3, 1, 0), (3, 2, 0))((4, 0, 0), (4, 0, 1), (4, 0, 2), (4, 1, 0), (4, 2, 0))((4, 2, 2), (4, 3, 2), (4, 4, 0), (4, 4, 1), (4, 4, 2))((2, 1, 0), (2, 2, 0), (2, 3, 0), (3, 3, 0), (4, 3, 0))((1, 1, 0), (1, 2, 0), (1, 3, 0), (1, 3, 1), (1, 3, 2))((3, 2, 2), (3, 3, 2), (3, 4, 0), (3, 4, 1), (3, 4, 2))((0, 2, 0), (0, 3, 0), (0, 4, 0), (1, 4, 0), (2, 4, 0))((0, 1, 0), (0, 1, 1), (0, 1, 2), (0, 2, 2), (0, 3, 2))((0, 2, 1), (0, 3, 1), (0, 4, 1), (1, 4, 1), (2, 4, 1))((1, 2, 1), (1, 2, 2), (1, 2, 3), (1, 3, 3), (1, 4, 3))((1, 1, 1), (2, 1, 1), (3, 1, 1), (3, 2, 1), (3, 3, 1))((4, 1, 1), (4, 1, 2), (4, 1, 3), (4, 2, 1), (4, 3, 1))((2, 0, 5), (3, 0, 5), (4, 0, 3), (4, 0, 4), (4, 0, 5))((2, 3, 1), (2, 3, 2), (2, 3, 3), (3, 3, 3), (4, 3, 3))((2, 2, 1), (2, 2, 2), (2, 2, 3), (3, 2, 3), (4, 2, 3))((0, 0, 3), (0, 0, 4), (0, 0, 5), (1, 0, 3), (2, 0, 3))((0, 4, 2), (0, 4, 3), (0, 4, 4), (1, 4, 2), (2, 4, 2))((4, 2, 5), (4, 3, 5), (4, 4, 3), (4, 4, 4), (4, 4, 5))((0, 4, 5), (1, 4, 5), (2, 4, 3), (2, 4, 4), (2, 4, 5))((3, 2, 5), (3, 3, 5), (3, 4, 3), (3, 4, 4), (3, 4, 5))((1, 2, 4), (1, 3, 4), (1, 4, 4), (2, 2, 4), (3, 2, 4))((1, 0, 4), (1, 0, 5), (1, 0, 6), (2, 0, 4), (3, 0, 4))((2, 3, 4), (3, 3, 4), (4, 1, 4), (4, 2, 4), (4, 3, 4))((1, 1, 2), (2, 1, 2), (3, 1, 2), (3, 1, 3), (3, 1, 4))((0, 1, 3), (0, 2, 3), (0, 3, 3), (1, 1, 3), (2, 1, 3))((0, 1, 4), (0, 2, 4), (0, 3, 4), (1, 1, 4), (2, 1, 4))((0, 0, 6), (0, 0, 7), (0, 0, 8), (1, 0, 8), (2, 0, 8))((1, 0, 7), (1, 1, 7), (1, 2, 7), (2, 0, 7), (3, 0, 7))((1, 2, 8), (2, 2, 8), (3, 0, 8), (3, 1, 8), (3, 2, 8))((0, 1, 8), (1, 1, 8), (2, 1, 6), (2, 1, 7), (2, 1, 8))((1, 1, 6), (1, 2, 6), (1, 3, 6), (1, 3, 7), (1, 3, 8))((3, 1, 5), (3, 1, 6), (3, 1, 7), (3, 2, 7), (3, 3, 7))((4, 1, 5), (4, 1, 6), (4, 1, 7), (4, 2, 7), (4, 3, 7))((2, 0, 6), (3, 0, 6), (4, 0, 6), (4, 0, 7), (4, 0, 8))((2, 3, 8), (3, 3, 8), (4, 1, 8), (4, 2, 8), (4, 3, 8))((3, 2, 6), (3, 3, 6), (3, 4, 6), (3, 4, 7), (3, 4, 8))((4, 2, 6), (4, 3, 6), (4, 4, 6), (4, 4, 7), (4, 4, 8))((0, 2, 5), (1, 2, 5), (2, 2, 5), (2, 2, 6), (2, 2, 7))((0, 3, 5), (1, 3, 5), (2, 3, 5), (2, 3, 6), (2, 3, 7))((0, 1, 5), (0, 1, 6), (0, 1, 7), (1, 1, 5), (2, 1, 5))((0, 2, 7), (0, 3, 7), (0, 4, 7), (1, 4, 7), (2, 4, 7))((0, 2, 6), (0, 3, 6), (0, 4, 6), (1, 4, 6), (2, 4, 6))((0, 2, 8), (0, 3, 8), (0, 4, 8), (1, 4, 8), (2, 4, 8))
141
((0, 0, 0), (0, 0, 1), (0, 0, 2), (1, 0, 2), (2, 0, 2))((1, 0, 1), (2, 0, 1), (3, 0, 1), (3, 0, 2), (3, 0, 3))((1, 0, 0), (2, 0, 0), (3, 0, 0), (3, 1, 0), (3, 2, 0))((4, 0, 0), (4, 0, 1), (4, 0, 2), (4, 1, 0), (4, 2, 0))((4, 2, 2), (4, 3, 2), (4, 4, 0), (4, 4, 1), (4, 4, 2))((2, 1, 0), (2, 2, 0), (2, 3, 0), (3, 3, 0), (4, 3, 0))((1, 1, 0), (1, 2, 0), (1, 3, 0), (1, 3, 1), (1, 3, 2))((3, 2, 2), (3, 3, 2), (3, 4, 0), (3, 4, 1), (3, 4, 2))((0, 2, 0), (0, 3, 0), (0, 4, 0), (1, 4, 0), (2, 4, 0))((0, 1, 0), (0, 1, 1), (0, 1, 2), (0, 2, 2), (0, 3, 2))((0, 2, 1), (0, 3, 1), (0, 4, 1), (1, 4, 1), (2, 4, 1))((1, 2, 1), (1, 2, 2), (1, 2, 3), (1, 3, 3), (1, 4, 3))((1, 1, 1), (2, 1, 1), (3, 1, 1), (3, 2, 1), (3, 3, 1))((4, 1, 1), (4, 1, 2), (4, 1, 3), (4, 2, 1), (4, 3, 1))((2, 0, 5), (3, 0, 5), (4, 0, 3), (4, 0, 4), (4, 0, 5))((2, 3, 1), (2, 3, 2), (2, 3, 3), (3, 3, 3), (4, 3, 3))((2, 2, 1), (2, 2, 2), (2, 2, 3), (3, 2, 3), (4, 2, 3))((0, 0, 3), (0, 0, 4), (0, 0, 5), (1, 0, 3), (2, 0, 3))((0, 4, 2), (0, 4, 3), (0, 4, 4), (1, 4, 2), (2, 4, 2))((4, 2, 5), (4, 3, 5), (4, 4, 3), (4, 4, 4), (4, 4, 5))((0, 4, 5), (1, 4, 5), (2, 4, 3), (2, 4, 4), (2, 4, 5))((3, 2, 5), (3, 3, 5), (3, 4, 3), (3, 4, 4), (3, 4, 5))((1, 2, 4), (1, 3, 4), (1, 4, 4), (2, 2, 4), (3, 2, 4))((1, 0, 4), (1, 0, 5), (1, 0, 6), (2, 0, 4), (3, 0, 4))((2, 3, 4), (3, 3, 4), (4, 1, 4), (4, 2, 4), (4, 3, 4))((1, 1, 2), (2, 1, 2), (3, 1, 2), (3, 1, 3), (3, 1, 4))((0, 1, 3), (0, 2, 3), (0, 3, 3), (1, 1, 3), (2, 1, 3))((0, 1, 4), (0, 2, 4), (0, 3, 4), (1, 1, 4), (2, 1, 4))((0, 0, 6), (0, 0, 7), (0, 0, 8), (1, 0, 8), (2, 0, 8))((1, 0, 7), (1, 1, 7), (1, 2, 7), (2, 0, 7), (3, 0, 7))((1, 2, 8), (2, 2, 8), (3, 0, 8), (3, 1, 8), (3, 2, 8))((0, 1, 6), (0, 1, 7), (0, 1, 8), (1, 1, 8), (2, 1, 8))((2, 0, 6), (3, 0, 6), (4, 0, 6), (4, 0, 7), (4, 0, 8))((0, 2, 5), (0, 2, 6), (0, 2, 7), (1, 2, 5), (2, 2, 5))((0, 1, 5), (1, 1, 5), (2, 1, 5), (2, 1, 6), (2, 1, 7))((3, 1, 5), (3, 1, 6), (3, 1, 7), (3, 2, 7), (3, 3, 7))((4, 1, 5), (4, 1, 6), (4, 1, 7), (4, 2, 7), (4, 3, 7))((2, 3, 8), (3, 3, 8), (4, 1, 8), (4, 2, 8), (4, 3, 8))((0, 2, 8), (0, 3, 8), (0, 4, 8), (1, 4, 8), (2, 4, 8))((0, 4, 7), (1, 4, 7), (2, 2, 7), (2, 3, 7), (2, 4, 7))((0, 3, 5), (0, 3, 6), (0, 3, 7), (1, 3, 5), (2, 3, 5))((0, 4, 6), (1, 4, 6), (2, 2, 6), (2, 3, 6), (2, 4, 6))((3, 2, 6), (3, 3, 6), (3, 4, 6), (3, 4, 7), (3, 4, 8))((4, 2, 6), (4, 3, 6), (4, 4, 6), (4, 4, 7), (4, 4, 8))((1, 1, 6), (1, 2, 6), (1, 3, 6), (1, 3, 7), (1, 3, 8))
142
((0, 0, 0), (0, 0, 1), (0, 0, 2), (1, 0, 2), (2, 0, 2))((1, 0, 1), (2, 0, 1), (3, 0, 1), (3, 0, 2), (3, 0, 3))((1, 0, 0), (2, 0, 0), (3, 0, 0), (3, 1, 0), (3, 2, 0))((4, 0, 0), (4, 0, 1), (4, 0, 2), (4, 1, 0), (4, 2, 0))((4, 2, 2), (4, 3, 2), (4, 4, 0), (4, 4, 1), (4, 4, 2))((2, 1, 0), (2, 2, 0), (2, 3, 0), (3, 3, 0), (4, 3, 0))((1, 1, 0), (1, 2, 0), (1, 3, 0), (1, 3, 1), (1, 3, 2))((3, 2, 2), (3, 3, 2), (3, 4, 0), (3, 4, 1), (3, 4, 2))((0, 2, 0), (0, 3, 0), (0, 4, 0), (1, 4, 0), (2, 4, 0))((0, 1, 0), (0, 1, 1), (0, 1, 2), (0, 2, 2), (0, 3, 2))((0, 2, 1), (0, 3, 1), (0, 4, 1), (1, 4, 1), (2, 4, 1))((1, 2, 1), (1, 2, 2), (1, 2, 3), (1, 3, 3), (1, 4, 3))((1, 1, 1), (2, 1, 1), (3, 1, 1), (3, 2, 1), (3, 3, 1))((4, 1, 1), (4, 1, 2), (4, 1, 3), (4, 2, 1), (4, 3, 1))((2, 0, 5), (3, 0, 5), (4, 0, 3), (4, 0, 4), (4, 0, 5))((2, 3, 1), (2, 3, 2), (2, 3, 3), (3, 3, 3), (4, 3, 3))((2, 2, 1), (2, 2, 2), (2, 2, 3), (3, 2, 3), (4, 2, 3))((0, 0, 3), (0, 0, 4), (0, 0, 5), (1, 0, 3), (2, 0, 3))((0, 4, 2), (0, 4, 3), (0, 4, 4), (1, 4, 2), (2, 4, 2))((4, 2, 5), (4, 3, 5), (4, 4, 3), (4, 4, 4), (4, 4, 5))((0, 4, 5), (1, 4, 5), (2, 4, 3), (2, 4, 4), (2, 4, 5))((3, 2, 5), (3, 3, 5), (3, 4, 3), (3, 4, 4), (3, 4, 5))((1, 2, 4), (1, 3, 4), (1, 4, 4), (2, 2, 4), (3, 2, 4))((1, 0, 4), (1, 0, 5), (1, 0, 6), (2, 0, 4), (3, 0, 4))((2, 3, 4), (3, 3, 4), (4, 1, 4), (4, 2, 4), (4, 3, 4))((1, 1, 2), (2, 1, 2), (3, 1, 2), (3, 1, 3), (3, 1, 4))((0, 1, 3), (0, 2, 3), (0, 3, 3), (1, 1, 3), (2, 1, 3))((0, 1, 4), (0, 2, 4), (0, 3, 4), (1, 1, 4), (2, 1, 4))((0, 0, 6), (0, 0, 7), (0, 0, 8), (1, 0, 8), (2, 0, 8))((1, 0, 7), (1, 1, 7), (1, 2, 7), (2, 0, 7), (3, 0, 7))((1, 2, 8), (2, 2, 8), (3, 0, 8), (3, 1, 8), (3, 2, 8))((0, 1, 6), (0, 1, 7), (0, 1, 8), (1, 1, 8), (2, 1, 8))((2, 0, 6), (3, 0, 6), (4, 0, 6), (4, 0, 7), (4, 0, 8))((0, 2, 5), (1, 2, 5), (2, 2, 5), (2, 2, 6), (2, 2, 7))((0, 1, 5), (1, 1, 5), (2, 1, 5), (2, 1, 6), (2, 1, 7))((3, 1, 5), (3, 1, 6), (3, 1, 7), (3, 2, 7), (3, 3, 7))((4, 1, 5), (4, 1, 6), (4, 1, 7), (4, 2, 7), (4, 3, 7))((2, 3, 8), (3, 3, 8), (4, 1, 8), (4, 2, 8), (4, 3, 8))((1, 1, 6), (1, 2, 6), (1, 3, 6), (1, 3, 7), (1, 3, 8))((0, 3, 5), (1, 3, 5), (2, 3, 5), (2, 3, 6), (2, 3, 7))((0, 2, 7), (0, 3, 7), (0, 4, 7), (1, 4, 7), (2, 4, 7))((0, 2, 6), (0, 3, 6), (0, 4, 6), (1, 4, 6), (2, 4, 6))((3, 2, 6), (3, 3, 6), (3, 4, 6), (3, 4, 7), (3, 4, 8))((0, 2, 8), (0, 3, 8), (0, 4, 8), (1, 4, 8), (2, 4, 8))((4, 2, 6), (4, 3, 6), (4, 4, 6), (4, 4, 7), (4, 4, 8))
143
((0, 0, 0), (0, 0, 1), (0, 0, 2), (1, 0, 2), (2, 0, 2))((1, 0, 1), (2, 0, 1), (3, 0, 1), (3, 0, 2), (3, 0, 3))((1, 0, 0), (2, 0, 0), (3, 0, 0), (3, 1, 0), (3, 2, 0))((4, 0, 0), (4, 0, 1), (4, 0, 2), (4, 1, 0), (4, 2, 0))((4, 2, 2), (4, 3, 2), (4, 4, 0), (4, 4, 1), (4, 4, 2))((2, 1, 0), (2, 2, 0), (2, 3, 0), (3, 3, 0), (4, 3, 0))((1, 1, 0), (1, 2, 0), (1, 3, 0), (1, 3, 1), (1, 3, 2))((3, 2, 2), (3, 3, 2), (3, 4, 0), (3, 4, 1), (3, 4, 2))((0, 2, 0), (0, 3, 0), (0, 4, 0), (1, 4, 0), (2, 4, 0))((0, 1, 0), (0, 1, 1), (0, 1, 2), (0, 2, 2), (0, 3, 2))((0, 2, 1), (0, 3, 1), (0, 4, 1), (1, 4, 1), (2, 4, 1))((1, 2, 1), (1, 2, 2), (1, 2, 3), (1, 3, 3), (1, 4, 3))((1, 1, 1), (2, 1, 1), (3, 1, 1), (3, 2, 1), (3, 3, 1))((4, 1, 1), (4, 1, 2), (4, 1, 3), (4, 2, 1), (4, 3, 1))((2, 0, 5), (3, 0, 5), (4, 0, 3), (4, 0, 4), (4, 0, 5))((2, 3, 1), (2, 3, 2), (2, 3, 3), (3, 3, 3), (4, 3, 3))((2, 2, 1), (2, 2, 2), (2, 2, 3), (3, 2, 3), (4, 2, 3))((0, 0, 3), (0, 0, 4), (0, 0, 5), (1, 0, 3), (2, 0, 3))((0, 4, 2), (1, 4, 2), (2, 4, 2), (2, 4, 3), (2, 4, 4))((4, 2, 5), (4, 3, 5), (4, 4, 3), (4, 4, 4), (4, 4, 5))((3, 2, 5), (3, 3, 5), (3, 4, 3), (3, 4, 4), (3, 4, 5))((1, 1, 2), (2, 1, 2), (3, 1, 2), (3, 1, 3), (3, 1, 4))((1, 0, 4), (1, 0, 5), (1, 0, 6), (2, 0, 4), (3, 0, 4))((1, 2, 4), (1, 3, 4), (1, 4, 4), (2, 2, 4), (3, 2, 4))((2, 3, 4), (3, 3, 4), (4, 1, 4), (4, 2, 4), (4, 3, 4))((0, 4, 3), (0, 4, 4), (0, 4, 5), (1, 4, 5), (2, 4, 5))((0, 1, 3), (0, 2, 3), (0, 3, 3), (1, 1, 3), (2, 1, 3))((0, 1, 4), (0, 2, 4), (0, 3, 4), (1, 1, 4), (2, 1, 4))((0, 0, 6), (0, 0, 7), (0, 0, 8), (1, 0, 8), (2, 0, 8))((1, 0, 7), (1, 1, 7), (1, 2, 7), (2, 0, 7), (3, 0, 7))((1, 2, 8), (2, 2, 8), (3, 0, 8), (3, 1, 8), (3, 2, 8))((0, 1, 8), (1, 1, 8), (2, 1, 6), (2, 1, 7), (2, 1, 8))((1, 1, 6), (1, 2, 6), (1, 3, 6), (1, 3, 7), (1, 3, 8))((3, 1, 5), (3, 1, 6), (3, 1, 7), (3, 2, 7), (3, 3, 7))((4, 1, 5), (4, 1, 6), (4, 1, 7), (4, 2, 7), (4, 3, 7))((2, 0, 6), (3, 0, 6), (4, 0, 6), (4, 0, 7), (4, 0, 8))((2, 3, 8), (3, 3, 8), (4, 1, 8), (4, 2, 8), (4, 3, 8))((3, 2, 6), (3, 3, 6), (3, 4, 6), (3, 4, 7), (3, 4, 8))((4, 2, 6), (4, 3, 6), (4, 4, 6), (4, 4, 7), (4, 4, 8))((0, 2, 5), (0, 2, 6), (0, 2, 7), (1, 2, 5), (2, 2, 5))((0, 3, 5), (0, 3, 6), (0, 3, 7), (1, 3, 5), (2, 3, 5))((0, 1, 5), (0, 1, 6), (0, 1, 7), (1, 1, 5), (2, 1, 5))((0, 4, 7), (1, 4, 7), (2, 2, 7), (2, 3, 7), (2, 4, 7))((0, 2, 8), (0, 3, 8), (0, 4, 8), (1, 4, 8), (2, 4, 8))((0, 4, 6), (1, 4, 6), (2, 2, 6), (2, 3, 6), (2, 4, 6))
144
((0, 0, 0), (0, 0, 1), (0, 0, 2), (1, 0, 2), (2, 0, 2))((1, 0, 1), (2, 0, 1), (3, 0, 1), (3, 0, 2), (3, 0, 3))((1, 0, 0), (2, 0, 0), (3, 0, 0), (3, 1, 0), (3, 2, 0))((4, 0, 0), (4, 0, 1), (4, 0, 2), (4, 1, 0), (4, 2, 0))((4, 2, 2), (4, 3, 2), (4, 4, 0), (4, 4, 1), (4, 4, 2))((2, 1, 0), (2, 2, 0), (2, 3, 0), (3, 3, 0), (4, 3, 0))((1, 1, 0), (1, 2, 0), (1, 3, 0), (1, 3, 1), (1, 3, 2))((3, 2, 2), (3, 3, 2), (3, 4, 0), (3, 4, 1), (3, 4, 2))((0, 2, 0), (0, 3, 0), (0, 4, 0), (1, 4, 0), (2, 4, 0))((0, 1, 0), (0, 1, 1), (0, 1, 2), (0, 2, 2), (0, 3, 2))((0, 2, 1), (0, 3, 1), (0, 4, 1), (1, 4, 1), (2, 4, 1))((1, 2, 1), (1, 2, 2), (1, 2, 3), (1, 3, 3), (1, 4, 3))((1, 1, 1), (2, 1, 1), (3, 1, 1), (3, 2, 1), (3, 3, 1))((4, 1, 1), (4, 1, 2), (4, 1, 3), (4, 2, 1), (4, 3, 1))((2, 0, 5), (3, 0, 5), (4, 0, 3), (4, 0, 4), (4, 0, 5))((2, 3, 1), (2, 3, 2), (2, 3, 3), (3, 3, 3), (4, 3, 3))((2, 2, 1), (2, 2, 2), (2, 2, 3), (3, 2, 3), (4, 2, 3))((0, 0, 3), (0, 0, 4), (0, 0, 5), (1, 0, 3), (2, 0, 3))((0, 4, 2), (1, 4, 2), (2, 4, 2), (2, 4, 3), (2, 4, 4))((4, 2, 5), (4, 3, 5), (4, 4, 3), (4, 4, 4), (4, 4, 5))((3, 2, 5), (3, 3, 5), (3, 4, 3), (3, 4, 4), (3, 4, 5))((1, 1, 2), (2, 1, 2), (3, 1, 2), (3, 1, 3), (3, 1, 4))((1, 0, 4), (1, 0, 5), (1, 0, 6), (2, 0, 4), (3, 0, 4))((1, 2, 4), (1, 3, 4), (1, 4, 4), (2, 2, 4), (3, 2, 4))((2, 3, 4), (3, 3, 4), (4, 1, 4), (4, 2, 4), (4, 3, 4))((0, 4, 3), (0, 4, 4), (0, 4, 5), (1, 4, 5), (2, 4, 5))((0, 1, 3), (0, 2, 3), (0, 3, 3), (1, 1, 3), (2, 1, 3))((0, 1, 4), (0, 2, 4), (0, 3, 4), (1, 1, 4), (2, 1, 4))((0, 0, 6), (0, 0, 7), (0, 0, 8), (1, 0, 8), (2, 0, 8))((1, 0, 7), (1, 1, 7), (1, 2, 7), (2, 0, 7), (3, 0, 7))((1, 2, 8), (2, 2, 8), (3, 0, 8), (3, 1, 8), (3, 2, 8))((0, 1, 8), (1, 1, 8), (2, 1, 6), (2, 1, 7), (2, 1, 8))((1, 1, 6), (1, 2, 6), (1, 3, 6), (1, 3, 7), (1, 3, 8))((3, 1, 5), (3, 1, 6), (3, 1, 7), (3, 2, 7), (3, 3, 7))((4, 1, 5), (4, 1, 6), (4, 1, 7), (4, 2, 7), (4, 3, 7))((2, 0, 6), (3, 0, 6), (4, 0, 6), (4, 0, 7), (4, 0, 8))((2, 3, 8), (3, 3, 8), (4, 1, 8), (4, 2, 8), (4, 3, 8))((3, 2, 6), (3, 3, 6), (3, 4, 6), (3, 4, 7), (3, 4, 8))((4, 2, 6), (4, 3, 6), (4, 4, 6), (4, 4, 7), (4, 4, 8))((0, 2, 5), (1, 2, 5), (2, 2, 5), (2, 2, 6), (2, 2, 7))((0, 3, 5), (1, 3, 5), (2, 3, 5), (2, 3, 6), (2, 3, 7))((0, 1, 5), (0, 1, 6), (0, 1, 7), (1, 1, 5), (2, 1, 5))((0, 2, 7), (0, 3, 7), (0, 4, 7), (1, 4, 7), (2, 4, 7))((0, 2, 6), (0, 3, 6), (0, 4, 6), (1, 4, 6), (2, 4, 6))((0, 2, 8), (0, 3, 8), (0, 4, 8), (1, 4, 8), (2, 4, 8))
145
((0, 0, 0), (0, 0, 1), (0, 0, 2), (1, 0, 2), (2, 0, 2))((1, 0, 1), (2, 0, 1), (3, 0, 1), (3, 0, 2), (3, 0, 3))((1, 0, 0), (2, 0, 0), (3, 0, 0), (3, 1, 0), (3, 2, 0))((4, 0, 0), (4, 0, 1), (4, 0, 2), (4, 1, 0), (4, 2, 0))((4, 2, 2), (4, 3, 2), (4, 4, 0), (4, 4, 1), (4, 4, 2))((2, 1, 0), (2, 2, 0), (2, 3, 0), (3, 3, 0), (4, 3, 0))((1, 1, 0), (1, 2, 0), (1, 3, 0), (1, 3, 1), (1, 3, 2))((3, 2, 2), (3, 3, 2), (3, 4, 0), (3, 4, 1), (3, 4, 2))((0, 2, 0), (0, 3, 0), (0, 4, 0), (1, 4, 0), (2, 4, 0))((0, 1, 0), (0, 1, 1), (0, 1, 2), (0, 2, 2), (0, 3, 2))((0, 2, 1), (0, 3, 1), (0, 4, 1), (1, 4, 1), (2, 4, 1))((1, 2, 1), (1, 2, 2), (1, 2, 3), (1, 3, 3), (1, 4, 3))((1, 1, 1), (2, 1, 1), (3, 1, 1), (3, 2, 1), (3, 3, 1))((4, 1, 1), (4, 1, 2), (4, 1, 3), (4, 2, 1), (4, 3, 1))((2, 0, 5), (3, 0, 5), (4, 0, 3), (4, 0, 4), (4, 0, 5))((2, 3, 1), (2, 3, 2), (2, 3, 3), (3, 3, 3), (4, 3, 3))((2, 2, 1), (2, 2, 2), (2, 2, 3), (3, 2, 3), (4, 2, 3))((0, 0, 3), (0, 0, 4), (0, 0, 5), (1, 0, 3), (2, 0, 3))((0, 4, 2), (1, 4, 2), (2, 4, 2), (2, 4, 3), (2, 4, 4))((4, 2, 5), (4, 3, 5), (4, 4, 3), (4, 4, 4), (4, 4, 5))((3, 2, 5), (3, 3, 5), (3, 4, 3), (3, 4, 4), (3, 4, 5))((1, 1, 2), (2, 1, 2), (3, 1, 2), (3, 1, 3), (3, 1, 4))((1, 0, 4), (1, 0, 5), (1, 0, 6), (2, 0, 4), (3, 0, 4))((1, 2, 4), (1, 3, 4), (1, 4, 4), (2, 2, 4), (3, 2, 4))((2, 3, 4), (3, 3, 4), (4, 1, 4), (4, 2, 4), (4, 3, 4))((0, 4, 3), (0, 4, 4), (0, 4, 5), (1, 4, 5), (2, 4, 5))((0, 1, 3), (0, 2, 3), (0, 3, 3), (1, 1, 3), (2, 1, 3))((0, 1, 4), (0, 2, 4), (0, 3, 4), (1, 1, 4), (2, 1, 4))((0, 0, 6), (0, 0, 7), (0, 0, 8), (1, 0, 8), (2, 0, 8))((1, 0, 7), (1, 1, 7), (1, 2, 7), (2, 0, 7), (3, 0, 7))((1, 2, 8), (2, 2, 8), (3, 0, 8), (3, 1, 8), (3, 2, 8))((0, 1, 6), (0, 1, 7), (0, 1, 8), (1, 1, 8), (2, 1, 8))((2, 0, 6), (3, 0, 6), (4, 0, 6), (4, 0, 7), (4, 0, 8))((0, 2, 5), (0, 2, 6), (0, 2, 7), (1, 2, 5), (2, 2, 5))((0, 1, 5), (1, 1, 5), (2, 1, 5), (2, 1, 6), (2, 1, 7))((3, 1, 5), (3, 1, 6), (3, 1, 7), (3, 2, 7), (3, 3, 7))((4, 1, 5), (4, 1, 6), (4, 1, 7), (4, 2, 7), (4, 3, 7))((2, 3, 8), (3, 3, 8), (4, 1, 8), (4, 2, 8), (4, 3, 8))((0, 2, 8), (0, 3, 8), (0, 4, 8), (1, 4, 8), (2, 4, 8))((0, 4, 7), (1, 4, 7), (2, 2, 7), (2, 3, 7), (2, 4, 7))((0, 3, 5), (0, 3, 6), (0, 3, 7), (1, 3, 5), (2, 3, 5))((0, 4, 6), (1, 4, 6), (2, 2, 6), (2, 3, 6), (2, 4, 6))((3, 2, 6), (3, 3, 6), (3, 4, 6), (3, 4, 7), (3, 4, 8))((4, 2, 6), (4, 3, 6), (4, 4, 6), (4, 4, 7), (4, 4, 8))((1, 1, 6), (1, 2, 6), (1, 3, 6), (1, 3, 7), (1, 3, 8))
146
((0, 0, 0), (0, 0, 1), (0, 0, 2), (1, 0, 2), (2, 0, 2))((1, 0, 1), (2, 0, 1), (3, 0, 1), (3, 0, 2), (3, 0, 3))((1, 0, 0), (2, 0, 0), (3, 0, 0), (3, 1, 0), (3, 2, 0))((4, 0, 0), (4, 0, 1), (4, 0, 2), (4, 1, 0), (4, 2, 0))((4, 2, 2), (4, 3, 2), (4, 4, 0), (4, 4, 1), (4, 4, 2))((2, 1, 0), (2, 2, 0), (2, 3, 0), (3, 3, 0), (4, 3, 0))((1, 1, 0), (1, 2, 0), (1, 3, 0), (1, 3, 1), (1, 3, 2))((3, 2, 2), (3, 3, 2), (3, 4, 0), (3, 4, 1), (3, 4, 2))((0, 2, 0), (0, 3, 0), (0, 4, 0), (1, 4, 0), (2, 4, 0))((0, 1, 0), (0, 1, 1), (0, 1, 2), (0, 2, 2), (0, 3, 2))((0, 2, 1), (0, 3, 1), (0, 4, 1), (1, 4, 1), (2, 4, 1))((1, 2, 1), (1, 2, 2), (1, 2, 3), (1, 3, 3), (1, 4, 3))((1, 1, 1), (2, 1, 1), (3, 1, 1), (3, 2, 1), (3, 3, 1))((4, 1, 1), (4, 1, 2), (4, 1, 3), (4, 2, 1), (4, 3, 1))((2, 0, 5), (3, 0, 5), (4, 0, 3), (4, 0, 4), (4, 0, 5))((2, 3, 1), (2, 3, 2), (2, 3, 3), (3, 3, 3), (4, 3, 3))((2, 2, 1), (2, 2, 2), (2, 2, 3), (3, 2, 3), (4, 2, 3))((0, 0, 3), (0, 0, 4), (0, 0, 5), (1, 0, 3), (2, 0, 3))((0, 4, 2), (1, 4, 2), (2, 4, 2), (2, 4, 3), (2, 4, 4))((4, 2, 5), (4, 3, 5), (4, 4, 3), (4, 4, 4), (4, 4, 5))((3, 2, 5), (3, 3, 5), (3, 4, 3), (3, 4, 4), (3, 4, 5))((1, 1, 2), (2, 1, 2), (3, 1, 2), (3, 1, 3), (3, 1, 4))((1, 0, 4), (1, 0, 5), (1, 0, 6), (2, 0, 4), (3, 0, 4))((1, 2, 4), (1, 3, 4), (1, 4, 4), (2, 2, 4), (3, 2, 4))((2, 3, 4), (3, 3, 4), (4, 1, 4), (4, 2, 4), (4, 3, 4))((0, 4, 3), (0, 4, 4), (0, 4, 5), (1, 4, 5), (2, 4, 5))((0, 1, 3), (0, 2, 3), (0, 3, 3), (1, 1, 3), (2, 1, 3))((0, 1, 4), (0, 2, 4), (0, 3, 4), (1, 1, 4), (2, 1, 4))((0, 0, 6), (0, 0, 7), (0, 0, 8), (1, 0, 8), (2, 0, 8))((1, 0, 7), (1, 1, 7), (1, 2, 7), (2, 0, 7), (3, 0, 7))((1, 2, 8), (2, 2, 8), (3, 0, 8), (3, 1, 8), (3, 2, 8))((0, 1, 6), (0, 1, 7), (0, 1, 8), (1, 1, 8), (2, 1, 8))((2, 0, 6), (3, 0, 6), (4, 0, 6), (4, 0, 7), (4, 0, 8))((0, 2, 5), (1, 2, 5), (2, 2, 5), (2, 2, 6), (2, 2, 7))((0, 1, 5), (1, 1, 5), (2, 1, 5), (2, 1, 6), (2, 1, 7))((3, 1, 5), (3, 1, 6), (3, 1, 7), (3, 2, 7), (3, 3, 7))((4, 1, 5), (4, 1, 6), (4, 1, 7), (4, 2, 7), (4, 3, 7))((2, 3, 8), (3, 3, 8), (4, 1, 8), (4, 2, 8), (4, 3, 8))((1, 1, 6), (1, 2, 6), (1, 3, 6), (1, 3, 7), (1, 3, 8))((0, 3, 5), (1, 3, 5), (2, 3, 5), (2, 3, 6), (2, 3, 7))((0, 2, 7), (0, 3, 7), (0, 4, 7), (1, 4, 7), (2, 4, 7))((0, 2, 6), (0, 3, 6), (0, 4, 6), (1, 4, 6), (2, 4, 6))((3, 2, 6), (3, 3, 6), (3, 4, 6), (3, 4, 7), (3, 4, 8))((0, 2, 8), (0, 3, 8), (0, 4, 8), (1, 4, 8), (2, 4, 8))((4, 2, 6), (4, 3, 6), (4, 4, 6), (4, 4, 7), (4, 4, 8))
147
((0, 0, 0), (0, 0, 1), (0, 0, 2), (1, 0, 2), (2, 0, 2))((1, 0, 1), (2, 0, 1), (3, 0, 1), (3, 0, 2), (3, 0, 3))((1, 0, 0), (2, 0, 0), (3, 0, 0), (3, 1, 0), (3, 2, 0))((4, 0, 0), (4, 0, 1), (4, 0, 2), (4, 1, 0), (4, 2, 0))((4, 2, 2), (4, 3, 2), (4, 4, 0), (4, 4, 1), (4, 4, 2))((2, 1, 0), (2, 2, 0), (2, 3, 0), (3, 3, 0), (4, 3, 0))((1, 1, 0), (1, 2, 0), (1, 3, 0), (1, 3, 1), (1, 3, 2))((3, 2, 2), (3, 3, 2), (3, 4, 0), (3, 4, 1), (3, 4, 2))((0, 2, 0), (0, 3, 0), (0, 4, 0), (1, 4, 0), (2, 4, 0))((0, 1, 0), (0, 1, 1), (0, 1, 2), (0, 2, 2), (0, 3, 2))((0, 2, 1), (0, 3, 1), (0, 4, 1), (1, 4, 1), (2, 4, 1))((1, 0, 3), (1, 1, 3), (1, 2, 1), (1, 2, 2), (1, 2, 3))((1, 1, 2), (2, 1, 2), (3, 1, 2), (3, 1, 3), (3, 1, 4))((1, 1, 1), (2, 1, 1), (3, 1, 1), (3, 2, 1), (3, 3, 1))((4, 1, 1), (4, 1, 2), (4, 1, 3), (4, 2, 1), (4, 3, 1))((4, 0, 3), (4, 0, 4), (4, 0, 5), (4, 1, 5), (4, 2, 5))((4, 1, 4), (4, 2, 4), (4, 3, 4), (4, 3, 5), (4, 3, 6))((0, 3, 3), (1, 3, 3), (2, 3, 1), (2, 3, 2), (2, 3, 3))((2, 0, 3), (2, 1, 3), (2, 2, 1), (2, 2, 2), (2, 2, 3))((4, 2, 3), (4, 3, 3), (4, 4, 3), (4, 4, 4), (4, 4, 5))((0, 4, 2), (0, 4, 3), (0, 4, 4), (1, 4, 2), (2, 4, 2))((0, 1, 3), (0, 1, 4), (0, 1, 5), (1, 1, 5), (2, 1, 5))((0, 0, 3), (0, 0, 4), (0, 0, 5), (1, 0, 5), (2, 0, 5))((0, 2, 3), (0, 2, 4), (0, 2, 5), (0, 3, 5), (0, 4, 5))((0, 3, 4), (1, 3, 4), (2, 1, 4), (2, 2, 4), (2, 3, 4))((1, 0, 4), (1, 1, 4), (1, 2, 4), (2, 0, 4), (3, 0, 4))((1, 4, 3), (2, 4, 3), (3, 2, 3), (3, 3, 3), (3, 4, 3))((1, 4, 4), (2, 4, 4), (3, 2, 4), (3, 3, 4), (3, 4, 4))((4, 2, 8), (4, 3, 8), (4, 4, 6), (4, 4, 7), (4, 4, 8))((2, 3, 7), (3, 3, 7), (4, 1, 7), (4, 2, 7), (4, 3, 7))((2, 1, 8), (2, 2, 8), (2, 3, 8), (3, 1, 8), (4, 1, 8))((3, 2, 6), (3, 2, 7), (3, 2, 8), (3, 3, 8), (3, 4, 8))((1, 3, 6), (1, 3, 7), (1, 3, 8), (2, 3, 6), (3, 3, 6))((4, 0, 6), (4, 0, 7), (4, 0, 8), (4, 1, 6), (4, 2, 6))((1, 1, 7), (2, 1, 7), (3, 1, 5), (3, 1, 6), (3, 1, 7))((1, 0, 7), (2, 0, 7), (3, 0, 5), (3, 0, 6), (3, 0, 7))((1, 0, 8), (1, 1, 8), (1, 2, 8), (2, 0, 8), (3, 0, 8))((0, 1, 6), (0, 1, 7), (0, 1, 8), (1, 1, 6), (2, 1, 6))((0, 0, 6), (0, 0, 7), (0, 0, 8), (1, 0, 6), (2, 0, 6))((0, 2, 7), (0, 3, 7), (0, 4, 7), (1, 4, 7), (2, 4, 7))((0, 2, 8), (0, 3, 8), (0, 4, 8), (1, 4, 8), (2, 4, 8))((2, 2, 5), (2, 2, 6), (2, 2, 7), (2, 3, 5), (2, 4, 5))((0, 2, 6), (0, 3, 6), (0, 4, 6), (1, 4, 6), (2, 4, 6))((3, 2, 5), (3, 3, 5), (3, 4, 5), (3, 4, 6), (3, 4, 7))((1, 2, 5), (1, 2, 6), (1, 2, 7), (1, 3, 5), (1, 4, 5))
148
((0, 0, 0), (0, 0, 1), (0, 0, 2), (1, 0, 2), (2, 0, 2))((1, 0, 1), (2, 0, 1), (3, 0, 1), (3, 0, 2), (3, 0, 3))((1, 0, 0), (2, 0, 0), (3, 0, 0), (3, 1, 0), (3, 2, 0))((4, 0, 0), (4, 0, 1), (4, 0, 2), (4, 1, 0), (4, 2, 0))((4, 2, 2), (4, 3, 2), (4, 4, 0), (4, 4, 1), (4, 4, 2))((2, 1, 0), (2, 2, 0), (2, 3, 0), (3, 3, 0), (4, 3, 0))((1, 1, 0), (1, 2, 0), (1, 3, 0), (1, 3, 1), (1, 3, 2))((3, 2, 2), (3, 3, 2), (3, 4, 0), (3, 4, 1), (3, 4, 2))((0, 2, 0), (0, 3, 0), (0, 4, 0), (1, 4, 0), (2, 4, 0))((0, 1, 0), (0, 1, 1), (0, 1, 2), (0, 2, 2), (0, 3, 2))((0, 2, 1), (0, 3, 1), (0, 4, 1), (1, 4, 1), (2, 4, 1))((1, 0, 3), (1, 1, 3), (1, 2, 1), (1, 2, 2), (1, 2, 3))((1, 1, 2), (2, 1, 2), (3, 1, 2), (3, 1, 3), (3, 1, 4))((1, 1, 1), (2, 1, 1), (3, 1, 1), (3, 2, 1), (3, 3, 1))((4, 1, 1), (4, 1, 2), (4, 1, 3), (4, 2, 1), (4, 3, 1))((4, 0, 3), (4, 0, 4), (4, 0, 5), (4, 1, 5), (4, 2, 5))((4, 1, 4), (4, 2, 4), (4, 3, 4), (4, 3, 5), (4, 3, 6))((0, 3, 3), (1, 3, 3), (2, 3, 1), (2, 3, 2), (2, 3, 3))((2, 0, 3), (2, 1, 3), (2, 2, 1), (2, 2, 2), (2, 2, 3))((4, 2, 3), (4, 3, 3), (4, 4, 3), (4, 4, 4), (4, 4, 5))((0, 4, 2), (0, 4, 3), (0, 4, 4), (1, 4, 2), (2, 4, 2))((0, 1, 3), (0, 1, 4), (0, 1, 5), (1, 1, 5), (2, 1, 5))((0, 0, 3), (0, 0, 4), (0, 0, 5), (1, 0, 5), (2, 0, 5))((0, 2, 3), (0, 2, 4), (0, 2, 5), (0, 3, 5), (0, 4, 5))((0, 3, 4), (1, 3, 4), (2, 1, 4), (2, 2, 4), (2, 3, 4))((1, 0, 4), (1, 1, 4), (1, 2, 4), (2, 0, 4), (3, 0, 4))((1, 4, 3), (2, 4, 3), (3, 2, 3), (3, 3, 3), (3, 4, 3))((1, 4, 4), (2, 4, 4), (3, 2, 4), (3, 3, 4), (3, 4, 4))((4, 2, 8), (4, 3, 8), (4, 4, 6), (4, 4, 7), (4, 4, 8))((2, 3, 7), (3, 3, 7), (4, 1, 7), (4, 2, 7), (4, 3, 7))((2, 1, 8), (2, 2, 8), (2, 3, 8), (3, 1, 8), (4, 1, 8))((3, 2, 6), (3, 2, 7), (3, 2, 8), (3, 3, 8), (3, 4, 8))((1, 3, 6), (1, 3, 7), (1, 3, 8), (2, 3, 6), (3, 3, 6))((4, 0, 6), (4, 0, 7), (4, 0, 8), (4, 1, 6), (4, 2, 6))((1, 1, 7), (2, 1, 7), (3, 1, 5), (3, 1, 6), (3, 1, 7))((1, 0, 7), (2, 0, 7), (3, 0, 5), (3, 0, 6), (3, 0, 7))((1, 0, 8), (1, 1, 8), (1, 2, 8), (2, 0, 8), (3, 0, 8))((0, 1, 6), (0, 1, 7), (0, 1, 8), (1, 1, 6), (2, 1, 6))((0, 0, 6), (0, 0, 7), (0, 0, 8), (1, 0, 6), (2, 0, 6))((0, 2, 7), (0, 3, 7), (0, 4, 7), (1, 2, 7), (2, 2, 7))((0, 2, 8), (0, 3, 8), (0, 4, 8), (1, 4, 8), (2, 4, 8))((2, 2, 5), (2, 3, 5), (2, 4, 5), (2, 4, 6), (2, 4, 7))((0, 2, 6), (0, 3, 6), (0, 4, 6), (1, 2, 6), (2, 2, 6))((3, 2, 5), (3, 3, 5), (3, 4, 5), (3, 4, 6), (3, 4, 7))((1, 2, 5), (1, 3, 5), (1, 4, 5), (1, 4, 6), (1, 4, 7))
149
((0, 0, 0), (0, 0, 1), (0, 0, 2), (1, 0, 2), (2, 0, 2))((1, 0, 1), (2, 0, 1), (3, 0, 1), (3, 0, 2), (3, 0, 3))((1, 0, 0), (2, 0, 0), (3, 0, 0), (3, 1, 0), (3, 2, 0))((4, 0, 0), (4, 0, 1), (4, 0, 2), (4, 1, 0), (4, 2, 0))((4, 2, 2), (4, 3, 2), (4, 4, 0), (4, 4, 1), (4, 4, 2))((2, 1, 0), (2, 2, 0), (2, 3, 0), (3, 3, 0), (4, 3, 0))((1, 1, 0), (1, 2, 0), (1, 3, 0), (1, 3, 1), (1, 3, 2))((3, 2, 2), (3, 3, 2), (3, 4, 0), (3, 4, 1), (3, 4, 2))((0, 2, 0), (0, 3, 0), (0, 4, 0), (1, 4, 0), (2, 4, 0))((0, 1, 0), (0, 1, 1), (0, 1, 2), (0, 2, 2), (0, 3, 2))((0, 2, 1), (0, 3, 1), (0, 4, 1), (1, 4, 1), (2, 4, 1))((1, 0, 3), (1, 1, 3), (1, 2, 1), (1, 2, 2), (1, 2, 3))((1, 1, 2), (2, 1, 2), (3, 1, 2), (3, 1, 3), (3, 1, 4))((1, 1, 1), (2, 1, 1), (3, 1, 1), (3, 2, 1), (3, 3, 1))((4, 1, 1), (4, 1, 2), (4, 1, 3), (4, 2, 1), (4, 3, 1))((4, 0, 3), (4, 0, 4), (4, 0, 5), (4, 1, 5), (4, 2, 5))((4, 1, 4), (4, 2, 4), (4, 3, 4), (4, 3, 5), (4, 3, 6))((0, 3, 3), (1, 3, 3), (2, 3, 1), (2, 3, 2), (2, 3, 3))((2, 0, 3), (2, 1, 3), (2, 2, 1), (2, 2, 2), (2, 2, 3))((4, 2, 3), (4, 3, 3), (4, 4, 3), (4, 4, 4), (4, 4, 5))((0, 4, 2), (0, 4, 3), (0, 4, 4), (1, 4, 2), (2, 4, 2))((0, 1, 3), (0, 1, 4), (0, 1, 5), (1, 1, 5), (2, 1, 5))((0, 0, 3), (0, 0, 4), (0, 0, 5), (1, 0, 5), (2, 0, 5))((0, 2, 3), (0, 2, 4), (0, 2, 5), (0, 3, 5), (0, 4, 5))((0, 3, 4), (1, 3, 4), (2, 1, 4), (2, 2, 4), (2, 3, 4))((1, 0, 4), (1, 1, 4), (1, 2, 4), (2, 0, 4), (3, 0, 4))((1, 4, 3), (2, 4, 3), (3, 2, 3), (3, 3, 3), (3, 4, 3))((1, 4, 4), (2, 4, 4), (3, 2, 4), (3, 3, 4), (3, 4, 4))((4, 2, 8), (4, 3, 8), (4, 4, 6), (4, 4, 7), (4, 4, 8))((2, 3, 7), (3, 3, 7), (4, 1, 7), (4, 2, 7), (4, 3, 7))((2, 1, 8), (2, 2, 8), (2, 3, 8), (3, 1, 8), (4, 1, 8))((3, 2, 8), (3, 3, 8), (3, 4, 6), (3, 4, 7), (3, 4, 8))((1, 3, 6), (1, 3, 7), (1, 3, 8), (2, 3, 6), (3, 3, 6))((4, 0, 6), (4, 0, 7), (4, 0, 8), (4, 1, 6), (4, 2, 6))((2, 2, 5), (2, 2, 6), (2, 2, 7), (2, 3, 5), (2, 4, 5))((3, 2, 5), (3, 2, 6), (3, 2, 7), (3, 3, 5), (3, 4, 5))((1, 1, 7), (2, 1, 7), (3, 1, 5), (3, 1, 6), (3, 1, 7))((1, 0, 7), (2, 0, 7), (3, 0, 5), (3, 0, 6), (3, 0, 7))((1, 0, 8), (1, 1, 8), (1, 2, 8), (2, 0, 8), (3, 0, 8))((1, 2, 5), (1, 2, 6), (1, 2, 7), (1, 3, 5), (1, 4, 5))((0, 2, 7), (0, 3, 7), (0, 4, 7), (1, 4, 7), (2, 4, 7))((0, 2, 8), (0, 3, 8), (0, 4, 8), (1, 4, 8), (2, 4, 8))((0, 2, 6), (0, 3, 6), (0, 4, 6), (1, 4, 6), (2, 4, 6))((0, 1, 6), (0, 1, 7), (0, 1, 8), (1, 1, 6), (2, 1, 6))((0, 0, 6), (0, 0, 7), (0, 0, 8), (1, 0, 6), (2, 0, 6))
150
((0, 0, 0), (0, 0, 1), (0, 0, 2), (1, 0, 2), (2, 0, 2))((1, 0, 1), (2, 0, 1), (3, 0, 1), (3, 0, 2), (3, 0, 3))((1, 0, 0), (2, 0, 0), (3, 0, 0), (3, 1, 0), (3, 2, 0))((4, 0, 0), (4, 0, 1), (4, 0, 2), (4, 1, 0), (4, 2, 0))((4, 2, 2), (4, 3, 2), (4, 4, 0), (4, 4, 1), (4, 4, 2))((2, 1, 0), (2, 2, 0), (2, 3, 0), (3, 3, 0), (4, 3, 0))((1, 1, 0), (1, 2, 0), (1, 3, 0), (1, 3, 1), (1, 3, 2))((3, 2, 2), (3, 3, 2), (3, 4, 0), (3, 4, 1), (3, 4, 2))((0, 2, 0), (0, 3, 0), (0, 4, 0), (1, 4, 0), (2, 4, 0))((0, 1, 0), (0, 1, 1), (0, 1, 2), (0, 2, 2), (0, 3, 2))((0, 2, 1), (0, 3, 1), (0, 4, 1), (1, 4, 1), (2, 4, 1))((1, 0, 3), (1, 1, 3), (1, 2, 1), (1, 2, 2), (1, 2, 3))((1, 1, 2), (2, 1, 2), (3, 1, 2), (3, 1, 3), (3, 1, 4))((1, 1, 1), (2, 1, 1), (3, 1, 1), (3, 2, 1), (3, 3, 1))((4, 1, 1), (4, 1, 2), (4, 1, 3), (4, 2, 1), (4, 3, 1))((4, 0, 3), (4, 0, 4), (4, 0, 5), (4, 1, 5), (4, 2, 5))((4, 1, 4), (4, 2, 4), (4, 3, 4), (4, 3, 5), (4, 3, 6))((0, 3, 3), (1, 3, 3), (2, 3, 1), (2, 3, 2), (2, 3, 3))((2, 0, 3), (2, 1, 3), (2, 2, 1), (2, 2, 2), (2, 2, 3))((4, 2, 3), (4, 3, 3), (4, 4, 3), (4, 4, 4), (4, 4, 5))((0, 4, 2), (0, 4, 3), (0, 4, 4), (1, 4, 2), (2, 4, 2))((0, 1, 3), (0, 1, 4), (0, 1, 5), (1, 1, 5), (2, 1, 5))((0, 0, 3), (0, 0, 4), (0, 0, 5), (1, 0, 5), (2, 0, 5))((0, 2, 3), (0, 2, 4), (0, 2, 5), (0, 3, 5), (0, 4, 5))((0, 3, 4), (1, 3, 4), (2, 1, 4), (2, 2, 4), (2, 3, 4))((1, 0, 4), (1, 1, 4), (1, 2, 4), (2, 0, 4), (3, 0, 4))((1, 4, 3), (2, 4, 3), (3, 2, 3), (3, 3, 3), (3, 4, 3))((1, 4, 4), (2, 4, 4), (3, 2, 4), (3, 3, 4), (3, 4, 4))((4, 2, 8), (4, 3, 8), (4, 4, 6), (4, 4, 7), (4, 4, 8))((2, 3, 7), (3, 3, 7), (4, 1, 7), (4, 2, 7), (4, 3, 7))((2, 1, 8), (2, 2, 8), (2, 3, 8), (3, 1, 8), (4, 1, 8))((3, 2, 8), (3, 3, 8), (3, 4, 6), (3, 4, 7), (3, 4, 8))((1, 3, 6), (1, 3, 7), (1, 3, 8), (2, 3, 6), (3, 3, 6))((4, 0, 6), (4, 0, 7), (4, 0, 8), (4, 1, 6), (4, 2, 6))((2, 2, 5), (2, 3, 5), (2, 4, 5), (2, 4, 6), (2, 4, 7))((3, 2, 5), (3, 2, 6), (3, 2, 7), (3, 3, 5), (3, 4, 5))((1, 1, 7), (2, 1, 7), (3, 1, 5), (3, 1, 6), (3, 1, 7))((1, 2, 5), (1, 3, 5), (1, 4, 5), (1, 4, 6), (1, 4, 7))((1, 0, 7), (2, 0, 7), (3, 0, 5), (3, 0, 6), (3, 0, 7))((1, 0, 8), (1, 1, 8), (1, 2, 8), (2, 0, 8), (3, 0, 8))((0, 1, 6), (0, 1, 7), (0, 1, 8), (1, 1, 6), (2, 1, 6))((0, 2, 7), (0, 3, 7), (0, 4, 7), (1, 2, 7), (2, 2, 7))((0, 2, 6), (0, 3, 6), (0, 4, 6), (1, 2, 6), (2, 2, 6))((0, 2, 8), (0, 3, 8), (0, 4, 8), (1, 4, 8), (2, 4, 8))((0, 0, 6), (0, 0, 7), (0, 0, 8), (1, 0, 6), (2, 0, 6))
151
((0, 0, 0), (0, 0, 1), (0, 0, 2), (1, 0, 2), (2, 0, 2))((1, 0, 1), (2, 0, 1), (3, 0, 1), (3, 0, 2), (3, 0, 3))((1, 0, 0), (2, 0, 0), (3, 0, 0), (3, 1, 0), (3, 2, 0))((4, 0, 0), (4, 0, 1), (4, 0, 2), (4, 1, 0), (4, 2, 0))((4, 2, 2), (4, 3, 2), (4, 4, 0), (4, 4, 1), (4, 4, 2))((2, 1, 0), (2, 2, 0), (2, 3, 0), (3, 3, 0), (4, 3, 0))((1, 1, 0), (1, 2, 0), (1, 3, 0), (1, 3, 1), (1, 3, 2))((3, 2, 2), (3, 3, 2), (3, 4, 0), (3, 4, 1), (3, 4, 2))((0, 2, 0), (0, 3, 0), (0, 4, 0), (1, 4, 0), (2, 4, 0))((0, 1, 0), (0, 1, 1), (0, 1, 2), (0, 2, 2), (0, 3, 2))((0, 2, 1), (0, 3, 1), (0, 4, 1), (1, 4, 1), (2, 4, 1))((1, 2, 1), (1, 2, 2), (1, 2, 3), (2, 2, 1), (3, 2, 1))((2, 3, 1), (3, 3, 1), (4, 1, 1), (4, 2, 1), (4, 3, 1))((1, 1, 1), (1, 1, 2), (1, 1, 3), (2, 1, 1), (3, 1, 1))((2, 1, 2), (2, 2, 2), (2, 3, 2), (3, 1, 2), (4, 1, 2))((0, 4, 2), (0, 4, 3), (0, 4, 4), (1, 4, 2), (2, 4, 2))((2, 0, 5), (3, 0, 5), (4, 0, 3), (4, 0, 4), (4, 0, 5))((0, 0, 3), (0, 0, 4), (0, 0, 5), (1, 0, 3), (2, 0, 3))((0, 1, 3), (0, 2, 3), (0, 3, 3), (1, 3, 3), (2, 3, 3))((1, 4, 3), (1, 4, 4), (1, 4, 5), (2, 4, 3), (3, 4, 3))((1, 3, 5), (2, 3, 5), (3, 3, 3), (3, 3, 4), (3, 3, 5))((2, 2, 3), (3, 2, 3), (4, 2, 3), (4, 3, 3), (4, 4, 3))((2, 1, 3), (3, 1, 3), (4, 1, 3), (4, 1, 4), (4, 1, 5))((1, 1, 4), (1, 1, 5), (1, 1, 6), (1, 2, 4), (1, 3, 4))((0, 1, 4), (0, 1, 5), (0, 1, 6), (0, 2, 4), (0, 3, 4))((1, 1, 7), (2, 1, 7), (3, 1, 5), (3, 1, 6), (3, 1, 7))((1, 0, 4), (2, 0, 4), (3, 0, 4), (3, 1, 4), (3, 2, 4))((1, 0, 5), (1, 0, 6), (1, 0, 7), (2, 0, 7), (3, 0, 7))((0, 0, 6), (0, 0, 7), (0, 0, 8), (1, 0, 8), (2, 0, 8))((0, 1, 7), (0, 2, 7), (0, 3, 7), (1, 3, 7), (2, 3, 7))((0, 2, 5), (0, 3, 5), (0, 4, 5), (1, 2, 5), (2, 2, 5))((1, 2, 7), (2, 2, 7), (3, 2, 5), (3, 2, 6), (3, 2, 7))((1, 2, 8), (2, 2, 8), (3, 0, 8), (3, 1, 8), (3, 2, 8))((0, 1, 8), (0, 2, 8), (0, 3, 8), (1, 1, 8), (2, 1, 8))((1, 3, 8), (2, 3, 8), (3, 3, 6), (3, 3, 7), (3, 3, 8))((2, 1, 4), (2, 1, 5), (2, 1, 6), (2, 2, 4), (2, 3, 4))((1, 2, 6), (1, 3, 6), (1, 4, 6), (1, 4, 7), (1, 4, 8))((0, 2, 6), (0, 3, 6), (0, 4, 6), (0, 4, 7), (0, 4, 8))((2, 0, 6), (3, 0, 6), (4, 0, 6), (4, 0, 7), (4, 0, 8))((2, 2, 6), (2, 3, 6), (2, 4, 6), (3, 4, 6), (4, 4, 6))((2, 4, 5), (3, 4, 5), (4, 2, 5), (4, 3, 5), (4, 4, 5))((2, 4, 7), (3, 4, 7), (4, 2, 7), (4, 3, 7), (4, 4, 7))((2, 4, 4), (3, 4, 4), (4, 2, 4), (4, 3, 4), (4, 4, 4))((2, 4, 8), (3, 4, 8), (4, 2, 8), (4, 3, 8), (4, 4, 8))((4, 1, 6), (4, 1, 7), (4, 1, 8), (4, 2, 6), (4, 3, 6))
152
((0, 0, 0), (0, 0, 1), (0, 0, 2), (1, 0, 2), (2, 0, 2))((1, 0, 1), (2, 0, 1), (3, 0, 1), (3, 0, 2), (3, 0, 3))((1, 0, 0), (2, 0, 0), (3, 0, 0), (3, 1, 0), (3, 2, 0))((4, 0, 0), (4, 0, 1), (4, 0, 2), (4, 1, 0), (4, 2, 0))((4, 2, 2), (4, 3, 2), (4, 4, 0), (4, 4, 1), (4, 4, 2))((2, 1, 0), (2, 2, 0), (2, 3, 0), (3, 3, 0), (4, 3, 0))((1, 1, 0), (1, 2, 0), (1, 3, 0), (1, 3, 1), (1, 3, 2))((3, 2, 2), (3, 3, 2), (3, 4, 0), (3, 4, 1), (3, 4, 2))((0, 2, 0), (0, 3, 0), (0, 4, 0), (1, 4, 0), (2, 4, 0))((0, 1, 0), (0, 1, 1), (0, 1, 2), (0, 2, 2), (0, 3, 2))((0, 2, 1), (0, 3, 1), (0, 4, 1), (1, 4, 1), (2, 4, 1))((1, 2, 1), (1, 2, 2), (1, 2, 3), (2, 2, 1), (3, 2, 1))((2, 3, 1), (3, 3, 1), (4, 1, 1), (4, 2, 1), (4, 3, 1))((1, 1, 1), (1, 1, 2), (1, 1, 3), (2, 1, 1), (3, 1, 1))((2, 1, 2), (2, 2, 2), (2, 3, 2), (3, 1, 2), (4, 1, 2))((0, 4, 2), (0, 4, 3), (0, 4, 4), (1, 4, 2), (2, 4, 2))((2, 0, 5), (3, 0, 5), (4, 0, 3), (4, 0, 4), (4, 0, 5))((0, 0, 3), (0, 0, 4), (0, 0, 5), (1, 0, 3), (2, 0, 3))((0, 1, 3), (0, 2, 3), (0, 3, 3), (1, 3, 3), (2, 3, 3))((1, 4, 3), (1, 4, 4), (1, 4, 5), (2, 4, 3), (3, 4, 3))((1, 3, 5), (2, 3, 5), (3, 3, 3), (3, 3, 4), (3, 3, 5))((2, 2, 3), (3, 2, 3), (4, 2, 3), (4, 3, 3), (4, 4, 3))((2, 1, 3), (3, 1, 3), (4, 1, 3), (4, 1, 4), (4, 1, 5))((1, 1, 4), (1, 1, 5), (1, 1, 6), (1, 2, 4), (1, 3, 4))((0, 1, 4), (0, 1, 5), (0, 1, 6), (0, 2, 4), (0, 3, 4))((1, 1, 7), (2, 1, 7), (3, 1, 5), (3, 1, 6), (3, 1, 7))((1, 0, 4), (2, 0, 4), (3, 0, 4), (3, 1, 4), (3, 2, 4))((1, 0, 5), (1, 0, 6), (1, 0, 7), (2, 0, 7), (3, 0, 7))((0, 0, 6), (0, 0, 7), (0, 0, 8), (0, 1, 8), (0, 2, 8))((0, 1, 7), (0, 2, 7), (0, 3, 7), (1, 3, 7), (2, 3, 7))((0, 3, 8), (1, 3, 8), (2, 1, 8), (2, 2, 8), (2, 3, 8))((0, 2, 5), (0, 3, 5), (0, 4, 5), (1, 2, 5), (2, 2, 5))((1, 2, 7), (2, 2, 7), (3, 2, 5), (3, 2, 6), (3, 2, 7))((1, 0, 8), (1, 1, 8), (1, 2, 8), (2, 0, 8), (3, 0, 8))((3, 1, 8), (3, 2, 8), (3, 3, 6), (3, 3, 7), (3, 3, 8))((2, 1, 4), (2, 1, 5), (2, 1, 6), (2, 2, 4), (2, 3, 4))((1, 2, 6), (1, 3, 6), (1, 4, 6), (1, 4, 7), (1, 4, 8))((0, 2, 6), (0, 3, 6), (0, 4, 6), (0, 4, 7), (0, 4, 8))((2, 0, 6), (3, 0, 6), (4, 0, 6), (4, 0, 7), (4, 0, 8))((2, 2, 6), (2, 3, 6), (2, 4, 6), (3, 4, 6), (4, 4, 6))((2, 4, 5), (3, 4, 5), (4, 2, 5), (4, 3, 5), (4, 4, 5))((2, 4, 7), (3, 4, 7), (4, 2, 7), (4, 3, 7), (4, 4, 7))((2, 4, 4), (3, 4, 4), (4, 2, 4), (4, 3, 4), (4, 4, 4))((2, 4, 8), (3, 4, 8), (4, 2, 8), (4, 3, 8), (4, 4, 8))((4, 1, 6), (4, 1, 7), (4, 1, 8), (4, 2, 6), (4, 3, 6))
153
((0, 0, 0), (0, 0, 1), (0, 0, 2), (1, 0, 2), (2, 0, 2))((1, 0, 1), (2, 0, 1), (3, 0, 1), (3, 0, 2), (3, 0, 3))((1, 0, 0), (2, 0, 0), (3, 0, 0), (3, 1, 0), (3, 2, 0))((4, 0, 0), (4, 0, 1), (4, 0, 2), (4, 1, 0), (4, 2, 0))((4, 2, 2), (4, 3, 2), (4, 4, 0), (4, 4, 1), (4, 4, 2))((2, 1, 0), (2, 2, 0), (2, 3, 0), (3, 3, 0), (4, 3, 0))((1, 1, 0), (1, 2, 0), (1, 3, 0), (1, 3, 1), (1, 3, 2))((3, 2, 2), (3, 3, 2), (3, 4, 0), (3, 4, 1), (3, 4, 2))((0, 2, 0), (0, 3, 0), (0, 4, 0), (1, 4, 0), (2, 4, 0))((0, 1, 0), (0, 1, 1), (0, 1, 2), (0, 2, 2), (0, 3, 2))((0, 2, 1), (0, 3, 1), (0, 4, 1), (1, 4, 1), (2, 4, 1))((1, 2, 1), (1, 2, 2), (1, 2, 3), (2, 2, 1), (3, 2, 1))((2, 3, 1), (3, 3, 1), (4, 1, 1), (4, 2, 1), (4, 3, 1))((1, 1, 1), (1, 1, 2), (1, 1, 3), (2, 1, 1), (3, 1, 1))((2, 1, 2), (2, 2, 2), (2, 3, 2), (3, 1, 2), (4, 1, 2))((0, 4, 2), (0, 4, 3), (0, 4, 4), (1, 4, 2), (2, 4, 2))((2, 0, 5), (3, 0, 5), (4, 0, 3), (4, 0, 4), (4, 0, 5))((0, 0, 3), (0, 0, 4), (0, 0, 5), (1, 0, 3), (2, 0, 3))((0, 1, 3), (0, 2, 3), (0, 3, 3), (1, 3, 3), (2, 3, 3))((1, 4, 3), (1, 4, 4), (1, 4, 5), (2, 4, 3), (3, 4, 3))((1, 3, 5), (2, 3, 5), (3, 3, 3), (3, 3, 4), (3, 3, 5))((2, 2, 3), (3, 2, 3), (4, 2, 3), (4, 3, 3), (4, 4, 3))((2, 1, 3), (3, 1, 3), (4, 1, 3), (4, 1, 4), (4, 1, 5))((0, 1, 4), (0, 2, 4), (0, 3, 4), (1, 3, 4), (2, 3, 4))((2, 4, 4), (3, 4, 4), (4, 2, 4), (4, 3, 4), (4, 4, 4))((1, 0, 4), (1, 0, 5), (1, 0, 6), (2, 0, 4), (3, 0, 4))((1, 2, 4), (2, 2, 4), (3, 2, 4), (3, 2, 5), (3, 2, 6))((1, 1, 4), (2, 1, 4), (3, 1, 4), (3, 1, 5), (3, 1, 6))((2, 4, 5), (3, 4, 5), (4, 2, 5), (4, 3, 5), (4, 4, 5))((1, 1, 5), (1, 1, 6), (1, 1, 7), (1, 2, 7), (1, 3, 7))((2, 1, 5), (2, 1, 6), (2, 1, 7), (2, 2, 7), (2, 3, 7))((1, 0, 7), (2, 0, 7), (3, 0, 7), (3, 1, 7), (3, 2, 7))((0, 2, 5), (0, 3, 5), (0, 4, 5), (1, 2, 5), (2, 2, 5))((0, 1, 5), (0, 1, 6), (0, 1, 7), (0, 2, 7), (0, 3, 7))((0, 0, 6), (0, 0, 7), (0, 0, 8), (1, 0, 8), (2, 0, 8))((1, 2, 8), (2, 2, 8), (3, 0, 8), (3, 1, 8), (3, 2, 8))((0, 1, 8), (0, 2, 8), (0, 3, 8), (1, 1, 8), (2, 1, 8))((1, 3, 8), (2, 3, 8), (3, 3, 6), (3, 3, 7), (3, 3, 8))((1, 2, 6), (1, 3, 6), (1, 4, 6), (1, 4, 7), (1, 4, 8))((0, 2, 6), (0, 3, 6), (0, 4, 6), (0, 4, 7), (0, 4, 8))((2, 4, 7), (3, 4, 7), (4, 2, 7), (4, 3, 7), (4, 4, 7))((2, 2, 6), (2, 3, 6), (2, 4, 6), (3, 4, 6), (4, 4, 6))((2, 4, 8), (3, 4, 8), (4, 2, 8), (4, 3, 8), (4, 4, 8))((4, 1, 6), (4, 1, 7), (4, 1, 8), (4, 2, 6), (4, 3, 6))((2, 0, 6), (3, 0, 6), (4, 0, 6), (4, 0, 7), (4, 0, 8))
154
((0, 0, 0), (0, 0, 1), (0, 0, 2), (1, 0, 2), (2, 0, 2))((1, 0, 1), (2, 0, 1), (3, 0, 1), (3, 0, 2), (3, 0, 3))((1, 0, 0), (2, 0, 0), (3, 0, 0), (3, 1, 0), (3, 2, 0))((4, 0, 0), (4, 0, 1), (4, 0, 2), (4, 1, 0), (4, 2, 0))((4, 2, 2), (4, 3, 2), (4, 4, 0), (4, 4, 1), (4, 4, 2))((2, 1, 0), (2, 2, 0), (2, 3, 0), (3, 3, 0), (4, 3, 0))((1, 1, 0), (1, 2, 0), (1, 3, 0), (1, 3, 1), (1, 3, 2))((3, 2, 2), (3, 3, 2), (3, 4, 0), (3, 4, 1), (3, 4, 2))((0, 2, 0), (0, 3, 0), (0, 4, 0), (1, 4, 0), (2, 4, 0))((0, 1, 0), (0, 1, 1), (0, 1, 2), (0, 2, 2), (0, 3, 2))((0, 2, 1), (0, 3, 1), (0, 4, 1), (1, 4, 1), (2, 4, 1))((1, 2, 1), (1, 2, 2), (1, 2, 3), (2, 2, 1), (3, 2, 1))((2, 3, 1), (3, 3, 1), (4, 1, 1), (4, 2, 1), (4, 3, 1))((1, 1, 1), (1, 1, 2), (1, 1, 3), (2, 1, 1), (3, 1, 1))((2, 1, 2), (2, 2, 2), (2, 3, 2), (3, 1, 2), (4, 1, 2))((0, 4, 2), (0, 4, 3), (0, 4, 4), (1, 4, 2), (2, 4, 2))((2, 0, 5), (3, 0, 5), (4, 0, 3), (4, 0, 4), (4, 0, 5))((0, 0, 3), (0, 0, 4), (0, 0, 5), (1, 0, 3), (2, 0, 3))((0, 1, 3), (0, 2, 3), (0, 3, 3), (1, 3, 3), (2, 3, 3))((1, 4, 3), (1, 4, 4), (1, 4, 5), (2, 4, 3), (3, 4, 3))((1, 3, 5), (2, 3, 5), (3, 3, 3), (3, 3, 4), (3, 3, 5))((2, 2, 3), (3, 2, 3), (4, 2, 3), (4, 3, 3), (4, 4, 3))((2, 1, 3), (3, 1, 3), (4, 1, 3), (4, 1, 4), (4, 1, 5))((0, 1, 4), (0, 2, 4), (0, 3, 4), (1, 3, 4), (2, 3, 4))((2, 4, 4), (3, 4, 4), (4, 2, 4), (4, 3, 4), (4, 4, 4))((1, 0, 4), (1, 0, 5), (1, 0, 6), (2, 0, 4), (3, 0, 4))((1, 2, 4), (2, 2, 4), (3, 2, 4), (3, 2, 5), (3, 2, 6))((1, 1, 4), (2, 1, 4), (3, 1, 4), (3, 1, 5), (3, 1, 6))((2, 4, 5), (3, 4, 5), (4, 2, 5), (4, 3, 5), (4, 4, 5))((1, 1, 5), (1, 1, 6), (1, 1, 7), (1, 2, 7), (1, 3, 7))((2, 1, 5), (2, 1, 6), (2, 1, 7), (2, 2, 7), (2, 3, 7))((1, 0, 7), (2, 0, 7), (3, 0, 7), (3, 1, 7), (3, 2, 7))((0, 2, 5), (0, 3, 5), (0, 4, 5), (1, 2, 5), (2, 2, 5))((0, 1, 5), (0, 1, 6), (0, 1, 7), (0, 2, 7), (0, 3, 7))((0, 0, 6), (0, 0, 7), (0, 0, 8), (0, 1, 8), (0, 2, 8))((0, 3, 8), (1, 3, 8), (2, 1, 8), (2, 2, 8), (2, 3, 8))((1, 0, 8), (1, 1, 8), (1, 2, 8), (2, 0, 8), (3, 0, 8))((3, 1, 8), (3, 2, 8), (3, 3, 6), (3, 3, 7), (3, 3, 8))((1, 2, 6), (1, 3, 6), (1, 4, 6), (1, 4, 7), (1, 4, 8))((0, 2, 6), (0, 3, 6), (0, 4, 6), (0, 4, 7), (0, 4, 8))((2, 4, 7), (3, 4, 7), (4, 2, 7), (4, 3, 7), (4, 4, 7))((2, 2, 6), (2, 3, 6), (2, 4, 6), (3, 4, 6), (4, 4, 6))((2, 4, 8), (3, 4, 8), (4, 2, 8), (4, 3, 8), (4, 4, 8))((4, 1, 6), (4, 1, 7), (4, 1, 8), (4, 2, 6), (4, 3, 6))((2, 0, 6), (3, 0, 6), (4, 0, 6), (4, 0, 7), (4, 0, 8))
155
((0, 0, 0), (0, 0, 1), (0, 0, 2), (1, 0, 2), (2, 0, 2))((1, 0, 1), (2, 0, 1), (3, 0, 1), (3, 0, 2), (3, 0, 3))((1, 0, 0), (2, 0, 0), (3, 0, 0), (3, 1, 0), (3, 2, 0))((4, 0, 0), (4, 0, 1), (4, 0, 2), (4, 1, 0), (4, 2, 0))((4, 2, 2), (4, 3, 2), (4, 4, 0), (4, 4, 1), (4, 4, 2))((2, 1, 0), (2, 2, 0), (2, 3, 0), (3, 3, 0), (4, 3, 0))((1, 1, 0), (1, 2, 0), (1, 3, 0), (1, 3, 1), (1, 3, 2))((3, 2, 2), (3, 3, 2), (3, 4, 0), (3, 4, 1), (3, 4, 2))((0, 2, 0), (0, 3, 0), (0, 4, 0), (1, 4, 0), (2, 4, 0))((0, 1, 0), (0, 1, 1), (0, 1, 2), (0, 2, 2), (0, 3, 2))((0, 2, 1), (0, 3, 1), (0, 4, 1), (1, 4, 1), (2, 4, 1))((1, 2, 1), (1, 2, 2), (1, 2, 3), (2, 2, 1), (3, 2, 1))((2, 3, 1), (3, 3, 1), (4, 1, 1), (4, 2, 1), (4, 3, 1))((1, 1, 1), (1, 1, 2), (1, 1, 3), (2, 1, 1), (3, 1, 1))((4, 1, 2), (4, 1, 3), (4, 1, 4), (4, 2, 4), (4, 3, 4))((2, 0, 5), (3, 0, 5), (4, 0, 3), (4, 0, 4), (4, 0, 5))((3, 1, 2), (3, 1, 3), (3, 1, 4), (3, 2, 4), (3, 3, 4))((1, 0, 4), (1, 1, 4), (1, 2, 4), (2, 0, 4), (3, 0, 4))((0, 0, 3), (0, 0, 4), (0, 0, 5), (1, 0, 3), (2, 0, 3))((2, 1, 2), (2, 1, 3), (2, 1, 4), (2, 2, 4), (2, 3, 4))((0, 4, 2), (1, 4, 2), (2, 2, 2), (2, 3, 2), (2, 4, 2))((1, 3, 3), (1, 3, 4), (1, 3, 5), (2, 3, 3), (3, 3, 3))((2, 2, 3), (3, 2, 3), (4, 2, 3), (4, 3, 3), (4, 4, 3))((2, 4, 6), (3, 4, 6), (4, 4, 4), (4, 4, 5), (4, 4, 6))((2, 4, 7), (3, 4, 7), (4, 2, 7), (4, 3, 7), (4, 4, 7))((2, 4, 8), (3, 4, 8), (4, 2, 8), (4, 3, 8), (4, 4, 8))((2, 0, 6), (3, 0, 6), (4, 0, 6), (4, 0, 7), (4, 0, 8))((1, 2, 8), (1, 3, 8), (1, 4, 6), (1, 4, 7), (1, 4, 8))((0, 2, 8), (0, 3, 8), (0, 4, 6), (0, 4, 7), (0, 4, 8))((0, 0, 6), (0, 0, 7), (0, 0, 8), (0, 1, 6), (0, 2, 6))((0, 1, 8), (1, 1, 8), (2, 1, 8), (2, 2, 8), (2, 3, 8))((1, 0, 8), (2, 0, 8), (3, 0, 8), (3, 1, 8), (3, 2, 8))((3, 1, 6), (3, 2, 6), (3, 3, 6), (3, 3, 7), (3, 3, 8))((4, 1, 6), (4, 1, 7), (4, 1, 8), (4, 2, 6), (4, 3, 6))((0, 3, 6), (1, 3, 6), (2, 1, 6), (2, 2, 6), (2, 3, 6))((0, 1, 7), (0, 2, 7), (0, 3, 7), (1, 3, 7), (2, 3, 7))((1, 1, 5), (1, 1, 6), (1, 1, 7), (2, 1, 7), (3, 1, 7))((1, 0, 5), (1, 0, 6), (1, 0, 7), (2, 0, 7), (3, 0, 7))((1, 2, 5), (1, 2, 6), (1, 2, 7), (2, 2, 7), (3, 2, 7))((0, 1, 3), (0, 1, 4), (0, 1, 5), (0, 2, 5), (0, 3, 5))((0, 2, 4), (0, 3, 4), (0, 4, 4), (1, 4, 4), (2, 4, 4))((0, 2, 3), (0, 3, 3), (0, 4, 3), (1, 4, 3), (2, 4, 3))((0, 4, 5), (1, 4, 5), (2, 2, 5), (2, 3, 5), (2, 4, 5))((3, 2, 5), (3, 3, 5), (3, 4, 3), (3, 4, 4), (3, 4, 5))((2, 1, 5), (3, 1, 5), (4, 1, 5), (4, 2, 5), (4, 3, 5))
156
((0, 0, 0), (0, 0, 1), (0, 0, 2), (1, 0, 2), (2, 0, 2))((1, 0, 1), (2, 0, 1), (3, 0, 1), (3, 0, 2), (3, 0, 3))((1, 0, 0), (2, 0, 0), (3, 0, 0), (3, 1, 0), (3, 2, 0))((4, 0, 0), (4, 0, 1), (4, 0, 2), (4, 1, 0), (4, 2, 0))((4, 2, 2), (4, 3, 2), (4, 4, 0), (4, 4, 1), (4, 4, 2))((2, 1, 0), (2, 2, 0), (2, 3, 0), (3, 3, 0), (4, 3, 0))((1, 1, 0), (1, 2, 0), (1, 3, 0), (1, 3, 1), (1, 3, 2))((3, 2, 2), (3, 3, 2), (3, 4, 0), (3, 4, 1), (3, 4, 2))((0, 2, 0), (0, 3, 0), (0, 4, 0), (1, 4, 0), (2, 4, 0))((0, 1, 0), (0, 1, 1), (0, 1, 2), (0, 2, 2), (0, 3, 2))((0, 2, 1), (0, 3, 1), (0, 4, 1), (1, 4, 1), (2, 4, 1))((1, 2, 1), (1, 2, 2), (1, 2, 3), (2, 2, 1), (3, 2, 1))((2, 3, 1), (3, 3, 1), (4, 1, 1), (4, 2, 1), (4, 3, 1))((1, 1, 1), (1, 1, 2), (1, 1, 3), (2, 1, 1), (3, 1, 1))((4, 1, 2), (4, 1, 3), (4, 1, 4), (4, 2, 4), (4, 3, 4))((2, 0, 5), (3, 0, 5), (4, 0, 3), (4, 0, 4), (4, 0, 5))((3, 1, 2), (3, 1, 3), (3, 1, 4), (3, 2, 4), (3, 3, 4))((1, 0, 4), (1, 1, 4), (1, 2, 4), (2, 0, 4), (3, 0, 4))((0, 0, 3), (0, 0, 4), (0, 0, 5), (1, 0, 3), (2, 0, 3))((2, 1, 2), (2, 1, 3), (2, 1, 4), (2, 2, 4), (2, 3, 4))((0, 4, 2), (1, 4, 2), (2, 2, 2), (2, 3, 2), (2, 4, 2))((1, 3, 3), (1, 3, 4), (1, 3, 5), (2, 3, 3), (3, 3, 3))((2, 2, 3), (3, 2, 3), (4, 2, 3), (4, 3, 3), (4, 4, 3))((2, 4, 6), (3, 4, 6), (4, 4, 4), (4, 4, 5), (4, 4, 6))((2, 4, 7), (3, 4, 7), (4, 2, 7), (4, 3, 7), (4, 4, 7))((2, 4, 8), (3, 4, 8), (4, 2, 8), (4, 3, 8), (4, 4, 8))((2, 0, 6), (3, 0, 6), (4, 0, 6), (4, 0, 7), (4, 0, 8))((1, 2, 6), (1, 3, 6), (1, 4, 6), (1, 4, 7), (1, 4, 8))((1, 4, 5), (2, 4, 5), (3, 4, 3), (3, 4, 4), (3, 4, 5))((0, 2, 3), (0, 3, 3), (0, 4, 3), (1, 4, 3), (2, 4, 3))((0, 1, 3), (0, 1, 4), (0, 1, 5), (1, 1, 5), (2, 1, 5))((1, 0, 5), (1, 0, 6), (1, 0, 7), (2, 0, 7), (3, 0, 7))((0, 2, 4), (0, 3, 4), (0, 4, 4), (1, 4, 4), (2, 4, 4))((2, 3, 5), (3, 3, 5), (4, 1, 5), (4, 2, 5), (4, 3, 5))((1, 2, 7), (2, 2, 7), (3, 2, 5), (3, 2, 6), (3, 2, 7))((1, 1, 7), (2, 1, 7), (3, 1, 5), (3, 1, 6), (3, 1, 7))((0, 2, 5), (0, 3, 5), (0, 4, 5), (1, 2, 5), (2, 2, 5))((0, 1, 7), (0, 2, 7), (0, 3, 7), (1, 3, 7), (2, 3, 7))((0, 1, 6), (1, 1, 6), (2, 1, 6), (2, 2, 6), (2, 3, 6))((0, 2, 6), (0, 3, 6), (0, 4, 6), (0, 4, 7), (0, 4, 8))((4, 1, 6), (4, 1, 7), (4, 1, 8), (4, 2, 6), (4, 3, 6))((3, 1, 8), (3, 2, 8), (3, 3, 6), (3, 3, 7), (3, 3, 8))((1, 0, 8), (1, 1, 8), (1, 2, 8), (2, 0, 8), (3, 0, 8))((0, 3, 8), (1, 3, 8), (2, 1, 8), (2, 2, 8), (2, 3, 8))((0, 0, 6), (0, 0, 7), (0, 0, 8), (0, 1, 8), (0, 2, 8))
157
((0, 0, 0), (0, 0, 1), (0, 0, 2), (1, 0, 2), (2, 0, 2))((1, 0, 1), (2, 0, 1), (3, 0, 1), (3, 0, 2), (3, 0, 3))((1, 0, 0), (2, 0, 0), (3, 0, 0), (3, 1, 0), (3, 2, 0))((4, 0, 0), (4, 0, 1), (4, 0, 2), (4, 1, 0), (4, 2, 0))((4, 2, 2), (4, 3, 2), (4, 4, 0), (4, 4, 1), (4, 4, 2))((2, 1, 0), (2, 2, 0), (2, 3, 0), (3, 3, 0), (4, 3, 0))((1, 1, 0), (1, 2, 0), (1, 3, 0), (1, 3, 1), (1, 3, 2))((3, 2, 2), (3, 3, 2), (3, 4, 0), (3, 4, 1), (3, 4, 2))((0, 2, 0), (0, 3, 0), (0, 4, 0), (1, 4, 0), (2, 4, 0))((0, 1, 0), (0, 1, 1), (0, 1, 2), (0, 2, 2), (0, 3, 2))((0, 2, 1), (0, 3, 1), (0, 4, 1), (1, 4, 1), (2, 4, 1))((1, 2, 1), (1, 2, 2), (1, 2, 3), (2, 2, 1), (3, 2, 1))((2, 3, 1), (3, 3, 1), (4, 1, 1), (4, 2, 1), (4, 3, 1))((1, 1, 1), (1, 1, 2), (1, 1, 3), (2, 1, 1), (3, 1, 1))((4, 1, 2), (4, 1, 3), (4, 1, 4), (4, 2, 4), (4, 3, 4))((2, 0, 5), (3, 0, 5), (4, 0, 3), (4, 0, 4), (4, 0, 5))((3, 1, 2), (3, 1, 3), (3, 1, 4), (3, 2, 4), (3, 3, 4))((1, 0, 4), (1, 1, 4), (1, 2, 4), (2, 0, 4), (3, 0, 4))((0, 0, 3), (0, 0, 4), (0, 0, 5), (1, 0, 3), (2, 0, 3))((2, 1, 2), (2, 1, 3), (2, 1, 4), (2, 2, 4), (2, 3, 4))((0, 4, 2), (1, 4, 2), (2, 2, 2), (2, 3, 2), (2, 4, 2))((1, 3, 3), (1, 3, 4), (1, 3, 5), (2, 3, 3), (3, 3, 3))((2, 2, 3), (3, 2, 3), (4, 2, 3), (4, 3, 3), (4, 4, 3))((2, 4, 6), (3, 4, 6), (4, 4, 4), (4, 4, 5), (4, 4, 6))((2, 4, 7), (3, 4, 7), (4, 2, 7), (4, 3, 7), (4, 4, 7))((2, 4, 8), (3, 4, 8), (4, 2, 8), (4, 3, 8), (4, 4, 8))((2, 0, 6), (3, 0, 6), (4, 0, 6), (4, 0, 7), (4, 0, 8))((1, 2, 6), (1, 3, 6), (1, 4, 6), (1, 4, 7), (1, 4, 8))((1, 4, 5), (2, 4, 5), (3, 4, 3), (3, 4, 4), (3, 4, 5))((0, 2, 3), (0, 3, 3), (0, 4, 3), (1, 4, 3), (2, 4, 3))((0, 1, 3), (0, 1, 4), (0, 1, 5), (1, 1, 5), (2, 1, 5))((1, 0, 5), (1, 0, 6), (1, 0, 7), (2, 0, 7), (3, 0, 7))((0, 2, 4), (0, 3, 4), (0, 4, 4), (1, 4, 4), (2, 4, 4))((2, 3, 5), (3, 3, 5), (4, 1, 5), (4, 2, 5), (4, 3, 5))((1, 2, 7), (2, 2, 7), (3, 2, 5), (3, 2, 6), (3, 2, 7))((1, 1, 7), (2, 1, 7), (3, 1, 5), (3, 1, 6), (3, 1, 7))((0, 2, 5), (0, 3, 5), (0, 4, 5), (1, 2, 5), (2, 2, 5))((0, 1, 7), (0, 2, 7), (0, 3, 7), (1, 3, 7), (2, 3, 7))((0, 1, 6), (1, 1, 6), (2, 1, 6), (2, 2, 6), (2, 3, 6))((0, 2, 6), (0, 3, 6), (0, 4, 6), (0, 4, 7), (0, 4, 8))((4, 1, 6), (4, 1, 7), (4, 1, 8), (4, 2, 6), (4, 3, 6))((1, 3, 8), (2, 3, 8), (3, 3, 6), (3, 3, 7), (3, 3, 8))((0, 1, 8), (0, 2, 8), (0, 3, 8), (1, 1, 8), (2, 1, 8))((1, 2, 8), (2, 2, 8), (3, 0, 8), (3, 1, 8), (3, 2, 8))((0, 0, 6), (0, 0, 7), (0, 0, 8), (1, 0, 8), (2, 0, 8))
158
((0, 0, 0), (0, 0, 1), (0, 0, 2), (1, 0, 2), (2, 0, 2))((1, 0, 1), (2, 0, 1), (3, 0, 1), (3, 0, 2), (3, 0, 3))((1, 0, 0), (1, 1, 0), (1, 2, 0), (2, 0, 0), (3, 0, 0))((4, 0, 0), (4, 0, 1), (4, 0, 2), (4, 1, 2), (4, 2, 2))((4, 0, 3), (4, 0, 4), (4, 0, 5), (4, 1, 3), (4, 2, 3))((0, 1, 0), (0, 1, 1), (0, 1, 2), (1, 1, 2), (2, 1, 2))((2, 3, 1), (3, 3, 1), (4, 1, 1), (4, 2, 1), (4, 3, 1))((1, 1, 1), (2, 1, 1), (3, 1, 1), (3, 1, 2), (3, 1, 3))((2, 1, 0), (2, 2, 0), (2, 3, 0), (3, 1, 0), (4, 1, 0))((1, 3, 0), (1, 3, 1), (1, 3, 2), (2, 3, 2), (3, 3, 2))((4, 2, 0), (4, 3, 0), (4, 4, 0), (4, 4, 1), (4, 4, 2))((4, 1, 4), (4, 2, 4), (4, 3, 2), (4, 3, 3), (4, 3, 4))((0, 2, 0), (0, 3, 0), (0, 4, 0), (1, 4, 0), (2, 4, 0))((3, 2, 0), (3, 2, 1), (3, 2, 2), (3, 3, 0), (3, 4, 0))((3, 2, 3), (3, 3, 3), (3, 4, 1), (3, 4, 2), (3, 4, 3))((4, 2, 5), (4, 3, 5), (4, 4, 3), (4, 4, 4), (4, 4, 5))((0, 2, 1), (0, 3, 1), (0, 4, 1), (1, 4, 1), (2, 4, 1))((1, 2, 1), (1, 2, 2), (1, 2, 3), (1, 3, 3), (1, 4, 3))((2, 2, 1), (2, 2, 2), (2, 2, 3), (2, 3, 3), (2, 4, 3))((0, 2, 2), (0, 3, 2), (0, 4, 2), (1, 4, 2), (2, 4, 2))((0, 2, 3), (0, 2, 4), (0, 2, 5), (0, 3, 3), (0, 4, 3))((0, 1, 3), (0, 1, 4), (0, 1, 5), (1, 1, 3), (2, 1, 3))((0, 0, 3), (0, 0, 4), (0, 0, 5), (1, 0, 3), (2, 0, 3))((0, 4, 4), (0, 4, 5), (0, 4, 6), (1, 4, 6), (2, 4, 6))((0, 2, 7), (0, 3, 7), (0, 4, 7), (1, 4, 7), (2, 4, 7))((0, 2, 8), (0, 3, 8), (0, 4, 8), (1, 4, 8), (2, 4, 8))((4, 2, 6), (4, 3, 6), (4, 4, 6), (4, 4, 7), (4, 4, 8))((1, 4, 5), (2, 4, 5), (3, 2, 5), (3, 3, 5), (3, 4, 5))((3, 2, 6), (3, 3, 6), (3, 4, 6), (3, 4, 7), (3, 4, 8))((1, 4, 4), (2, 4, 4), (3, 2, 4), (3, 3, 4), (3, 4, 4))((1, 1, 6), (2, 1, 6), (3, 1, 4), (3, 1, 5), (3, 1, 6))((4, 1, 5), (4, 1, 6), (4, 1, 7), (4, 2, 7), (4, 3, 7))((0, 1, 6), (0, 1, 7), (0, 1, 8), (0, 2, 6), (0, 3, 6))((0, 3, 5), (1, 3, 5), (2, 3, 5), (2, 3, 6), (2, 3, 7))((0, 3, 4), (1, 3, 4), (2, 1, 4), (2, 2, 4), (2, 3, 4))((1, 1, 7), (2, 1, 7), (3, 1, 7), (3, 2, 7), (3, 3, 7))((1, 1, 8), (1, 2, 8), (1, 3, 6), (1, 3, 7), (1, 3, 8))((1, 0, 5), (1, 1, 5), (1, 2, 5), (1, 2, 6), (1, 2, 7))((1, 0, 4), (1, 1, 4), (1, 2, 4), (2, 0, 4), (3, 0, 4))((1, 0, 7), (2, 0, 7), (3, 0, 5), (3, 0, 6), (3, 0, 7))((2, 0, 5), (2, 1, 5), (2, 2, 5), (2, 2, 6), (2, 2, 7))((0, 0, 6), (0, 0, 7), (0, 0, 8), (1, 0, 6), (2, 0, 6))((1, 0, 8), (2, 0, 8), (3, 0, 8), (3, 1, 8), (3, 2, 8))((4, 0, 6), (4, 0, 7), (4, 0, 8), (4, 1, 8), (4, 2, 8))((2, 1, 8), (2, 2, 8), (2, 3, 8), (3, 3, 8), (4, 3, 8))
159
((0, 0, 0), (0, 0, 1), (0, 0, 2), (1, 0, 2), (2, 0, 2))((1, 0, 1), (2, 0, 1), (3, 0, 1), (3, 0, 2), (3, 0, 3))((1, 0, 0), (1, 1, 0), (1, 2, 0), (2, 0, 0), (3, 0, 0))((4, 0, 0), (4, 0, 1), (4, 0, 2), (4, 1, 2), (4, 2, 2))((4, 0, 3), (4, 0, 4), (4, 0, 5), (4, 1, 3), (4, 2, 3))((0, 1, 0), (0, 1, 1), (0, 1, 2), (1, 1, 2), (2, 1, 2))((2, 3, 1), (3, 3, 1), (4, 1, 1), (4, 2, 1), (4, 3, 1))((1, 1, 1), (2, 1, 1), (3, 1, 1), (3, 1, 2), (3, 1, 3))((2, 1, 0), (2, 2, 0), (2, 3, 0), (3, 1, 0), (4, 1, 0))((1, 3, 0), (1, 3, 1), (1, 3, 2), (2, 3, 2), (3, 3, 2))((4, 2, 0), (4, 3, 0), (4, 4, 0), (4, 4, 1), (4, 4, 2))((4, 1, 4), (4, 2, 4), (4, 3, 2), (4, 3, 3), (4, 3, 4))((0, 2, 0), (0, 3, 0), (0, 4, 0), (1, 4, 0), (2, 4, 0))((3, 2, 0), (3, 2, 1), (3, 2, 2), (3, 3, 0), (3, 4, 0))((3, 2, 3), (3, 3, 3), (3, 4, 1), (3, 4, 2), (3, 4, 3))((4, 2, 5), (4, 3, 5), (4, 4, 3), (4, 4, 4), (4, 4, 5))((0, 2, 1), (0, 3, 1), (0, 4, 1), (1, 4, 1), (2, 4, 1))((1, 2, 1), (1, 2, 2), (1, 2, 3), (1, 3, 3), (1, 4, 3))((2, 2, 1), (2, 2, 2), (2, 2, 3), (2, 3, 3), (2, 4, 3))((0, 2, 2), (0, 3, 2), (0, 4, 2), (1, 4, 2), (2, 4, 2))((0, 2, 3), (0, 2, 4), (0, 2, 5), (0, 3, 3), (0, 4, 3))((0, 1, 3), (0, 1, 4), (0, 1, 5), (1, 1, 3), (2, 1, 3))((0, 0, 3), (0, 0, 4), (0, 0, 5), (1, 0, 3), (2, 0, 3))((0, 4, 4), (0, 4, 5), (0, 4, 6), (1, 4, 6), (2, 4, 6))((0, 2, 7), (0, 3, 7), (0, 4, 7), (1, 4, 7), (2, 4, 7))((0, 2, 8), (0, 3, 8), (0, 4, 8), (1, 4, 8), (2, 4, 8))((4, 2, 6), (4, 3, 6), (4, 4, 6), (4, 4, 7), (4, 4, 8))((1, 4, 5), (2, 4, 5), (3, 2, 5), (3, 3, 5), (3, 4, 5))((3, 2, 6), (3, 3, 6), (3, 4, 6), (3, 4, 7), (3, 4, 8))((1, 4, 4), (2, 4, 4), (3, 2, 4), (3, 3, 4), (3, 4, 4))((1, 1, 6), (2, 1, 6), (3, 1, 4), (3, 1, 5), (3, 1, 6))((4, 1, 5), (4, 1, 6), (4, 1, 7), (4, 2, 7), (4, 3, 7))((0, 1, 6), (0, 1, 7), (0, 1, 8), (0, 2, 6), (0, 3, 6))((0, 3, 5), (1, 3, 5), (2, 3, 5), (2, 3, 6), (2, 3, 7))((0, 3, 4), (1, 3, 4), (2, 1, 4), (2, 2, 4), (2, 3, 4))((1, 1, 7), (2, 1, 7), (3, 1, 7), (3, 2, 7), (3, 3, 7))((1, 3, 6), (1, 3, 7), (1, 3, 8), (2, 3, 8), (3, 3, 8))((2, 1, 8), (3, 1, 8), (4, 1, 8), (4, 2, 8), (4, 3, 8))((2, 0, 5), (2, 1, 5), (2, 2, 5), (2, 2, 6), (2, 2, 7))((2, 0, 8), (3, 0, 8), (4, 0, 6), (4, 0, 7), (4, 0, 8))((0, 0, 6), (0, 0, 7), (0, 0, 8), (1, 0, 6), (2, 0, 6))((1, 0, 7), (2, 0, 7), (3, 0, 5), (3, 0, 6), (3, 0, 7))((1, 0, 5), (1, 1, 5), (1, 2, 5), (1, 2, 6), (1, 2, 7))((1, 0, 8), (1, 1, 8), (1, 2, 8), (2, 2, 8), (3, 2, 8))((1, 0, 4), (1, 1, 4), (1, 2, 4), (2, 0, 4), (3, 0, 4))
160
((0, 0, 0), (0, 0, 1), (0, 0, 2), (1, 0, 2), (2, 0, 2))((1, 0, 1), (2, 0, 1), (3, 0, 1), (3, 0, 2), (3, 0, 3))((1, 0, 0), (1, 1, 0), (1, 2, 0), (2, 0, 0), (3, 0, 0))((4, 0, 0), (4, 0, 1), (4, 0, 2), (4, 1, 2), (4, 2, 2))((4, 0, 3), (4, 0, 4), (4, 0, 5), (4, 1, 3), (4, 2, 3))((0, 1, 0), (0, 1, 1), (0, 1, 2), (1, 1, 2), (2, 1, 2))((2, 3, 1), (3, 3, 1), (4, 1, 1), (4, 2, 1), (4, 3, 1))((1, 1, 1), (2, 1, 1), (3, 1, 1), (3, 1, 2), (3, 1, 3))((2, 1, 0), (2, 2, 0), (2, 3, 0), (3, 1, 0), (4, 1, 0))((1, 3, 0), (1, 3, 1), (1, 3, 2), (2, 3, 2), (3, 3, 2))((4, 2, 0), (4, 3, 0), (4, 4, 0), (4, 4, 1), (4, 4, 2))((4, 1, 4), (4, 2, 4), (4, 3, 2), (4, 3, 3), (4, 3, 4))((0, 2, 0), (0, 3, 0), (0, 4, 0), (1, 4, 0), (2, 4, 0))((3, 2, 0), (3, 2, 1), (3, 2, 2), (3, 3, 0), (3, 4, 0))((3, 2, 3), (3, 3, 3), (3, 4, 1), (3, 4, 2), (3, 4, 3))((4, 2, 5), (4, 3, 5), (4, 4, 3), (4, 4, 4), (4, 4, 5))((0, 2, 1), (0, 3, 1), (0, 4, 1), (1, 4, 1), (2, 4, 1))((1, 2, 1), (1, 2, 2), (1, 2, 3), (1, 3, 3), (1, 4, 3))((2, 2, 1), (2, 2, 2), (2, 2, 3), (2, 3, 3), (2, 4, 3))((0, 2, 2), (0, 3, 2), (0, 4, 2), (1, 4, 2), (2, 4, 2))((0, 2, 3), (0, 2, 4), (0, 2, 5), (0, 3, 3), (0, 4, 3))((0, 1, 3), (0, 1, 4), (0, 1, 5), (1, 1, 3), (2, 1, 3))((0, 0, 3), (0, 0, 4), (0, 0, 5), (1, 0, 3), (2, 0, 3))((0, 2, 6), (0, 3, 6), (0, 4, 4), (0, 4, 5), (0, 4, 6))((0, 3, 5), (1, 3, 5), (2, 3, 5), (2, 3, 6), (2, 3, 7))((0, 3, 4), (1, 3, 4), (2, 1, 4), (2, 2, 4), (2, 3, 4))((0, 2, 7), (0, 3, 7), (0, 4, 7), (1, 4, 7), (2, 4, 7))((1, 4, 5), (2, 4, 5), (3, 2, 5), (3, 3, 5), (3, 4, 5))((1, 4, 4), (2, 4, 4), (3, 2, 4), (3, 3, 4), (3, 4, 4))((3, 1, 4), (3, 1, 5), (3, 1, 6), (3, 2, 6), (3, 3, 6))((4, 1, 5), (4, 1, 6), (4, 1, 7), (4, 2, 7), (4, 3, 7))((4, 2, 6), (4, 3, 6), (4, 4, 6), (4, 4, 7), (4, 4, 8))((1, 4, 6), (2, 4, 6), (3, 4, 6), (3, 4, 7), (3, 4, 8))((1, 1, 7), (2, 1, 7), (3, 1, 7), (3, 2, 7), (3, 3, 7))((2, 0, 5), (2, 1, 5), (2, 2, 5), (2, 2, 6), (2, 2, 7))((0, 1, 6), (0, 1, 7), (0, 1, 8), (1, 1, 6), (2, 1, 6))((1, 1, 8), (1, 2, 8), (1, 3, 6), (1, 3, 7), (1, 3, 8))((0, 2, 8), (0, 3, 8), (0, 4, 8), (1, 4, 8), (2, 4, 8))((1, 0, 5), (1, 1, 5), (1, 2, 5), (1, 2, 6), (1, 2, 7))((1, 0, 4), (1, 1, 4), (1, 2, 4), (2, 0, 4), (3, 0, 4))((1, 0, 7), (2, 0, 7), (3, 0, 5), (3, 0, 6), (3, 0, 7))((0, 0, 6), (0, 0, 7), (0, 0, 8), (1, 0, 6), (2, 0, 6))((1, 0, 8), (2, 0, 8), (3, 0, 8), (3, 1, 8), (3, 2, 8))((4, 0, 6), (4, 0, 7), (4, 0, 8), (4, 1, 8), (4, 2, 8))((2, 1, 8), (2, 2, 8), (2, 3, 8), (3, 3, 8), (4, 3, 8))
161
((0, 0, 0), (0, 0, 1), (0, 0, 2), (1, 0, 2), (2, 0, 2))((1, 0, 1), (2, 0, 1), (3, 0, 1), (3, 0, 2), (3, 0, 3))((1, 0, 0), (1, 1, 0), (1, 2, 0), (2, 0, 0), (3, 0, 0))((4, 0, 0), (4, 0, 1), (4, 0, 2), (4, 1, 2), (4, 2, 2))((4, 0, 3), (4, 0, 4), (4, 0, 5), (4, 1, 3), (4, 2, 3))((0, 1, 0), (0, 1, 1), (0, 1, 2), (1, 1, 2), (2, 1, 2))((2, 3, 1), (3, 3, 1), (4, 1, 1), (4, 2, 1), (4, 3, 1))((1, 1, 1), (2, 1, 1), (3, 1, 1), (3, 1, 2), (3, 1, 3))((2, 1, 0), (2, 2, 0), (2, 3, 0), (3, 1, 0), (4, 1, 0))((1, 3, 0), (1, 3, 1), (1, 3, 2), (2, 3, 2), (3, 3, 2))((4, 2, 0), (4, 3, 0), (4, 4, 0), (4, 4, 1), (4, 4, 2))((4, 1, 4), (4, 2, 4), (4, 3, 2), (4, 3, 3), (4, 3, 4))((0, 2, 0), (0, 3, 0), (0, 4, 0), (1, 4, 0), (2, 4, 0))((3, 2, 0), (3, 2, 1), (3, 2, 2), (3, 3, 0), (3, 4, 0))((3, 2, 3), (3, 3, 3), (3, 4, 1), (3, 4, 2), (3, 4, 3))((4, 2, 5), (4, 3, 5), (4, 4, 3), (4, 4, 4), (4, 4, 5))((0, 2, 1), (0, 3, 1), (0, 4, 1), (1, 4, 1), (2, 4, 1))((1, 2, 1), (1, 2, 2), (1, 2, 3), (1, 3, 3), (1, 4, 3))((2, 2, 1), (2, 2, 2), (2, 2, 3), (2, 3, 3), (2, 4, 3))((0, 2, 2), (0, 3, 2), (0, 4, 2), (1, 4, 2), (2, 4, 2))((0, 2, 3), (0, 2, 4), (0, 2, 5), (0, 3, 3), (0, 4, 3))((0, 1, 3), (0, 1, 4), (0, 1, 5), (1, 1, 3), (2, 1, 3))((0, 0, 3), (0, 0, 4), (0, 0, 5), (1, 0, 3), (2, 0, 3))((0, 2, 6), (0, 3, 6), (0, 4, 4), (0, 4, 5), (0, 4, 6))((0, 3, 5), (1, 3, 5), (2, 3, 5), (2, 3, 6), (2, 3, 7))((0, 3, 4), (1, 3, 4), (2, 1, 4), (2, 2, 4), (2, 3, 4))((0, 2, 7), (0, 3, 7), (0, 4, 7), (1, 4, 7), (2, 4, 7))((1, 4, 5), (2, 4, 5), (3, 2, 5), (3, 3, 5), (3, 4, 5))((1, 4, 4), (2, 4, 4), (3, 2, 4), (3, 3, 4), (3, 4, 4))((3, 1, 4), (3, 1, 5), (3, 1, 6), (3, 2, 6), (3, 3, 6))((4, 1, 5), (4, 1, 6), (4, 1, 7), (4, 2, 7), (4, 3, 7))((4, 2, 6), (4, 3, 6), (4, 4, 6), (4, 4, 7), (4, 4, 8))((1, 4, 6), (2, 4, 6), (3, 4, 6), (3, 4, 7), (3, 4, 8))((1, 1, 7), (2, 1, 7), (3, 1, 7), (3, 2, 7), (3, 3, 7))((2, 0, 5), (2, 1, 5), (2, 2, 5), (2, 2, 6), (2, 2, 7))((0, 1, 6), (0, 1, 7), (0, 1, 8), (1, 1, 6), (2, 1, 6))((1, 3, 6), (1, 3, 7), (1, 3, 8), (2, 3, 8), (3, 3, 8))((2, 1, 8), (3, 1, 8), (4, 1, 8), (4, 2, 8), (4, 3, 8))((0, 2, 8), (0, 3, 8), (0, 4, 8), (1, 4, 8), (2, 4, 8))((2, 0, 8), (3, 0, 8), (4, 0, 6), (4, 0, 7), (4, 0, 8))((0, 0, 6), (0, 0, 7), (0, 0, 8), (1, 0, 6), (2, 0, 6))((1, 0, 7), (2, 0, 7), (3, 0, 5), (3, 0, 6), (3, 0, 7))((1, 0, 5), (1, 1, 5), (1, 2, 5), (1, 2, 6), (1, 2, 7))((1, 0, 8), (1, 1, 8), (1, 2, 8), (2, 2, 8), (3, 2, 8))((1, 0, 4), (1, 1, 4), (1, 2, 4), (2, 0, 4), (3, 0, 4))
162
((0, 0, 0), (0, 0, 1), (0, 0, 2), (1, 0, 2), (2, 0, 2))((1, 0, 1), (2, 0, 1), (3, 0, 1), (3, 0, 2), (3, 0, 3))((1, 0, 0), (1, 1, 0), (1, 2, 0), (2, 0, 0), (3, 0, 0))((4, 0, 0), (4, 0, 1), (4, 0, 2), (4, 1, 2), (4, 2, 2))((4, 0, 3), (4, 0, 4), (4, 0, 5), (4, 1, 3), (4, 2, 3))((0, 1, 0), (0, 1, 1), (0, 1, 2), (1, 1, 2), (2, 1, 2))((2, 3, 1), (3, 3, 1), (4, 1, 1), (4, 2, 1), (4, 3, 1))((1, 1, 1), (2, 1, 1), (3, 1, 1), (3, 1, 2), (3, 1, 3))((2, 1, 0), (2, 2, 0), (2, 3, 0), (3, 1, 0), (4, 1, 0))((1, 3, 0), (1, 3, 1), (1, 3, 2), (2, 3, 2), (3, 3, 2))((4, 2, 0), (4, 3, 0), (4, 4, 0), (4, 4, 1), (4, 4, 2))((4, 1, 4), (4, 2, 4), (4, 3, 2), (4, 3, 3), (4, 3, 4))((0, 2, 0), (0, 3, 0), (0, 4, 0), (1, 4, 0), (2, 4, 0))((3, 2, 0), (3, 2, 1), (3, 2, 2), (3, 3, 0), (3, 4, 0))((3, 2, 3), (3, 3, 3), (3, 4, 1), (3, 4, 2), (3, 4, 3))((4, 2, 5), (4, 3, 5), (4, 4, 3), (4, 4, 4), (4, 4, 5))((0, 2, 1), (0, 3, 1), (0, 4, 1), (1, 4, 1), (2, 4, 1))((1, 2, 1), (1, 2, 2), (1, 2, 3), (1, 3, 3), (1, 4, 3))((2, 2, 1), (2, 2, 2), (2, 2, 3), (2, 3, 3), (2, 4, 3))((0, 2, 2), (0, 3, 2), (0, 4, 2), (1, 4, 2), (2, 4, 2))((0, 2, 3), (0, 3, 3), (0, 4, 3), (0, 4, 4), (0, 4, 5))((0, 0, 3), (0, 0, 4), (0, 0, 5), (1, 0, 3), (2, 0, 3))((0, 1, 3), (0, 1, 4), (0, 1, 5), (1, 1, 3), (2, 1, 3))((0, 3, 4), (1, 3, 4), (2, 1, 4), (2, 2, 4), (2, 3, 4))((0, 2, 4), (0, 2, 5), (0, 2, 6), (0, 3, 6), (0, 4, 6))((0, 3, 5), (1, 3, 5), (2, 3, 5), (2, 3, 6), (2, 3, 7))((0, 2, 7), (0, 3, 7), (0, 4, 7), (1, 4, 7), (2, 4, 7))((1, 4, 5), (2, 4, 5), (3, 2, 5), (3, 3, 5), (3, 4, 5))((1, 4, 4), (2, 4, 4), (3, 2, 4), (3, 3, 4), (3, 4, 4))((3, 1, 4), (3, 1, 5), (3, 1, 6), (3, 2, 6), (3, 3, 6))((4, 1, 5), (4, 1, 6), (4, 1, 7), (4, 2, 7), (4, 3, 7))((4, 2, 6), (4, 3, 6), (4, 4, 6), (4, 4, 7), (4, 4, 8))((1, 4, 6), (2, 4, 6), (3, 4, 6), (3, 4, 7), (3, 4, 8))((1, 1, 7), (2, 1, 7), (3, 1, 7), (3, 2, 7), (3, 3, 7))((2, 0, 5), (2, 1, 5), (2, 2, 5), (2, 2, 6), (2, 2, 7))((0, 1, 6), (0, 1, 7), (0, 1, 8), (1, 1, 6), (2, 1, 6))((1, 1, 8), (1, 2, 8), (1, 3, 6), (1, 3, 7), (1, 3, 8))((0, 2, 8), (0, 3, 8), (0, 4, 8), (1, 4, 8), (2, 4, 8))((1, 0, 5), (1, 1, 5), (1, 2, 5), (1, 2, 6), (1, 2, 7))((1, 0, 4), (1, 1, 4), (1, 2, 4), (2, 0, 4), (3, 0, 4))((1, 0, 7), (2, 0, 7), (3, 0, 5), (3, 0, 6), (3, 0, 7))((0, 0, 6), (0, 0, 7), (0, 0, 8), (1, 0, 6), (2, 0, 6))((1, 0, 8), (2, 0, 8), (3, 0, 8), (3, 1, 8), (3, 2, 8))((4, 0, 6), (4, 0, 7), (4, 0, 8), (4, 1, 8), (4, 2, 8))((2, 1, 8), (2, 2, 8), (2, 3, 8), (3, 3, 8), (4, 3, 8))
163
((0, 0, 0), (0, 0, 1), (0, 0, 2), (1, 0, 2), (2, 0, 2))((1, 0, 1), (2, 0, 1), (3, 0, 1), (3, 0, 2), (3, 0, 3))((1, 0, 0), (1, 1, 0), (1, 2, 0), (2, 0, 0), (3, 0, 0))((4, 0, 0), (4, 0, 1), (4, 0, 2), (4, 1, 2), (4, 2, 2))((4, 0, 3), (4, 0, 4), (4, 0, 5), (4, 1, 3), (4, 2, 3))((0, 1, 0), (0, 1, 1), (0, 1, 2), (1, 1, 2), (2, 1, 2))((2, 3, 1), (3, 3, 1), (4, 1, 1), (4, 2, 1), (4, 3, 1))((1, 1, 1), (2, 1, 1), (3, 1, 1), (3, 1, 2), (3, 1, 3))((2, 1, 0), (2, 2, 0), (2, 3, 0), (3, 1, 0), (4, 1, 0))((1, 3, 0), (1, 3, 1), (1, 3, 2), (2, 3, 2), (3, 3, 2))((4, 2, 0), (4, 3, 0), (4, 4, 0), (4, 4, 1), (4, 4, 2))((4, 1, 4), (4, 2, 4), (4, 3, 2), (4, 3, 3), (4, 3, 4))((0, 2, 0), (0, 3, 0), (0, 4, 0), (1, 4, 0), (2, 4, 0))((3, 2, 0), (3, 2, 1), (3, 2, 2), (3, 3, 0), (3, 4, 0))((3, 2, 3), (3, 3, 3), (3, 4, 1), (3, 4, 2), (3, 4, 3))((4, 2, 5), (4, 3, 5), (4, 4, 3), (4, 4, 4), (4, 4, 5))((0, 2, 1), (0, 3, 1), (0, 4, 1), (1, 4, 1), (2, 4, 1))((1, 2, 1), (1, 2, 2), (1, 2, 3), (1, 3, 3), (1, 4, 3))((2, 2, 1), (2, 2, 2), (2, 2, 3), (2, 3, 3), (2, 4, 3))((0, 2, 2), (0, 3, 2), (0, 4, 2), (1, 4, 2), (2, 4, 2))((0, 2, 3), (0, 3, 3), (0, 4, 3), (0, 4, 4), (0, 4, 5))((0, 0, 3), (0, 0, 4), (0, 0, 5), (1, 0, 3), (2, 0, 3))((0, 1, 3), (0, 1, 4), (0, 1, 5), (1, 1, 3), (2, 1, 3))((0, 3, 4), (1, 3, 4), (2, 1, 4), (2, 2, 4), (2, 3, 4))((0, 2, 4), (0, 2, 5), (0, 2, 6), (0, 3, 6), (0, 4, 6))((0, 3, 5), (1, 3, 5), (2, 3, 5), (2, 3, 6), (2, 3, 7))((0, 2, 7), (0, 3, 7), (0, 4, 7), (1, 4, 7), (2, 4, 7))((1, 4, 5), (2, 4, 5), (3, 2, 5), (3, 3, 5), (3, 4, 5))((1, 4, 4), (2, 4, 4), (3, 2, 4), (3, 3, 4), (3, 4, 4))((3, 1, 4), (3, 1, 5), (3, 1, 6), (3, 2, 6), (3, 3, 6))((4, 1, 5), (4, 1, 6), (4, 1, 7), (4, 2, 7), (4, 3, 7))((4, 2, 6), (4, 3, 6), (4, 4, 6), (4, 4, 7), (4, 4, 8))((1, 4, 6), (2, 4, 6), (3, 4, 6), (3, 4, 7), (3, 4, 8))((1, 1, 7), (2, 1, 7), (3, 1, 7), (3, 2, 7), (3, 3, 7))((2, 0, 5), (2, 1, 5), (2, 2, 5), (2, 2, 6), (2, 2, 7))((0, 1, 6), (0, 1, 7), (0, 1, 8), (1, 1, 6), (2, 1, 6))((1, 3, 6), (1, 3, 7), (1, 3, 8), (2, 3, 8), (3, 3, 8))((2, 1, 8), (3, 1, 8), (4, 1, 8), (4, 2, 8), (4, 3, 8))((0, 2, 8), (0, 3, 8), (0, 4, 8), (1, 4, 8), (2, 4, 8))((2, 0, 8), (3, 0, 8), (4, 0, 6), (4, 0, 7), (4, 0, 8))((0, 0, 6), (0, 0, 7), (0, 0, 8), (1, 0, 6), (2, 0, 6))((1, 0, 7), (2, 0, 7), (3, 0, 5), (3, 0, 6), (3, 0, 7))((1, 0, 5), (1, 1, 5), (1, 2, 5), (1, 2, 6), (1, 2, 7))((1, 0, 8), (1, 1, 8), (1, 2, 8), (2, 2, 8), (3, 2, 8))((1, 0, 4), (1, 1, 4), (1, 2, 4), (2, 0, 4), (3, 0, 4))
164
((0, 0, 0), (0, 0, 1), (0, 0, 2), (1, 0, 2), (2, 0, 2))((1, 0, 1), (2, 0, 1), (3, 0, 1), (3, 0, 2), (3, 0, 3))((1, 0, 0), (1, 1, 0), (1, 2, 0), (2, 0, 0), (3, 0, 0))((4, 0, 0), (4, 0, 1), (4, 0, 2), (4, 1, 2), (4, 2, 2))((4, 0, 3), (4, 0, 4), (4, 0, 5), (4, 1, 3), (4, 2, 3))((0, 1, 0), (0, 1, 1), (0, 1, 2), (1, 1, 2), (2, 1, 2))((2, 3, 1), (3, 3, 1), (4, 1, 1), (4, 2, 1), (4, 3, 1))((1, 1, 1), (2, 1, 1), (3, 1, 1), (3, 1, 2), (3, 1, 3))((2, 1, 0), (2, 2, 0), (2, 3, 0), (3, 1, 0), (4, 1, 0))((1, 3, 0), (1, 3, 1), (1, 3, 2), (2, 3, 2), (3, 3, 2))((4, 2, 0), (4, 3, 0), (4, 4, 0), (4, 4, 1), (4, 4, 2))((4, 1, 4), (4, 2, 4), (4, 3, 2), (4, 3, 3), (4, 3, 4))((0, 2, 0), (0, 3, 0), (0, 4, 0), (1, 4, 0), (2, 4, 0))((3, 2, 0), (3, 2, 1), (3, 2, 2), (3, 3, 0), (3, 4, 0))((3, 2, 3), (3, 3, 3), (3, 4, 1), (3, 4, 2), (3, 4, 3))((4, 2, 5), (4, 3, 5), (4, 4, 3), (4, 4, 4), (4, 4, 5))((0, 2, 1), (0, 3, 1), (0, 4, 1), (1, 4, 1), (2, 4, 1))((1, 2, 1), (1, 2, 2), (1, 2, 3), (1, 3, 3), (1, 4, 3))((2, 2, 1), (2, 2, 2), (2, 2, 3), (2, 3, 3), (2, 4, 3))((0, 2, 2), (0, 3, 2), (0, 4, 2), (1, 4, 2), (2, 4, 2))((0, 4, 3), (0, 4, 4), (0, 4, 5), (1, 4, 5), (2, 4, 5))((0, 1, 3), (0, 2, 3), (0, 3, 3), (1, 1, 3), (2, 1, 3))((2, 0, 3), (2, 0, 4), (2, 0, 5), (2, 1, 5), (2, 2, 5))((1, 0, 3), (1, 0, 4), (1, 0, 5), (1, 1, 5), (1, 2, 5))((0, 0, 3), (0, 0, 4), (0, 0, 5), (0, 1, 5), (0, 2, 5))((4, 1, 5), (4, 1, 6), (4, 1, 7), (4, 2, 7), (4, 3, 7))((0, 1, 4), (0, 2, 4), (0, 3, 4), (1, 1, 4), (2, 1, 4))((1, 4, 4), (2, 4, 4), (3, 4, 4), (3, 4, 5), (3, 4, 6))((1, 2, 4), (2, 2, 4), (3, 0, 4), (3, 1, 4), (3, 2, 4))((0, 3, 5), (0, 3, 6), (0, 3, 7), (1, 3, 5), (2, 3, 5))((1, 3, 4), (2, 3, 4), (3, 3, 4), (3, 3, 5), (3, 3, 6))((4, 2, 6), (4, 3, 6), (4, 4, 6), (4, 4, 7), (4, 4, 8))((2, 0, 8), (3, 0, 8), (4, 0, 6), (4, 0, 7), (4, 0, 8))((2, 1, 8), (3, 1, 8), (4, 1, 8), (4, 2, 8), (4, 3, 8))((1, 1, 7), (2, 1, 7), (3, 1, 5), (3, 1, 6), (3, 1, 7))((1, 0, 7), (2, 0, 7), (3, 0, 5), (3, 0, 6), (3, 0, 7))((3, 2, 5), (3, 2, 6), (3, 2, 7), (3, 3, 7), (3, 4, 7))((1, 0, 8), (1, 1, 8), (1, 2, 8), (2, 2, 8), (3, 2, 8))((1, 3, 6), (1, 3, 7), (1, 3, 8), (2, 3, 8), (3, 3, 8))((1, 4, 6), (1, 4, 7), (1, 4, 8), (2, 4, 8), (3, 4, 8))((0, 2, 7), (1, 2, 7), (2, 2, 7), (2, 3, 7), (2, 4, 7))((0, 2, 8), (0, 3, 8), (0, 4, 6), (0, 4, 7), (0, 4, 8))((0, 1, 6), (0, 1, 7), (0, 1, 8), (1, 1, 6), (2, 1, 6))((0, 2, 6), (1, 2, 6), (2, 2, 6), (2, 3, 6), (2, 4, 6))((0, 0, 6), (0, 0, 7), (0, 0, 8), (1, 0, 6), (2, 0, 6))
165
((0, 0, 0), (0, 0, 1), (0, 0, 2), (1, 0, 2), (2, 0, 2))((1, 0, 1), (2, 0, 1), (3, 0, 1), (3, 0, 2), (3, 0, 3))((1, 0, 0), (1, 1, 0), (1, 2, 0), (2, 0, 0), (3, 0, 0))((4, 0, 0), (4, 0, 1), (4, 0, 2), (4, 1, 2), (4, 2, 2))((4, 0, 3), (4, 0, 4), (4, 0, 5), (4, 1, 3), (4, 2, 3))((0, 1, 0), (0, 1, 1), (0, 1, 2), (1, 1, 2), (2, 1, 2))((2, 3, 1), (3, 3, 1), (4, 1, 1), (4, 2, 1), (4, 3, 1))((1, 1, 1), (2, 1, 1), (3, 1, 1), (3, 1, 2), (3, 1, 3))((2, 1, 0), (2, 2, 0), (2, 3, 0), (3, 1, 0), (4, 1, 0))((1, 3, 0), (1, 3, 1), (1, 3, 2), (2, 3, 2), (3, 3, 2))((4, 2, 0), (4, 3, 0), (4, 4, 0), (4, 4, 1), (4, 4, 2))((4, 1, 4), (4, 2, 4), (4, 3, 2), (4, 3, 3), (4, 3, 4))((0, 2, 0), (0, 3, 0), (0, 4, 0), (1, 4, 0), (2, 4, 0))((3, 2, 0), (3, 2, 1), (3, 2, 2), (3, 3, 0), (3, 4, 0))((3, 2, 3), (3, 3, 3), (3, 4, 1), (3, 4, 2), (3, 4, 3))((4, 2, 5), (4, 3, 5), (4, 4, 3), (4, 4, 4), (4, 4, 5))((0, 2, 1), (0, 3, 1), (0, 4, 1), (1, 4, 1), (2, 4, 1))((1, 2, 1), (1, 2, 2), (1, 2, 3), (1, 3, 3), (1, 4, 3))((2, 2, 1), (2, 2, 2), (2, 2, 3), (2, 3, 3), (2, 4, 3))((0, 2, 2), (0, 3, 2), (0, 4, 2), (1, 4, 2), (2, 4, 2))((0, 4, 3), (0, 4, 4), (0, 4, 5), (1, 4, 5), (2, 4, 5))((0, 1, 3), (0, 2, 3), (0, 3, 3), (1, 1, 3), (2, 1, 3))((2, 0, 3), (2, 0, 4), (2, 0, 5), (2, 1, 5), (2, 2, 5))((1, 0, 3), (1, 0, 4), (1, 0, 5), (1, 1, 5), (1, 2, 5))((0, 0, 3), (0, 0, 4), (0, 0, 5), (0, 1, 5), (0, 2, 5))((4, 1, 5), (4, 1, 6), (4, 1, 7), (4, 2, 7), (4, 3, 7))((0, 1, 4), (0, 2, 4), (0, 3, 4), (1, 1, 4), (2, 1, 4))((1, 4, 4), (2, 4, 4), (3, 4, 4), (3, 4, 5), (3, 4, 6))((1, 2, 4), (2, 2, 4), (3, 0, 4), (3, 1, 4), (3, 2, 4))((0, 3, 5), (0, 3, 6), (0, 3, 7), (1, 3, 5), (2, 3, 5))((1, 3, 4), (2, 3, 4), (3, 3, 4), (3, 3, 5), (3, 3, 6))((4, 2, 6), (4, 3, 6), (4, 4, 6), (4, 4, 7), (4, 4, 8))((4, 0, 6), (4, 0, 7), (4, 0, 8), (4, 1, 8), (4, 2, 8))((2, 1, 8), (2, 2, 8), (2, 3, 8), (3, 3, 8), (4, 3, 8))((1, 4, 6), (1, 4, 7), (1, 4, 8), (2, 4, 8), (3, 4, 8))((0, 2, 7), (1, 2, 7), (2, 2, 7), (2, 3, 7), (2, 4, 7))((3, 2, 5), (3, 2, 6), (3, 2, 7), (3, 3, 7), (3, 4, 7))((1, 1, 7), (2, 1, 7), (3, 1, 5), (3, 1, 6), (3, 1, 7))((1, 0, 7), (2, 0, 7), (3, 0, 5), (3, 0, 6), (3, 0, 7))((1, 0, 8), (2, 0, 8), (3, 0, 8), (3, 1, 8), (3, 2, 8))((1, 1, 8), (1, 2, 8), (1, 3, 6), (1, 3, 7), (1, 3, 8))((0, 2, 8), (0, 3, 8), (0, 4, 6), (0, 4, 7), (0, 4, 8))((0, 1, 6), (0, 1, 7), (0, 1, 8), (1, 1, 6), (2, 1, 6))((0, 2, 6), (1, 2, 6), (2, 2, 6), (2, 3, 6), (2, 4, 6))((0, 0, 6), (0, 0, 7), (0, 0, 8), (1, 0, 6), (2, 0, 6))
166
((0, 0, 0), (0, 0, 1), (0, 0, 2), (1, 0, 2), (2, 0, 2))((1, 0, 1), (2, 0, 1), (3, 0, 1), (3, 0, 2), (3, 0, 3))((1, 0, 0), (1, 1, 0), (1, 2, 0), (2, 0, 0), (3, 0, 0))((4, 0, 0), (4, 0, 1), (4, 0, 2), (4, 1, 2), (4, 2, 2))((4, 0, 3), (4, 0, 4), (4, 0, 5), (4, 1, 3), (4, 2, 3))((0, 1, 0), (0, 1, 1), (0, 1, 2), (1, 1, 2), (2, 1, 2))((2, 3, 1), (3, 3, 1), (4, 1, 1), (4, 2, 1), (4, 3, 1))((1, 1, 1), (2, 1, 1), (3, 1, 1), (3, 1, 2), (3, 1, 3))((2, 1, 0), (2, 2, 0), (2, 3, 0), (3, 1, 0), (4, 1, 0))((1, 3, 0), (1, 3, 1), (1, 3, 2), (2, 3, 2), (3, 3, 2))((4, 2, 0), (4, 3, 0), (4, 4, 0), (4, 4, 1), (4, 4, 2))((4, 1, 4), (4, 2, 4), (4, 3, 2), (4, 3, 3), (4, 3, 4))((0, 2, 0), (0, 3, 0), (0, 4, 0), (1, 4, 0), (2, 4, 0))((3, 2, 0), (3, 2, 1), (3, 2, 2), (3, 3, 0), (3, 4, 0))((3, 2, 3), (3, 3, 3), (3, 4, 1), (3, 4, 2), (3, 4, 3))((4, 2, 5), (4, 3, 5), (4, 4, 3), (4, 4, 4), (4, 4, 5))((1, 2, 3), (1, 3, 3), (1, 4, 1), (1, 4, 2), (1, 4, 3))((2, 2, 3), (2, 3, 3), (2, 4, 1), (2, 4, 2), (2, 4, 3))((0, 2, 1), (0, 3, 1), (0, 4, 1), (1, 2, 1), (2, 2, 1))((0, 2, 2), (0, 3, 2), (0, 4, 2), (1, 2, 2), (2, 2, 2))((0, 2, 3), (0, 2, 4), (0, 2, 5), (0, 3, 3), (0, 4, 3))((0, 1, 3), (0, 1, 4), (0, 1, 5), (1, 1, 3), (2, 1, 3))((0, 0, 3), (0, 0, 4), (0, 0, 5), (1, 0, 3), (2, 0, 3))((0, 4, 4), (0, 4, 5), (0, 4, 6), (1, 4, 6), (2, 4, 6))((0, 2, 7), (0, 3, 7), (0, 4, 7), (1, 4, 7), (2, 4, 7))((0, 2, 8), (0, 3, 8), (0, 4, 8), (1, 4, 8), (2, 4, 8))((4, 2, 6), (4, 3, 6), (4, 4, 6), (4, 4, 7), (4, 4, 8))((1, 4, 5), (2, 4, 5), (3, 2, 5), (3, 3, 5), (3, 4, 5))((3, 2, 6), (3, 3, 6), (3, 4, 6), (3, 4, 7), (3, 4, 8))((1, 4, 4), (2, 4, 4), (3, 2, 4), (3, 3, 4), (3, 4, 4))((1, 1, 6), (2, 1, 6), (3, 1, 4), (3, 1, 5), (3, 1, 6))((4, 1, 5), (4, 1, 6), (4, 1, 7), (4, 2, 7), (4, 3, 7))((0, 1, 6), (0, 1, 7), (0, 1, 8), (0, 2, 6), (0, 3, 6))((0, 3, 5), (1, 3, 5), (2, 3, 5), (2, 3, 6), (2, 3, 7))((0, 3, 4), (1, 3, 4), (2, 1, 4), (2, 2, 4), (2, 3, 4))((1, 1, 7), (2, 1, 7), (3, 1, 7), (3, 2, 7), (3, 3, 7))((1, 1, 8), (1, 2, 8), (1, 3, 6), (1, 3, 7), (1, 3, 8))((1, 0, 5), (1, 1, 5), (1, 2, 5), (1, 2, 6), (1, 2, 7))((1, 0, 4), (1, 1, 4), (1, 2, 4), (2, 0, 4), (3, 0, 4))((1, 0, 7), (2, 0, 7), (3, 0, 5), (3, 0, 6), (3, 0, 7))((2, 0, 5), (2, 1, 5), (2, 2, 5), (2, 2, 6), (2, 2, 7))((0, 0, 6), (0, 0, 7), (0, 0, 8), (1, 0, 6), (2, 0, 6))((1, 0, 8), (2, 0, 8), (3, 0, 8), (3, 1, 8), (3, 2, 8))((4, 0, 6), (4, 0, 7), (4, 0, 8), (4, 1, 8), (4, 2, 8))((2, 1, 8), (2, 2, 8), (2, 3, 8), (3, 3, 8), (4, 3, 8))
167
((0, 0, 0), (0, 0, 1), (0, 0, 2), (1, 0, 2), (2, 0, 2))((1, 0, 1), (2, 0, 1), (3, 0, 1), (3, 0, 2), (3, 0, 3))((1, 0, 0), (1, 1, 0), (1, 2, 0), (2, 0, 0), (3, 0, 0))((4, 0, 0), (4, 0, 1), (4, 0, 2), (4, 1, 2), (4, 2, 2))((4, 0, 3), (4, 0, 4), (4, 0, 5), (4, 1, 3), (4, 2, 3))((0, 1, 0), (0, 1, 1), (0, 1, 2), (1, 1, 2), (2, 1, 2))((2, 3, 1), (3, 3, 1), (4, 1, 1), (4, 2, 1), (4, 3, 1))((1, 1, 1), (2, 1, 1), (3, 1, 1), (3, 1, 2), (3, 1, 3))((2, 1, 0), (2, 2, 0), (2, 3, 0), (3, 1, 0), (4, 1, 0))((1, 3, 0), (1, 3, 1), (1, 3, 2), (2, 3, 2), (3, 3, 2))((4, 2, 0), (4, 3, 0), (4, 4, 0), (4, 4, 1), (4, 4, 2))((4, 1, 4), (4, 2, 4), (4, 3, 2), (4, 3, 3), (4, 3, 4))((0, 2, 0), (0, 3, 0), (0, 4, 0), (1, 4, 0), (2, 4, 0))((3, 2, 0), (3, 2, 1), (3, 2, 2), (3, 3, 0), (3, 4, 0))((3, 2, 3), (3, 3, 3), (3, 4, 1), (3, 4, 2), (3, 4, 3))((4, 2, 5), (4, 3, 5), (4, 4, 3), (4, 4, 4), (4, 4, 5))((1, 2, 3), (1, 3, 3), (1, 4, 1), (1, 4, 2), (1, 4, 3))((2, 2, 3), (2, 3, 3), (2, 4, 1), (2, 4, 2), (2, 4, 3))((0, 2, 1), (0, 3, 1), (0, 4, 1), (1, 2, 1), (2, 2, 1))((0, 2, 2), (0, 3, 2), (0, 4, 2), (1, 2, 2), (2, 2, 2))((0, 2, 3), (0, 2, 4), (0, 2, 5), (0, 3, 3), (0, 4, 3))((0, 1, 3), (0, 1, 4), (0, 1, 5), (1, 1, 3), (2, 1, 3))((0, 0, 3), (0, 0, 4), (0, 0, 5), (1, 0, 3), (2, 0, 3))((0, 4, 4), (0, 4, 5), (0, 4, 6), (1, 4, 6), (2, 4, 6))((0, 2, 7), (0, 3, 7), (0, 4, 7), (1, 4, 7), (2, 4, 7))((0, 2, 8), (0, 3, 8), (0, 4, 8), (1, 4, 8), (2, 4, 8))((4, 2, 6), (4, 3, 6), (4, 4, 6), (4, 4, 7), (4, 4, 8))((1, 4, 5), (2, 4, 5), (3, 2, 5), (3, 3, 5), (3, 4, 5))((3, 2, 6), (3, 3, 6), (3, 4, 6), (3, 4, 7), (3, 4, 8))((1, 4, 4), (2, 4, 4), (3, 2, 4), (3, 3, 4), (3, 4, 4))((1, 1, 6), (2, 1, 6), (3, 1, 4), (3, 1, 5), (3, 1, 6))((4, 1, 5), (4, 1, 6), (4, 1, 7), (4, 2, 7), (4, 3, 7))((0, 1, 6), (0, 1, 7), (0, 1, 8), (0, 2, 6), (0, 3, 6))((0, 3, 5), (1, 3, 5), (2, 3, 5), (2, 3, 6), (2, 3, 7))((0, 3, 4), (1, 3, 4), (2, 1, 4), (2, 2, 4), (2, 3, 4))((1, 1, 7), (2, 1, 7), (3, 1, 7), (3, 2, 7), (3, 3, 7))((1, 3, 6), (1, 3, 7), (1, 3, 8), (2, 3, 8), (3, 3, 8))((2, 1, 8), (3, 1, 8), (4, 1, 8), (4, 2, 8), (4, 3, 8))((2, 0, 5), (2, 1, 5), (2, 2, 5), (2, 2, 6), (2, 2, 7))((2, 0, 8), (3, 0, 8), (4, 0, 6), (4, 0, 7), (4, 0, 8))((0, 0, 6), (0, 0, 7), (0, 0, 8), (1, 0, 6), (2, 0, 6))((1, 0, 7), (2, 0, 7), (3, 0, 5), (3, 0, 6), (3, 0, 7))((1, 0, 5), (1, 1, 5), (1, 2, 5), (1, 2, 6), (1, 2, 7))((1, 0, 8), (1, 1, 8), (1, 2, 8), (2, 2, 8), (3, 2, 8))((1, 0, 4), (1, 1, 4), (1, 2, 4), (2, 0, 4), (3, 0, 4))
168
((0, 0, 0), (0, 0, 1), (0, 0, 2), (1, 0, 2), (2, 0, 2))((1, 0, 1), (2, 0, 1), (3, 0, 1), (3, 0, 2), (3, 0, 3))((1, 0, 0), (1, 1, 0), (1, 2, 0), (2, 0, 0), (3, 0, 0))((4, 0, 0), (4, 0, 1), (4, 0, 2), (4, 1, 2), (4, 2, 2))((4, 0, 3), (4, 0, 4), (4, 0, 5), (4, 1, 3), (4, 2, 3))((0, 1, 0), (0, 1, 1), (0, 1, 2), (1, 1, 2), (2, 1, 2))((2, 3, 1), (3, 3, 1), (4, 1, 1), (4, 2, 1), (4, 3, 1))((1, 1, 1), (2, 1, 1), (3, 1, 1), (3, 1, 2), (3, 1, 3))((2, 1, 0), (2, 2, 0), (2, 3, 0), (3, 1, 0), (4, 1, 0))((1, 3, 0), (1, 3, 1), (1, 3, 2), (2, 3, 2), (3, 3, 2))((4, 2, 0), (4, 3, 0), (4, 4, 0), (4, 4, 1), (4, 4, 2))((4, 1, 4), (4, 2, 4), (4, 3, 2), (4, 3, 3), (4, 3, 4))((0, 2, 0), (0, 3, 0), (0, 4, 0), (1, 4, 0), (2, 4, 0))((3, 2, 0), (3, 2, 1), (3, 2, 2), (3, 3, 0), (3, 4, 0))((3, 2, 3), (3, 3, 3), (3, 4, 1), (3, 4, 2), (3, 4, 3))((4, 2, 5), (4, 3, 5), (4, 4, 3), (4, 4, 4), (4, 4, 5))((1, 2, 3), (1, 3, 3), (1, 4, 1), (1, 4, 2), (1, 4, 3))((2, 2, 3), (2, 3, 3), (2, 4, 1), (2, 4, 2), (2, 4, 3))((0, 2, 1), (0, 3, 1), (0, 4, 1), (1, 2, 1), (2, 2, 1))((0, 2, 2), (0, 3, 2), (0, 4, 2), (1, 2, 2), (2, 2, 2))((0, 2, 3), (0, 2, 4), (0, 2, 5), (0, 3, 3), (0, 4, 3))((0, 1, 3), (0, 1, 4), (0, 1, 5), (1, 1, 3), (2, 1, 3))((0, 0, 3), (0, 0, 4), (0, 0, 5), (1, 0, 3), (2, 0, 3))((0, 2, 6), (0, 3, 6), (0, 4, 4), (0, 4, 5), (0, 4, 6))((0, 3, 5), (1, 3, 5), (2, 3, 5), (2, 3, 6), (2, 3, 7))((0, 3, 4), (1, 3, 4), (2, 1, 4), (2, 2, 4), (2, 3, 4))((0, 2, 7), (0, 3, 7), (0, 4, 7), (1, 4, 7), (2, 4, 7))((1, 4, 5), (2, 4, 5), (3, 2, 5), (3, 3, 5), (3, 4, 5))((1, 4, 4), (2, 4, 4), (3, 2, 4), (3, 3, 4), (3, 4, 4))((3, 1, 4), (3, 1, 5), (3, 1, 6), (3, 2, 6), (3, 3, 6))((4, 1, 5), (4, 1, 6), (4, 1, 7), (4, 2, 7), (4, 3, 7))((4, 2, 6), (4, 3, 6), (4, 4, 6), (4, 4, 7), (4, 4, 8))((1, 4, 6), (2, 4, 6), (3, 4, 6), (3, 4, 7), (3, 4, 8))((1, 1, 7), (2, 1, 7), (3, 1, 7), (3, 2, 7), (3, 3, 7))((2, 0, 5), (2, 1, 5), (2, 2, 5), (2, 2, 6), (2, 2, 7))((0, 1, 6), (0, 1, 7), (0, 1, 8), (1, 1, 6), (2, 1, 6))((1, 1, 8), (1, 2, 8), (1, 3, 6), (1, 3, 7), (1, 3, 8))((0, 2, 8), (0, 3, 8), (0, 4, 8), (1, 4, 8), (2, 4, 8))((1, 0, 5), (1, 1, 5), (1, 2, 5), (1, 2, 6), (1, 2, 7))((1, 0, 4), (1, 1, 4), (1, 2, 4), (2, 0, 4), (3, 0, 4))((1, 0, 7), (2, 0, 7), (3, 0, 5), (3, 0, 6), (3, 0, 7))((0, 0, 6), (0, 0, 7), (0, 0, 8), (1, 0, 6), (2, 0, 6))((1, 0, 8), (2, 0, 8), (3, 0, 8), (3, 1, 8), (3, 2, 8))((4, 0, 6), (4, 0, 7), (4, 0, 8), (4, 1, 8), (4, 2, 8))((2, 1, 8), (2, 2, 8), (2, 3, 8), (3, 3, 8), (4, 3, 8))
169
((0, 0, 0), (0, 0, 1), (0, 0, 2), (1, 0, 2), (2, 0, 2))((1, 0, 1), (2, 0, 1), (3, 0, 1), (3, 0, 2), (3, 0, 3))((1, 0, 0), (1, 1, 0), (1, 2, 0), (2, 0, 0), (3, 0, 0))((4, 0, 0), (4, 0, 1), (4, 0, 2), (4, 1, 2), (4, 2, 2))((4, 0, 3), (4, 0, 4), (4, 0, 5), (4, 1, 3), (4, 2, 3))((0, 1, 0), (0, 1, 1), (0, 1, 2), (1, 1, 2), (2, 1, 2))((2, 3, 1), (3, 3, 1), (4, 1, 1), (4, 2, 1), (4, 3, 1))((1, 1, 1), (2, 1, 1), (3, 1, 1), (3, 1, 2), (3, 1, 3))((2, 1, 0), (2, 2, 0), (2, 3, 0), (3, 1, 0), (4, 1, 0))((1, 3, 0), (1, 3, 1), (1, 3, 2), (2, 3, 2), (3, 3, 2))((4, 2, 0), (4, 3, 0), (4, 4, 0), (4, 4, 1), (4, 4, 2))((4, 1, 4), (4, 2, 4), (4, 3, 2), (4, 3, 3), (4, 3, 4))((0, 2, 0), (0, 3, 0), (0, 4, 0), (1, 4, 0), (2, 4, 0))((3, 2, 0), (3, 2, 1), (3, 2, 2), (3, 3, 0), (3, 4, 0))((3, 2, 3), (3, 3, 3), (3, 4, 1), (3, 4, 2), (3, 4, 3))((4, 2, 5), (4, 3, 5), (4, 4, 3), (4, 4, 4), (4, 4, 5))((1, 2, 3), (1, 3, 3), (1, 4, 1), (1, 4, 2), (1, 4, 3))((2, 2, 3), (2, 3, 3), (2, 4, 1), (2, 4, 2), (2, 4, 3))((0, 2, 1), (0, 3, 1), (0, 4, 1), (1, 2, 1), (2, 2, 1))((0, 2, 2), (0, 3, 2), (0, 4, 2), (1, 2, 2), (2, 2, 2))((0, 2, 3), (0, 2, 4), (0, 2, 5), (0, 3, 3), (0, 4, 3))((0, 1, 3), (0, 1, 4), (0, 1, 5), (1, 1, 3), (2, 1, 3))((0, 0, 3), (0, 0, 4), (0, 0, 5), (1, 0, 3), (2, 0, 3))((0, 2, 6), (0, 3, 6), (0, 4, 4), (0, 4, 5), (0, 4, 6))((0, 3, 5), (1, 3, 5), (2, 3, 5), (2, 3, 6), (2, 3, 7))((0, 3, 4), (1, 3, 4), (2, 1, 4), (2, 2, 4), (2, 3, 4))((0, 2, 7), (0, 3, 7), (0, 4, 7), (1, 4, 7), (2, 4, 7))((1, 4, 5), (2, 4, 5), (3, 2, 5), (3, 3, 5), (3, 4, 5))((1, 4, 4), (2, 4, 4), (3, 2, 4), (3, 3, 4), (3, 4, 4))((3, 1, 4), (3, 1, 5), (3, 1, 6), (3, 2, 6), (3, 3, 6))((4, 1, 5), (4, 1, 6), (4, 1, 7), (4, 2, 7), (4, 3, 7))((4, 2, 6), (4, 3, 6), (4, 4, 6), (4, 4, 7), (4, 4, 8))((1, 4, 6), (2, 4, 6), (3, 4, 6), (3, 4, 7), (3, 4, 8))((1, 1, 7), (2, 1, 7), (3, 1, 7), (3, 2, 7), (3, 3, 7))((2, 0, 5), (2, 1, 5), (2, 2, 5), (2, 2, 6), (2, 2, 7))((0, 1, 6), (0, 1, 7), (0, 1, 8), (1, 1, 6), (2, 1, 6))((1, 3, 6), (1, 3, 7), (1, 3, 8), (2, 3, 8), (3, 3, 8))((2, 1, 8), (3, 1, 8), (4, 1, 8), (4, 2, 8), (4, 3, 8))((0, 2, 8), (0, 3, 8), (0, 4, 8), (1, 4, 8), (2, 4, 8))((2, 0, 8), (3, 0, 8), (4, 0, 6), (4, 0, 7), (4, 0, 8))((0, 0, 6), (0, 0, 7), (0, 0, 8), (1, 0, 6), (2, 0, 6))((1, 0, 7), (2, 0, 7), (3, 0, 5), (3, 0, 6), (3, 0, 7))((1, 0, 5), (1, 1, 5), (1, 2, 5), (1, 2, 6), (1, 2, 7))((1, 0, 8), (1, 1, 8), (1, 2, 8), (2, 2, 8), (3, 2, 8))((1, 0, 4), (1, 1, 4), (1, 2, 4), (2, 0, 4), (3, 0, 4))
170
((0, 0, 0), (0, 0, 1), (0, 0, 2), (1, 0, 2), (2, 0, 2))((1, 0, 1), (2, 0, 1), (3, 0, 1), (3, 0, 2), (3, 0, 3))((1, 0, 0), (1, 1, 0), (1, 2, 0), (2, 0, 0), (3, 0, 0))((4, 0, 0), (4, 0, 1), (4, 0, 2), (4, 1, 2), (4, 2, 2))((4, 0, 3), (4, 0, 4), (4, 0, 5), (4, 1, 3), (4, 2, 3))((0, 1, 0), (0, 1, 1), (0, 1, 2), (1, 1, 2), (2, 1, 2))((2, 3, 1), (3, 3, 1), (4, 1, 1), (4, 2, 1), (4, 3, 1))((1, 1, 1), (2, 1, 1), (3, 1, 1), (3, 1, 2), (3, 1, 3))((2, 1, 0), (2, 2, 0), (2, 3, 0), (3, 1, 0), (4, 1, 0))((1, 3, 0), (1, 3, 1), (1, 3, 2), (2, 3, 2), (3, 3, 2))((4, 2, 0), (4, 3, 0), (4, 4, 0), (4, 4, 1), (4, 4, 2))((4, 1, 4), (4, 2, 4), (4, 3, 2), (4, 3, 3), (4, 3, 4))((0, 2, 0), (0, 3, 0), (0, 4, 0), (1, 4, 0), (2, 4, 0))((3, 2, 0), (3, 2, 1), (3, 2, 2), (3, 3, 0), (3, 4, 0))((3, 2, 3), (3, 3, 3), (3, 4, 1), (3, 4, 2), (3, 4, 3))((4, 2, 5), (4, 3, 5), (4, 4, 3), (4, 4, 4), (4, 4, 5))((1, 2, 3), (1, 3, 3), (1, 4, 1), (1, 4, 2), (1, 4, 3))((2, 2, 3), (2, 3, 3), (2, 4, 1), (2, 4, 2), (2, 4, 3))((0, 2, 1), (0, 3, 1), (0, 4, 1), (1, 2, 1), (2, 2, 1))((0, 2, 2), (0, 3, 2), (0, 4, 2), (1, 2, 2), (2, 2, 2))((0, 2, 3), (0, 3, 3), (0, 4, 3), (0, 4, 4), (0, 4, 5))((0, 0, 3), (0, 0, 4), (0, 0, 5), (1, 0, 3), (2, 0, 3))((0, 1, 3), (0, 1, 4), (0, 1, 5), (1, 1, 3), (2, 1, 3))((0, 3, 4), (1, 3, 4), (2, 1, 4), (2, 2, 4), (2, 3, 4))((0, 2, 4), (0, 2, 5), (0, 2, 6), (0, 3, 6), (0, 4, 6))((0, 3, 5), (1, 3, 5), (2, 3, 5), (2, 3, 6), (2, 3, 7))((0, 2, 7), (0, 3, 7), (0, 4, 7), (1, 4, 7), (2, 4, 7))((1, 4, 5), (2, 4, 5), (3, 2, 5), (3, 3, 5), (3, 4, 5))((1, 4, 4), (2, 4, 4), (3, 2, 4), (3, 3, 4), (3, 4, 4))((3, 1, 4), (3, 1, 5), (3, 1, 6), (3, 2, 6), (3, 3, 6))((4, 1, 5), (4, 1, 6), (4, 1, 7), (4, 2, 7), (4, 3, 7))((4, 2, 6), (4, 3, 6), (4, 4, 6), (4, 4, 7), (4, 4, 8))((1, 4, 6), (2, 4, 6), (3, 4, 6), (3, 4, 7), (3, 4, 8))((1, 1, 7), (2, 1, 7), (3, 1, 7), (3, 2, 7), (3, 3, 7))((2, 0, 5), (2, 1, 5), (2, 2, 5), (2, 2, 6), (2, 2, 7))((0, 1, 6), (0, 1, 7), (0, 1, 8), (1, 1, 6), (2, 1, 6))((1, 1, 8), (1, 2, 8), (1, 3, 6), (1, 3, 7), (1, 3, 8))((0, 2, 8), (0, 3, 8), (0, 4, 8), (1, 4, 8), (2, 4, 8))((1, 0, 5), (1, 1, 5), (1, 2, 5), (1, 2, 6), (1, 2, 7))((1, 0, 4), (1, 1, 4), (1, 2, 4), (2, 0, 4), (3, 0, 4))((1, 0, 7), (2, 0, 7), (3, 0, 5), (3, 0, 6), (3, 0, 7))((0, 0, 6), (0, 0, 7), (0, 0, 8), (1, 0, 6), (2, 0, 6))((1, 0, 8), (2, 0, 8), (3, 0, 8), (3, 1, 8), (3, 2, 8))((4, 0, 6), (4, 0, 7), (4, 0, 8), (4, 1, 8), (4, 2, 8))((2, 1, 8), (2, 2, 8), (2, 3, 8), (3, 3, 8), (4, 3, 8))
171
((0, 0, 0), (0, 0, 1), (0, 0, 2), (1, 0, 2), (2, 0, 2))((1, 0, 1), (2, 0, 1), (3, 0, 1), (3, 0, 2), (3, 0, 3))((1, 0, 0), (1, 1, 0), (1, 2, 0), (2, 0, 0), (3, 0, 0))((4, 0, 0), (4, 0, 1), (4, 0, 2), (4, 1, 2), (4, 2, 2))((4, 0, 3), (4, 0, 4), (4, 0, 5), (4, 1, 3), (4, 2, 3))((0, 1, 0), (0, 1, 1), (0, 1, 2), (1, 1, 2), (2, 1, 2))((2, 3, 1), (3, 3, 1), (4, 1, 1), (4, 2, 1), (4, 3, 1))((1, 1, 1), (2, 1, 1), (3, 1, 1), (3, 1, 2), (3, 1, 3))((2, 1, 0), (2, 2, 0), (2, 3, 0), (3, 1, 0), (4, 1, 0))((1, 3, 0), (1, 3, 1), (1, 3, 2), (2, 3, 2), (3, 3, 2))((4, 2, 0), (4, 3, 0), (4, 4, 0), (4, 4, 1), (4, 4, 2))((4, 1, 4), (4, 2, 4), (4, 3, 2), (4, 3, 3), (4, 3, 4))((0, 2, 0), (0, 3, 0), (0, 4, 0), (1, 4, 0), (2, 4, 0))((3, 2, 0), (3, 2, 1), (3, 2, 2), (3, 3, 0), (3, 4, 0))((3, 2, 3), (3, 3, 3), (3, 4, 1), (3, 4, 2), (3, 4, 3))((4, 2, 5), (4, 3, 5), (4, 4, 3), (4, 4, 4), (4, 4, 5))((1, 2, 3), (1, 3, 3), (1, 4, 1), (1, 4, 2), (1, 4, 3))((2, 2, 3), (2, 3, 3), (2, 4, 1), (2, 4, 2), (2, 4, 3))((0, 2, 1), (0, 3, 1), (0, 4, 1), (1, 2, 1), (2, 2, 1))((0, 2, 2), (0, 3, 2), (0, 4, 2), (1, 2, 2), (2, 2, 2))((0, 2, 3), (0, 3, 3), (0, 4, 3), (0, 4, 4), (0, 4, 5))((0, 0, 3), (0, 0, 4), (0, 0, 5), (1, 0, 3), (2, 0, 3))((0, 1, 3), (0, 1, 4), (0, 1, 5), (1, 1, 3), (2, 1, 3))((0, 3, 4), (1, 3, 4), (2, 1, 4), (2, 2, 4), (2, 3, 4))((0, 2, 4), (0, 2, 5), (0, 2, 6), (0, 3, 6), (0, 4, 6))((0, 3, 5), (1, 3, 5), (2, 3, 5), (2, 3, 6), (2, 3, 7))((0, 2, 7), (0, 3, 7), (0, 4, 7), (1, 4, 7), (2, 4, 7))((1, 4, 5), (2, 4, 5), (3, 2, 5), (3, 3, 5), (3, 4, 5))((1, 4, 4), (2, 4, 4), (3, 2, 4), (3, 3, 4), (3, 4, 4))((3, 1, 4), (3, 1, 5), (3, 1, 6), (3, 2, 6), (3, 3, 6))((4, 1, 5), (4, 1, 6), (4, 1, 7), (4, 2, 7), (4, 3, 7))((4, 2, 6), (4, 3, 6), (4, 4, 6), (4, 4, 7), (4, 4, 8))((1, 4, 6), (2, 4, 6), (3, 4, 6), (3, 4, 7), (3, 4, 8))((1, 1, 7), (2, 1, 7), (3, 1, 7), (3, 2, 7), (3, 3, 7))((2, 0, 5), (2, 1, 5), (2, 2, 5), (2, 2, 6), (2, 2, 7))((0, 1, 6), (0, 1, 7), (0, 1, 8), (1, 1, 6), (2, 1, 6))((1, 3, 6), (1, 3, 7), (1, 3, 8), (2, 3, 8), (3, 3, 8))((2, 1, 8), (3, 1, 8), (4, 1, 8), (4, 2, 8), (4, 3, 8))((0, 2, 8), (0, 3, 8), (0, 4, 8), (1, 4, 8), (2, 4, 8))((2, 0, 8), (3, 0, 8), (4, 0, 6), (4, 0, 7), (4, 0, 8))((0, 0, 6), (0, 0, 7), (0, 0, 8), (1, 0, 6), (2, 0, 6))((1, 0, 7), (2, 0, 7), (3, 0, 5), (3, 0, 6), (3, 0, 7))((1, 0, 5), (1, 1, 5), (1, 2, 5), (1, 2, 6), (1, 2, 7))((1, 0, 8), (1, 1, 8), (1, 2, 8), (2, 2, 8), (3, 2, 8))((1, 0, 4), (1, 1, 4), (1, 2, 4), (2, 0, 4), (3, 0, 4))
172
((0, 0, 0), (0, 0, 1), (0, 0, 2), (1, 0, 2), (2, 0, 2))((1, 0, 1), (2, 0, 1), (3, 0, 1), (3, 0, 2), (3, 0, 3))((1, 0, 0), (1, 1, 0), (1, 2, 0), (2, 0, 0), (3, 0, 0))((4, 0, 0), (4, 0, 1), (4, 0, 2), (4, 1, 2), (4, 2, 2))((4, 0, 3), (4, 0, 4), (4, 0, 5), (4, 1, 3), (4, 2, 3))((0, 1, 0), (0, 1, 1), (0, 1, 2), (1, 1, 2), (2, 1, 2))((2, 3, 1), (3, 3, 1), (4, 1, 1), (4, 2, 1), (4, 3, 1))((1, 1, 1), (2, 1, 1), (3, 1, 1), (3, 1, 2), (3, 1, 3))((2, 1, 0), (2, 2, 0), (2, 3, 0), (3, 1, 0), (4, 1, 0))((1, 3, 0), (1, 3, 1), (1, 3, 2), (2, 3, 2), (3, 3, 2))((4, 2, 0), (4, 3, 0), (4, 4, 0), (4, 4, 1), (4, 4, 2))((4, 1, 4), (4, 2, 4), (4, 3, 2), (4, 3, 3), (4, 3, 4))((0, 2, 0), (0, 3, 0), (0, 4, 0), (1, 4, 0), (2, 4, 0))((3, 2, 0), (3, 2, 1), (3, 2, 2), (3, 3, 0), (3, 4, 0))((3, 2, 3), (3, 3, 3), (3, 4, 1), (3, 4, 2), (3, 4, 3))((4, 2, 5), (4, 3, 5), (4, 4, 3), (4, 4, 4), (4, 4, 5))((1, 2, 3), (1, 3, 3), (1, 4, 1), (1, 4, 2), (1, 4, 3))((2, 2, 3), (2, 3, 3), (2, 4, 1), (2, 4, 2), (2, 4, 3))((0, 2, 1), (0, 3, 1), (0, 4, 1), (1, 2, 1), (2, 2, 1))((0, 2, 2), (0, 3, 2), (0, 4, 2), (1, 2, 2), (2, 2, 2))((0, 4, 3), (0, 4, 4), (0, 4, 5), (1, 4, 5), (2, 4, 5))((0, 1, 3), (0, 2, 3), (0, 3, 3), (1, 1, 3), (2, 1, 3))((2, 0, 3), (2, 0, 4), (2, 0, 5), (2, 1, 5), (2, 2, 5))((1, 0, 3), (1, 0, 4), (1, 0, 5), (1, 1, 5), (1, 2, 5))((0, 0, 3), (0, 0, 4), (0, 0, 5), (0, 1, 5), (0, 2, 5))((4, 1, 5), (4, 1, 6), (4, 1, 7), (4, 2, 7), (4, 3, 7))((0, 1, 4), (0, 2, 4), (0, 3, 4), (1, 1, 4), (2, 1, 4))((1, 4, 4), (2, 4, 4), (3, 4, 4), (3, 4, 5), (3, 4, 6))((1, 2, 4), (2, 2, 4), (3, 0, 4), (3, 1, 4), (3, 2, 4))((0, 3, 5), (0, 3, 6), (0, 3, 7), (1, 3, 5), (2, 3, 5))((1, 3, 4), (2, 3, 4), (3, 3, 4), (3, 3, 5), (3, 3, 6))((4, 2, 6), (4, 3, 6), (4, 4, 6), (4, 4, 7), (4, 4, 8))((2, 0, 8), (3, 0, 8), (4, 0, 6), (4, 0, 7), (4, 0, 8))((2, 1, 8), (3, 1, 8), (4, 1, 8), (4, 2, 8), (4, 3, 8))((1, 1, 7), (2, 1, 7), (3, 1, 5), (3, 1, 6), (3, 1, 7))((1, 0, 7), (2, 0, 7), (3, 0, 5), (3, 0, 6), (3, 0, 7))((3, 2, 5), (3, 2, 6), (3, 2, 7), (3, 3, 7), (3, 4, 7))((1, 0, 8), (1, 1, 8), (1, 2, 8), (2, 2, 8), (3, 2, 8))((1, 3, 6), (1, 3, 7), (1, 3, 8), (2, 3, 8), (3, 3, 8))((1, 4, 6), (1, 4, 7), (1, 4, 8), (2, 4, 8), (3, 4, 8))((0, 2, 7), (1, 2, 7), (2, 2, 7), (2, 3, 7), (2, 4, 7))((0, 2, 8), (0, 3, 8), (0, 4, 6), (0, 4, 7), (0, 4, 8))((0, 1, 6), (0, 1, 7), (0, 1, 8), (1, 1, 6), (2, 1, 6))((0, 2, 6), (1, 2, 6), (2, 2, 6), (2, 3, 6), (2, 4, 6))((0, 0, 6), (0, 0, 7), (0, 0, 8), (1, 0, 6), (2, 0, 6))
173
((0, 0, 0), (0, 0, 1), (0, 0, 2), (1, 0, 2), (2, 0, 2))((1, 0, 1), (2, 0, 1), (3, 0, 1), (3, 0, 2), (3, 0, 3))((1, 0, 0), (1, 1, 0), (1, 2, 0), (2, 0, 0), (3, 0, 0))((4, 0, 0), (4, 0, 1), (4, 0, 2), (4, 1, 2), (4, 2, 2))((4, 0, 3), (4, 0, 4), (4, 0, 5), (4, 1, 3), (4, 2, 3))((0, 1, 0), (0, 1, 1), (0, 1, 2), (1, 1, 2), (2, 1, 2))((2, 3, 1), (3, 3, 1), (4, 1, 1), (4, 2, 1), (4, 3, 1))((1, 1, 1), (2, 1, 1), (3, 1, 1), (3, 1, 2), (3, 1, 3))((2, 1, 0), (2, 2, 0), (2, 3, 0), (3, 1, 0), (4, 1, 0))((1, 3, 0), (1, 3, 1), (1, 3, 2), (2, 3, 2), (3, 3, 2))((4, 2, 0), (4, 3, 0), (4, 4, 0), (4, 4, 1), (4, 4, 2))((4, 1, 4), (4, 2, 4), (4, 3, 2), (4, 3, 3), (4, 3, 4))((0, 2, 0), (0, 3, 0), (0, 4, 0), (1, 4, 0), (2, 4, 0))((3, 2, 0), (3, 2, 1), (3, 2, 2), (3, 3, 0), (3, 4, 0))((3, 2, 3), (3, 3, 3), (3, 4, 1), (3, 4, 2), (3, 4, 3))((4, 2, 5), (4, 3, 5), (4, 4, 3), (4, 4, 4), (4, 4, 5))((1, 2, 3), (1, 3, 3), (1, 4, 1), (1, 4, 2), (1, 4, 3))((2, 2, 3), (2, 3, 3), (2, 4, 1), (2, 4, 2), (2, 4, 3))((0, 2, 1), (0, 3, 1), (0, 4, 1), (1, 2, 1), (2, 2, 1))((0, 2, 2), (0, 3, 2), (0, 4, 2), (1, 2, 2), (2, 2, 2))((0, 4, 3), (0, 4, 4), (0, 4, 5), (1, 4, 5), (2, 4, 5))((0, 1, 3), (0, 2, 3), (0, 3, 3), (1, 1, 3), (2, 1, 3))((2, 0, 3), (2, 0, 4), (2, 0, 5), (2, 1, 5), (2, 2, 5))((1, 0, 3), (1, 0, 4), (1, 0, 5), (1, 1, 5), (1, 2, 5))((0, 0, 3), (0, 0, 4), (0, 0, 5), (0, 1, 5), (0, 2, 5))((4, 1, 5), (4, 1, 6), (4, 1, 7), (4, 2, 7), (4, 3, 7))((0, 1, 4), (0, 2, 4), (0, 3, 4), (1, 1, 4), (2, 1, 4))((1, 4, 4), (2, 4, 4), (3, 4, 4), (3, 4, 5), (3, 4, 6))((1, 2, 4), (2, 2, 4), (3, 0, 4), (3, 1, 4), (3, 2, 4))((0, 3, 5), (0, 3, 6), (0, 3, 7), (1, 3, 5), (2, 3, 5))((1, 3, 4), (2, 3, 4), (3, 3, 4), (3, 3, 5), (3, 3, 6))((4, 2, 6), (4, 3, 6), (4, 4, 6), (4, 4, 7), (4, 4, 8))((4, 0, 6), (4, 0, 7), (4, 0, 8), (4, 1, 8), (4, 2, 8))((2, 1, 8), (2, 2, 8), (2, 3, 8), (3, 3, 8), (4, 3, 8))((1, 4, 6), (1, 4, 7), (1, 4, 8), (2, 4, 8), (3, 4, 8))((0, 2, 7), (1, 2, 7), (2, 2, 7), (2, 3, 7), (2, 4, 7))((3, 2, 5), (3, 2, 6), (3, 2, 7), (3, 3, 7), (3, 4, 7))((1, 1, 7), (2, 1, 7), (3, 1, 5), (3, 1, 6), (3, 1, 7))((1, 0, 7), (2, 0, 7), (3, 0, 5), (3, 0, 6), (3, 0, 7))((1, 0, 8), (2, 0, 8), (3, 0, 8), (3, 1, 8), (3, 2, 8))((1, 1, 8), (1, 2, 8), (1, 3, 6), (1, 3, 7), (1, 3, 8))((0, 2, 8), (0, 3, 8), (0, 4, 6), (0, 4, 7), (0, 4, 8))((0, 1, 6), (0, 1, 7), (0, 1, 8), (1, 1, 6), (2, 1, 6))((0, 2, 6), (1, 2, 6), (2, 2, 6), (2, 3, 6), (2, 4, 6))((0, 0, 6), (0, 0, 7), (0, 0, 8), (1, 0, 6), (2, 0, 6))
174
((0, 0, 0), (0, 0, 1), (0, 0, 2), (1, 0, 2), (2, 0, 2))((1, 0, 1), (2, 0, 1), (3, 0, 1), (3, 0, 2), (3, 0, 3))((1, 0, 0), (1, 1, 0), (1, 2, 0), (2, 0, 0), (3, 0, 0))((4, 0, 0), (4, 0, 1), (4, 0, 2), (4, 1, 2), (4, 2, 2))((4, 0, 3), (4, 0, 4), (4, 0, 5), (4, 1, 3), (4, 2, 3))((0, 1, 0), (0, 1, 1), (0, 1, 2), (1, 1, 2), (2, 1, 2))((2, 3, 1), (3, 3, 1), (4, 1, 1), (4, 2, 1), (4, 3, 1))((1, 1, 1), (2, 1, 1), (3, 1, 1), (3, 1, 2), (3, 1, 3))((2, 1, 0), (2, 2, 0), (2, 3, 0), (3, 1, 0), (4, 1, 0))((1, 3, 0), (1, 3, 1), (1, 3, 2), (2, 3, 2), (3, 3, 2))((4, 2, 0), (4, 3, 0), (4, 4, 0), (4, 4, 1), (4, 4, 2))((4, 1, 4), (4, 2, 4), (4, 3, 2), (4, 3, 3), (4, 3, 4))((0, 2, 0), (0, 3, 0), (0, 4, 0), (1, 4, 0), (2, 4, 0))((3, 2, 0), (3, 3, 0), (3, 4, 0), (3, 4, 1), (3, 4, 2))((3, 2, 1), (3, 2, 2), (3, 2, 3), (3, 3, 3), (3, 4, 3))((4, 2, 5), (4, 3, 5), (4, 4, 3), (4, 4, 4), (4, 4, 5))((0, 2, 1), (0, 3, 1), (0, 4, 1), (1, 4, 1), (2, 4, 1))((1, 2, 1), (1, 2, 2), (1, 2, 3), (1, 3, 3), (1, 4, 3))((2, 2, 1), (2, 2, 2), (2, 2, 3), (2, 3, 3), (2, 4, 3))((0, 2, 2), (0, 3, 2), (0, 4, 2), (1, 4, 2), (2, 4, 2))((0, 2, 3), (0, 2, 4), (0, 2, 5), (0, 3, 3), (0, 4, 3))((0, 1, 3), (0, 1, 4), (0, 1, 5), (1, 1, 3), (2, 1, 3))((0, 0, 3), (0, 0, 4), (0, 0, 5), (1, 0, 3), (2, 0, 3))((0, 4, 4), (0, 4, 5), (0, 4, 6), (1, 4, 6), (2, 4, 6))((0, 2, 7), (0, 3, 7), (0, 4, 7), (1, 4, 7), (2, 4, 7))((0, 2, 8), (0, 3, 8), (0, 4, 8), (1, 4, 8), (2, 4, 8))((4, 2, 6), (4, 3, 6), (4, 4, 6), (4, 4, 7), (4, 4, 8))((1, 4, 5), (2, 4, 5), (3, 2, 5), (3, 3, 5), (3, 4, 5))((3, 2, 6), (3, 3, 6), (3, 4, 6), (3, 4, 7), (3, 4, 8))((1, 4, 4), (2, 4, 4), (3, 2, 4), (3, 3, 4), (3, 4, 4))((1, 1, 6), (2, 1, 6), (3, 1, 4), (3, 1, 5), (3, 1, 6))((4, 1, 5), (4, 1, 6), (4, 1, 7), (4, 2, 7), (4, 3, 7))((0, 1, 6), (0, 1, 7), (0, 1, 8), (0, 2, 6), (0, 3, 6))((0, 3, 5), (1, 3, 5), (2, 3, 5), (2, 3, 6), (2, 3, 7))((0, 3, 4), (1, 3, 4), (2, 1, 4), (2, 2, 4), (2, 3, 4))((1, 1, 7), (2, 1, 7), (3, 1, 7), (3, 2, 7), (3, 3, 7))((1, 1, 8), (1, 2, 8), (1, 3, 6), (1, 3, 7), (1, 3, 8))((1, 0, 5), (1, 1, 5), (1, 2, 5), (1, 2, 6), (1, 2, 7))((1, 0, 4), (1, 1, 4), (1, 2, 4), (2, 0, 4), (3, 0, 4))((1, 0, 7), (2, 0, 7), (3, 0, 5), (3, 0, 6), (3, 0, 7))((2, 0, 5), (2, 1, 5), (2, 2, 5), (2, 2, 6), (2, 2, 7))((0, 0, 6), (0, 0, 7), (0, 0, 8), (1, 0, 6), (2, 0, 6))((1, 0, 8), (2, 0, 8), (3, 0, 8), (3, 1, 8), (3, 2, 8))((4, 0, 6), (4, 0, 7), (4, 0, 8), (4, 1, 8), (4, 2, 8))((2, 1, 8), (2, 2, 8), (2, 3, 8), (3, 3, 8), (4, 3, 8))
175
((0, 0, 0), (0, 0, 1), (0, 0, 2), (1, 0, 2), (2, 0, 2))((1, 0, 1), (2, 0, 1), (3, 0, 1), (3, 0, 2), (3, 0, 3))((1, 0, 0), (1, 1, 0), (1, 2, 0), (2, 0, 0), (3, 0, 0))((4, 0, 0), (4, 0, 1), (4, 0, 2), (4, 1, 2), (4, 2, 2))((4, 0, 3), (4, 0, 4), (4, 0, 5), (4, 1, 3), (4, 2, 3))((0, 1, 0), (0, 1, 1), (0, 1, 2), (1, 1, 2), (2, 1, 2))((2, 3, 1), (3, 3, 1), (4, 1, 1), (4, 2, 1), (4, 3, 1))((1, 1, 1), (2, 1, 1), (3, 1, 1), (3, 1, 2), (3, 1, 3))((2, 1, 0), (2, 2, 0), (2, 3, 0), (3, 1, 0), (4, 1, 0))((1, 3, 0), (1, 3, 1), (1, 3, 2), (2, 3, 2), (3, 3, 2))((4, 2, 0), (4, 3, 0), (4, 4, 0), (4, 4, 1), (4, 4, 2))((4, 1, 4), (4, 2, 4), (4, 3, 2), (4, 3, 3), (4, 3, 4))((0, 2, 0), (0, 3, 0), (0, 4, 0), (1, 4, 0), (2, 4, 0))((3, 2, 0), (3, 3, 0), (3, 4, 0), (3, 4, 1), (3, 4, 2))((3, 2, 1), (3, 2, 2), (3, 2, 3), (3, 3, 3), (3, 4, 3))((4, 2, 5), (4, 3, 5), (4, 4, 3), (4, 4, 4), (4, 4, 5))((0, 2, 1), (0, 3, 1), (0, 4, 1), (1, 4, 1), (2, 4, 1))((1, 2, 1), (1, 2, 2), (1, 2, 3), (1, 3, 3), (1, 4, 3))((2, 2, 1), (2, 2, 2), (2, 2, 3), (2, 3, 3), (2, 4, 3))((0, 2, 2), (0, 3, 2), (0, 4, 2), (1, 4, 2), (2, 4, 2))((0, 2, 3), (0, 2, 4), (0, 2, 5), (0, 3, 3), (0, 4, 3))((0, 1, 3), (0, 1, 4), (0, 1, 5), (1, 1, 3), (2, 1, 3))((0, 0, 3), (0, 0, 4), (0, 0, 5), (1, 0, 3), (2, 0, 3))((0, 4, 4), (0, 4, 5), (0, 4, 6), (1, 4, 6), (2, 4, 6))((0, 2, 7), (0, 3, 7), (0, 4, 7), (1, 4, 7), (2, 4, 7))((0, 2, 8), (0, 3, 8), (0, 4, 8), (1, 4, 8), (2, 4, 8))((4, 2, 6), (4, 3, 6), (4, 4, 6), (4, 4, 7), (4, 4, 8))((1, 4, 5), (2, 4, 5), (3, 2, 5), (3, 3, 5), (3, 4, 5))((3, 2, 6), (3, 3, 6), (3, 4, 6), (3, 4, 7), (3, 4, 8))((1, 4, 4), (2, 4, 4), (3, 2, 4), (3, 3, 4), (3, 4, 4))((1, 1, 6), (2, 1, 6), (3, 1, 4), (3, 1, 5), (3, 1, 6))((4, 1, 5), (4, 1, 6), (4, 1, 7), (4, 2, 7), (4, 3, 7))((0, 1, 6), (0, 1, 7), (0, 1, 8), (0, 2, 6), (0, 3, 6))((0, 3, 5), (1, 3, 5), (2, 3, 5), (2, 3, 6), (2, 3, 7))((0, 3, 4), (1, 3, 4), (2, 1, 4), (2, 2, 4), (2, 3, 4))((1, 1, 7), (2, 1, 7), (3, 1, 7), (3, 2, 7), (3, 3, 7))((1, 3, 6), (1, 3, 7), (1, 3, 8), (2, 3, 8), (3, 3, 8))((2, 1, 8), (3, 1, 8), (4, 1, 8), (4, 2, 8), (4, 3, 8))((2, 0, 5), (2, 1, 5), (2, 2, 5), (2, 2, 6), (2, 2, 7))((2, 0, 8), (3, 0, 8), (4, 0, 6), (4, 0, 7), (4, 0, 8))((0, 0, 6), (0, 0, 7), (0, 0, 8), (1, 0, 6), (2, 0, 6))((1, 0, 7), (2, 0, 7), (3, 0, 5), (3, 0, 6), (3, 0, 7))((1, 0, 5), (1, 1, 5), (1, 2, 5), (1, 2, 6), (1, 2, 7))((1, 0, 8), (1, 1, 8), (1, 2, 8), (2, 2, 8), (3, 2, 8))((1, 0, 4), (1, 1, 4), (1, 2, 4), (2, 0, 4), (3, 0, 4))
176
((0, 0, 0), (0, 0, 1), (0, 0, 2), (1, 0, 2), (2, 0, 2))((1, 0, 1), (2, 0, 1), (3, 0, 1), (3, 0, 2), (3, 0, 3))((1, 0, 0), (1, 1, 0), (1, 2, 0), (2, 0, 0), (3, 0, 0))((4, 0, 0), (4, 0, 1), (4, 0, 2), (4, 1, 2), (4, 2, 2))((4, 0, 3), (4, 0, 4), (4, 0, 5), (4, 1, 3), (4, 2, 3))((0, 1, 0), (0, 1, 1), (0, 1, 2), (1, 1, 2), (2, 1, 2))((2, 3, 1), (3, 3, 1), (4, 1, 1), (4, 2, 1), (4, 3, 1))((1, 1, 1), (2, 1, 1), (3, 1, 1), (3, 1, 2), (3, 1, 3))((2, 1, 0), (2, 2, 0), (2, 3, 0), (3, 1, 0), (4, 1, 0))((1, 3, 0), (1, 3, 1), (1, 3, 2), (2, 3, 2), (3, 3, 2))((4, 2, 0), (4, 3, 0), (4, 4, 0), (4, 4, 1), (4, 4, 2))((4, 1, 4), (4, 2, 4), (4, 3, 2), (4, 3, 3), (4, 3, 4))((0, 2, 0), (0, 3, 0), (0, 4, 0), (1, 4, 0), (2, 4, 0))((3, 2, 0), (3, 3, 0), (3, 4, 0), (3, 4, 1), (3, 4, 2))((3, 2, 1), (3, 2, 2), (3, 2, 3), (3, 3, 3), (3, 4, 3))((4, 2, 5), (4, 3, 5), (4, 4, 3), (4, 4, 4), (4, 4, 5))((0, 2, 1), (0, 3, 1), (0, 4, 1), (1, 4, 1), (2, 4, 1))((1, 2, 1), (1, 2, 2), (1, 2, 3), (1, 3, 3), (1, 4, 3))((2, 2, 1), (2, 2, 2), (2, 2, 3), (2, 3, 3), (2, 4, 3))((0, 2, 2), (0, 3, 2), (0, 4, 2), (1, 4, 2), (2, 4, 2))((0, 2, 3), (0, 2, 4), (0, 2, 5), (0, 3, 3), (0, 4, 3))((0, 1, 3), (0, 1, 4), (0, 1, 5), (1, 1, 3), (2, 1, 3))((0, 0, 3), (0, 0, 4), (0, 0, 5), (1, 0, 3), (2, 0, 3))((0, 2, 6), (0, 3, 6), (0, 4, 4), (0, 4, 5), (0, 4, 6))((0, 3, 5), (1, 3, 5), (2, 3, 5), (2, 3, 6), (2, 3, 7))((0, 3, 4), (1, 3, 4), (2, 1, 4), (2, 2, 4), (2, 3, 4))((0, 2, 7), (0, 3, 7), (0, 4, 7), (1, 4, 7), (2, 4, 7))((1, 4, 5), (2, 4, 5), (3, 2, 5), (3, 3, 5), (3, 4, 5))((1, 4, 4), (2, 4, 4), (3, 2, 4), (3, 3, 4), (3, 4, 4))((3, 1, 4), (3, 1, 5), (3, 1, 6), (3, 2, 6), (3, 3, 6))((4, 1, 5), (4, 1, 6), (4, 1, 7), (4, 2, 7), (4, 3, 7))((4, 2, 6), (4, 3, 6), (4, 4, 6), (4, 4, 7), (4, 4, 8))((1, 4, 6), (2, 4, 6), (3, 4, 6), (3, 4, 7), (3, 4, 8))((1, 1, 7), (2, 1, 7), (3, 1, 7), (3, 2, 7), (3, 3, 7))((2, 0, 5), (2, 1, 5), (2, 2, 5), (2, 2, 6), (2, 2, 7))((0, 1, 6), (0, 1, 7), (0, 1, 8), (1, 1, 6), (2, 1, 6))((1, 1, 8), (1, 2, 8), (1, 3, 6), (1, 3, 7), (1, 3, 8))((0, 2, 8), (0, 3, 8), (0, 4, 8), (1, 4, 8), (2, 4, 8))((1, 0, 5), (1, 1, 5), (1, 2, 5), (1, 2, 6), (1, 2, 7))((1, 0, 4), (1, 1, 4), (1, 2, 4), (2, 0, 4), (3, 0, 4))((1, 0, 7), (2, 0, 7), (3, 0, 5), (3, 0, 6), (3, 0, 7))((0, 0, 6), (0, 0, 7), (0, 0, 8), (1, 0, 6), (2, 0, 6))((1, 0, 8), (2, 0, 8), (3, 0, 8), (3, 1, 8), (3, 2, 8))((4, 0, 6), (4, 0, 7), (4, 0, 8), (4, 1, 8), (4, 2, 8))((2, 1, 8), (2, 2, 8), (2, 3, 8), (3, 3, 8), (4, 3, 8))
177
((0, 0, 0), (0, 0, 1), (0, 0, 2), (1, 0, 2), (2, 0, 2))((1, 0, 1), (2, 0, 1), (3, 0, 1), (3, 0, 2), (3, 0, 3))((1, 0, 0), (1, 1, 0), (1, 2, 0), (2, 0, 0), (3, 0, 0))((4, 0, 0), (4, 0, 1), (4, 0, 2), (4, 1, 2), (4, 2, 2))((4, 0, 3), (4, 0, 4), (4, 0, 5), (4, 1, 3), (4, 2, 3))((0, 1, 0), (0, 1, 1), (0, 1, 2), (1, 1, 2), (2, 1, 2))((2, 3, 1), (3, 3, 1), (4, 1, 1), (4, 2, 1), (4, 3, 1))((1, 1, 1), (2, 1, 1), (3, 1, 1), (3, 1, 2), (3, 1, 3))((2, 1, 0), (2, 2, 0), (2, 3, 0), (3, 1, 0), (4, 1, 0))((1, 3, 0), (1, 3, 1), (1, 3, 2), (2, 3, 2), (3, 3, 2))((4, 2, 0), (4, 3, 0), (4, 4, 0), (4, 4, 1), (4, 4, 2))((4, 1, 4), (4, 2, 4), (4, 3, 2), (4, 3, 3), (4, 3, 4))((0, 2, 0), (0, 3, 0), (0, 4, 0), (1, 4, 0), (2, 4, 0))((3, 2, 0), (3, 3, 0), (3, 4, 0), (3, 4, 1), (3, 4, 2))((3, 2, 1), (3, 2, 2), (3, 2, 3), (3, 3, 3), (3, 4, 3))((4, 2, 5), (4, 3, 5), (4, 4, 3), (4, 4, 4), (4, 4, 5))((0, 2, 1), (0, 3, 1), (0, 4, 1), (1, 4, 1), (2, 4, 1))((1, 2, 1), (1, 2, 2), (1, 2, 3), (1, 3, 3), (1, 4, 3))((2, 2, 1), (2, 2, 2), (2, 2, 3), (2, 3, 3), (2, 4, 3))((0, 2, 2), (0, 3, 2), (0, 4, 2), (1, 4, 2), (2, 4, 2))((0, 2, 3), (0, 2, 4), (0, 2, 5), (0, 3, 3), (0, 4, 3))((0, 1, 3), (0, 1, 4), (0, 1, 5), (1, 1, 3), (2, 1, 3))((0, 0, 3), (0, 0, 4), (0, 0, 5), (1, 0, 3), (2, 0, 3))((0, 2, 6), (0, 3, 6), (0, 4, 4), (0, 4, 5), (0, 4, 6))((0, 3, 5), (1, 3, 5), (2, 3, 5), (2, 3, 6), (2, 3, 7))((0, 3, 4), (1, 3, 4), (2, 1, 4), (2, 2, 4), (2, 3, 4))((0, 2, 7), (0, 3, 7), (0, 4, 7), (1, 4, 7), (2, 4, 7))((1, 4, 5), (2, 4, 5), (3, 2, 5), (3, 3, 5), (3, 4, 5))((1, 4, 4), (2, 4, 4), (3, 2, 4), (3, 3, 4), (3, 4, 4))((3, 1, 4), (3, 1, 5), (3, 1, 6), (3, 2, 6), (3, 3, 6))((4, 1, 5), (4, 1, 6), (4, 1, 7), (4, 2, 7), (4, 3, 7))((4, 2, 6), (4, 3, 6), (4, 4, 6), (4, 4, 7), (4, 4, 8))((1, 4, 6), (2, 4, 6), (3, 4, 6), (3, 4, 7), (3, 4, 8))((1, 1, 7), (2, 1, 7), (3, 1, 7), (3, 2, 7), (3, 3, 7))((2, 0, 5), (2, 1, 5), (2, 2, 5), (2, 2, 6), (2, 2, 7))((0, 1, 6), (0, 1, 7), (0, 1, 8), (1, 1, 6), (2, 1, 6))((1, 3, 6), (1, 3, 7), (1, 3, 8), (2, 3, 8), (3, 3, 8))((2, 1, 8), (3, 1, 8), (4, 1, 8), (4, 2, 8), (4, 3, 8))((0, 2, 8), (0, 3, 8), (0, 4, 8), (1, 4, 8), (2, 4, 8))((2, 0, 8), (3, 0, 8), (4, 0, 6), (4, 0, 7), (4, 0, 8))((0, 0, 6), (0, 0, 7), (0, 0, 8), (1, 0, 6), (2, 0, 6))((1, 0, 7), (2, 0, 7), (3, 0, 5), (3, 0, 6), (3, 0, 7))((1, 0, 5), (1, 1, 5), (1, 2, 5), (1, 2, 6), (1, 2, 7))((1, 0, 8), (1, 1, 8), (1, 2, 8), (2, 2, 8), (3, 2, 8))((1, 0, 4), (1, 1, 4), (1, 2, 4), (2, 0, 4), (3, 0, 4))
178
((0, 0, 0), (0, 0, 1), (0, 0, 2), (1, 0, 2), (2, 0, 2))((1, 0, 1), (2, 0, 1), (3, 0, 1), (3, 0, 2), (3, 0, 3))((1, 0, 0), (1, 1, 0), (1, 2, 0), (2, 0, 0), (3, 0, 0))((4, 0, 0), (4, 0, 1), (4, 0, 2), (4, 1, 2), (4, 2, 2))((4, 0, 3), (4, 0, 4), (4, 0, 5), (4, 1, 3), (4, 2, 3))((0, 1, 0), (0, 1, 1), (0, 1, 2), (1, 1, 2), (2, 1, 2))((2, 3, 1), (3, 3, 1), (4, 1, 1), (4, 2, 1), (4, 3, 1))((1, 1, 1), (2, 1, 1), (3, 1, 1), (3, 1, 2), (3, 1, 3))((2, 1, 0), (2, 2, 0), (2, 3, 0), (3, 1, 0), (4, 1, 0))((1, 3, 0), (1, 3, 1), (1, 3, 2), (2, 3, 2), (3, 3, 2))((4, 2, 0), (4, 3, 0), (4, 4, 0), (4, 4, 1), (4, 4, 2))((4, 1, 4), (4, 2, 4), (4, 3, 2), (4, 3, 3), (4, 3, 4))((0, 2, 0), (0, 3, 0), (0, 4, 0), (1, 4, 0), (2, 4, 0))((3, 2, 0), (3, 3, 0), (3, 4, 0), (3, 4, 1), (3, 4, 2))((3, 2, 1), (3, 2, 2), (3, 2, 3), (3, 3, 3), (3, 4, 3))((4, 2, 5), (4, 3, 5), (4, 4, 3), (4, 4, 4), (4, 4, 5))((0, 2, 1), (0, 3, 1), (0, 4, 1), (1, 4, 1), (2, 4, 1))((1, 2, 1), (1, 2, 2), (1, 2, 3), (1, 3, 3), (1, 4, 3))((2, 2, 1), (2, 2, 2), (2, 2, 3), (2, 3, 3), (2, 4, 3))((0, 2, 2), (0, 3, 2), (0, 4, 2), (1, 4, 2), (2, 4, 2))((0, 2, 3), (0, 3, 3), (0, 4, 3), (0, 4, 4), (0, 4, 5))((0, 0, 3), (0, 0, 4), (0, 0, 5), (1, 0, 3), (2, 0, 3))((0, 1, 3), (0, 1, 4), (0, 1, 5), (1, 1, 3), (2, 1, 3))((0, 3, 4), (1, 3, 4), (2, 1, 4), (2, 2, 4), (2, 3, 4))((0, 2, 4), (0, 2, 5), (0, 2, 6), (0, 3, 6), (0, 4, 6))((0, 3, 5), (1, 3, 5), (2, 3, 5), (2, 3, 6), (2, 3, 7))((0, 2, 7), (0, 3, 7), (0, 4, 7), (1, 4, 7), (2, 4, 7))((1, 4, 5), (2, 4, 5), (3, 2, 5), (3, 3, 5), (3, 4, 5))((1, 4, 4), (2, 4, 4), (3, 2, 4), (3, 3, 4), (3, 4, 4))((3, 1, 4), (3, 1, 5), (3, 1, 6), (3, 2, 6), (3, 3, 6))((4, 1, 5), (4, 1, 6), (4, 1, 7), (4, 2, 7), (4, 3, 7))((4, 2, 6), (4, 3, 6), (4, 4, 6), (4, 4, 7), (4, 4, 8))((1, 4, 6), (2, 4, 6), (3, 4, 6), (3, 4, 7), (3, 4, 8))((1, 1, 7), (2, 1, 7), (3, 1, 7), (3, 2, 7), (3, 3, 7))((2, 0, 5), (2, 1, 5), (2, 2, 5), (2, 2, 6), (2, 2, 7))((0, 1, 6), (0, 1, 7), (0, 1, 8), (1, 1, 6), (2, 1, 6))((1, 1, 8), (1, 2, 8), (1, 3, 6), (1, 3, 7), (1, 3, 8))((0, 2, 8), (0, 3, 8), (0, 4, 8), (1, 4, 8), (2, 4, 8))((1, 0, 5), (1, 1, 5), (1, 2, 5), (1, 2, 6), (1, 2, 7))((1, 0, 4), (1, 1, 4), (1, 2, 4), (2, 0, 4), (3, 0, 4))((1, 0, 7), (2, 0, 7), (3, 0, 5), (3, 0, 6), (3, 0, 7))((0, 0, 6), (0, 0, 7), (0, 0, 8), (1, 0, 6), (2, 0, 6))((1, 0, 8), (2, 0, 8), (3, 0, 8), (3, 1, 8), (3, 2, 8))((4, 0, 6), (4, 0, 7), (4, 0, 8), (4, 1, 8), (4, 2, 8))((2, 1, 8), (2, 2, 8), (2, 3, 8), (3, 3, 8), (4, 3, 8))
179
((0, 0, 0), (0, 0, 1), (0, 0, 2), (1, 0, 2), (2, 0, 2))((1, 0, 1), (2, 0, 1), (3, 0, 1), (3, 0, 2), (3, 0, 3))((1, 0, 0), (1, 1, 0), (1, 2, 0), (2, 0, 0), (3, 0, 0))((4, 0, 0), (4, 0, 1), (4, 0, 2), (4, 1, 2), (4, 2, 2))((4, 0, 3), (4, 0, 4), (4, 0, 5), (4, 1, 3), (4, 2, 3))((0, 1, 0), (0, 1, 1), (0, 1, 2), (1, 1, 2), (2, 1, 2))((2, 3, 1), (3, 3, 1), (4, 1, 1), (4, 2, 1), (4, 3, 1))((1, 1, 1), (2, 1, 1), (3, 1, 1), (3, 1, 2), (3, 1, 3))((2, 1, 0), (2, 2, 0), (2, 3, 0), (3, 1, 0), (4, 1, 0))((1, 3, 0), (1, 3, 1), (1, 3, 2), (2, 3, 2), (3, 3, 2))((4, 2, 0), (4, 3, 0), (4, 4, 0), (4, 4, 1), (4, 4, 2))((4, 1, 4), (4, 2, 4), (4, 3, 2), (4, 3, 3), (4, 3, 4))((0, 2, 0), (0, 3, 0), (0, 4, 0), (1, 4, 0), (2, 4, 0))((3, 2, 0), (3, 3, 0), (3, 4, 0), (3, 4, 1), (3, 4, 2))((3, 2, 1), (3, 2, 2), (3, 2, 3), (3, 3, 3), (3, 4, 3))((4, 2, 5), (4, 3, 5), (4, 4, 3), (4, 4, 4), (4, 4, 5))((0, 2, 1), (0, 3, 1), (0, 4, 1), (1, 4, 1), (2, 4, 1))((1, 2, 1), (1, 2, 2), (1, 2, 3), (1, 3, 3), (1, 4, 3))((2, 2, 1), (2, 2, 2), (2, 2, 3), (2, 3, 3), (2, 4, 3))((0, 2, 2), (0, 3, 2), (0, 4, 2), (1, 4, 2), (2, 4, 2))((0, 2, 3), (0, 3, 3), (0, 4, 3), (0, 4, 4), (0, 4, 5))((0, 0, 3), (0, 0, 4), (0, 0, 5), (1, 0, 3), (2, 0, 3))((0, 1, 3), (0, 1, 4), (0, 1, 5), (1, 1, 3), (2, 1, 3))((0, 3, 4), (1, 3, 4), (2, 1, 4), (2, 2, 4), (2, 3, 4))((0, 2, 4), (0, 2, 5), (0, 2, 6), (0, 3, 6), (0, 4, 6))((0, 3, 5), (1, 3, 5), (2, 3, 5), (2, 3, 6), (2, 3, 7))((0, 2, 7), (0, 3, 7), (0, 4, 7), (1, 4, 7), (2, 4, 7))((1, 4, 5), (2, 4, 5), (3, 2, 5), (3, 3, 5), (3, 4, 5))((1, 4, 4), (2, 4, 4), (3, 2, 4), (3, 3, 4), (3, 4, 4))((3, 1, 4), (3, 1, 5), (3, 1, 6), (3, 2, 6), (3, 3, 6))((4, 1, 5), (4, 1, 6), (4, 1, 7), (4, 2, 7), (4, 3, 7))((4, 2, 6), (4, 3, 6), (4, 4, 6), (4, 4, 7), (4, 4, 8))((1, 4, 6), (2, 4, 6), (3, 4, 6), (3, 4, 7), (3, 4, 8))((1, 1, 7), (2, 1, 7), (3, 1, 7), (3, 2, 7), (3, 3, 7))((2, 0, 5), (2, 1, 5), (2, 2, 5), (2, 2, 6), (2, 2, 7))((0, 1, 6), (0, 1, 7), (0, 1, 8), (1, 1, 6), (2, 1, 6))((1, 3, 6), (1, 3, 7), (1, 3, 8), (2, 3, 8), (3, 3, 8))((2, 1, 8), (3, 1, 8), (4, 1, 8), (4, 2, 8), (4, 3, 8))((0, 2, 8), (0, 3, 8), (0, 4, 8), (1, 4, 8), (2, 4, 8))((2, 0, 8), (3, 0, 8), (4, 0, 6), (4, 0, 7), (4, 0, 8))((0, 0, 6), (0, 0, 7), (0, 0, 8), (1, 0, 6), (2, 0, 6))((1, 0, 7), (2, 0, 7), (3, 0, 5), (3, 0, 6), (3, 0, 7))((1, 0, 5), (1, 1, 5), (1, 2, 5), (1, 2, 6), (1, 2, 7))((1, 0, 8), (1, 1, 8), (1, 2, 8), (2, 2, 8), (3, 2, 8))((1, 0, 4), (1, 1, 4), (1, 2, 4), (2, 0, 4), (3, 0, 4))
180
((0, 0, 0), (0, 0, 1), (0, 0, 2), (1, 0, 2), (2, 0, 2))((1, 0, 1), (2, 0, 1), (3, 0, 1), (3, 0, 2), (3, 0, 3))((1, 0, 0), (1, 1, 0), (1, 2, 0), (2, 0, 0), (3, 0, 0))((4, 0, 0), (4, 0, 1), (4, 0, 2), (4, 1, 2), (4, 2, 2))((4, 0, 3), (4, 0, 4), (4, 0, 5), (4, 1, 3), (4, 2, 3))((0, 1, 0), (0, 1, 1), (0, 1, 2), (1, 1, 2), (2, 1, 2))((2, 3, 1), (3, 3, 1), (4, 1, 1), (4, 2, 1), (4, 3, 1))((1, 1, 1), (2, 1, 1), (3, 1, 1), (3, 1, 2), (3, 1, 3))((2, 1, 0), (2, 2, 0), (2, 3, 0), (3, 1, 0), (4, 1, 0))((1, 3, 0), (1, 3, 1), (1, 3, 2), (2, 3, 2), (3, 3, 2))((4, 2, 0), (4, 3, 0), (4, 4, 0), (4, 4, 1), (4, 4, 2))((4, 1, 4), (4, 2, 4), (4, 3, 2), (4, 3, 3), (4, 3, 4))((0, 2, 0), (0, 3, 0), (0, 4, 0), (1, 4, 0), (2, 4, 0))((3, 2, 0), (3, 3, 0), (3, 4, 0), (3, 4, 1), (3, 4, 2))((3, 2, 1), (3, 2, 2), (3, 2, 3), (3, 3, 3), (3, 4, 3))((4, 2, 5), (4, 3, 5), (4, 4, 3), (4, 4, 4), (4, 4, 5))((0, 2, 1), (0, 3, 1), (0, 4, 1), (1, 4, 1), (2, 4, 1))((1, 2, 1), (1, 2, 2), (1, 2, 3), (1, 3, 3), (1, 4, 3))((2, 2, 1), (2, 2, 2), (2, 2, 3), (2, 3, 3), (2, 4, 3))((0, 2, 2), (0, 3, 2), (0, 4, 2), (1, 4, 2), (2, 4, 2))((0, 4, 3), (0, 4, 4), (0, 4, 5), (1, 4, 5), (2, 4, 5))((0, 1, 3), (0, 2, 3), (0, 3, 3), (1, 1, 3), (2, 1, 3))((2, 0, 3), (2, 0, 4), (2, 0, 5), (2, 1, 5), (2, 2, 5))((1, 0, 3), (1, 0, 4), (1, 0, 5), (1, 1, 5), (1, 2, 5))((0, 0, 3), (0, 0, 4), (0, 0, 5), (0, 1, 5), (0, 2, 5))((4, 1, 5), (4, 1, 6), (4, 1, 7), (4, 2, 7), (4, 3, 7))((0, 1, 4), (0, 2, 4), (0, 3, 4), (1, 1, 4), (2, 1, 4))((1, 4, 4), (2, 4, 4), (3, 4, 4), (3, 4, 5), (3, 4, 6))((1, 2, 4), (2, 2, 4), (3, 0, 4), (3, 1, 4), (3, 2, 4))((0, 3, 5), (0, 3, 6), (0, 3, 7), (1, 3, 5), (2, 3, 5))((1, 3, 4), (2, 3, 4), (3, 3, 4), (3, 3, 5), (3, 3, 6))((4, 2, 6), (4, 3, 6), (4, 4, 6), (4, 4, 7), (4, 4, 8))((2, 0, 8), (3, 0, 8), (4, 0, 6), (4, 0, 7), (4, 0, 8))((2, 1, 8), (3, 1, 8), (4, 1, 8), (4, 2, 8), (4, 3, 8))((1, 1, 7), (2, 1, 7), (3, 1, 5), (3, 1, 6), (3, 1, 7))((1, 0, 7), (2, 0, 7), (3, 0, 5), (3, 0, 6), (3, 0, 7))((3, 2, 5), (3, 2, 6), (3, 2, 7), (3, 3, 7), (3, 4, 7))((1, 0, 8), (1, 1, 8), (1, 2, 8), (2, 2, 8), (3, 2, 8))((1, 3, 6), (1, 3, 7), (1, 3, 8), (2, 3, 8), (3, 3, 8))((1, 4, 6), (1, 4, 7), (1, 4, 8), (2, 4, 8), (3, 4, 8))((0, 2, 7), (1, 2, 7), (2, 2, 7), (2, 3, 7), (2, 4, 7))((0, 2, 8), (0, 3, 8), (0, 4, 6), (0, 4, 7), (0, 4, 8))((0, 1, 6), (0, 1, 7), (0, 1, 8), (1, 1, 6), (2, 1, 6))((0, 2, 6), (1, 2, 6), (2, 2, 6), (2, 3, 6), (2, 4, 6))((0, 0, 6), (0, 0, 7), (0, 0, 8), (1, 0, 6), (2, 0, 6))
181
((0, 0, 0), (0, 0, 1), (0, 0, 2), (1, 0, 2), (2, 0, 2))((1, 0, 1), (2, 0, 1), (3, 0, 1), (3, 0, 2), (3, 0, 3))((1, 0, 0), (1, 1, 0), (1, 2, 0), (2, 0, 0), (3, 0, 0))((4, 0, 0), (4, 0, 1), (4, 0, 2), (4, 1, 2), (4, 2, 2))((4, 0, 3), (4, 0, 4), (4, 0, 5), (4, 1, 3), (4, 2, 3))((0, 1, 0), (0, 1, 1), (0, 1, 2), (1, 1, 2), (2, 1, 2))((2, 3, 1), (3, 3, 1), (4, 1, 1), (4, 2, 1), (4, 3, 1))((1, 1, 1), (2, 1, 1), (3, 1, 1), (3, 1, 2), (3, 1, 3))((2, 1, 0), (2, 2, 0), (2, 3, 0), (3, 1, 0), (4, 1, 0))((1, 3, 0), (1, 3, 1), (1, 3, 2), (2, 3, 2), (3, 3, 2))((4, 2, 0), (4, 3, 0), (4, 4, 0), (4, 4, 1), (4, 4, 2))((4, 1, 4), (4, 2, 4), (4, 3, 2), (4, 3, 3), (4, 3, 4))((0, 2, 0), (0, 3, 0), (0, 4, 0), (1, 4, 0), (2, 4, 0))((3, 2, 0), (3, 3, 0), (3, 4, 0), (3, 4, 1), (3, 4, 2))((3, 2, 1), (3, 2, 2), (3, 2, 3), (3, 3, 3), (3, 4, 3))((4, 2, 5), (4, 3, 5), (4, 4, 3), (4, 4, 4), (4, 4, 5))((0, 2, 1), (0, 3, 1), (0, 4, 1), (1, 4, 1), (2, 4, 1))((1, 2, 1), (1, 2, 2), (1, 2, 3), (1, 3, 3), (1, 4, 3))((2, 2, 1), (2, 2, 2), (2, 2, 3), (2, 3, 3), (2, 4, 3))((0, 2, 2), (0, 3, 2), (0, 4, 2), (1, 4, 2), (2, 4, 2))((0, 4, 3), (0, 4, 4), (0, 4, 5), (1, 4, 5), (2, 4, 5))((0, 1, 3), (0, 2, 3), (0, 3, 3), (1, 1, 3), (2, 1, 3))((2, 0, 3), (2, 0, 4), (2, 0, 5), (2, 1, 5), (2, 2, 5))((1, 0, 3), (1, 0, 4), (1, 0, 5), (1, 1, 5), (1, 2, 5))((0, 0, 3), (0, 0, 4), (0, 0, 5), (0, 1, 5), (0, 2, 5))((4, 1, 5), (4, 1, 6), (4, 1, 7), (4, 2, 7), (4, 3, 7))((0, 1, 4), (0, 2, 4), (0, 3, 4), (1, 1, 4), (2, 1, 4))((1, 4, 4), (2, 4, 4), (3, 4, 4), (3, 4, 5), (3, 4, 6))((1, 2, 4), (2, 2, 4), (3, 0, 4), (3, 1, 4), (3, 2, 4))((0, 3, 5), (0, 3, 6), (0, 3, 7), (1, 3, 5), (2, 3, 5))((1, 3, 4), (2, 3, 4), (3, 3, 4), (3, 3, 5), (3, 3, 6))((4, 2, 6), (4, 3, 6), (4, 4, 6), (4, 4, 7), (4, 4, 8))((4, 0, 6), (4, 0, 7), (4, 0, 8), (4, 1, 8), (4, 2, 8))((2, 1, 8), (2, 2, 8), (2, 3, 8), (3, 3, 8), (4, 3, 8))((1, 4, 6), (1, 4, 7), (1, 4, 8), (2, 4, 8), (3, 4, 8))((0, 2, 7), (1, 2, 7), (2, 2, 7), (2, 3, 7), (2, 4, 7))((3, 2, 5), (3, 2, 6), (3, 2, 7), (3, 3, 7), (3, 4, 7))((1, 1, 7), (2, 1, 7), (3, 1, 5), (3, 1, 6), (3, 1, 7))((1, 0, 7), (2, 0, 7), (3, 0, 5), (3, 0, 6), (3, 0, 7))((1, 0, 8), (2, 0, 8), (3, 0, 8), (3, 1, 8), (3, 2, 8))((1, 1, 8), (1, 2, 8), (1, 3, 6), (1, 3, 7), (1, 3, 8))((0, 2, 8), (0, 3, 8), (0, 4, 6), (0, 4, 7), (0, 4, 8))((0, 1, 6), (0, 1, 7), (0, 1, 8), (1, 1, 6), (2, 1, 6))((0, 2, 6), (1, 2, 6), (2, 2, 6), (2, 3, 6), (2, 4, 6))((0, 0, 6), (0, 0, 7), (0, 0, 8), (1, 0, 6), (2, 0, 6))
182
((0, 0, 0), (0, 0, 1), (0, 0, 2), (1, 0, 2), (2, 0, 2))((1, 0, 1), (2, 0, 1), (3, 0, 1), (3, 0, 2), (3, 0, 3))((1, 0, 0), (1, 1, 0), (1, 2, 0), (2, 0, 0), (3, 0, 0))((4, 0, 0), (4, 0, 1), (4, 0, 2), (4, 1, 2), (4, 2, 2))((4, 0, 3), (4, 0, 4), (4, 0, 5), (4, 1, 3), (4, 2, 3))((0, 1, 0), (0, 1, 1), (0, 1, 2), (1, 1, 2), (2, 1, 2))((2, 3, 1), (3, 3, 1), (4, 1, 1), (4, 2, 1), (4, 3, 1))((1, 1, 1), (2, 1, 1), (3, 1, 1), (3, 1, 2), (3, 1, 3))((2, 1, 0), (2, 2, 0), (2, 3, 0), (3, 1, 0), (4, 1, 0))((1, 3, 0), (1, 3, 1), (1, 3, 2), (2, 3, 2), (3, 3, 2))((4, 2, 0), (4, 3, 0), (4, 4, 0), (4, 4, 1), (4, 4, 2))((4, 1, 4), (4, 2, 4), (4, 3, 2), (4, 3, 3), (4, 3, 4))((0, 2, 0), (0, 3, 0), (0, 4, 0), (1, 4, 0), (2, 4, 0))((3, 2, 0), (3, 3, 0), (3, 4, 0), (3, 4, 1), (3, 4, 2))((3, 2, 1), (3, 2, 2), (3, 2, 3), (3, 3, 3), (3, 4, 3))((4, 2, 5), (4, 3, 5), (4, 4, 3), (4, 4, 4), (4, 4, 5))((1, 2, 3), (1, 3, 3), (1, 4, 1), (1, 4, 2), (1, 4, 3))((2, 2, 3), (2, 3, 3), (2, 4, 1), (2, 4, 2), (2, 4, 3))((0, 2, 1), (0, 3, 1), (0, 4, 1), (1, 2, 1), (2, 2, 1))((0, 2, 2), (0, 3, 2), (0, 4, 2), (1, 2, 2), (2, 2, 2))((0, 2, 3), (0, 2, 4), (0, 2, 5), (0, 3, 3), (0, 4, 3))((0, 1, 3), (0, 1, 4), (0, 1, 5), (1, 1, 3), (2, 1, 3))((0, 0, 3), (0, 0, 4), (0, 0, 5), (1, 0, 3), (2, 0, 3))((0, 4, 4), (0, 4, 5), (0, 4, 6), (1, 4, 6), (2, 4, 6))((0, 2, 7), (0, 3, 7), (0, 4, 7), (1, 4, 7), (2, 4, 7))((0, 2, 8), (0, 3, 8), (0, 4, 8), (1, 4, 8), (2, 4, 8))((4, 2, 6), (4, 3, 6), (4, 4, 6), (4, 4, 7), (4, 4, 8))((1, 4, 5), (2, 4, 5), (3, 2, 5), (3, 3, 5), (3, 4, 5))((3, 2, 6), (3, 3, 6), (3, 4, 6), (3, 4, 7), (3, 4, 8))((1, 4, 4), (2, 4, 4), (3, 2, 4), (3, 3, 4), (3, 4, 4))((1, 1, 6), (2, 1, 6), (3, 1, 4), (3, 1, 5), (3, 1, 6))((4, 1, 5), (4, 1, 6), (4, 1, 7), (4, 2, 7), (4, 3, 7))((0, 1, 6), (0, 1, 7), (0, 1, 8), (0, 2, 6), (0, 3, 6))((0, 3, 5), (1, 3, 5), (2, 3, 5), (2, 3, 6), (2, 3, 7))((0, 3, 4), (1, 3, 4), (2, 1, 4), (2, 2, 4), (2, 3, 4))((1, 1, 7), (2, 1, 7), (3, 1, 7), (3, 2, 7), (3, 3, 7))((1, 1, 8), (1, 2, 8), (1, 3, 6), (1, 3, 7), (1, 3, 8))((1, 0, 5), (1, 1, 5), (1, 2, 5), (1, 2, 6), (1, 2, 7))((1, 0, 4), (1, 1, 4), (1, 2, 4), (2, 0, 4), (3, 0, 4))((1, 0, 7), (2, 0, 7), (3, 0, 5), (3, 0, 6), (3, 0, 7))((2, 0, 5), (2, 1, 5), (2, 2, 5), (2, 2, 6), (2, 2, 7))((0, 0, 6), (0, 0, 7), (0, 0, 8), (1, 0, 6), (2, 0, 6))((1, 0, 8), (2, 0, 8), (3, 0, 8), (3, 1, 8), (3, 2, 8))((4, 0, 6), (4, 0, 7), (4, 0, 8), (4, 1, 8), (4, 2, 8))((2, 1, 8), (2, 2, 8), (2, 3, 8), (3, 3, 8), (4, 3, 8))
183
((0, 0, 0), (0, 0, 1), (0, 0, 2), (1, 0, 2), (2, 0, 2))((1, 0, 1), (2, 0, 1), (3, 0, 1), (3, 0, 2), (3, 0, 3))((1, 0, 0), (1, 1, 0), (1, 2, 0), (2, 0, 0), (3, 0, 0))((4, 0, 0), (4, 0, 1), (4, 0, 2), (4, 1, 2), (4, 2, 2))((4, 0, 3), (4, 0, 4), (4, 0, 5), (4, 1, 3), (4, 2, 3))((0, 1, 0), (0, 1, 1), (0, 1, 2), (1, 1, 2), (2, 1, 2))((2, 3, 1), (3, 3, 1), (4, 1, 1), (4, 2, 1), (4, 3, 1))((1, 1, 1), (2, 1, 1), (3, 1, 1), (3, 1, 2), (3, 1, 3))((2, 1, 0), (2, 2, 0), (2, 3, 0), (3, 1, 0), (4, 1, 0))((1, 3, 0), (1, 3, 1), (1, 3, 2), (2, 3, 2), (3, 3, 2))((4, 2, 0), (4, 3, 0), (4, 4, 0), (4, 4, 1), (4, 4, 2))((4, 1, 4), (4, 2, 4), (4, 3, 2), (4, 3, 3), (4, 3, 4))((0, 2, 0), (0, 3, 0), (0, 4, 0), (1, 4, 0), (2, 4, 0))((3, 2, 0), (3, 3, 0), (3, 4, 0), (3, 4, 1), (3, 4, 2))((3, 2, 1), (3, 2, 2), (3, 2, 3), (3, 3, 3), (3, 4, 3))((4, 2, 5), (4, 3, 5), (4, 4, 3), (4, 4, 4), (4, 4, 5))((1, 2, 3), (1, 3, 3), (1, 4, 1), (1, 4, 2), (1, 4, 3))((2, 2, 3), (2, 3, 3), (2, 4, 1), (2, 4, 2), (2, 4, 3))((0, 2, 1), (0, 3, 1), (0, 4, 1), (1, 2, 1), (2, 2, 1))((0, 2, 2), (0, 3, 2), (0, 4, 2), (1, 2, 2), (2, 2, 2))((0, 2, 3), (0, 2, 4), (0, 2, 5), (0, 3, 3), (0, 4, 3))((0, 1, 3), (0, 1, 4), (0, 1, 5), (1, 1, 3), (2, 1, 3))((0, 0, 3), (0, 0, 4), (0, 0, 5), (1, 0, 3), (2, 0, 3))((0, 4, 4), (0, 4, 5), (0, 4, 6), (1, 4, 6), (2, 4, 6))((0, 2, 7), (0, 3, 7), (0, 4, 7), (1, 4, 7), (2, 4, 7))((0, 2, 8), (0, 3, 8), (0, 4, 8), (1, 4, 8), (2, 4, 8))((4, 2, 6), (4, 3, 6), (4, 4, 6), (4, 4, 7), (4, 4, 8))((1, 4, 5), (2, 4, 5), (3, 2, 5), (3, 3, 5), (3, 4, 5))((3, 2, 6), (3, 3, 6), (3, 4, 6), (3, 4, 7), (3, 4, 8))((1, 4, 4), (2, 4, 4), (3, 2, 4), (3, 3, 4), (3, 4, 4))((1, 1, 6), (2, 1, 6), (3, 1, 4), (3, 1, 5), (3, 1, 6))((4, 1, 5), (4, 1, 6), (4, 1, 7), (4, 2, 7), (4, 3, 7))((0, 1, 6), (0, 1, 7), (0, 1, 8), (0, 2, 6), (0, 3, 6))((0, 3, 5), (1, 3, 5), (2, 3, 5), (2, 3, 6), (2, 3, 7))((0, 3, 4), (1, 3, 4), (2, 1, 4), (2, 2, 4), (2, 3, 4))((1, 1, 7), (2, 1, 7), (3, 1, 7), (3, 2, 7), (3, 3, 7))((1, 3, 6), (1, 3, 7), (1, 3, 8), (2, 3, 8), (3, 3, 8))((2, 1, 8), (3, 1, 8), (4, 1, 8), (4, 2, 8), (4, 3, 8))((2, 0, 5), (2, 1, 5), (2, 2, 5), (2, 2, 6), (2, 2, 7))((2, 0, 8), (3, 0, 8), (4, 0, 6), (4, 0, 7), (4, 0, 8))((0, 0, 6), (0, 0, 7), (0, 0, 8), (1, 0, 6), (2, 0, 6))((1, 0, 7), (2, 0, 7), (3, 0, 5), (3, 0, 6), (3, 0, 7))((1, 0, 5), (1, 1, 5), (1, 2, 5), (1, 2, 6), (1, 2, 7))((1, 0, 8), (1, 1, 8), (1, 2, 8), (2, 2, 8), (3, 2, 8))((1, 0, 4), (1, 1, 4), (1, 2, 4), (2, 0, 4), (3, 0, 4))
184
((0, 0, 0), (0, 0, 1), (0, 0, 2), (1, 0, 2), (2, 0, 2))((1, 0, 1), (2, 0, 1), (3, 0, 1), (3, 0, 2), (3, 0, 3))((1, 0, 0), (1, 1, 0), (1, 2, 0), (2, 0, 0), (3, 0, 0))((4, 0, 0), (4, 0, 1), (4, 0, 2), (4, 1, 2), (4, 2, 2))((4, 0, 3), (4, 0, 4), (4, 0, 5), (4, 1, 3), (4, 2, 3))((0, 1, 0), (0, 1, 1), (0, 1, 2), (1, 1, 2), (2, 1, 2))((2, 3, 1), (3, 3, 1), (4, 1, 1), (4, 2, 1), (4, 3, 1))((1, 1, 1), (2, 1, 1), (3, 1, 1), (3, 1, 2), (3, 1, 3))((2, 1, 0), (2, 2, 0), (2, 3, 0), (3, 1, 0), (4, 1, 0))((1, 3, 0), (1, 3, 1), (1, 3, 2), (2, 3, 2), (3, 3, 2))((4, 2, 0), (4, 3, 0), (4, 4, 0), (4, 4, 1), (4, 4, 2))((4, 1, 4), (4, 2, 4), (4, 3, 2), (4, 3, 3), (4, 3, 4))((0, 2, 0), (0, 3, 0), (0, 4, 0), (1, 4, 0), (2, 4, 0))((3, 2, 0), (3, 3, 0), (3, 4, 0), (3, 4, 1), (3, 4, 2))((3, 2, 1), (3, 2, 2), (3, 2, 3), (3, 3, 3), (3, 4, 3))((4, 2, 5), (4, 3, 5), (4, 4, 3), (4, 4, 4), (4, 4, 5))((1, 2, 3), (1, 3, 3), (1, 4, 1), (1, 4, 2), (1, 4, 3))((2, 2, 3), (2, 3, 3), (2, 4, 1), (2, 4, 2), (2, 4, 3))((0, 2, 1), (0, 3, 1), (0, 4, 1), (1, 2, 1), (2, 2, 1))((0, 2, 2), (0, 3, 2), (0, 4, 2), (1, 2, 2), (2, 2, 2))((0, 2, 3), (0, 2, 4), (0, 2, 5), (0, 3, 3), (0, 4, 3))((0, 1, 3), (0, 1, 4), (0, 1, 5), (1, 1, 3), (2, 1, 3))((0, 0, 3), (0, 0, 4), (0, 0, 5), (1, 0, 3), (2, 0, 3))((0, 2, 6), (0, 3, 6), (0, 4, 4), (0, 4, 5), (0, 4, 6))((0, 3, 5), (1, 3, 5), (2, 3, 5), (2, 3, 6), (2, 3, 7))((0, 3, 4), (1, 3, 4), (2, 1, 4), (2, 2, 4), (2, 3, 4))((0, 2, 7), (0, 3, 7), (0, 4, 7), (1, 4, 7), (2, 4, 7))((1, 4, 5), (2, 4, 5), (3, 2, 5), (3, 3, 5), (3, 4, 5))((1, 4, 4), (2, 4, 4), (3, 2, 4), (3, 3, 4), (3, 4, 4))((3, 1, 4), (3, 1, 5), (3, 1, 6), (3, 2, 6), (3, 3, 6))((4, 1, 5), (4, 1, 6), (4, 1, 7), (4, 2, 7), (4, 3, 7))((4, 2, 6), (4, 3, 6), (4, 4, 6), (4, 4, 7), (4, 4, 8))((1, 4, 6), (2, 4, 6), (3, 4, 6), (3, 4, 7), (3, 4, 8))((1, 1, 7), (2, 1, 7), (3, 1, 7), (3, 2, 7), (3, 3, 7))((2, 0, 5), (2, 1, 5), (2, 2, 5), (2, 2, 6), (2, 2, 7))((0, 1, 6), (0, 1, 7), (0, 1, 8), (1, 1, 6), (2, 1, 6))((1, 1, 8), (1, 2, 8), (1, 3, 6), (1, 3, 7), (1, 3, 8))((0, 2, 8), (0, 3, 8), (0, 4, 8), (1, 4, 8), (2, 4, 8))((1, 0, 5), (1, 1, 5), (1, 2, 5), (1, 2, 6), (1, 2, 7))((1, 0, 4), (1, 1, 4), (1, 2, 4), (2, 0, 4), (3, 0, 4))((1, 0, 7), (2, 0, 7), (3, 0, 5), (3, 0, 6), (3, 0, 7))((0, 0, 6), (0, 0, 7), (0, 0, 8), (1, 0, 6), (2, 0, 6))((1, 0, 8), (2, 0, 8), (3, 0, 8), (3, 1, 8), (3, 2, 8))((4, 0, 6), (4, 0, 7), (4, 0, 8), (4, 1, 8), (4, 2, 8))((2, 1, 8), (2, 2, 8), (2, 3, 8), (3, 3, 8), (4, 3, 8))
185
((0, 0, 0), (0, 0, 1), (0, 0, 2), (1, 0, 2), (2, 0, 2))((1, 0, 1), (2, 0, 1), (3, 0, 1), (3, 0, 2), (3, 0, 3))((1, 0, 0), (1, 1, 0), (1, 2, 0), (2, 0, 0), (3, 0, 0))((4, 0, 0), (4, 0, 1), (4, 0, 2), (4, 1, 2), (4, 2, 2))((4, 0, 3), (4, 0, 4), (4, 0, 5), (4, 1, 3), (4, 2, 3))((0, 1, 0), (0, 1, 1), (0, 1, 2), (1, 1, 2), (2, 1, 2))((2, 3, 1), (3, 3, 1), (4, 1, 1), (4, 2, 1), (4, 3, 1))((1, 1, 1), (2, 1, 1), (3, 1, 1), (3, 1, 2), (3, 1, 3))((2, 1, 0), (2, 2, 0), (2, 3, 0), (3, 1, 0), (4, 1, 0))((1, 3, 0), (1, 3, 1), (1, 3, 2), (2, 3, 2), (3, 3, 2))((4, 2, 0), (4, 3, 0), (4, 4, 0), (4, 4, 1), (4, 4, 2))((4, 1, 4), (4, 2, 4), (4, 3, 2), (4, 3, 3), (4, 3, 4))((0, 2, 0), (0, 3, 0), (0, 4, 0), (1, 4, 0), (2, 4, 0))((3, 2, 0), (3, 3, 0), (3, 4, 0), (3, 4, 1), (3, 4, 2))((3, 2, 1), (3, 2, 2), (3, 2, 3), (3, 3, 3), (3, 4, 3))((4, 2, 5), (4, 3, 5), (4, 4, 3), (4, 4, 4), (4, 4, 5))((1, 2, 3), (1, 3, 3), (1, 4, 1), (1, 4, 2), (1, 4, 3))((2, 2, 3), (2, 3, 3), (2, 4, 1), (2, 4, 2), (2, 4, 3))((0, 2, 1), (0, 3, 1), (0, 4, 1), (1, 2, 1), (2, 2, 1))((0, 2, 2), (0, 3, 2), (0, 4, 2), (1, 2, 2), (2, 2, 2))((0, 2, 3), (0, 2, 4), (0, 2, 5), (0, 3, 3), (0, 4, 3))((0, 1, 3), (0, 1, 4), (0, 1, 5), (1, 1, 3), (2, 1, 3))((0, 0, 3), (0, 0, 4), (0, 0, 5), (1, 0, 3), (2, 0, 3))((0, 2, 6), (0, 3, 6), (0, 4, 4), (0, 4, 5), (0, 4, 6))((0, 3, 5), (1, 3, 5), (2, 3, 5), (2, 3, 6), (2, 3, 7))((0, 3, 4), (1, 3, 4), (2, 1, 4), (2, 2, 4), (2, 3, 4))((0, 2, 7), (0, 3, 7), (0, 4, 7), (1, 4, 7), (2, 4, 7))((1, 4, 5), (2, 4, 5), (3, 2, 5), (3, 3, 5), (3, 4, 5))((1, 4, 4), (2, 4, 4), (3, 2, 4), (3, 3, 4), (3, 4, 4))((3, 1, 4), (3, 1, 5), (3, 1, 6), (3, 2, 6), (3, 3, 6))((4, 1, 5), (4, 1, 6), (4, 1, 7), (4, 2, 7), (4, 3, 7))((4, 2, 6), (4, 3, 6), (4, 4, 6), (4, 4, 7), (4, 4, 8))((1, 4, 6), (2, 4, 6), (3, 4, 6), (3, 4, 7), (3, 4, 8))((1, 1, 7), (2, 1, 7), (3, 1, 7), (3, 2, 7), (3, 3, 7))((2, 0, 5), (2, 1, 5), (2, 2, 5), (2, 2, 6), (2, 2, 7))((0, 1, 6), (0, 1, 7), (0, 1, 8), (1, 1, 6), (2, 1, 6))((1, 3, 6), (1, 3, 7), (1, 3, 8), (2, 3, 8), (3, 3, 8))((2, 1, 8), (3, 1, 8), (4, 1, 8), (4, 2, 8), (4, 3, 8))((0, 2, 8), (0, 3, 8), (0, 4, 8), (1, 4, 8), (2, 4, 8))((2, 0, 8), (3, 0, 8), (4, 0, 6), (4, 0, 7), (4, 0, 8))((0, 0, 6), (0, 0, 7), (0, 0, 8), (1, 0, 6), (2, 0, 6))((1, 0, 7), (2, 0, 7), (3, 0, 5), (3, 0, 6), (3, 0, 7))((1, 0, 5), (1, 1, 5), (1, 2, 5), (1, 2, 6), (1, 2, 7))((1, 0, 8), (1, 1, 8), (1, 2, 8), (2, 2, 8), (3, 2, 8))((1, 0, 4), (1, 1, 4), (1, 2, 4), (2, 0, 4), (3, 0, 4))
186
((0, 0, 0), (0, 0, 1), (0, 0, 2), (1, 0, 2), (2, 0, 2))((1, 0, 1), (2, 0, 1), (3, 0, 1), (3, 0, 2), (3, 0, 3))((1, 0, 0), (1, 1, 0), (1, 2, 0), (2, 0, 0), (3, 0, 0))((4, 0, 0), (4, 0, 1), (4, 0, 2), (4, 1, 2), (4, 2, 2))((4, 0, 3), (4, 0, 4), (4, 0, 5), (4, 1, 3), (4, 2, 3))((0, 1, 0), (0, 1, 1), (0, 1, 2), (1, 1, 2), (2, 1, 2))((2, 3, 1), (3, 3, 1), (4, 1, 1), (4, 2, 1), (4, 3, 1))((1, 1, 1), (2, 1, 1), (3, 1, 1), (3, 1, 2), (3, 1, 3))((2, 1, 0), (2, 2, 0), (2, 3, 0), (3, 1, 0), (4, 1, 0))((1, 3, 0), (1, 3, 1), (1, 3, 2), (2, 3, 2), (3, 3, 2))((4, 2, 0), (4, 3, 0), (4, 4, 0), (4, 4, 1), (4, 4, 2))((4, 1, 4), (4, 2, 4), (4, 3, 2), (4, 3, 3), (4, 3, 4))((0, 2, 0), (0, 3, 0), (0, 4, 0), (1, 4, 0), (2, 4, 0))((3, 2, 0), (3, 3, 0), (3, 4, 0), (3, 4, 1), (3, 4, 2))((3, 2, 1), (3, 2, 2), (3, 2, 3), (3, 3, 3), (3, 4, 3))((4, 2, 5), (4, 3, 5), (4, 4, 3), (4, 4, 4), (4, 4, 5))((1, 2, 3), (1, 3, 3), (1, 4, 1), (1, 4, 2), (1, 4, 3))((2, 2, 3), (2, 3, 3), (2, 4, 1), (2, 4, 2), (2, 4, 3))((0, 2, 1), (0, 3, 1), (0, 4, 1), (1, 2, 1), (2, 2, 1))((0, 2, 2), (0, 3, 2), (0, 4, 2), (1, 2, 2), (2, 2, 2))((0, 2, 3), (0, 3, 3), (0, 4, 3), (0, 4, 4), (0, 4, 5))((0, 0, 3), (0, 0, 4), (0, 0, 5), (1, 0, 3), (2, 0, 3))((0, 1, 3), (0, 1, 4), (0, 1, 5), (1, 1, 3), (2, 1, 3))((0, 3, 4), (1, 3, 4), (2, 1, 4), (2, 2, 4), (2, 3, 4))((0, 2, 4), (0, 2, 5), (0, 2, 6), (0, 3, 6), (0, 4, 6))((0, 3, 5), (1, 3, 5), (2, 3, 5), (2, 3, 6), (2, 3, 7))((0, 2, 7), (0, 3, 7), (0, 4, 7), (1, 4, 7), (2, 4, 7))((1, 4, 5), (2, 4, 5), (3, 2, 5), (3, 3, 5), (3, 4, 5))((1, 4, 4), (2, 4, 4), (3, 2, 4), (3, 3, 4), (3, 4, 4))((3, 1, 4), (3, 1, 5), (3, 1, 6), (3, 2, 6), (3, 3, 6))((4, 1, 5), (4, 1, 6), (4, 1, 7), (4, 2, 7), (4, 3, 7))((4, 2, 6), (4, 3, 6), (4, 4, 6), (4, 4, 7), (4, 4, 8))((1, 4, 6), (2, 4, 6), (3, 4, 6), (3, 4, 7), (3, 4, 8))((1, 1, 7), (2, 1, 7), (3, 1, 7), (3, 2, 7), (3, 3, 7))((2, 0, 5), (2, 1, 5), (2, 2, 5), (2, 2, 6), (2, 2, 7))((0, 1, 6), (0, 1, 7), (0, 1, 8), (1, 1, 6), (2, 1, 6))((1, 1, 8), (1, 2, 8), (1, 3, 6), (1, 3, 7), (1, 3, 8))((0, 2, 8), (0, 3, 8), (0, 4, 8), (1, 4, 8), (2, 4, 8))((1, 0, 5), (1, 1, 5), (1, 2, 5), (1, 2, 6), (1, 2, 7))((1, 0, 4), (1, 1, 4), (1, 2, 4), (2, 0, 4), (3, 0, 4))((1, 0, 7), (2, 0, 7), (3, 0, 5), (3, 0, 6), (3, 0, 7))((0, 0, 6), (0, 0, 7), (0, 0, 8), (1, 0, 6), (2, 0, 6))((1, 0, 8), (2, 0, 8), (3, 0, 8), (3, 1, 8), (3, 2, 8))((4, 0, 6), (4, 0, 7), (4, 0, 8), (4, 1, 8), (4, 2, 8))((2, 1, 8), (2, 2, 8), (2, 3, 8), (3, 3, 8), (4, 3, 8))
187
((0, 0, 0), (0, 0, 1), (0, 0, 2), (1, 0, 2), (2, 0, 2))((1, 0, 1), (2, 0, 1), (3, 0, 1), (3, 0, 2), (3, 0, 3))((1, 0, 0), (1, 1, 0), (1, 2, 0), (2, 0, 0), (3, 0, 0))((4, 0, 0), (4, 0, 1), (4, 0, 2), (4, 1, 2), (4, 2, 2))((4, 0, 3), (4, 0, 4), (4, 0, 5), (4, 1, 3), (4, 2, 3))((0, 1, 0), (0, 1, 1), (0, 1, 2), (1, 1, 2), (2, 1, 2))((2, 3, 1), (3, 3, 1), (4, 1, 1), (4, 2, 1), (4, 3, 1))((1, 1, 1), (2, 1, 1), (3, 1, 1), (3, 1, 2), (3, 1, 3))((2, 1, 0), (2, 2, 0), (2, 3, 0), (3, 1, 0), (4, 1, 0))((1, 3, 0), (1, 3, 1), (1, 3, 2), (2, 3, 2), (3, 3, 2))((4, 2, 0), (4, 3, 0), (4, 4, 0), (4, 4, 1), (4, 4, 2))((4, 1, 4), (4, 2, 4), (4, 3, 2), (4, 3, 3), (4, 3, 4))((0, 2, 0), (0, 3, 0), (0, 4, 0), (1, 4, 0), (2, 4, 0))((3, 2, 0), (3, 3, 0), (3, 4, 0), (3, 4, 1), (3, 4, 2))((3, 2, 1), (3, 2, 2), (3, 2, 3), (3, 3, 3), (3, 4, 3))((4, 2, 5), (4, 3, 5), (4, 4, 3), (4, 4, 4), (4, 4, 5))((1, 2, 3), (1, 3, 3), (1, 4, 1), (1, 4, 2), (1, 4, 3))((2, 2, 3), (2, 3, 3), (2, 4, 1), (2, 4, 2), (2, 4, 3))((0, 2, 1), (0, 3, 1), (0, 4, 1), (1, 2, 1), (2, 2, 1))((0, 2, 2), (0, 3, 2), (0, 4, 2), (1, 2, 2), (2, 2, 2))((0, 2, 3), (0, 3, 3), (0, 4, 3), (0, 4, 4), (0, 4, 5))((0, 0, 3), (0, 0, 4), (0, 0, 5), (1, 0, 3), (2, 0, 3))((0, 1, 3), (0, 1, 4), (0, 1, 5), (1, 1, 3), (2, 1, 3))((0, 3, 4), (1, 3, 4), (2, 1, 4), (2, 2, 4), (2, 3, 4))((0, 2, 4), (0, 2, 5), (0, 2, 6), (0, 3, 6), (0, 4, 6))((0, 3, 5), (1, 3, 5), (2, 3, 5), (2, 3, 6), (2, 3, 7))((0, 2, 7), (0, 3, 7), (0, 4, 7), (1, 4, 7), (2, 4, 7))((1, 4, 5), (2, 4, 5), (3, 2, 5), (3, 3, 5), (3, 4, 5))((1, 4, 4), (2, 4, 4), (3, 2, 4), (3, 3, 4), (3, 4, 4))((3, 1, 4), (3, 1, 5), (3, 1, 6), (3, 2, 6), (3, 3, 6))((4, 1, 5), (4, 1, 6), (4, 1, 7), (4, 2, 7), (4, 3, 7))((4, 2, 6), (4, 3, 6), (4, 4, 6), (4, 4, 7), (4, 4, 8))((1, 4, 6), (2, 4, 6), (3, 4, 6), (3, 4, 7), (3, 4, 8))((1, 1, 7), (2, 1, 7), (3, 1, 7), (3, 2, 7), (3, 3, 7))((2, 0, 5), (2, 1, 5), (2, 2, 5), (2, 2, 6), (2, 2, 7))((0, 1, 6), (0, 1, 7), (0, 1, 8), (1, 1, 6), (2, 1, 6))((1, 3, 6), (1, 3, 7), (1, 3, 8), (2, 3, 8), (3, 3, 8))((2, 1, 8), (3, 1, 8), (4, 1, 8), (4, 2, 8), (4, 3, 8))((0, 2, 8), (0, 3, 8), (0, 4, 8), (1, 4, 8), (2, 4, 8))((2, 0, 8), (3, 0, 8), (4, 0, 6), (4, 0, 7), (4, 0, 8))((0, 0, 6), (0, 0, 7), (0, 0, 8), (1, 0, 6), (2, 0, 6))((1, 0, 7), (2, 0, 7), (3, 0, 5), (3, 0, 6), (3, 0, 7))((1, 0, 5), (1, 1, 5), (1, 2, 5), (1, 2, 6), (1, 2, 7))((1, 0, 8), (1, 1, 8), (1, 2, 8), (2, 2, 8), (3, 2, 8))((1, 0, 4), (1, 1, 4), (1, 2, 4), (2, 0, 4), (3, 0, 4))
188
((0, 0, 0), (0, 0, 1), (0, 0, 2), (1, 0, 2), (2, 0, 2))((1, 0, 1), (2, 0, 1), (3, 0, 1), (3, 0, 2), (3, 0, 3))((1, 0, 0), (1, 1, 0), (1, 2, 0), (2, 0, 0), (3, 0, 0))((4, 0, 0), (4, 0, 1), (4, 0, 2), (4, 1, 2), (4, 2, 2))((4, 0, 3), (4, 0, 4), (4, 0, 5), (4, 1, 3), (4, 2, 3))((0, 1, 0), (0, 1, 1), (0, 1, 2), (1, 1, 2), (2, 1, 2))((2, 3, 1), (3, 3, 1), (4, 1, 1), (4, 2, 1), (4, 3, 1))((1, 1, 1), (2, 1, 1), (3, 1, 1), (3, 1, 2), (3, 1, 3))((2, 1, 0), (2, 2, 0), (2, 3, 0), (3, 1, 0), (4, 1, 0))((1, 3, 0), (1, 3, 1), (1, 3, 2), (2, 3, 2), (3, 3, 2))((4, 2, 0), (4, 3, 0), (4, 4, 0), (4, 4, 1), (4, 4, 2))((4, 1, 4), (4, 2, 4), (4, 3, 2), (4, 3, 3), (4, 3, 4))((0, 2, 0), (0, 3, 0), (0, 4, 0), (1, 4, 0), (2, 4, 0))((3, 2, 0), (3, 3, 0), (3, 4, 0), (3, 4, 1), (3, 4, 2))((3, 2, 1), (3, 2, 2), (3, 2, 3), (3, 3, 3), (3, 4, 3))((4, 2, 5), (4, 3, 5), (4, 4, 3), (4, 4, 4), (4, 4, 5))((1, 2, 3), (1, 3, 3), (1, 4, 1), (1, 4, 2), (1, 4, 3))((2, 2, 3), (2, 3, 3), (2, 4, 1), (2, 4, 2), (2, 4, 3))((0, 2, 1), (0, 3, 1), (0, 4, 1), (1, 2, 1), (2, 2, 1))((0, 2, 2), (0, 3, 2), (0, 4, 2), (1, 2, 2), (2, 2, 2))((0, 4, 3), (0, 4, 4), (0, 4, 5), (1, 4, 5), (2, 4, 5))((0, 1, 3), (0, 2, 3), (0, 3, 3), (1, 1, 3), (2, 1, 3))((2, 0, 3), (2, 0, 4), (2, 0, 5), (2, 1, 5), (2, 2, 5))((1, 0, 3), (1, 0, 4), (1, 0, 5), (1, 1, 5), (1, 2, 5))((0, 0, 3), (0, 0, 4), (0, 0, 5), (0, 1, 5), (0, 2, 5))((4, 1, 5), (4, 1, 6), (4, 1, 7), (4, 2, 7), (4, 3, 7))((0, 1, 4), (0, 2, 4), (0, 3, 4), (1, 1, 4), (2, 1, 4))((1, 4, 4), (2, 4, 4), (3, 4, 4), (3, 4, 5), (3, 4, 6))((1, 2, 4), (2, 2, 4), (3, 0, 4), (3, 1, 4), (3, 2, 4))((0, 3, 5), (0, 3, 6), (0, 3, 7), (1, 3, 5), (2, 3, 5))((1, 3, 4), (2, 3, 4), (3, 3, 4), (3, 3, 5), (3, 3, 6))((4, 2, 6), (4, 3, 6), (4, 4, 6), (4, 4, 7), (4, 4, 8))((2, 0, 8), (3, 0, 8), (4, 0, 6), (4, 0, 7), (4, 0, 8))((2, 1, 8), (3, 1, 8), (4, 1, 8), (4, 2, 8), (4, 3, 8))((1, 1, 7), (2, 1, 7), (3, 1, 5), (3, 1, 6), (3, 1, 7))((1, 0, 7), (2, 0, 7), (3, 0, 5), (3, 0, 6), (3, 0, 7))((3, 2, 5), (3, 2, 6), (3, 2, 7), (3, 3, 7), (3, 4, 7))((1, 0, 8), (1, 1, 8), (1, 2, 8), (2, 2, 8), (3, 2, 8))((1, 3, 6), (1, 3, 7), (1, 3, 8), (2, 3, 8), (3, 3, 8))((1, 4, 6), (1, 4, 7), (1, 4, 8), (2, 4, 8), (3, 4, 8))((0, 2, 7), (1, 2, 7), (2, 2, 7), (2, 3, 7), (2, 4, 7))((0, 2, 8), (0, 3, 8), (0, 4, 6), (0, 4, 7), (0, 4, 8))((0, 1, 6), (0, 1, 7), (0, 1, 8), (1, 1, 6), (2, 1, 6))((0, 2, 6), (1, 2, 6), (2, 2, 6), (2, 3, 6), (2, 4, 6))((0, 0, 6), (0, 0, 7), (0, 0, 8), (1, 0, 6), (2, 0, 6))
189
((0, 0, 0), (0, 0, 1), (0, 0, 2), (1, 0, 2), (2, 0, 2))((1, 0, 1), (2, 0, 1), (3, 0, 1), (3, 0, 2), (3, 0, 3))((1, 0, 0), (1, 1, 0), (1, 2, 0), (2, 0, 0), (3, 0, 0))((4, 0, 0), (4, 0, 1), (4, 0, 2), (4, 1, 2), (4, 2, 2))((4, 0, 3), (4, 0, 4), (4, 0, 5), (4, 1, 3), (4, 2, 3))((0, 1, 0), (0, 1, 1), (0, 1, 2), (1, 1, 2), (2, 1, 2))((2, 3, 1), (3, 3, 1), (4, 1, 1), (4, 2, 1), (4, 3, 1))((1, 1, 1), (2, 1, 1), (3, 1, 1), (3, 1, 2), (3, 1, 3))((2, 1, 0), (2, 2, 0), (2, 3, 0), (3, 1, 0), (4, 1, 0))((1, 3, 0), (1, 3, 1), (1, 3, 2), (2, 3, 2), (3, 3, 2))((4, 2, 0), (4, 3, 0), (4, 4, 0), (4, 4, 1), (4, 4, 2))((4, 1, 4), (4, 2, 4), (4, 3, 2), (4, 3, 3), (4, 3, 4))((0, 2, 0), (0, 3, 0), (0, 4, 0), (1, 4, 0), (2, 4, 0))((3, 2, 0), (3, 3, 0), (3, 4, 0), (3, 4, 1), (3, 4, 2))((3, 2, 1), (3, 2, 2), (3, 2, 3), (3, 3, 3), (3, 4, 3))((4, 2, 5), (4, 3, 5), (4, 4, 3), (4, 4, 4), (4, 4, 5))((1, 2, 3), (1, 3, 3), (1, 4, 1), (1, 4, 2), (1, 4, 3))((2, 2, 3), (2, 3, 3), (2, 4, 1), (2, 4, 2), (2, 4, 3))((0, 2, 1), (0, 3, 1), (0, 4, 1), (1, 2, 1), (2, 2, 1))((0, 2, 2), (0, 3, 2), (0, 4, 2), (1, 2, 2), (2, 2, 2))((0, 4, 3), (0, 4, 4), (0, 4, 5), (1, 4, 5), (2, 4, 5))((0, 1, 3), (0, 2, 3), (0, 3, 3), (1, 1, 3), (2, 1, 3))((2, 0, 3), (2, 0, 4), (2, 0, 5), (2, 1, 5), (2, 2, 5))((1, 0, 3), (1, 0, 4), (1, 0, 5), (1, 1, 5), (1, 2, 5))((0, 0, 3), (0, 0, 4), (0, 0, 5), (0, 1, 5), (0, 2, 5))((4, 1, 5), (4, 1, 6), (4, 1, 7), (4, 2, 7), (4, 3, 7))((0, 1, 4), (0, 2, 4), (0, 3, 4), (1, 1, 4), (2, 1, 4))((1, 4, 4), (2, 4, 4), (3, 4, 4), (3, 4, 5), (3, 4, 6))((1, 2, 4), (2, 2, 4), (3, 0, 4), (3, 1, 4), (3, 2, 4))((0, 3, 5), (0, 3, 6), (0, 3, 7), (1, 3, 5), (2, 3, 5))((1, 3, 4), (2, 3, 4), (3, 3, 4), (3, 3, 5), (3, 3, 6))((4, 2, 6), (4, 3, 6), (4, 4, 6), (4, 4, 7), (4, 4, 8))((4, 0, 6), (4, 0, 7), (4, 0, 8), (4, 1, 8), (4, 2, 8))((2, 1, 8), (2, 2, 8), (2, 3, 8), (3, 3, 8), (4, 3, 8))((1, 4, 6), (1, 4, 7), (1, 4, 8), (2, 4, 8), (3, 4, 8))((0, 2, 7), (1, 2, 7), (2, 2, 7), (2, 3, 7), (2, 4, 7))((3, 2, 5), (3, 2, 6), (3, 2, 7), (3, 3, 7), (3, 4, 7))((1, 1, 7), (2, 1, 7), (3, 1, 5), (3, 1, 6), (3, 1, 7))((1, 0, 7), (2, 0, 7), (3, 0, 5), (3, 0, 6), (3, 0, 7))((1, 0, 8), (2, 0, 8), (3, 0, 8), (3, 1, 8), (3, 2, 8))((1, 1, 8), (1, 2, 8), (1, 3, 6), (1, 3, 7), (1, 3, 8))((0, 2, 8), (0, 3, 8), (0, 4, 6), (0, 4, 7), (0, 4, 8))((0, 1, 6), (0, 1, 7), (0, 1, 8), (1, 1, 6), (2, 1, 6))((0, 2, 6), (1, 2, 6), (2, 2, 6), (2, 3, 6), (2, 4, 6))((0, 0, 6), (0, 0, 7), (0, 0, 8), (1, 0, 6), (2, 0, 6))
190
((0, 0, 0), (0, 0, 1), (0, 0, 2), (1, 0, 2), (2, 0, 2))((1, 0, 1), (2, 0, 1), (3, 0, 1), (3, 0, 2), (3, 0, 3))((1, 0, 0), (1, 1, 0), (1, 2, 0), (2, 0, 0), (3, 0, 0))((4, 0, 0), (4, 0, 1), (4, 0, 2), (4, 1, 2), (4, 2, 2))((4, 0, 3), (4, 0, 4), (4, 0, 5), (4, 1, 3), (4, 2, 3))((0, 1, 0), (0, 1, 1), (0, 1, 2), (1, 1, 2), (2, 1, 2))((2, 3, 1), (3, 3, 1), (4, 1, 1), (4, 2, 1), (4, 3, 1))((1, 1, 1), (2, 1, 1), (3, 1, 1), (3, 1, 2), (3, 1, 3))((2, 1, 0), (2, 2, 0), (2, 3, 0), (3, 1, 0), (4, 1, 0))((1, 3, 0), (1, 3, 1), (1, 3, 2), (2, 3, 2), (3, 3, 2))((4, 2, 0), (4, 3, 0), (4, 4, 0), (4, 4, 1), (4, 4, 2))((4, 1, 4), (4, 2, 4), (4, 3, 2), (4, 3, 3), (4, 3, 4))((0, 2, 0), (0, 3, 0), (0, 4, 0), (1, 4, 0), (2, 4, 0))((3, 2, 0), (3, 3, 0), (3, 4, 0), (3, 4, 1), (3, 4, 2))((1, 2, 1), (2, 2, 1), (3, 2, 1), (3, 2, 2), (3, 2, 3))((1, 1, 3), (1, 2, 3), (1, 3, 3), (2, 3, 3), (3, 3, 3))((0, 2, 2), (0, 3, 2), (0, 4, 2), (1, 2, 2), (2, 2, 2))((0, 2, 1), (0, 3, 1), (0, 4, 1), (1, 4, 1), (2, 4, 1))((1, 2, 4), (1, 3, 4), (1, 4, 2), (1, 4, 3), (1, 4, 4))((2, 2, 4), (2, 3, 4), (2, 4, 2), (2, 4, 3), (2, 4, 4))((4, 2, 5), (4, 3, 5), (4, 4, 3), (4, 4, 4), (4, 4, 5))((0, 0, 3), (1, 0, 3), (2, 0, 3), (2, 1, 3), (2, 2, 3))((3, 2, 5), (3, 3, 5), (3, 4, 3), (3, 4, 4), (3, 4, 5))((1, 1, 4), (2, 1, 4), (3, 1, 4), (3, 2, 4), (3, 3, 4))((0, 1, 3), (0, 2, 3), (0, 3, 3), (0, 3, 4), (0, 3, 5))((0, 4, 3), (0, 4, 4), (0, 4, 5), (1, 4, 5), (2, 4, 5))((3, 0, 4), (3, 0, 5), (3, 0, 6), (3, 1, 6), (3, 2, 6))((0, 0, 4), (0, 1, 4), (0, 2, 4), (1, 0, 4), (2, 0, 4))((2, 0, 8), (3, 0, 8), (4, 0, 6), (4, 0, 7), (4, 0, 8))((1, 0, 7), (2, 0, 7), (3, 0, 7), (3, 1, 7), (3, 2, 7))((1, 0, 8), (1, 1, 8), (1, 2, 8), (2, 2, 8), (3, 2, 8))((2, 1, 8), (3, 1, 8), (4, 1, 6), (4, 1, 7), (4, 1, 8))((2, 1, 5), (2, 1, 6), (2, 1, 7), (3, 1, 5), (4, 1, 5))((0, 0, 5), (0, 1, 5), (0, 2, 5), (1, 0, 5), (2, 0, 5))((0, 3, 7), (1, 3, 7), (2, 3, 5), (2, 3, 6), (2, 3, 7))((1, 3, 8), (2, 3, 8), (3, 3, 6), (3, 3, 7), (3, 3, 8))((1, 1, 5), (1, 1, 6), (1, 1, 7), (1, 2, 5), (1, 3, 5))((2, 4, 7), (3, 4, 7), (4, 2, 7), (4, 3, 7), (4, 4, 7))((2, 4, 8), (3, 4, 8), (4, 2, 8), (4, 3, 8), (4, 4, 8))((2, 4, 6), (3, 4, 6), (4, 2, 6), (4, 3, 6), (4, 4, 6))((1, 2, 6), (1, 3, 6), (1, 4, 6), (1, 4, 7), (1, 4, 8))((0, 2, 7), (1, 2, 7), (2, 2, 5), (2, 2, 6), (2, 2, 7))((0, 1, 6), (0, 1, 7), (0, 1, 8), (0, 2, 6), (0, 3, 6))((0, 2, 8), (0, 3, 8), (0, 4, 6), (0, 4, 7), (0, 4, 8))((0, 0, 6), (0, 0, 7), (0, 0, 8), (1, 0, 6), (2, 0, 6))
191
((0, 0, 0), (0, 0, 1), (0, 0, 2), (1, 0, 2), (2, 0, 2))((1, 0, 1), (2, 0, 1), (3, 0, 1), (3, 0, 2), (3, 0, 3))((1, 0, 0), (1, 1, 0), (1, 2, 0), (2, 0, 0), (3, 0, 0))((4, 0, 0), (4, 0, 1), (4, 0, 2), (4, 1, 2), (4, 2, 2))((4, 0, 3), (4, 0, 4), (4, 0, 5), (4, 1, 3), (4, 2, 3))((0, 1, 0), (0, 1, 1), (0, 1, 2), (1, 1, 2), (2, 1, 2))((2, 3, 1), (3, 3, 1), (4, 1, 1), (4, 2, 1), (4, 3, 1))((1, 1, 1), (2, 1, 1), (3, 1, 1), (3, 1, 2), (3, 1, 3))((2, 1, 0), (2, 2, 0), (2, 3, 0), (3, 1, 0), (4, 1, 0))((1, 3, 0), (1, 3, 1), (1, 3, 2), (2, 3, 2), (3, 3, 2))((4, 2, 0), (4, 3, 0), (4, 4, 0), (4, 4, 1), (4, 4, 2))((4, 1, 4), (4, 2, 4), (4, 3, 2), (4, 3, 3), (4, 3, 4))((0, 2, 0), (0, 3, 0), (0, 4, 0), (1, 4, 0), (2, 4, 0))((3, 2, 0), (3, 3, 0), (3, 4, 0), (3, 4, 1), (3, 4, 2))((1, 2, 1), (2, 2, 1), (3, 2, 1), (3, 2, 2), (3, 2, 3))((1, 1, 3), (1, 2, 3), (1, 3, 3), (2, 3, 3), (3, 3, 3))((0, 2, 2), (0, 3, 2), (0, 4, 2), (1, 2, 2), (2, 2, 2))((0, 2, 1), (0, 3, 1), (0, 4, 1), (1, 4, 1), (2, 4, 1))((1, 2, 4), (1, 3, 4), (1, 4, 2), (1, 4, 3), (1, 4, 4))((2, 2, 4), (2, 3, 4), (2, 4, 2), (2, 4, 3), (2, 4, 4))((4, 2, 5), (4, 3, 5), (4, 4, 3), (4, 4, 4), (4, 4, 5))((0, 0, 3), (1, 0, 3), (2, 0, 3), (2, 1, 3), (2, 2, 3))((3, 2, 5), (3, 3, 5), (3, 4, 3), (3, 4, 4), (3, 4, 5))((1, 1, 4), (2, 1, 4), (3, 1, 4), (3, 2, 4), (3, 3, 4))((0, 1, 3), (0, 2, 3), (0, 3, 3), (0, 3, 4), (0, 3, 5))((0, 4, 3), (0, 4, 4), (0, 4, 5), (1, 4, 5), (2, 4, 5))((3, 0, 4), (3, 0, 5), (3, 0, 6), (3, 1, 6), (3, 2, 6))((0, 0, 4), (0, 1, 4), (0, 2, 4), (1, 0, 4), (2, 0, 4))((2, 0, 8), (3, 0, 8), (4, 0, 6), (4, 0, 7), (4, 0, 8))((1, 0, 7), (2, 0, 7), (3, 0, 7), (3, 1, 7), (3, 2, 7))((1, 0, 8), (1, 1, 8), (1, 2, 8), (2, 2, 8), (3, 2, 8))((2, 1, 8), (3, 1, 8), (4, 1, 6), (4, 1, 7), (4, 1, 8))((2, 1, 5), (2, 1, 6), (2, 1, 7), (3, 1, 5), (4, 1, 5))((0, 0, 5), (0, 1, 5), (0, 2, 5), (1, 0, 5), (2, 0, 5))((0, 3, 7), (1, 3, 7), (2, 3, 5), (2, 3, 6), (2, 3, 7))((1, 3, 8), (2, 3, 8), (3, 3, 6), (3, 3, 7), (3, 3, 8))((1, 1, 5), (1, 1, 6), (1, 1, 7), (1, 2, 5), (1, 3, 5))((2, 4, 7), (3, 4, 7), (4, 2, 7), (4, 3, 7), (4, 4, 7))((2, 4, 8), (3, 4, 8), (4, 2, 8), (4, 3, 8), (4, 4, 8))((2, 4, 6), (3, 4, 6), (4, 2, 6), (4, 3, 6), (4, 4, 6))((1, 2, 6), (1, 3, 6), (1, 4, 6), (1, 4, 7), (1, 4, 8))((0, 2, 7), (1, 2, 7), (2, 2, 5), (2, 2, 6), (2, 2, 7))((0, 1, 6), (0, 1, 7), (0, 1, 8), (0, 2, 8), (0, 3, 8))((0, 2, 6), (0, 3, 6), (0, 4, 6), (0, 4, 7), (0, 4, 8))((0, 0, 6), (0, 0, 7), (0, 0, 8), (1, 0, 6), (2, 0, 6))
192
((0, 0, 0), (0, 0, 1), (0, 0, 2), (1, 0, 2), (2, 0, 2))((1, 0, 1), (2, 0, 1), (3, 0, 1), (3, 0, 2), (3, 0, 3))((1, 0, 0), (1, 1, 0), (1, 2, 0), (2, 0, 0), (3, 0, 0))((4, 0, 0), (4, 0, 1), (4, 0, 2), (4, 1, 2), (4, 2, 2))((4, 0, 3), (4, 0, 4), (4, 0, 5), (4, 1, 3), (4, 2, 3))((0, 1, 0), (0, 1, 1), (0, 1, 2), (1, 1, 2), (2, 1, 2))((2, 3, 1), (3, 3, 1), (4, 1, 1), (4, 2, 1), (4, 3, 1))((1, 1, 1), (2, 1, 1), (3, 1, 1), (3, 1, 2), (3, 1, 3))((2, 1, 0), (2, 2, 0), (2, 3, 0), (3, 1, 0), (4, 1, 0))((1, 3, 0), (1, 3, 1), (1, 3, 2), (2, 3, 2), (3, 3, 2))((4, 2, 0), (4, 3, 0), (4, 4, 0), (4, 4, 1), (4, 4, 2))((4, 1, 4), (4, 2, 4), (4, 3, 2), (4, 3, 3), (4, 3, 4))((0, 2, 0), (0, 3, 0), (0, 4, 0), (1, 4, 0), (2, 4, 0))((3, 2, 0), (3, 3, 0), (3, 4, 0), (3, 4, 1), (3, 4, 2))((1, 2, 1), (2, 2, 1), (3, 2, 1), (3, 2, 2), (3, 2, 3))((1, 1, 3), (1, 2, 3), (1, 3, 3), (2, 3, 3), (3, 3, 3))((0, 2, 2), (0, 3, 2), (0, 4, 2), (1, 2, 2), (2, 2, 2))((0, 2, 1), (0, 3, 1), (0, 4, 1), (1, 4, 1), (2, 4, 1))((1, 2, 4), (1, 3, 4), (1, 4, 2), (1, 4, 3), (1, 4, 4))((2, 2, 4), (2, 3, 4), (2, 4, 2), (2, 4, 3), (2, 4, 4))((4, 2, 5), (4, 3, 5), (4, 4, 3), (4, 4, 4), (4, 4, 5))((0, 0, 3), (1, 0, 3), (2, 0, 3), (2, 1, 3), (2, 2, 3))((3, 2, 5), (3, 3, 5), (3, 4, 3), (3, 4, 4), (3, 4, 5))((1, 1, 4), (2, 1, 4), (3, 1, 4), (3, 2, 4), (3, 3, 4))((0, 1, 3), (0, 2, 3), (0, 3, 3), (0, 3, 4), (0, 3, 5))((0, 4, 3), (0, 4, 4), (0, 4, 5), (1, 4, 5), (2, 4, 5))((3, 0, 4), (3, 0, 5), (3, 0, 6), (3, 1, 6), (3, 2, 6))((0, 0, 4), (0, 1, 4), (0, 2, 4), (1, 0, 4), (2, 0, 4))((2, 0, 8), (3, 0, 8), (4, 0, 6), (4, 0, 7), (4, 0, 8))((1, 0, 7), (2, 0, 7), (3, 0, 7), (3, 1, 7), (3, 2, 7))((1, 0, 8), (1, 1, 8), (1, 2, 8), (2, 2, 8), (3, 2, 8))((2, 1, 6), (2, 1, 7), (2, 1, 8), (3, 1, 8), (4, 1, 8))((0, 0, 6), (0, 0, 7), (0, 0, 8), (1, 0, 6), (2, 0, 6))((2, 1, 5), (3, 1, 5), (4, 1, 5), (4, 1, 6), (4, 1, 7))((0, 0, 5), (0, 1, 5), (0, 2, 5), (1, 0, 5), (2, 0, 5))((0, 3, 7), (1, 3, 7), (2, 3, 5), (2, 3, 6), (2, 3, 7))((1, 3, 8), (2, 3, 8), (3, 3, 6), (3, 3, 7), (3, 3, 8))((1, 1, 5), (1, 1, 6), (1, 1, 7), (1, 2, 5), (1, 3, 5))((0, 2, 7), (1, 2, 7), (2, 2, 5), (2, 2, 6), (2, 2, 7))((2, 4, 7), (3, 4, 7), (4, 2, 7), (4, 3, 7), (4, 4, 7))((2, 4, 8), (3, 4, 8), (4, 2, 8), (4, 3, 8), (4, 4, 8))((2, 4, 6), (3, 4, 6), (4, 2, 6), (4, 3, 6), (4, 4, 6))((1, 2, 6), (1, 3, 6), (1, 4, 6), (1, 4, 7), (1, 4, 8))((0, 1, 6), (0, 1, 7), (0, 1, 8), (0, 2, 6), (0, 3, 6))((0, 2, 8), (0, 3, 8), (0, 4, 6), (0, 4, 7), (0, 4, 8))
193
((0, 0, 0), (0, 0, 1), (0, 0, 2), (1, 0, 2), (2, 0, 2))((1, 0, 1), (2, 0, 1), (3, 0, 1), (3, 0, 2), (3, 0, 3))((1, 0, 0), (1, 1, 0), (1, 2, 0), (2, 0, 0), (3, 0, 0))((4, 0, 0), (4, 0, 1), (4, 0, 2), (4, 1, 2), (4, 2, 2))((4, 0, 3), (4, 0, 4), (4, 0, 5), (4, 1, 3), (4, 2, 3))((0, 1, 0), (0, 1, 1), (0, 1, 2), (1, 1, 2), (2, 1, 2))((2, 3, 1), (3, 3, 1), (4, 1, 1), (4, 2, 1), (4, 3, 1))((1, 1, 1), (2, 1, 1), (3, 1, 1), (3, 1, 2), (3, 1, 3))((2, 1, 0), (2, 2, 0), (2, 3, 0), (3, 1, 0), (4, 1, 0))((1, 3, 0), (1, 3, 1), (1, 3, 2), (2, 3, 2), (3, 3, 2))((4, 2, 0), (4, 3, 0), (4, 4, 0), (4, 4, 1), (4, 4, 2))((4, 1, 4), (4, 2, 4), (4, 3, 2), (4, 3, 3), (4, 3, 4))((0, 2, 0), (0, 3, 0), (0, 4, 0), (1, 4, 0), (2, 4, 0))((3, 2, 0), (3, 3, 0), (3, 4, 0), (3, 4, 1), (3, 4, 2))((1, 2, 1), (2, 2, 1), (3, 2, 1), (3, 2, 2), (3, 2, 3))((1, 1, 3), (1, 2, 3), (1, 3, 3), (2, 3, 3), (3, 3, 3))((0, 2, 2), (0, 3, 2), (0, 4, 2), (1, 2, 2), (2, 2, 2))((0, 2, 1), (0, 3, 1), (0, 4, 1), (1, 4, 1), (2, 4, 1))((1, 2, 4), (1, 3, 4), (1, 4, 2), (1, 4, 3), (1, 4, 4))((2, 2, 4), (2, 3, 4), (2, 4, 2), (2, 4, 3), (2, 4, 4))((4, 2, 5), (4, 3, 5), (4, 4, 3), (4, 4, 4), (4, 4, 5))((0, 0, 3), (1, 0, 3), (2, 0, 3), (2, 1, 3), (2, 2, 3))((3, 2, 5), (3, 3, 5), (3, 4, 3), (3, 4, 4), (3, 4, 5))((1, 1, 4), (2, 1, 4), (3, 1, 4), (3, 2, 4), (3, 3, 4))((0, 1, 3), (0, 2, 3), (0, 3, 3), (0, 3, 4), (0, 3, 5))((0, 4, 3), (0, 4, 4), (0, 4, 5), (1, 4, 5), (2, 4, 5))((3, 0, 4), (3, 0, 5), (3, 0, 6), (3, 1, 6), (3, 2, 6))((0, 0, 4), (0, 1, 4), (0, 2, 4), (1, 0, 4), (2, 0, 4))((2, 0, 8), (3, 0, 8), (4, 0, 6), (4, 0, 7), (4, 0, 8))((1, 0, 7), (2, 0, 7), (3, 0, 7), (3, 1, 7), (3, 2, 7))((1, 0, 8), (1, 1, 8), (1, 2, 8), (2, 2, 8), (3, 2, 8))((2, 1, 6), (2, 1, 7), (2, 1, 8), (3, 1, 8), (4, 1, 8))((0, 0, 6), (0, 0, 7), (0, 0, 8), (1, 0, 6), (2, 0, 6))((2, 1, 5), (3, 1, 5), (4, 1, 5), (4, 1, 6), (4, 1, 7))((0, 0, 5), (0, 1, 5), (0, 2, 5), (1, 0, 5), (2, 0, 5))((0, 3, 7), (1, 3, 7), (2, 3, 5), (2, 3, 6), (2, 3, 7))((1, 3, 8), (2, 3, 8), (3, 3, 6), (3, 3, 7), (3, 3, 8))((1, 1, 5), (1, 1, 6), (1, 1, 7), (1, 2, 5), (1, 3, 5))((0, 2, 7), (1, 2, 7), (2, 2, 5), (2, 2, 6), (2, 2, 7))((2, 4, 7), (3, 4, 7), (4, 2, 7), (4, 3, 7), (4, 4, 7))((2, 4, 8), (3, 4, 8), (4, 2, 8), (4, 3, 8), (4, 4, 8))((2, 4, 6), (3, 4, 6), (4, 2, 6), (4, 3, 6), (4, 4, 6))((1, 2, 6), (1, 3, 6), (1, 4, 6), (1, 4, 7), (1, 4, 8))((0, 2, 6), (0, 3, 6), (0, 4, 6), (0, 4, 7), (0, 4, 8))((0, 1, 6), (0, 1, 7), (0, 1, 8), (0, 2, 8), (0, 3, 8))
194
((0, 0, 0), (0, 0, 1), (0, 0, 2), (1, 0, 2), (2, 0, 2))((1, 0, 1), (2, 0, 1), (3, 0, 1), (3, 0, 2), (3, 0, 3))((1, 0, 0), (1, 1, 0), (1, 2, 0), (2, 0, 0), (3, 0, 0))((4, 0, 0), (4, 0, 1), (4, 0, 2), (4, 1, 2), (4, 2, 2))((4, 0, 3), (4, 0, 4), (4, 0, 5), (4, 1, 3), (4, 2, 3))((0, 1, 0), (0, 1, 1), (0, 1, 2), (1, 1, 2), (2, 1, 2))((2, 3, 1), (3, 3, 1), (4, 1, 1), (4, 2, 1), (4, 3, 1))((1, 1, 1), (2, 1, 1), (3, 1, 1), (3, 1, 2), (3, 1, 3))((2, 1, 0), (2, 2, 0), (2, 3, 0), (3, 1, 0), (4, 1, 0))((1, 3, 0), (1, 3, 1), (1, 3, 2), (2, 3, 2), (3, 3, 2))((4, 2, 0), (4, 3, 0), (4, 4, 0), (4, 4, 1), (4, 4, 2))((4, 1, 4), (4, 2, 4), (4, 3, 2), (4, 3, 3), (4, 3, 4))((0, 2, 0), (0, 3, 0), (0, 4, 0), (1, 4, 0), (2, 4, 0))((3, 2, 0), (3, 3, 0), (3, 4, 0), (3, 4, 1), (3, 4, 2))((1, 2, 1), (2, 2, 1), (3, 2, 1), (3, 2, 2), (3, 2, 3))((1, 3, 3), (2, 3, 3), (3, 3, 3), (3, 3, 4), (3, 3, 5))((0, 2, 1), (0, 3, 1), (0, 4, 1), (1, 4, 1), (2, 4, 1))((4, 2, 5), (4, 3, 5), (4, 4, 3), (4, 4, 4), (4, 4, 5))((1, 4, 3), (2, 4, 3), (3, 4, 3), (3, 4, 4), (3, 4, 5))((0, 2, 2), (0, 3, 2), (0, 4, 2), (1, 4, 2), (2, 4, 2))((1, 2, 2), (1, 2, 3), (1, 2, 4), (1, 3, 4), (1, 4, 4))((2, 2, 2), (2, 2, 3), (2, 2, 4), (2, 3, 4), (2, 4, 4))((0, 2, 5), (0, 3, 5), (0, 4, 3), (0, 4, 4), (0, 4, 5))((0, 1, 3), (0, 2, 3), (0, 3, 3), (1, 1, 3), (2, 1, 3))((0, 1, 4), (0, 2, 4), (0, 3, 4), (1, 1, 4), (2, 1, 4))((0, 0, 3), (0, 0, 4), (0, 0, 5), (1, 0, 3), (2, 0, 3))((2, 2, 7), (2, 3, 7), (2, 4, 5), (2, 4, 6), (2, 4, 7))((4, 2, 6), (4, 3, 6), (4, 4, 6), (4, 4, 7), (4, 4, 8))((4, 1, 5), (4, 1, 6), (4, 1, 7), (4, 2, 7), (4, 3, 7))((2, 1, 5), (2, 1, 6), (2, 1, 7), (2, 2, 5), (2, 3, 5))((0, 1, 5), (0, 1, 6), (0, 1, 7), (0, 2, 7), (0, 3, 7))((0, 2, 6), (0, 3, 6), (0, 4, 6), (0, 4, 7), (0, 4, 8))((2, 1, 8), (3, 1, 8), (4, 1, 8), (4, 2, 8), (4, 3, 8))((0, 1, 8), (0, 2, 8), (0, 3, 8), (1, 3, 8), (2, 3, 8))((2, 0, 8), (3, 0, 8), (4, 0, 6), (4, 0, 7), (4, 0, 8))((0, 0, 6), (0, 0, 7), (0, 0, 8), (1, 0, 6), (2, 0, 6))((1, 0, 4), (2, 0, 4), (3, 0, 4), (3, 1, 4), (3, 2, 4))((1, 0, 8), (1, 1, 8), (1, 2, 8), (2, 2, 8), (3, 2, 8))((1, 3, 6), (2, 3, 6), (3, 3, 6), (3, 3, 7), (3, 3, 8))((1, 2, 6), (2, 2, 6), (3, 0, 6), (3, 1, 6), (3, 2, 6))((1, 0, 5), (2, 0, 5), (3, 0, 5), (3, 1, 5), (3, 2, 5))((1, 0, 7), (2, 0, 7), (3, 0, 7), (3, 1, 7), (3, 2, 7))((1, 4, 8), (2, 4, 8), (3, 4, 6), (3, 4, 7), (3, 4, 8))((1, 1, 5), (1, 1, 6), (1, 1, 7), (1, 2, 5), (1, 3, 5))((1, 2, 7), (1, 3, 7), (1, 4, 5), (1, 4, 6), (1, 4, 7))
195
((0, 0, 0), (0, 0, 1), (0, 0, 2), (1, 0, 2), (2, 0, 2))((1, 0, 1), (2, 0, 1), (3, 0, 1), (3, 0, 2), (3, 0, 3))((1, 0, 0), (1, 1, 0), (1, 2, 0), (2, 0, 0), (3, 0, 0))((4, 0, 0), (4, 0, 1), (4, 0, 2), (4, 1, 2), (4, 2, 2))((4, 0, 3), (4, 0, 4), (4, 0, 5), (4, 1, 3), (4, 2, 3))((0, 1, 0), (0, 1, 1), (0, 1, 2), (1, 1, 2), (2, 1, 2))((2, 3, 1), (3, 3, 1), (4, 1, 1), (4, 2, 1), (4, 3, 1))((1, 1, 1), (2, 1, 1), (3, 1, 1), (3, 1, 2), (3, 1, 3))((2, 1, 0), (2, 2, 0), (2, 3, 0), (3, 1, 0), (4, 1, 0))((1, 3, 0), (1, 3, 1), (1, 3, 2), (2, 3, 2), (3, 3, 2))((4, 2, 0), (4, 3, 0), (4, 4, 0), (4, 4, 1), (4, 4, 2))((4, 1, 4), (4, 2, 4), (4, 3, 2), (4, 3, 3), (4, 3, 4))((0, 2, 0), (0, 3, 0), (0, 4, 0), (1, 4, 0), (2, 4, 0))((3, 2, 0), (3, 3, 0), (3, 4, 0), (3, 4, 1), (3, 4, 2))((1, 2, 1), (2, 2, 1), (3, 2, 1), (3, 2, 2), (3, 2, 3))((1, 3, 3), (2, 3, 3), (3, 3, 3), (3, 3, 4), (3, 3, 5))((0, 2, 1), (0, 3, 1), (0, 4, 1), (1, 4, 1), (2, 4, 1))((4, 2, 5), (4, 3, 5), (4, 4, 3), (4, 4, 4), (4, 4, 5))((1, 4, 3), (2, 4, 3), (3, 4, 3), (3, 4, 4), (3, 4, 5))((0, 2, 2), (0, 3, 2), (0, 4, 2), (1, 4, 2), (2, 4, 2))((1, 2, 2), (1, 2, 3), (1, 2, 4), (1, 3, 4), (1, 4, 4))((2, 2, 2), (2, 2, 3), (2, 2, 4), (2, 3, 4), (2, 4, 4))((0, 2, 5), (0, 3, 5), (0, 4, 3), (0, 4, 4), (0, 4, 5))((0, 1, 3), (0, 2, 3), (0, 3, 3), (1, 1, 3), (2, 1, 3))((0, 1, 4), (0, 2, 4), (0, 3, 4), (1, 1, 4), (2, 1, 4))((0, 0, 3), (0, 0, 4), (0, 0, 5), (1, 0, 3), (2, 0, 3))((2, 2, 7), (2, 3, 7), (2, 4, 5), (2, 4, 6), (2, 4, 7))((4, 2, 6), (4, 3, 6), (4, 4, 6), (4, 4, 7), (4, 4, 8))((4, 1, 5), (4, 1, 6), (4, 1, 7), (4, 2, 7), (4, 3, 7))((2, 1, 5), (2, 1, 6), (2, 1, 7), (2, 2, 5), (2, 3, 5))((0, 1, 5), (0, 1, 6), (0, 1, 7), (0, 2, 7), (0, 3, 7))((0, 2, 6), (0, 3, 6), (0, 4, 6), (0, 4, 7), (0, 4, 8))((2, 1, 8), (3, 1, 8), (4, 1, 8), (4, 2, 8), (4, 3, 8))((0, 1, 8), (0, 2, 8), (0, 3, 8), (1, 3, 8), (2, 3, 8))((2, 0, 8), (3, 0, 8), (4, 0, 6), (4, 0, 7), (4, 0, 8))((0, 0, 6), (0, 0, 7), (0, 0, 8), (1, 0, 6), (2, 0, 6))((1, 0, 4), (2, 0, 4), (3, 0, 4), (3, 1, 4), (3, 2, 4))((1, 0, 8), (1, 1, 8), (1, 2, 8), (2, 2, 8), (3, 2, 8))((1, 3, 6), (2, 3, 6), (3, 3, 6), (3, 3, 7), (3, 3, 8))((1, 2, 6), (2, 2, 6), (3, 0, 6), (3, 1, 6), (3, 2, 6))((1, 0, 5), (2, 0, 5), (3, 0, 5), (3, 1, 5), (3, 2, 5))((1, 0, 7), (2, 0, 7), (3, 0, 7), (3, 1, 7), (3, 2, 7))((1, 4, 8), (2, 4, 8), (3, 4, 6), (3, 4, 7), (3, 4, 8))((1, 2, 5), (1, 3, 5), (1, 4, 5), (1, 4, 6), (1, 4, 7))((1, 1, 5), (1, 1, 6), (1, 1, 7), (1, 2, 7), (1, 3, 7))
196
((0, 0, 0), (0, 0, 1), (0, 0, 2), (1, 0, 2), (2, 0, 2))((1, 0, 1), (2, 0, 1), (3, 0, 1), (3, 0, 2), (3, 0, 3))((1, 0, 0), (1, 1, 0), (1, 2, 0), (2, 0, 0), (3, 0, 0))((4, 0, 0), (4, 0, 1), (4, 0, 2), (4, 1, 2), (4, 2, 2))((4, 0, 3), (4, 0, 4), (4, 0, 5), (4, 1, 3), (4, 2, 3))((0, 1, 0), (0, 1, 1), (0, 1, 2), (1, 1, 2), (2, 1, 2))((2, 3, 1), (3, 3, 1), (4, 1, 1), (4, 2, 1), (4, 3, 1))((1, 1, 1), (2, 1, 1), (3, 1, 1), (3, 1, 2), (3, 1, 3))((2, 1, 0), (2, 2, 0), (2, 3, 0), (3, 1, 0), (4, 1, 0))((1, 3, 0), (1, 3, 1), (1, 3, 2), (2, 3, 2), (3, 3, 2))((4, 2, 0), (4, 3, 0), (4, 4, 0), (4, 4, 1), (4, 4, 2))((4, 1, 4), (4, 2, 4), (4, 3, 2), (4, 3, 3), (4, 3, 4))((0, 2, 0), (0, 3, 0), (0, 4, 0), (1, 4, 0), (2, 4, 0))((3, 2, 0), (3, 3, 0), (3, 4, 0), (3, 4, 1), (3, 4, 2))((1, 2, 1), (2, 2, 1), (3, 2, 1), (3, 2, 2), (3, 2, 3))((1, 3, 3), (2, 3, 3), (3, 3, 3), (3, 3, 4), (3, 3, 5))((0, 2, 1), (0, 3, 1), (0, 4, 1), (1, 4, 1), (2, 4, 1))((4, 2, 5), (4, 3, 5), (4, 4, 3), (4, 4, 4), (4, 4, 5))((1, 4, 3), (2, 4, 3), (3, 4, 3), (3, 4, 4), (3, 4, 5))((0, 2, 2), (0, 3, 2), (0, 4, 2), (1, 4, 2), (2, 4, 2))((1, 2, 2), (1, 2, 3), (1, 2, 4), (1, 3, 4), (1, 4, 4))((2, 2, 2), (2, 2, 3), (2, 2, 4), (2, 3, 4), (2, 4, 4))((0, 2, 5), (0, 3, 5), (0, 4, 3), (0, 4, 4), (0, 4, 5))((0, 1, 3), (0, 2, 3), (0, 3, 3), (1, 1, 3), (2, 1, 3))((0, 1, 4), (0, 2, 4), (0, 3, 4), (1, 1, 4), (2, 1, 4))((0, 0, 3), (0, 0, 4), (0, 0, 5), (1, 0, 3), (2, 0, 3))((2, 2, 5), (2, 3, 5), (2, 4, 5), (2, 4, 6), (2, 4, 7))((1, 2, 7), (1, 3, 7), (1, 4, 5), (1, 4, 6), (1, 4, 7))((1, 1, 5), (1, 1, 6), (1, 1, 7), (1, 2, 5), (1, 3, 5))((0, 1, 5), (0, 1, 6), (0, 1, 7), (0, 2, 7), (0, 3, 7))((0, 2, 6), (0, 3, 6), (0, 4, 6), (0, 4, 7), (0, 4, 8))((1, 3, 6), (2, 3, 6), (3, 3, 6), (3, 3, 7), (3, 3, 8))((1, 4, 8), (2, 4, 8), (3, 4, 6), (3, 4, 7), (3, 4, 8))((2, 1, 5), (2, 1, 6), (2, 1, 7), (2, 2, 7), (2, 3, 7))((4, 1, 5), (4, 1, 6), (4, 1, 7), (4, 2, 7), (4, 3, 7))((4, 2, 6), (4, 3, 6), (4, 4, 6), (4, 4, 7), (4, 4, 8))((2, 1, 8), (3, 1, 8), (4, 1, 8), (4, 2, 8), (4, 3, 8))((0, 1, 8), (0, 2, 8), (0, 3, 8), (1, 3, 8), (2, 3, 8))((1, 0, 8), (1, 1, 8), (1, 2, 8), (2, 2, 8), (3, 2, 8))((0, 0, 6), (0, 0, 7), (0, 0, 8), (1, 0, 6), (2, 0, 6))((2, 0, 8), (3, 0, 8), (4, 0, 6), (4, 0, 7), (4, 0, 8))((1, 0, 5), (2, 0, 5), (3, 0, 5), (3, 1, 5), (3, 2, 5))((1, 0, 7), (2, 0, 7), (3, 0, 7), (3, 1, 7), (3, 2, 7))((1, 2, 6), (2, 2, 6), (3, 0, 6), (3, 1, 6), (3, 2, 6))((1, 0, 4), (2, 0, 4), (3, 0, 4), (3, 1, 4), (3, 2, 4))
197
((0, 0, 0), (0, 0, 1), (0, 0, 2), (1, 0, 2), (2, 0, 2))((1, 0, 1), (2, 0, 1), (3, 0, 1), (3, 0, 2), (3, 0, 3))((1, 0, 0), (1, 1, 0), (1, 2, 0), (2, 0, 0), (3, 0, 0))((4, 0, 0), (4, 0, 1), (4, 0, 2), (4, 1, 2), (4, 2, 2))((4, 0, 3), (4, 0, 4), (4, 0, 5), (4, 1, 3), (4, 2, 3))((0, 1, 0), (0, 1, 1), (0, 1, 2), (1, 1, 2), (2, 1, 2))((2, 3, 1), (3, 3, 1), (4, 1, 1), (4, 2, 1), (4, 3, 1))((1, 1, 1), (2, 1, 1), (3, 1, 1), (3, 1, 2), (3, 1, 3))((2, 1, 0), (2, 2, 0), (2, 3, 0), (3, 1, 0), (4, 1, 0))((1, 3, 0), (1, 3, 1), (1, 3, 2), (2, 3, 2), (3, 3, 2))((4, 2, 0), (4, 3, 0), (4, 4, 0), (4, 4, 1), (4, 4, 2))((4, 1, 4), (4, 2, 4), (4, 3, 2), (4, 3, 3), (4, 3, 4))((0, 2, 0), (0, 3, 0), (0, 4, 0), (1, 4, 0), (2, 4, 0))((3, 2, 0), (3, 3, 0), (3, 4, 0), (3, 4, 1), (3, 4, 2))((1, 2, 1), (2, 2, 1), (3, 2, 1), (3, 2, 2), (3, 2, 3))((1, 3, 3), (2, 3, 3), (3, 3, 3), (3, 3, 4), (3, 3, 5))((0, 2, 1), (0, 3, 1), (0, 4, 1), (1, 4, 1), (2, 4, 1))((4, 2, 5), (4, 3, 5), (4, 4, 3), (4, 4, 4), (4, 4, 5))((1, 4, 3), (2, 4, 3), (3, 4, 3), (3, 4, 4), (3, 4, 5))((0, 2, 2), (0, 3, 2), (0, 4, 2), (1, 4, 2), (2, 4, 2))((1, 2, 2), (1, 2, 3), (1, 2, 4), (1, 3, 4), (1, 4, 4))((2, 2, 2), (2, 2, 3), (2, 2, 4), (2, 3, 4), (2, 4, 4))((0, 2, 5), (0, 3, 5), (0, 4, 3), (0, 4, 4), (0, 4, 5))((0, 1, 3), (0, 2, 3), (0, 3, 3), (1, 1, 3), (2, 1, 3))((0, 1, 4), (0, 2, 4), (0, 3, 4), (1, 1, 4), (2, 1, 4))((0, 0, 3), (0, 0, 4), (0, 0, 5), (1, 0, 3), (2, 0, 3))((2, 2, 5), (2, 3, 5), (2, 4, 5), (2, 4, 6), (2, 4, 7))((1, 2, 5), (1, 3, 5), (1, 4, 5), (1, 4, 6), (1, 4, 7))((4, 2, 6), (4, 3, 6), (4, 4, 6), (4, 4, 7), (4, 4, 8))((4, 1, 5), (4, 1, 6), (4, 1, 7), (4, 2, 7), (4, 3, 7))((2, 1, 8), (3, 1, 8), (4, 1, 8), (4, 2, 8), (4, 3, 8))((2, 0, 8), (3, 0, 8), (4, 0, 6), (4, 0, 7), (4, 0, 8))((0, 1, 5), (0, 1, 6), (0, 1, 7), (0, 2, 7), (0, 3, 7))((0, 1, 8), (0, 2, 8), (0, 3, 8), (1, 3, 8), (2, 3, 8))((0, 0, 6), (0, 0, 7), (0, 0, 8), (1, 0, 6), (2, 0, 6))((1, 0, 5), (2, 0, 5), (3, 0, 5), (3, 1, 5), (3, 2, 5))((1, 0, 4), (2, 0, 4), (3, 0, 4), (3, 1, 4), (3, 2, 4))((2, 1, 5), (2, 1, 6), (2, 1, 7), (2, 2, 7), (2, 3, 7))((1, 1, 5), (1, 1, 6), (1, 1, 7), (1, 2, 7), (1, 3, 7))((1, 0, 7), (2, 0, 7), (3, 0, 7), (3, 1, 7), (3, 2, 7))((1, 0, 8), (1, 1, 8), (1, 2, 8), (2, 2, 8), (3, 2, 8))((1, 2, 6), (2, 2, 6), (3, 0, 6), (3, 1, 6), (3, 2, 6))((0, 2, 6), (0, 3, 6), (0, 4, 6), (0, 4, 7), (0, 4, 8))((1, 3, 6), (2, 3, 6), (3, 3, 6), (3, 3, 7), (3, 3, 8))((1, 4, 8), (2, 4, 8), (3, 4, 6), (3, 4, 7), (3, 4, 8))
198
((0, 0, 0), (0, 0, 1), (0, 0, 2), (1, 0, 2), (2, 0, 2))((1, 0, 1), (2, 0, 1), (3, 0, 1), (3, 0, 2), (3, 0, 3))((1, 0, 0), (1, 1, 0), (1, 2, 0), (2, 0, 0), (3, 0, 0))((4, 0, 0), (4, 0, 1), (4, 0, 2), (4, 1, 2), (4, 2, 2))((4, 0, 3), (4, 0, 4), (4, 0, 5), (4, 1, 3), (4, 2, 3))((0, 1, 0), (0, 1, 1), (0, 1, 2), (0, 2, 2), (0, 3, 2))((0, 2, 0), (0, 3, 0), (0, 4, 0), (1, 4, 0), (2, 4, 0))((4, 2, 0), (4, 3, 0), (4, 4, 0), (4, 4, 1), (4, 4, 2))((2, 1, 0), (2, 2, 0), (2, 3, 0), (3, 1, 0), (4, 1, 0))((1, 1, 2), (1, 2, 2), (1, 3, 0), (1, 3, 1), (1, 3, 2))((1, 1, 1), (2, 1, 1), (3, 1, 1), (3, 1, 2), (3, 1, 3))((2, 3, 1), (3, 3, 1), (4, 1, 1), (4, 2, 1), (4, 3, 1))((3, 2, 0), (3, 3, 0), (3, 4, 0), (3, 4, 1), (3, 4, 2))((1, 2, 1), (2, 2, 1), (3, 2, 1), (3, 2, 2), (3, 2, 3))((0, 2, 1), (0, 3, 1), (0, 4, 1), (0, 4, 2), (0, 4, 3))((2, 2, 3), (2, 3, 3), (2, 4, 1), (2, 4, 2), (2, 4, 3))((1, 2, 3), (1, 3, 3), (1, 4, 1), (1, 4, 2), (1, 4, 3))((4, 2, 5), (4, 3, 5), (4, 4, 3), (4, 4, 4), (4, 4, 5))((2, 1, 2), (2, 1, 3), (2, 1, 4), (2, 2, 2), (2, 3, 2))((1, 3, 4), (2, 3, 4), (3, 3, 2), (3, 3, 3), (3, 3, 4))((4, 1, 4), (4, 2, 4), (4, 3, 2), (4, 3, 3), (4, 3, 4))((1, 1, 3), (1, 1, 4), (1, 1, 5), (1, 2, 5), (1, 3, 5))((1, 4, 5), (2, 4, 5), (3, 4, 3), (3, 4, 4), (3, 4, 5))((0, 4, 4), (0, 4, 5), (0, 4, 6), (1, 4, 4), (2, 4, 4))((0, 1, 5), (0, 2, 5), (0, 3, 3), (0, 3, 4), (0, 3, 5))((0, 0, 3), (0, 1, 3), (0, 2, 3), (1, 0, 3), (2, 0, 3))((0, 0, 4), (0, 1, 4), (0, 2, 4), (1, 2, 4), (2, 2, 4))((0, 2, 7), (0, 3, 7), (0, 4, 7), (1, 4, 7), (2, 4, 7))((0, 2, 8), (0, 3, 8), (0, 4, 8), (1, 4, 8), (2, 4, 8))((4, 2, 6), (4, 3, 6), (4, 4, 6), (4, 4, 7), (4, 4, 8))((3, 1, 7), (3, 2, 7), (3, 3, 5), (3, 3, 6), (3, 3, 7))((4, 1, 5), (4, 1, 6), (4, 1, 7), (4, 2, 7), (4, 3, 7))((1, 4, 6), (2, 4, 6), (3, 4, 6), (3, 4, 7), (3, 4, 8))((2, 1, 7), (2, 2, 7), (2, 3, 5), (2, 3, 6), (2, 3, 7))((0, 0, 5), (1, 0, 5), (2, 0, 5), (2, 1, 5), (2, 2, 5))((1, 1, 6), (2, 1, 6), (3, 1, 4), (3, 1, 5), (3, 1, 6))((1, 2, 6), (2, 2, 6), (3, 2, 4), (3, 2, 5), (3, 2, 6))((1, 0, 7), (1, 1, 7), (1, 2, 7), (2, 0, 7), (3, 0, 7))((0, 1, 6), (0, 1, 7), (0, 1, 8), (0, 2, 6), (0, 3, 6))((1, 0, 4), (2, 0, 4), (3, 0, 4), (3, 0, 5), (3, 0, 6))((0, 0, 6), (0, 0, 7), (0, 0, 8), (1, 0, 6), (2, 0, 6))((2, 0, 8), (3, 0, 8), (4, 0, 6), (4, 0, 7), (4, 0, 8))((1, 0, 8), (1, 1, 8), (1, 2, 8), (2, 2, 8), (3, 2, 8))((1, 3, 6), (1, 3, 7), (1, 3, 8), (2, 3, 8), (3, 3, 8))((2, 1, 8), (3, 1, 8), (4, 1, 8), (4, 2, 8), (4, 3, 8))
199
((0, 0, 0), (0, 0, 1), (0, 0, 2), (1, 0, 2), (2, 0, 2))((1, 0, 1), (2, 0, 1), (3, 0, 1), (3, 0, 2), (3, 0, 3))((1, 0, 0), (1, 1, 0), (1, 2, 0), (2, 0, 0), (3, 0, 0))((4, 0, 0), (4, 0, 1), (4, 0, 2), (4, 1, 2), (4, 2, 2))((4, 0, 3), (4, 0, 4), (4, 0, 5), (4, 1, 3), (4, 2, 3))((0, 1, 0), (0, 1, 1), (0, 1, 2), (0, 2, 2), (0, 3, 2))((0, 2, 0), (0, 3, 0), (0, 4, 0), (1, 4, 0), (2, 4, 0))((4, 2, 0), (4, 3, 0), (4, 4, 0), (4, 4, 1), (4, 4, 2))((2, 1, 0), (2, 2, 0), (2, 3, 0), (3, 1, 0), (4, 1, 0))((1, 1, 2), (1, 2, 2), (1, 3, 0), (1, 3, 1), (1, 3, 2))((1, 1, 1), (2, 1, 1), (3, 1, 1), (3, 1, 2), (3, 1, 3))((2, 3, 1), (3, 3, 1), (4, 1, 1), (4, 2, 1), (4, 3, 1))((3, 2, 0), (3, 3, 0), (3, 4, 0), (3, 4, 1), (3, 4, 2))((1, 2, 1), (2, 2, 1), (3, 2, 1), (3, 2, 2), (3, 2, 3))((0, 2, 1), (0, 3, 1), (0, 4, 1), (0, 4, 2), (0, 4, 3))((2, 2, 3), (2, 3, 3), (2, 4, 1), (2, 4, 2), (2, 4, 3))((1, 2, 3), (1, 3, 3), (1, 4, 1), (1, 4, 2), (1, 4, 3))((4, 2, 5), (4, 3, 5), (4, 4, 3), (4, 4, 4), (4, 4, 5))((2, 1, 2), (2, 1, 3), (2, 1, 4), (2, 2, 2), (2, 3, 2))((1, 3, 4), (2, 3, 4), (3, 3, 2), (3, 3, 3), (3, 3, 4))((4, 1, 4), (4, 2, 4), (4, 3, 2), (4, 3, 3), (4, 3, 4))((1, 1, 3), (1, 1, 4), (1, 1, 5), (1, 2, 5), (1, 3, 5))((1, 4, 5), (2, 4, 5), (3, 4, 3), (3, 4, 4), (3, 4, 5))((0, 4, 4), (0, 4, 5), (0, 4, 6), (1, 4, 4), (2, 4, 4))((0, 1, 5), (0, 2, 5), (0, 3, 3), (0, 3, 4), (0, 3, 5))((0, 0, 3), (0, 1, 3), (0, 2, 3), (1, 0, 3), (2, 0, 3))((0, 0, 4), (0, 1, 4), (0, 2, 4), (1, 2, 4), (2, 2, 4))((0, 2, 7), (0, 3, 7), (0, 4, 7), (1, 4, 7), (2, 4, 7))((0, 2, 8), (0, 3, 8), (0, 4, 8), (1, 4, 8), (2, 4, 8))((4, 2, 6), (4, 3, 6), (4, 4, 6), (4, 4, 7), (4, 4, 8))((3, 1, 7), (3, 2, 7), (3, 3, 5), (3, 3, 6), (3, 3, 7))((4, 1, 5), (4, 1, 6), (4, 1, 7), (4, 2, 7), (4, 3, 7))((1, 4, 6), (2, 4, 6), (3, 4, 6), (3, 4, 7), (3, 4, 8))((2, 1, 7), (2, 2, 7), (2, 3, 5), (2, 3, 6), (2, 3, 7))((0, 0, 5), (1, 0, 5), (2, 0, 5), (2, 1, 5), (2, 2, 5))((1, 1, 6), (2, 1, 6), (3, 1, 4), (3, 1, 5), (3, 1, 6))((1, 2, 6), (2, 2, 6), (3, 2, 4), (3, 2, 5), (3, 2, 6))((1, 0, 7), (1, 1, 7), (1, 2, 7), (2, 0, 7), (3, 0, 7))((0, 1, 6), (0, 1, 7), (0, 1, 8), (0, 2, 6), (0, 3, 6))((1, 0, 4), (2, 0, 4), (3, 0, 4), (3, 0, 5), (3, 0, 6))((0, 0, 6), (0, 0, 7), (0, 0, 8), (1, 0, 6), (2, 0, 6))((4, 0, 6), (4, 0, 7), (4, 0, 8), (4, 1, 8), (4, 2, 8))((2, 1, 8), (2, 2, 8), (2, 3, 8), (3, 3, 8), (4, 3, 8))((1, 1, 8), (1, 2, 8), (1, 3, 6), (1, 3, 7), (1, 3, 8))((1, 0, 8), (2, 0, 8), (3, 0, 8), (3, 1, 8), (3, 2, 8))
200
((0, 0, 0), (0, 0, 1), (0, 0, 2), (1, 0, 2), (2, 0, 2))((1, 0, 1), (2, 0, 1), (3, 0, 1), (3, 0, 2), (3, 0, 3))((1, 0, 0), (1, 1, 0), (1, 2, 0), (2, 0, 0), (3, 0, 0))((4, 0, 0), (4, 0, 1), (4, 0, 2), (4, 1, 2), (4, 2, 2))((4, 0, 3), (4, 0, 4), (4, 0, 5), (4, 1, 5), (4, 2, 5))((0, 1, 0), (0, 2, 0), (0, 3, 0), (0, 3, 1), (0, 3, 2))((0, 4, 0), (0, 4, 1), (0, 4, 2), (1, 4, 2), (2, 4, 2))((1, 4, 0), (2, 4, 0), (3, 2, 0), (3, 3, 0), (3, 4, 0))((4, 2, 0), (4, 3, 0), (4, 4, 0), (4, 4, 1), (4, 4, 2))((1, 1, 2), (1, 2, 2), (1, 3, 0), (1, 3, 1), (1, 3, 2))((1, 4, 1), (2, 4, 1), (3, 4, 1), (3, 4, 2), (3, 4, 3))((2, 1, 0), (2, 2, 0), (2, 3, 0), (3, 1, 0), (4, 1, 0))((2, 4, 5), (3, 4, 5), (4, 4, 3), (4, 4, 4), (4, 4, 5))((0, 2, 1), (0, 2, 2), (0, 2, 3), (1, 2, 1), (2, 2, 1))((2, 3, 1), (3, 3, 1), (4, 1, 1), (4, 2, 1), (4, 3, 1))((1, 2, 3), (2, 2, 3), (3, 2, 1), (3, 2, 2), (3, 2, 3))((0, 4, 3), (0, 4, 4), (0, 4, 5), (1, 4, 3), (2, 4, 3))((1, 1, 1), (2, 1, 1), (3, 1, 1), (3, 1, 2), (3, 1, 3))((0, 1, 1), (0, 1, 2), (0, 1, 3), (1, 1, 3), (2, 1, 3))((2, 3, 3), (3, 3, 3), (4, 1, 3), (4, 2, 3), (4, 3, 3))((2, 1, 2), (2, 2, 2), (2, 3, 2), (3, 3, 2), (4, 3, 2))((0, 1, 5), (0, 2, 5), (0, 3, 3), (0, 3, 4), (0, 3, 5))((1, 1, 5), (1, 2, 5), (1, 3, 3), (1, 3, 4), (1, 3, 5))((0, 0, 3), (0, 0, 4), (0, 0, 5), (1, 0, 3), (2, 0, 3))((0, 1, 4), (1, 1, 4), (2, 1, 4), (2, 1, 5), (2, 1, 6))((0, 2, 4), (1, 2, 4), (2, 2, 4), (2, 2, 5), (2, 2, 6))((2, 3, 4), (3, 3, 4), (4, 1, 4), (4, 2, 4), (4, 3, 4))((1, 4, 4), (1, 4, 5), (1, 4, 6), (2, 4, 4), (3, 4, 4))((4, 1, 7), (4, 2, 7), (4, 3, 5), (4, 3, 6), (4, 3, 7))((4, 0, 6), (4, 0, 7), (4, 0, 8), (4, 1, 6), (4, 2, 6))((2, 1, 7), (2, 2, 7), (2, 3, 5), (2, 3, 6), (2, 3, 7))((2, 4, 6), (3, 4, 6), (4, 4, 6), (4, 4, 7), (4, 4, 8))((1, 2, 7), (1, 3, 7), (1, 4, 7), (2, 4, 7), (3, 4, 7))((1, 1, 6), (1, 1, 7), (1, 1, 8), (1, 2, 6), (1, 3, 6))((0, 3, 6), (0, 3, 7), (0, 3, 8), (1, 3, 8), (2, 3, 8))((2, 1, 8), (3, 1, 8), (4, 1, 8), (4, 2, 8), (4, 3, 8))((0, 0, 7), (0, 1, 7), (0, 2, 7), (1, 0, 7), (2, 0, 7))((0, 0, 6), (0, 1, 6), (0, 2, 6), (1, 0, 6), (2, 0, 6))((0, 4, 6), (0, 4, 7), (0, 4, 8), (1, 4, 8), (2, 4, 8))((0, 0, 8), (0, 1, 8), (0, 2, 8), (1, 0, 8), (2, 0, 8))((3, 0, 6), (3, 0, 7), (3, 0, 8), (3, 1, 6), (3, 2, 6))((1, 0, 5), (2, 0, 5), (3, 0, 5), (3, 1, 5), (3, 2, 5))((3, 1, 7), (3, 2, 7), (3, 3, 5), (3, 3, 6), (3, 3, 7))((1, 2, 8), (2, 2, 8), (3, 2, 8), (3, 3, 8), (3, 4, 8))((1, 0, 4), (2, 0, 4), (3, 0, 4), (3, 1, 4), (3, 2, 4))
201
((0, 0, 0), (0, 0, 1), (0, 0, 2), (1, 0, 2), (2, 0, 2))((1, 0, 1), (2, 0, 1), (3, 0, 1), (3, 0, 2), (3, 0, 3))((1, 0, 0), (1, 1, 0), (1, 2, 0), (2, 0, 0), (3, 0, 0))((4, 0, 0), (4, 0, 1), (4, 0, 2), (4, 1, 2), (4, 2, 2))((4, 0, 3), (4, 0, 4), (4, 0, 5), (4, 1, 5), (4, 2, 5))((0, 1, 0), (0, 2, 0), (0, 3, 0), (0, 3, 1), (0, 3, 2))((0, 4, 0), (0, 4, 1), (0, 4, 2), (1, 4, 2), (2, 4, 2))((1, 4, 0), (2, 4, 0), (3, 2, 0), (3, 3, 0), (3, 4, 0))((4, 2, 0), (4, 3, 0), (4, 4, 0), (4, 4, 1), (4, 4, 2))((1, 1, 2), (1, 2, 2), (1, 3, 0), (1, 3, 1), (1, 3, 2))((1, 4, 1), (2, 4, 1), (3, 4, 1), (3, 4, 2), (3, 4, 3))((2, 1, 0), (2, 2, 0), (2, 3, 0), (3, 1, 0), (4, 1, 0))((2, 4, 5), (3, 4, 5), (4, 4, 3), (4, 4, 4), (4, 4, 5))((0, 2, 1), (0, 2, 2), (0, 2, 3), (1, 2, 1), (2, 2, 1))((2, 3, 1), (3, 3, 1), (4, 1, 1), (4, 2, 1), (4, 3, 1))((1, 2, 3), (2, 2, 3), (3, 2, 1), (3, 2, 2), (3, 2, 3))((0, 4, 3), (0, 4, 4), (0, 4, 5), (1, 4, 3), (2, 4, 3))((1, 1, 3), (2, 1, 3), (3, 1, 1), (3, 1, 2), (3, 1, 3))((0, 1, 1), (0, 1, 2), (0, 1, 3), (1, 1, 1), (2, 1, 1))((2, 3, 3), (3, 3, 3), (4, 1, 3), (4, 2, 3), (4, 3, 3))((2, 1, 2), (2, 2, 2), (2, 3, 2), (3, 3, 2), (4, 3, 2))((0, 1, 5), (0, 2, 5), (0, 3, 3), (0, 3, 4), (0, 3, 5))((1, 1, 5), (1, 2, 5), (1, 3, 3), (1, 3, 4), (1, 3, 5))((0, 0, 3), (0, 0, 4), (0, 0, 5), (1, 0, 3), (2, 0, 3))((0, 1, 4), (1, 1, 4), (2, 1, 4), (2, 1, 5), (2, 1, 6))((0, 2, 4), (1, 2, 4), (2, 2, 4), (2, 2, 5), (2, 2, 6))((2, 3, 4), (3, 3, 4), (4, 1, 4), (4, 2, 4), (4, 3, 4))((1, 4, 4), (1, 4, 5), (1, 4, 6), (2, 4, 4), (3, 4, 4))((4, 1, 7), (4, 2, 7), (4, 3, 5), (4, 3, 6), (4, 3, 7))((4, 0, 6), (4, 0, 7), (4, 0, 8), (4, 1, 6), (4, 2, 6))((2, 1, 7), (2, 2, 7), (2, 3, 5), (2, 3, 6), (2, 3, 7))((2, 4, 6), (3, 4, 6), (4, 4, 6), (4, 4, 7), (4, 4, 8))((1, 2, 7), (1, 3, 7), (1, 4, 7), (2, 4, 7), (3, 4, 7))((1, 1, 6), (1, 1, 7), (1, 1, 8), (1, 2, 6), (1, 3, 6))((0, 3, 6), (0, 3, 7), (0, 3, 8), (1, 3, 8), (2, 3, 8))((2, 1, 8), (3, 1, 8), (4, 1, 8), (4, 2, 8), (4, 3, 8))((0, 0, 7), (0, 1, 7), (0, 2, 7), (1, 0, 7), (2, 0, 7))((0, 0, 6), (0, 1, 6), (0, 2, 6), (1, 0, 6), (2, 0, 6))((0, 4, 6), (0, 4, 7), (0, 4, 8), (1, 4, 8), (2, 4, 8))((0, 0, 8), (0, 1, 8), (0, 2, 8), (1, 0, 8), (2, 0, 8))((3, 0, 6), (3, 0, 7), (3, 0, 8), (3, 1, 6), (3, 2, 6))((1, 0, 5), (2, 0, 5), (3, 0, 5), (3, 1, 5), (3, 2, 5))((3, 1, 7), (3, 2, 7), (3, 3, 5), (3, 3, 6), (3, 3, 7))((1, 2, 8), (2, 2, 8), (3, 2, 8), (3, 3, 8), (3, 4, 8))((1, 0, 4), (2, 0, 4), (3, 0, 4), (3, 1, 4), (3, 2, 4))
202
((0, 0, 0), (0, 0, 1), (0, 0, 2), (1, 0, 2), (2, 0, 2))((1, 0, 1), (2, 0, 1), (3, 0, 1), (3, 0, 2), (3, 0, 3))((1, 0, 0), (1, 1, 0), (1, 2, 0), (2, 0, 0), (3, 0, 0))((4, 0, 0), (4, 0, 1), (4, 0, 2), (4, 1, 2), (4, 2, 2))((4, 0, 3), (4, 0, 4), (4, 0, 5), (4, 1, 5), (4, 2, 5))((0, 1, 0), (0, 2, 0), (0, 3, 0), (0, 3, 1), (0, 3, 2))((0, 4, 0), (0, 4, 1), (0, 4, 2), (1, 4, 2), (2, 4, 2))((1, 4, 0), (2, 4, 0), (3, 2, 0), (3, 3, 0), (3, 4, 0))((4, 2, 0), (4, 3, 0), (4, 4, 0), (4, 4, 1), (4, 4, 2))((1, 1, 2), (1, 2, 2), (1, 3, 0), (1, 3, 1), (1, 3, 2))((1, 4, 1), (2, 4, 1), (3, 4, 1), (3, 4, 2), (3, 4, 3))((2, 1, 0), (2, 2, 0), (2, 3, 0), (3, 1, 0), (4, 1, 0))((2, 4, 5), (3, 4, 5), (4, 4, 3), (4, 4, 4), (4, 4, 5))((1, 2, 1), (2, 2, 1), (3, 2, 1), (3, 2, 2), (3, 2, 3))((0, 2, 1), (0, 2, 2), (0, 2, 3), (1, 2, 3), (2, 2, 3))((0, 4, 3), (0, 4, 4), (0, 4, 5), (1, 4, 3), (2, 4, 3))((1, 1, 1), (2, 1, 1), (3, 1, 1), (3, 1, 2), (3, 1, 3))((0, 1, 1), (0, 1, 2), (0, 1, 3), (1, 1, 3), (2, 1, 3))((2, 3, 1), (3, 3, 1), (4, 1, 1), (4, 2, 1), (4, 3, 1))((2, 3, 3), (3, 3, 3), (4, 1, 3), (4, 2, 3), (4, 3, 3))((2, 1, 2), (2, 2, 2), (2, 3, 2), (3, 3, 2), (4, 3, 2))((0, 1, 5), (0, 2, 5), (0, 3, 3), (0, 3, 4), (0, 3, 5))((1, 1, 5), (1, 2, 5), (1, 3, 3), (1, 3, 4), (1, 3, 5))((0, 0, 3), (0, 0, 4), (0, 0, 5), (1, 0, 3), (2, 0, 3))((0, 1, 4), (1, 1, 4), (2, 1, 4), (2, 1, 5), (2, 1, 6))((0, 2, 4), (1, 2, 4), (2, 2, 4), (2, 2, 5), (2, 2, 6))((2, 3, 4), (3, 3, 4), (4, 1, 4), (4, 2, 4), (4, 3, 4))((1, 4, 4), (1, 4, 5), (1, 4, 6), (2, 4, 4), (3, 4, 4))((4, 1, 7), (4, 2, 7), (4, 3, 5), (4, 3, 6), (4, 3, 7))((4, 0, 6), (4, 0, 7), (4, 0, 8), (4, 1, 6), (4, 2, 6))((2, 1, 7), (2, 2, 7), (2, 3, 5), (2, 3, 6), (2, 3, 7))((2, 4, 6), (3, 4, 6), (4, 4, 6), (4, 4, 7), (4, 4, 8))((1, 2, 7), (1, 3, 7), (1, 4, 7), (2, 4, 7), (3, 4, 7))((1, 1, 6), (1, 1, 7), (1, 1, 8), (1, 2, 6), (1, 3, 6))((0, 3, 6), (0, 3, 7), (0, 3, 8), (1, 3, 8), (2, 3, 8))((2, 1, 8), (3, 1, 8), (4, 1, 8), (4, 2, 8), (4, 3, 8))((0, 0, 7), (0, 1, 7), (0, 2, 7), (1, 0, 7), (2, 0, 7))((0, 0, 6), (0, 1, 6), (0, 2, 6), (1, 0, 6), (2, 0, 6))((0, 4, 6), (0, 4, 7), (0, 4, 8), (1, 4, 8), (2, 4, 8))((0, 0, 8), (0, 1, 8), (0, 2, 8), (1, 0, 8), (2, 0, 8))((3, 0, 6), (3, 0, 7), (3, 0, 8), (3, 1, 6), (3, 2, 6))((1, 0, 5), (2, 0, 5), (3, 0, 5), (3, 1, 5), (3, 2, 5))((3, 1, 7), (3, 2, 7), (3, 3, 5), (3, 3, 6), (3, 3, 7))((1, 2, 8), (2, 2, 8), (3, 2, 8), (3, 3, 8), (3, 4, 8))((1, 0, 4), (2, 0, 4), (3, 0, 4), (3, 1, 4), (3, 2, 4))
203
((0, 0, 0), (0, 0, 1), (0, 0, 2), (1, 0, 2), (2, 0, 2))((1, 0, 1), (2, 0, 1), (3, 0, 1), (3, 0, 2), (3, 0, 3))((1, 0, 0), (1, 1, 0), (1, 2, 0), (2, 0, 0), (3, 0, 0))((4, 0, 0), (4, 0, 1), (4, 0, 2), (4, 1, 2), (4, 2, 2))((4, 0, 3), (4, 0, 4), (4, 0, 5), (4, 1, 5), (4, 2, 5))((0, 1, 0), (0, 2, 0), (0, 3, 0), (0, 3, 1), (0, 3, 2))((0, 4, 0), (0, 4, 1), (0, 4, 2), (1, 4, 2), (2, 4, 2))((1, 4, 0), (2, 4, 0), (3, 2, 0), (3, 3, 0), (3, 4, 0))((4, 2, 0), (4, 3, 0), (4, 4, 0), (4, 4, 1), (4, 4, 2))((1, 1, 2), (1, 2, 2), (1, 3, 0), (1, 3, 1), (1, 3, 2))((1, 4, 1), (2, 4, 1), (3, 4, 1), (3, 4, 2), (3, 4, 3))((2, 1, 0), (2, 2, 0), (2, 3, 0), (3, 1, 0), (4, 1, 0))((2, 4, 5), (3, 4, 5), (4, 4, 3), (4, 4, 4), (4, 4, 5))((1, 2, 1), (2, 2, 1), (3, 2, 1), (3, 2, 2), (3, 2, 3))((0, 2, 1), (0, 2, 2), (0, 2, 3), (1, 2, 3), (2, 2, 3))((0, 4, 3), (0, 4, 4), (0, 4, 5), (1, 4, 3), (2, 4, 3))((0, 1, 1), (0, 1, 2), (0, 1, 3), (1, 1, 1), (2, 1, 1))((1, 1, 3), (2, 1, 3), (3, 1, 1), (3, 1, 2), (3, 1, 3))((2, 3, 1), (3, 3, 1), (4, 1, 1), (4, 2, 1), (4, 3, 1))((2, 3, 3), (3, 3, 3), (4, 1, 3), (4, 2, 3), (4, 3, 3))((2, 1, 2), (2, 2, 2), (2, 3, 2), (3, 3, 2), (4, 3, 2))((0, 1, 5), (0, 2, 5), (0, 3, 3), (0, 3, 4), (0, 3, 5))((1, 1, 5), (1, 2, 5), (1, 3, 3), (1, 3, 4), (1, 3, 5))((0, 0, 3), (0, 0, 4), (0, 0, 5), (1, 0, 3), (2, 0, 3))((0, 1, 4), (1, 1, 4), (2, 1, 4), (2, 1, 5), (2, 1, 6))((0, 2, 4), (1, 2, 4), (2, 2, 4), (2, 2, 5), (2, 2, 6))((2, 3, 4), (3, 3, 4), (4, 1, 4), (4, 2, 4), (4, 3, 4))((1, 4, 4), (1, 4, 5), (1, 4, 6), (2, 4, 4), (3, 4, 4))((4, 1, 7), (4, 2, 7), (4, 3, 5), (4, 3, 6), (4, 3, 7))((4, 0, 6), (4, 0, 7), (4, 0, 8), (4, 1, 6), (4, 2, 6))((2, 1, 7), (2, 2, 7), (2, 3, 5), (2, 3, 6), (2, 3, 7))((2, 4, 6), (3, 4, 6), (4, 4, 6), (4, 4, 7), (4, 4, 8))((1, 2, 7), (1, 3, 7), (1, 4, 7), (2, 4, 7), (3, 4, 7))((1, 1, 6), (1, 1, 7), (1, 1, 8), (1, 2, 6), (1, 3, 6))((0, 3, 6), (0, 3, 7), (0, 3, 8), (1, 3, 8), (2, 3, 8))((2, 1, 8), (3, 1, 8), (4, 1, 8), (4, 2, 8), (4, 3, 8))((0, 0, 7), (0, 1, 7), (0, 2, 7), (1, 0, 7), (2, 0, 7))((0, 0, 6), (0, 1, 6), (0, 2, 6), (1, 0, 6), (2, 0, 6))((0, 4, 6), (0, 4, 7), (0, 4, 8), (1, 4, 8), (2, 4, 8))((0, 0, 8), (0, 1, 8), (0, 2, 8), (1, 0, 8), (2, 0, 8))((3, 0, 6), (3, 0, 7), (3, 0, 8), (3, 1, 6), (3, 2, 6))((1, 0, 5), (2, 0, 5), (3, 0, 5), (3, 1, 5), (3, 2, 5))((3, 1, 7), (3, 2, 7), (3, 3, 5), (3, 3, 6), (3, 3, 7))((1, 2, 8), (2, 2, 8), (3, 2, 8), (3, 3, 8), (3, 4, 8))((1, 0, 4), (2, 0, 4), (3, 0, 4), (3, 1, 4), (3, 2, 4))
204
((0, 0, 0), (0, 0, 1), (0, 0, 2), (1, 0, 2), (2, 0, 2))((1, 0, 1), (2, 0, 1), (3, 0, 1), (3, 0, 2), (3, 0, 3))((1, 0, 0), (1, 1, 0), (1, 2, 0), (2, 0, 0), (3, 0, 0))((4, 0, 0), (4, 0, 1), (4, 0, 2), (4, 1, 2), (4, 2, 2))((2, 0, 5), (3, 0, 5), (4, 0, 3), (4, 0, 4), (4, 0, 5))((0, 1, 0), (0, 1, 1), (0, 1, 2), (0, 2, 2), (0, 3, 2))((0, 2, 0), (0, 3, 0), (0, 4, 0), (1, 4, 0), (2, 4, 0))((4, 2, 0), (4, 3, 0), (4, 4, 0), (4, 4, 1), (4, 4, 2))((2, 1, 0), (2, 2, 0), (2, 3, 0), (3, 1, 0), (4, 1, 0))((1, 1, 2), (1, 2, 2), (1, 3, 0), (1, 3, 1), (1, 3, 2))((1, 1, 1), (2, 1, 1), (3, 1, 1), (3, 1, 2), (3, 1, 3))((2, 3, 1), (3, 3, 1), (4, 1, 1), (4, 2, 1), (4, 3, 1))((3, 2, 0), (3, 3, 0), (3, 4, 0), (3, 4, 1), (3, 4, 2))((1, 2, 1), (2, 2, 1), (3, 2, 1), (3, 2, 2), (3, 2, 3))((0, 2, 1), (0, 3, 1), (0, 4, 1), (1, 4, 1), (2, 4, 1))((2, 1, 2), (2, 2, 2), (2, 3, 2), (3, 3, 2), (4, 3, 2))((0, 4, 2), (0, 4, 3), (0, 4, 4), (1, 4, 2), (2, 4, 2))((0, 0, 3), (0, 0, 4), (0, 0, 5), (1, 0, 3), (2, 0, 3))((4, 1, 3), (4, 1, 4), (4, 1, 5), (4, 2, 3), (4, 3, 3))((2, 2, 3), (2, 3, 3), (2, 4, 3), (3, 4, 3), (4, 4, 3))((1, 3, 5), (2, 3, 5), (3, 3, 3), (3, 3, 4), (3, 3, 5))((1, 2, 3), (1, 3, 3), (1, 4, 3), (1, 4, 4), (1, 4, 5))((0, 1, 3), (0, 2, 3), (0, 3, 3), (1, 1, 3), (2, 1, 3))((1, 1, 4), (1, 1, 5), (1, 1, 6), (1, 2, 4), (1, 3, 4))((0, 1, 4), (0, 1, 5), (0, 1, 6), (0, 2, 4), (0, 3, 4))((1, 1, 7), (2, 1, 7), (3, 1, 5), (3, 1, 6), (3, 1, 7))((1, 0, 4), (2, 0, 4), (3, 0, 4), (3, 1, 4), (3, 2, 4))((1, 0, 5), (1, 0, 6), (1, 0, 7), (2, 0, 7), (3, 0, 7))((0, 0, 6), (0, 0, 7), (0, 0, 8), (1, 0, 8), (2, 0, 8))((0, 1, 7), (0, 2, 7), (0, 3, 7), (1, 3, 7), (2, 3, 7))((0, 2, 5), (0, 3, 5), (0, 4, 5), (1, 2, 5), (2, 2, 5))((1, 2, 7), (2, 2, 7), (3, 2, 5), (3, 2, 6), (3, 2, 7))((1, 2, 8), (2, 2, 8), (3, 0, 8), (3, 1, 8), (3, 2, 8))((0, 1, 8), (0, 2, 8), (0, 3, 8), (1, 1, 8), (2, 1, 8))((1, 3, 8), (2, 3, 8), (3, 3, 6), (3, 3, 7), (3, 3, 8))((2, 1, 4), (2, 1, 5), (2, 1, 6), (2, 2, 4), (2, 3, 4))((1, 2, 6), (1, 3, 6), (1, 4, 6), (1, 4, 7), (1, 4, 8))((0, 2, 6), (0, 3, 6), (0, 4, 6), (0, 4, 7), (0, 4, 8))((2, 0, 6), (3, 0, 6), (4, 0, 6), (4, 0, 7), (4, 0, 8))((2, 2, 6), (2, 3, 6), (2, 4, 6), (3, 4, 6), (4, 4, 6))((2, 4, 5), (3, 4, 5), (4, 2, 5), (4, 3, 5), (4, 4, 5))((2, 4, 7), (3, 4, 7), (4, 2, 7), (4, 3, 7), (4, 4, 7))((2, 4, 4), (3, 4, 4), (4, 2, 4), (4, 3, 4), (4, 4, 4))((2, 4, 8), (3, 4, 8), (4, 2, 8), (4, 3, 8), (4, 4, 8))((4, 1, 6), (4, 1, 7), (4, 1, 8), (4, 2, 6), (4, 3, 6))
205
((0, 0, 0), (0, 0, 1), (0, 0, 2), (1, 0, 2), (2, 0, 2))((1, 0, 1), (2, 0, 1), (3, 0, 1), (3, 0, 2), (3, 0, 3))((1, 0, 0), (1, 1, 0), (1, 2, 0), (2, 0, 0), (3, 0, 0))((4, 0, 0), (4, 0, 1), (4, 0, 2), (4, 1, 2), (4, 2, 2))((2, 0, 5), (3, 0, 5), (4, 0, 3), (4, 0, 4), (4, 0, 5))((0, 1, 0), (0, 1, 1), (0, 1, 2), (0, 2, 2), (0, 3, 2))((0, 2, 0), (0, 3, 0), (0, 4, 0), (1, 4, 0), (2, 4, 0))((4, 2, 0), (4, 3, 0), (4, 4, 0), (4, 4, 1), (4, 4, 2))((2, 1, 0), (2, 2, 0), (2, 3, 0), (3, 1, 0), (4, 1, 0))((1, 1, 2), (1, 2, 2), (1, 3, 0), (1, 3, 1), (1, 3, 2))((1, 1, 1), (2, 1, 1), (3, 1, 1), (3, 1, 2), (3, 1, 3))((2, 3, 1), (3, 3, 1), (4, 1, 1), (4, 2, 1), (4, 3, 1))((3, 2, 0), (3, 3, 0), (3, 4, 0), (3, 4, 1), (3, 4, 2))((1, 2, 1), (2, 2, 1), (3, 2, 1), (3, 2, 2), (3, 2, 3))((0, 2, 1), (0, 3, 1), (0, 4, 1), (1, 4, 1), (2, 4, 1))((2, 1, 2), (2, 2, 2), (2, 3, 2), (3, 3, 2), (4, 3, 2))((0, 4, 2), (0, 4, 3), (0, 4, 4), (1, 4, 2), (2, 4, 2))((0, 0, 3), (0, 0, 4), (0, 0, 5), (1, 0, 3), (2, 0, 3))((4, 1, 3), (4, 1, 4), (4, 1, 5), (4, 2, 3), (4, 3, 3))((2, 2, 3), (2, 3, 3), (2, 4, 3), (3, 4, 3), (4, 4, 3))((1, 3, 5), (2, 3, 5), (3, 3, 3), (3, 3, 4), (3, 3, 5))((1, 2, 3), (1, 3, 3), (1, 4, 3), (1, 4, 4), (1, 4, 5))((0, 1, 3), (0, 2, 3), (0, 3, 3), (1, 1, 3), (2, 1, 3))((1, 1, 4), (1, 1, 5), (1, 1, 6), (1, 2, 4), (1, 3, 4))((0, 1, 4), (0, 1, 5), (0, 1, 6), (0, 2, 4), (0, 3, 4))((1, 1, 7), (2, 1, 7), (3, 1, 5), (3, 1, 6), (3, 1, 7))((1, 0, 4), (2, 0, 4), (3, 0, 4), (3, 1, 4), (3, 2, 4))((1, 0, 5), (1, 0, 6), (1, 0, 7), (2, 0, 7), (3, 0, 7))((0, 0, 6), (0, 0, 7), (0, 0, 8), (0, 1, 8), (0, 2, 8))((0, 1, 7), (0, 2, 7), (0, 3, 7), (1, 3, 7), (2, 3, 7))((0, 3, 8), (1, 3, 8), (2, 1, 8), (2, 2, 8), (2, 3, 8))((0, 2, 5), (0, 3, 5), (0, 4, 5), (1, 2, 5), (2, 2, 5))((1, 2, 7), (2, 2, 7), (3, 2, 5), (3, 2, 6), (3, 2, 7))((1, 0, 8), (1, 1, 8), (1, 2, 8), (2, 0, 8), (3, 0, 8))((3, 1, 8), (3, 2, 8), (3, 3, 6), (3, 3, 7), (3, 3, 8))((2, 1, 4), (2, 1, 5), (2, 1, 6), (2, 2, 4), (2, 3, 4))((1, 2, 6), (1, 3, 6), (1, 4, 6), (1, 4, 7), (1, 4, 8))((0, 2, 6), (0, 3, 6), (0, 4, 6), (0, 4, 7), (0, 4, 8))((2, 0, 6), (3, 0, 6), (4, 0, 6), (4, 0, 7), (4, 0, 8))((2, 2, 6), (2, 3, 6), (2, 4, 6), (3, 4, 6), (4, 4, 6))((2, 4, 5), (3, 4, 5), (4, 2, 5), (4, 3, 5), (4, 4, 5))((2, 4, 7), (3, 4, 7), (4, 2, 7), (4, 3, 7), (4, 4, 7))((2, 4, 4), (3, 4, 4), (4, 2, 4), (4, 3, 4), (4, 4, 4))((2, 4, 8), (3, 4, 8), (4, 2, 8), (4, 3, 8), (4, 4, 8))((4, 1, 6), (4, 1, 7), (4, 1, 8), (4, 2, 6), (4, 3, 6))
206
((0, 0, 0), (0, 0, 1), (0, 0, 2), (1, 0, 2), (2, 0, 2))((1, 0, 1), (2, 0, 1), (3, 0, 1), (3, 0, 2), (3, 0, 3))((1, 0, 0), (1, 1, 0), (1, 2, 0), (2, 0, 0), (3, 0, 0))((4, 0, 0), (4, 0, 1), (4, 0, 2), (4, 1, 2), (4, 2, 2))((2, 0, 5), (3, 0, 5), (4, 0, 3), (4, 0, 4), (4, 0, 5))((0, 1, 0), (0, 1, 1), (0, 1, 2), (0, 2, 2), (0, 3, 2))((0, 2, 0), (0, 3, 0), (0, 4, 0), (1, 4, 0), (2, 4, 0))((4, 2, 0), (4, 3, 0), (4, 4, 0), (4, 4, 1), (4, 4, 2))((2, 1, 0), (2, 2, 0), (2, 3, 0), (3, 1, 0), (4, 1, 0))((1, 1, 2), (1, 2, 2), (1, 3, 0), (1, 3, 1), (1, 3, 2))((1, 1, 1), (2, 1, 1), (3, 1, 1), (3, 1, 2), (3, 1, 3))((2, 3, 1), (3, 3, 1), (4, 1, 1), (4, 2, 1), (4, 3, 1))((3, 2, 0), (3, 3, 0), (3, 4, 0), (3, 4, 1), (3, 4, 2))((1, 2, 1), (2, 2, 1), (3, 2, 1), (3, 2, 2), (3, 2, 3))((0, 2, 1), (0, 3, 1), (0, 4, 1), (1, 4, 1), (2, 4, 1))((2, 1, 2), (2, 2, 2), (2, 3, 2), (3, 3, 2), (4, 3, 2))((0, 4, 2), (0, 4, 3), (0, 4, 4), (1, 4, 2), (2, 4, 2))((0, 0, 3), (0, 0, 4), (0, 0, 5), (1, 0, 3), (2, 0, 3))((4, 1, 3), (4, 1, 4), (4, 1, 5), (4, 2, 3), (4, 3, 3))((2, 2, 3), (2, 3, 3), (2, 4, 3), (3, 4, 3), (4, 4, 3))((1, 3, 5), (2, 3, 5), (3, 3, 3), (3, 3, 4), (3, 3, 5))((1, 2, 3), (1, 3, 3), (1, 4, 3), (1, 4, 4), (1, 4, 5))((0, 1, 3), (0, 2, 3), (0, 3, 3), (1, 1, 3), (2, 1, 3))((0, 1, 4), (0, 2, 4), (0, 3, 4), (1, 3, 4), (2, 3, 4))((2, 4, 4), (3, 4, 4), (4, 2, 4), (4, 3, 4), (4, 4, 4))((1, 0, 4), (1, 0, 5), (1, 0, 6), (2, 0, 4), (3, 0, 4))((1, 2, 4), (2, 2, 4), (3, 2, 4), (3, 2, 5), (3, 2, 6))((1, 1, 4), (2, 1, 4), (3, 1, 4), (3, 1, 5), (3, 1, 6))((2, 4, 5), (3, 4, 5), (4, 2, 5), (4, 3, 5), (4, 4, 5))((1, 1, 5), (1, 1, 6), (1, 1, 7), (1, 2, 7), (1, 3, 7))((2, 1, 5), (2, 1, 6), (2, 1, 7), (2, 2, 7), (2, 3, 7))((1, 0, 7), (2, 0, 7), (3, 0, 7), (3, 1, 7), (3, 2, 7))((0, 2, 5), (0, 3, 5), (0, 4, 5), (1, 2, 5), (2, 2, 5))((0, 1, 5), (0, 1, 6), (0, 1, 7), (0, 2, 7), (0, 3, 7))((0, 0, 6), (0, 0, 7), (0, 0, 8), (1, 0, 8), (2, 0, 8))((1, 2, 8), (2, 2, 8), (3, 0, 8), (3, 1, 8), (3, 2, 8))((0, 1, 8), (0, 2, 8), (0, 3, 8), (1, 1, 8), (2, 1, 8))((1, 3, 8), (2, 3, 8), (3, 3, 6), (3, 3, 7), (3, 3, 8))((1, 2, 6), (1, 3, 6), (1, 4, 6), (1, 4, 7), (1, 4, 8))((0, 2, 6), (0, 3, 6), (0, 4, 6), (0, 4, 7), (0, 4, 8))((2, 4, 7), (3, 4, 7), (4, 2, 7), (4, 3, 7), (4, 4, 7))((2, 2, 6), (2, 3, 6), (2, 4, 6), (3, 4, 6), (4, 4, 6))((2, 4, 8), (3, 4, 8), (4, 2, 8), (4, 3, 8), (4, 4, 8))((4, 1, 6), (4, 1, 7), (4, 1, 8), (4, 2, 6), (4, 3, 6))((2, 0, 6), (3, 0, 6), (4, 0, 6), (4, 0, 7), (4, 0, 8))
207
((0, 0, 0), (0, 0, 1), (0, 0, 2), (1, 0, 2), (2, 0, 2))((1, 0, 1), (2, 0, 1), (3, 0, 1), (3, 0, 2), (3, 0, 3))((1, 0, 0), (1, 1, 0), (1, 2, 0), (2, 0, 0), (3, 0, 0))((4, 0, 0), (4, 0, 1), (4, 0, 2), (4, 1, 2), (4, 2, 2))((2, 0, 5), (3, 0, 5), (4, 0, 3), (4, 0, 4), (4, 0, 5))((0, 1, 0), (0, 1, 1), (0, 1, 2), (0, 2, 2), (0, 3, 2))((0, 2, 0), (0, 3, 0), (0, 4, 0), (1, 4, 0), (2, 4, 0))((4, 2, 0), (4, 3, 0), (4, 4, 0), (4, 4, 1), (4, 4, 2))((2, 1, 0), (2, 2, 0), (2, 3, 0), (3, 1, 0), (4, 1, 0))((1, 1, 2), (1, 2, 2), (1, 3, 0), (1, 3, 1), (1, 3, 2))((1, 1, 1), (2, 1, 1), (3, 1, 1), (3, 1, 2), (3, 1, 3))((2, 3, 1), (3, 3, 1), (4, 1, 1), (4, 2, 1), (4, 3, 1))((3, 2, 0), (3, 3, 0), (3, 4, 0), (3, 4, 1), (3, 4, 2))((1, 2, 1), (2, 2, 1), (3, 2, 1), (3, 2, 2), (3, 2, 3))((0, 2, 1), (0, 3, 1), (0, 4, 1), (1, 4, 1), (2, 4, 1))((2, 1, 2), (2, 2, 2), (2, 3, 2), (3, 3, 2), (4, 3, 2))((0, 4, 2), (0, 4, 3), (0, 4, 4), (1, 4, 2), (2, 4, 2))((0, 0, 3), (0, 0, 4), (0, 0, 5), (1, 0, 3), (2, 0, 3))((4, 1, 3), (4, 1, 4), (4, 1, 5), (4, 2, 3), (4, 3, 3))((2, 2, 3), (2, 3, 3), (2, 4, 3), (3, 4, 3), (4, 4, 3))((1, 3, 5), (2, 3, 5), (3, 3, 3), (3, 3, 4), (3, 3, 5))((1, 2, 3), (1, 3, 3), (1, 4, 3), (1, 4, 4), (1, 4, 5))((0, 1, 3), (0, 2, 3), (0, 3, 3), (1, 1, 3), (2, 1, 3))((0, 1, 4), (0, 2, 4), (0, 3, 4), (1, 3, 4), (2, 3, 4))((2, 4, 4), (3, 4, 4), (4, 2, 4), (4, 3, 4), (4, 4, 4))((1, 0, 4), (1, 0, 5), (1, 0, 6), (2, 0, 4), (3, 0, 4))((1, 2, 4), (2, 2, 4), (3, 2, 4), (3, 2, 5), (3, 2, 6))((1, 1, 4), (2, 1, 4), (3, 1, 4), (3, 1, 5), (3, 1, 6))((2, 4, 5), (3, 4, 5), (4, 2, 5), (4, 3, 5), (4, 4, 5))((1, 1, 5), (1, 1, 6), (1, 1, 7), (1, 2, 7), (1, 3, 7))((2, 1, 5), (2, 1, 6), (2, 1, 7), (2, 2, 7), (2, 3, 7))((1, 0, 7), (2, 0, 7), (3, 0, 7), (3, 1, 7), (3, 2, 7))((0, 2, 5), (0, 3, 5), (0, 4, 5), (1, 2, 5), (2, 2, 5))((0, 1, 5), (0, 1, 6), (0, 1, 7), (0, 2, 7), (0, 3, 7))((0, 0, 6), (0, 0, 7), (0, 0, 8), (0, 1, 8), (0, 2, 8))((0, 3, 8), (1, 3, 8), (2, 1, 8), (2, 2, 8), (2, 3, 8))((1, 0, 8), (1, 1, 8), (1, 2, 8), (2, 0, 8), (3, 0, 8))((3, 1, 8), (3, 2, 8), (3, 3, 6), (3, 3, 7), (3, 3, 8))((1, 2, 6), (1, 3, 6), (1, 4, 6), (1, 4, 7), (1, 4, 8))((0, 2, 6), (0, 3, 6), (0, 4, 6), (0, 4, 7), (0, 4, 8))((2, 4, 7), (3, 4, 7), (4, 2, 7), (4, 3, 7), (4, 4, 7))((2, 2, 6), (2, 3, 6), (2, 4, 6), (3, 4, 6), (4, 4, 6))((2, 4, 8), (3, 4, 8), (4, 2, 8), (4, 3, 8), (4, 4, 8))((4, 1, 6), (4, 1, 7), (4, 1, 8), (4, 2, 6), (4, 3, 6))((2, 0, 6), (3, 0, 6), (4, 0, 6), (4, 0, 7), (4, 0, 8))
208
((0, 0, 0), (0, 0, 1), (0, 0, 2), (1, 0, 2), (2, 0, 2))((1, 0, 1), (2, 0, 1), (3, 0, 1), (3, 0, 2), (3, 0, 3))((1, 0, 0), (1, 1, 0), (1, 2, 0), (2, 2, 0), (3, 2, 0))((2, 0, 0), (3, 0, 0), (4, 0, 0), (4, 0, 1), (4, 0, 2))((2, 1, 0), (3, 1, 0), (4, 1, 0), (4, 2, 0), (4, 3, 0))((4, 2, 2), (4, 3, 2), (4, 4, 0), (4, 4, 1), (4, 4, 2))((1, 4, 0), (1, 4, 1), (1, 4, 2), (2, 4, 0), (3, 4, 0))((0, 2, 0), (0, 3, 0), (0, 4, 0), (0, 4, 1), (0, 4, 2))((0, 1, 0), (0, 1, 1), (0, 1, 2), (1, 1, 2), (2, 1, 2))((1, 3, 0), (1, 3, 1), (1, 3, 2), (2, 3, 0), (3, 3, 0))((1, 1, 1), (2, 1, 1), (3, 1, 1), (3, 1, 2), (3, 1, 3))((0, 3, 1), (0, 3, 2), (0, 3, 3), (1, 3, 3), (2, 3, 3))((4, 1, 1), (4, 1, 2), (4, 1, 3), (4, 2, 1), (4, 3, 1))((4, 0, 3), (4, 0, 4), (4, 0, 5), (4, 1, 5), (4, 2, 5))((3, 2, 1), (3, 2, 2), (3, 2, 3), (3, 3, 1), (3, 4, 1))((1, 3, 4), (2, 3, 4), (3, 3, 2), (3, 3, 3), (3, 3, 4))((1, 4, 4), (2, 4, 4), (3, 4, 2), (3, 4, 3), (3, 4, 4))((4, 2, 3), (4, 3, 3), (4, 4, 3), (4, 4, 4), (4, 4, 5))((0, 2, 2), (1, 2, 2), (2, 2, 2), (2, 3, 2), (2, 4, 2))((0, 2, 1), (1, 2, 1), (2, 2, 1), (2, 3, 1), (2, 4, 1))((0, 4, 3), (0, 4, 4), (0, 4, 5), (1, 4, 3), (2, 4, 3))((4, 1, 4), (4, 2, 4), (4, 3, 4), (4, 3, 5), (4, 3, 6))((4, 2, 8), (4, 3, 8), (4, 4, 6), (4, 4, 7), (4, 4, 8))((2, 3, 7), (3, 3, 7), (4, 1, 7), (4, 2, 7), (4, 3, 7))((2, 1, 8), (2, 2, 8), (2, 3, 8), (3, 1, 8), (4, 1, 8))((3, 2, 6), (3, 2, 7), (3, 2, 8), (3, 3, 8), (3, 4, 8))((1, 3, 6), (1, 3, 7), (1, 3, 8), (2, 3, 6), (3, 3, 6))((4, 0, 6), (4, 0, 7), (4, 0, 8), (4, 1, 6), (4, 2, 6))((1, 0, 8), (1, 1, 8), (1, 2, 8), (2, 0, 8), (3, 0, 8))((0, 2, 8), (0, 3, 8), (0, 4, 8), (1, 4, 8), (2, 4, 8))((0, 1, 6), (0, 1, 7), (0, 1, 8), (1, 1, 6), (2, 1, 6))((0, 0, 6), (0, 0, 7), (0, 0, 8), (1, 0, 6), (2, 0, 6))((0, 1, 4), (0, 2, 4), (0, 3, 4), (1, 1, 4), (2, 1, 4))((1, 0, 3), (1, 0, 4), (1, 0, 5), (1, 1, 3), (1, 2, 3))((0, 0, 3), (0, 0, 4), (0, 0, 5), (0, 1, 3), (0, 2, 3))((1, 2, 4), (2, 2, 4), (3, 0, 4), (3, 1, 4), (3, 2, 4))((2, 0, 3), (2, 0, 4), (2, 0, 5), (2, 1, 3), (2, 2, 3))((0, 2, 6), (0, 3, 6), (0, 4, 6), (1, 2, 6), (2, 2, 6))((0, 2, 7), (0, 3, 7), (0, 4, 7), (1, 2, 7), (2, 2, 7))((1, 0, 7), (2, 0, 7), (3, 0, 5), (3, 0, 6), (3, 0, 7))((1, 1, 7), (2, 1, 7), (3, 1, 5), (3, 1, 6), (3, 1, 7))((2, 2, 5), (2, 3, 5), (2, 4, 5), (2, 4, 6), (2, 4, 7))((0, 1, 5), (0, 2, 5), (0, 3, 5), (1, 1, 5), (2, 1, 5))((3, 2, 5), (3, 3, 5), (3, 4, 5), (3, 4, 6), (3, 4, 7))((1, 2, 5), (1, 3, 5), (1, 4, 5), (1, 4, 6), (1, 4, 7))
209
((0, 0, 0), (0, 0, 1), (0, 0, 2), (1, 0, 2), (2, 0, 2))((1, 0, 1), (2, 0, 1), (3, 0, 1), (3, 0, 2), (3, 0, 3))((1, 0, 0), (1, 1, 0), (1, 2, 0), (2, 2, 0), (3, 2, 0))((2, 0, 0), (3, 0, 0), (4, 0, 0), (4, 0, 1), (4, 0, 2))((2, 1, 0), (3, 1, 0), (4, 1, 0), (4, 2, 0), (4, 3, 0))((4, 2, 2), (4, 3, 2), (4, 4, 0), (4, 4, 1), (4, 4, 2))((1, 4, 0), (1, 4, 1), (1, 4, 2), (2, 4, 0), (3, 4, 0))((0, 2, 0), (0, 3, 0), (0, 4, 0), (0, 4, 1), (0, 4, 2))((0, 1, 0), (0, 1, 1), (0, 1, 2), (1, 1, 2), (2, 1, 2))((1, 3, 0), (1, 3, 1), (1, 3, 2), (2, 3, 0), (3, 3, 0))((1, 1, 1), (2, 1, 1), (3, 1, 1), (3, 1, 2), (3, 1, 3))((0, 3, 1), (0, 3, 2), (0, 3, 3), (1, 3, 3), (2, 3, 3))((4, 1, 1), (4, 1, 2), (4, 1, 3), (4, 2, 1), (4, 3, 1))((4, 0, 3), (4, 0, 4), (4, 0, 5), (4, 1, 5), (4, 2, 5))((3, 2, 1), (3, 2, 2), (3, 2, 3), (3, 3, 1), (3, 4, 1))((1, 3, 4), (2, 3, 4), (3, 3, 2), (3, 3, 3), (3, 3, 4))((1, 4, 4), (2, 4, 4), (3, 4, 2), (3, 4, 3), (3, 4, 4))((4, 2, 3), (4, 3, 3), (4, 4, 3), (4, 4, 4), (4, 4, 5))((0, 2, 2), (1, 2, 2), (2, 2, 2), (2, 3, 2), (2, 4, 2))((0, 2, 1), (1, 2, 1), (2, 2, 1), (2, 3, 1), (2, 4, 1))((0, 4, 3), (0, 4, 4), (0, 4, 5), (1, 4, 3), (2, 4, 3))((4, 1, 4), (4, 2, 4), (4, 3, 4), (4, 3, 5), (4, 3, 6))((4, 2, 8), (4, 3, 8), (4, 4, 6), (4, 4, 7), (4, 4, 8))((2, 3, 7), (3, 3, 7), (4, 1, 7), (4, 2, 7), (4, 3, 7))((2, 1, 8), (2, 2, 8), (2, 3, 8), (3, 1, 8), (4, 1, 8))((3, 2, 6), (3, 2, 7), (3, 2, 8), (3, 3, 8), (3, 4, 8))((1, 3, 6), (1, 3, 7), (1, 3, 8), (2, 3, 6), (3, 3, 6))((4, 0, 6), (4, 0, 7), (4, 0, 8), (4, 1, 6), (4, 2, 6))((1, 0, 8), (1, 1, 8), (1, 2, 8), (2, 0, 8), (3, 0, 8))((0, 2, 8), (0, 3, 8), (0, 4, 8), (1, 4, 8), (2, 4, 8))((0, 1, 6), (0, 1, 7), (0, 1, 8), (1, 1, 6), (2, 1, 6))((0, 0, 6), (0, 0, 7), (0, 0, 8), (1, 0, 6), (2, 0, 6))((0, 1, 4), (0, 2, 4), (0, 3, 4), (1, 1, 4), (2, 1, 4))((1, 0, 3), (1, 0, 4), (1, 0, 5), (1, 1, 3), (1, 2, 3))((0, 0, 3), (0, 0, 4), (0, 0, 5), (0, 1, 3), (0, 2, 3))((1, 2, 4), (2, 2, 4), (3, 0, 4), (3, 1, 4), (3, 2, 4))((2, 0, 3), (2, 0, 4), (2, 0, 5), (2, 1, 3), (2, 2, 3))((0, 2, 6), (0, 3, 6), (0, 4, 6), (1, 4, 6), (2, 4, 6))((0, 2, 7), (0, 3, 7), (0, 4, 7), (1, 4, 7), (2, 4, 7))((3, 2, 5), (3, 3, 5), (3, 4, 5), (3, 4, 6), (3, 4, 7))((1, 2, 5), (1, 2, 6), (1, 2, 7), (1, 3, 5), (1, 4, 5))((2, 2, 5), (2, 2, 6), (2, 2, 7), (2, 3, 5), (2, 4, 5))((0, 1, 5), (0, 2, 5), (0, 3, 5), (1, 1, 5), (2, 1, 5))((1, 0, 7), (2, 0, 7), (3, 0, 5), (3, 0, 6), (3, 0, 7))((1, 1, 7), (2, 1, 7), (3, 1, 5), (3, 1, 6), (3, 1, 7))
210
((0, 0, 0), (0, 0, 1), (0, 0, 2), (1, 0, 2), (2, 0, 2))((1, 0, 1), (2, 0, 1), (3, 0, 1), (3, 0, 2), (3, 0, 3))((1, 0, 0), (1, 1, 0), (1, 2, 0), (2, 2, 0), (3, 2, 0))((2, 0, 0), (3, 0, 0), (4, 0, 0), (4, 0, 1), (4, 0, 2))((2, 1, 0), (3, 1, 0), (4, 1, 0), (4, 2, 0), (4, 3, 0))((4, 2, 2), (4, 3, 2), (4, 4, 0), (4, 4, 1), (4, 4, 2))((1, 4, 0), (1, 4, 1), (1, 4, 2), (2, 4, 0), (3, 4, 0))((0, 2, 0), (0, 3, 0), (0, 4, 0), (0, 4, 1), (0, 4, 2))((0, 1, 0), (0, 1, 1), (0, 1, 2), (1, 1, 2), (2, 1, 2))((1, 3, 0), (1, 3, 1), (1, 3, 2), (2, 3, 0), (3, 3, 0))((1, 1, 1), (2, 1, 1), (3, 1, 1), (3, 1, 2), (3, 1, 3))((0, 3, 1), (0, 3, 2), (0, 3, 3), (1, 3, 3), (2, 3, 3))((4, 1, 1), (4, 1, 2), (4, 1, 3), (4, 2, 1), (4, 3, 1))((4, 0, 3), (4, 0, 4), (4, 0, 5), (4, 1, 5), (4, 2, 5))((3, 2, 1), (3, 2, 2), (3, 2, 3), (3, 3, 1), (3, 4, 1))((1, 3, 4), (2, 3, 4), (3, 3, 2), (3, 3, 3), (3, 3, 4))((1, 4, 4), (2, 4, 4), (3, 4, 2), (3, 4, 3), (3, 4, 4))((4, 2, 3), (4, 3, 3), (4, 4, 3), (4, 4, 4), (4, 4, 5))((0, 2, 2), (1, 2, 2), (2, 2, 2), (2, 3, 2), (2, 4, 2))((0, 2, 1), (1, 2, 1), (2, 2, 1), (2, 3, 1), (2, 4, 1))((0, 4, 3), (0, 4, 4), (0, 4, 5), (1, 4, 3), (2, 4, 3))((4, 1, 4), (4, 2, 4), (4, 3, 4), (4, 3, 5), (4, 3, 6))((4, 2, 8), (4, 3, 8), (4, 4, 6), (4, 4, 7), (4, 4, 8))((2, 3, 7), (3, 3, 7), (4, 1, 7), (4, 2, 7), (4, 3, 7))((2, 1, 8), (2, 2, 8), (2, 3, 8), (3, 1, 8), (4, 1, 8))((3, 2, 8), (3, 3, 8), (3, 4, 6), (3, 4, 7), (3, 4, 8))((4, 0, 6), (4, 0, 7), (4, 0, 8), (4, 1, 6), (4, 2, 6))((1, 3, 6), (1, 3, 7), (1, 3, 8), (2, 3, 6), (3, 3, 6))((0, 2, 8), (0, 3, 8), (0, 4, 8), (1, 4, 8), (2, 4, 8))((0, 1, 6), (0, 1, 7), (0, 1, 8), (1, 1, 6), (2, 1, 6))((0, 1, 4), (0, 2, 4), (0, 3, 4), (1, 1, 4), (2, 1, 4))((1, 0, 3), (1, 0, 4), (1, 0, 5), (1, 1, 3), (1, 2, 3))((0, 0, 3), (0, 0, 4), (0, 0, 5), (0, 1, 3), (0, 2, 3))((0, 2, 6), (0, 3, 6), (0, 4, 6), (1, 2, 6), (2, 2, 6))((0, 2, 7), (0, 3, 7), (0, 4, 7), (1, 2, 7), (2, 2, 7))((2, 2, 5), (2, 3, 5), (2, 4, 5), (2, 4, 6), (2, 4, 7))((0, 1, 5), (0, 2, 5), (0, 3, 5), (1, 1, 5), (2, 1, 5))((2, 0, 3), (2, 0, 4), (2, 0, 5), (2, 1, 3), (2, 2, 3))((1, 2, 5), (1, 3, 5), (1, 4, 5), (1, 4, 6), (1, 4, 7))((1, 1, 7), (2, 1, 7), (3, 1, 5), (3, 1, 6), (3, 1, 7))((3, 2, 5), (3, 2, 6), (3, 2, 7), (3, 3, 5), (3, 4, 5))((1, 2, 4), (2, 2, 4), (3, 0, 4), (3, 1, 4), (3, 2, 4))((1, 0, 7), (2, 0, 7), (3, 0, 5), (3, 0, 6), (3, 0, 7))((1, 0, 8), (1, 1, 8), (1, 2, 8), (2, 0, 8), (3, 0, 8))((0, 0, 6), (0, 0, 7), (0, 0, 8), (1, 0, 6), (2, 0, 6))
211
((0, 0, 0), (0, 0, 1), (0, 0, 2), (1, 0, 2), (2, 0, 2))((1, 0, 1), (2, 0, 1), (3, 0, 1), (3, 0, 2), (3, 0, 3))((1, 0, 0), (1, 1, 0), (1, 2, 0), (2, 2, 0), (3, 2, 0))((2, 0, 0), (3, 0, 0), (4, 0, 0), (4, 0, 1), (4, 0, 2))((2, 1, 0), (3, 1, 0), (4, 1, 0), (4, 2, 0), (4, 3, 0))((4, 2, 2), (4, 3, 2), (4, 4, 0), (4, 4, 1), (4, 4, 2))((1, 4, 0), (1, 4, 1), (1, 4, 2), (2, 4, 0), (3, 4, 0))((0, 2, 0), (0, 3, 0), (0, 4, 0), (0, 4, 1), (0, 4, 2))((0, 1, 0), (0, 1, 1), (0, 1, 2), (1, 1, 2), (2, 1, 2))((1, 3, 0), (1, 3, 1), (1, 3, 2), (2, 3, 0), (3, 3, 0))((1, 1, 1), (2, 1, 1), (3, 1, 1), (3, 1, 2), (3, 1, 3))((0, 3, 1), (0, 3, 2), (0, 3, 3), (1, 3, 3), (2, 3, 3))((4, 1, 1), (4, 1, 2), (4, 1, 3), (4, 2, 1), (4, 3, 1))((4, 0, 3), (4, 0, 4), (4, 0, 5), (4, 1, 5), (4, 2, 5))((3, 2, 1), (3, 2, 2), (3, 2, 3), (3, 3, 1), (3, 4, 1))((1, 3, 4), (2, 3, 4), (3, 3, 2), (3, 3, 3), (3, 3, 4))((1, 4, 4), (2, 4, 4), (3, 4, 2), (3, 4, 3), (3, 4, 4))((4, 2, 3), (4, 3, 3), (4, 4, 3), (4, 4, 4), (4, 4, 5))((0, 2, 2), (1, 2, 2), (2, 2, 2), (2, 3, 2), (2, 4, 2))((0, 2, 1), (1, 2, 1), (2, 2, 1), (2, 3, 1), (2, 4, 1))((0, 4, 3), (0, 4, 4), (0, 4, 5), (1, 4, 3), (2, 4, 3))((4, 1, 4), (4, 2, 4), (4, 3, 4), (4, 3, 5), (4, 3, 6))((4, 2, 8), (4, 3, 8), (4, 4, 6), (4, 4, 7), (4, 4, 8))((2, 3, 7), (3, 3, 7), (4, 1, 7), (4, 2, 7), (4, 3, 7))((2, 1, 8), (2, 2, 8), (2, 3, 8), (3, 1, 8), (4, 1, 8))((3, 2, 8), (3, 3, 8), (3, 4, 6), (3, 4, 7), (3, 4, 8))((4, 0, 6), (4, 0, 7), (4, 0, 8), (4, 1, 6), (4, 2, 6))((1, 3, 6), (1, 3, 7), (1, 3, 8), (2, 3, 6), (3, 3, 6))((0, 2, 8), (0, 3, 8), (0, 4, 8), (1, 4, 8), (2, 4, 8))((0, 1, 6), (0, 1, 7), (0, 1, 8), (1, 1, 6), (2, 1, 6))((0, 1, 4), (0, 2, 4), (0, 3, 4), (1, 1, 4), (2, 1, 4))((1, 0, 3), (1, 0, 4), (1, 0, 5), (1, 1, 3), (1, 2, 3))((0, 0, 3), (0, 0, 4), (0, 0, 5), (0, 1, 3), (0, 2, 3))((0, 2, 6), (0, 3, 6), (0, 4, 6), (1, 4, 6), (2, 4, 6))((0, 2, 7), (0, 3, 7), (0, 4, 7), (1, 4, 7), (2, 4, 7))((2, 0, 3), (2, 0, 4), (2, 0, 5), (2, 1, 3), (2, 2, 3))((0, 1, 5), (0, 2, 5), (0, 3, 5), (1, 1, 5), (2, 1, 5))((2, 2, 5), (2, 2, 6), (2, 2, 7), (2, 3, 5), (2, 4, 5))((3, 2, 5), (3, 2, 6), (3, 2, 7), (3, 3, 5), (3, 4, 5))((1, 1, 7), (2, 1, 7), (3, 1, 5), (3, 1, 6), (3, 1, 7))((1, 2, 5), (1, 2, 6), (1, 2, 7), (1, 3, 5), (1, 4, 5))((1, 2, 4), (2, 2, 4), (3, 0, 4), (3, 1, 4), (3, 2, 4))((1, 0, 7), (2, 0, 7), (3, 0, 5), (3, 0, 6), (3, 0, 7))((1, 0, 8), (1, 1, 8), (1, 2, 8), (2, 0, 8), (3, 0, 8))((0, 0, 6), (0, 0, 7), (0, 0, 8), (1, 0, 6), (2, 0, 6))
212
((0, 0, 0), (0, 0, 1), (0, 0, 2), (1, 0, 2), (2, 0, 2))((1, 0, 1), (2, 0, 1), (3, 0, 1), (3, 0, 2), (3, 0, 3))((1, 0, 0), (1, 1, 0), (1, 2, 0), (2, 2, 0), (3, 2, 0))((2, 0, 0), (3, 0, 0), (4, 0, 0), (4, 0, 1), (4, 0, 2))((2, 1, 0), (3, 1, 0), (4, 1, 0), (4, 2, 0), (4, 3, 0))((4, 2, 2), (4, 3, 2), (4, 4, 0), (4, 4, 1), (4, 4, 2))((1, 4, 0), (2, 4, 0), (3, 4, 0), (3, 4, 1), (3, 4, 2))((0, 4, 0), (0, 4, 1), (0, 4, 2), (1, 4, 2), (2, 4, 2))((1, 2, 1), (1, 2, 2), (1, 2, 3), (1, 3, 1), (1, 4, 1))((2, 2, 1), (2, 2, 2), (2, 2, 3), (2, 3, 1), (2, 4, 1))((4, 1, 1), (4, 1, 2), (4, 1, 3), (4, 2, 1), (4, 3, 1))((4, 0, 3), (4, 0, 4), (4, 0, 5), (4, 1, 5), (4, 2, 5))((4, 2, 3), (4, 3, 3), (4, 4, 3), (4, 4, 4), (4, 4, 5))((0, 1, 0), (0, 2, 0), (0, 3, 0), (1, 3, 0), (2, 3, 0))((1, 3, 2), (2, 3, 2), (3, 3, 0), (3, 3, 1), (3, 3, 2))((3, 2, 1), (3, 2, 2), (3, 2, 3), (3, 3, 3), (3, 4, 3))((1, 1, 3), (2, 1, 3), (3, 1, 1), (3, 1, 2), (3, 1, 3))((0, 1, 1), (0, 2, 1), (0, 3, 1), (1, 1, 1), (2, 1, 1))((0, 1, 2), (0, 2, 2), (0, 3, 2), (1, 1, 2), (2, 1, 2))((2, 3, 4), (3, 3, 4), (4, 1, 4), (4, 2, 4), (4, 3, 4))((0, 1, 3), (0, 2, 3), (0, 3, 3), (1, 3, 3), (2, 3, 3))((0, 0, 3), (0, 0, 4), (0, 0, 5), (1, 0, 3), (2, 0, 3))((0, 4, 3), (0, 4, 4), (0, 4, 5), (1, 4, 3), (2, 4, 3))((4, 1, 7), (4, 2, 7), (4, 3, 5), (4, 3, 6), (4, 3, 7))((4, 2, 8), (4, 3, 8), (4, 4, 6), (4, 4, 7), (4, 4, 8))((2, 1, 8), (2, 2, 8), (2, 3, 8), (3, 1, 8), (4, 1, 8))((4, 0, 6), (4, 0, 7), (4, 0, 8), (4, 1, 6), (4, 2, 6))((3, 2, 8), (3, 3, 8), (3, 4, 6), (3, 4, 7), (3, 4, 8))((1, 2, 4), (1, 3, 4), (1, 4, 4), (2, 4, 4), (3, 4, 4))((1, 0, 4), (2, 0, 4), (3, 0, 4), (3, 1, 4), (3, 2, 4))((2, 2, 4), (2, 2, 5), (2, 2, 6), (2, 3, 6), (2, 4, 6))((0, 4, 6), (0, 4, 7), (0, 4, 8), (1, 4, 8), (2, 4, 8))((0, 2, 7), (1, 2, 7), (2, 2, 7), (2, 3, 7), (2, 4, 7))((1, 4, 5), (1, 4, 6), (1, 4, 7), (2, 4, 5), (3, 4, 5))((1, 1, 6), (1, 2, 6), (1, 3, 6), (1, 3, 7), (1, 3, 8))((1, 0, 8), (1, 1, 8), (1, 2, 8), (2, 0, 8), (3, 0, 8))((0, 1, 7), (1, 1, 7), (2, 1, 5), (2, 1, 6), (2, 1, 7))((0, 1, 8), (0, 2, 8), (0, 3, 6), (0, 3, 7), (0, 3, 8))((0, 1, 5), (0, 2, 5), (0, 3, 5), (1, 3, 5), (2, 3, 5))((0, 1, 4), (0, 2, 4), (0, 3, 4), (1, 1, 4), (2, 1, 4))((0, 0, 6), (0, 0, 7), (0, 0, 8), (0, 1, 6), (0, 2, 6))((1, 0, 6), (2, 0, 6), (3, 0, 6), (3, 1, 6), (3, 2, 6))((1, 0, 7), (2, 0, 7), (3, 0, 7), (3, 1, 7), (3, 2, 7))((3, 1, 5), (3, 2, 5), (3, 3, 5), (3, 3, 6), (3, 3, 7))((1, 0, 5), (1, 1, 5), (1, 2, 5), (2, 0, 5), (3, 0, 5))
213
((0, 0, 0), (0, 0, 1), (0, 0, 2), (1, 0, 2), (2, 0, 2))((1, 0, 1), (2, 0, 1), (3, 0, 1), (3, 0, 2), (3, 0, 3))((1, 0, 0), (1, 1, 0), (1, 2, 0), (2, 2, 0), (3, 2, 0))((2, 0, 0), (3, 0, 0), (4, 0, 0), (4, 0, 1), (4, 0, 2))((2, 1, 0), (3, 1, 0), (4, 1, 0), (4, 2, 0), (4, 3, 0))((4, 2, 2), (4, 3, 2), (4, 4, 0), (4, 4, 1), (4, 4, 2))((1, 4, 0), (2, 4, 0), (3, 4, 0), (3, 4, 1), (3, 4, 2))((0, 4, 0), (0, 4, 1), (0, 4, 2), (1, 4, 2), (2, 4, 2))((1, 2, 1), (1, 2, 2), (1, 2, 3), (1, 3, 1), (1, 4, 1))((2, 2, 1), (2, 2, 2), (2, 2, 3), (2, 3, 1), (2, 4, 1))((4, 1, 1), (4, 1, 2), (4, 1, 3), (4, 2, 1), (4, 3, 1))((4, 0, 3), (4, 0, 4), (4, 0, 5), (4, 1, 5), (4, 2, 5))((4, 2, 3), (4, 3, 3), (4, 4, 3), (4, 4, 4), (4, 4, 5))((0, 1, 0), (0, 2, 0), (0, 3, 0), (1, 3, 0), (2, 3, 0))((1, 3, 2), (2, 3, 2), (3, 3, 0), (3, 3, 1), (3, 3, 2))((3, 2, 1), (3, 2, 2), (3, 2, 3), (3, 3, 3), (3, 4, 3))((1, 1, 3), (2, 1, 3), (3, 1, 1), (3, 1, 2), (3, 1, 3))((0, 1, 1), (0, 2, 1), (0, 3, 1), (1, 1, 1), (2, 1, 1))((0, 1, 2), (0, 2, 2), (0, 3, 2), (1, 1, 2), (2, 1, 2))((2, 3, 4), (3, 3, 4), (4, 1, 4), (4, 2, 4), (4, 3, 4))((0, 1, 3), (0, 2, 3), (0, 3, 3), (1, 3, 3), (2, 3, 3))((0, 0, 3), (0, 0, 4), (0, 0, 5), (1, 0, 3), (2, 0, 3))((0, 4, 3), (0, 4, 4), (0, 4, 5), (1, 4, 3), (2, 4, 3))((4, 1, 7), (4, 2, 7), (4, 3, 5), (4, 3, 6), (4, 3, 7))((4, 2, 8), (4, 3, 8), (4, 4, 6), (4, 4, 7), (4, 4, 8))((2, 1, 8), (2, 2, 8), (2, 3, 8), (3, 1, 8), (4, 1, 8))((4, 0, 6), (4, 0, 7), (4, 0, 8), (4, 1, 6), (4, 2, 6))((3, 2, 8), (3, 3, 8), (3, 4, 6), (3, 4, 7), (3, 4, 8))((1, 2, 4), (1, 3, 4), (1, 4, 4), (2, 4, 4), (3, 4, 4))((1, 0, 4), (2, 0, 4), (3, 0, 4), (3, 1, 4), (3, 2, 4))((2, 2, 4), (2, 2, 5), (2, 2, 6), (2, 3, 6), (2, 4, 6))((0, 4, 6), (0, 4, 7), (0, 4, 8), (1, 4, 8), (2, 4, 8))((0, 2, 7), (1, 2, 7), (2, 2, 7), (2, 3, 7), (2, 4, 7))((1, 4, 5), (1, 4, 6), (1, 4, 7), (2, 4, 5), (3, 4, 5))((1, 1, 6), (1, 2, 6), (1, 3, 6), (1, 3, 7), (1, 3, 8))((1, 0, 8), (1, 1, 8), (1, 2, 8), (2, 0, 8), (3, 0, 8))((0, 1, 7), (1, 1, 7), (2, 1, 5), (2, 1, 6), (2, 1, 7))((0, 0, 6), (0, 0, 7), (0, 0, 8), (0, 1, 8), (0, 2, 8))((0, 1, 6), (0, 2, 6), (0, 3, 6), (0, 3, 7), (0, 3, 8))((0, 1, 4), (0, 2, 4), (0, 3, 4), (1, 1, 4), (2, 1, 4))((0, 1, 5), (0, 2, 5), (0, 3, 5), (1, 3, 5), (2, 3, 5))((1, 0, 6), (2, 0, 6), (3, 0, 6), (3, 1, 6), (3, 2, 6))((1, 0, 7), (2, 0, 7), (3, 0, 7), (3, 1, 7), (3, 2, 7))((3, 1, 5), (3, 2, 5), (3, 3, 5), (3, 3, 6), (3, 3, 7))((1, 0, 5), (1, 1, 5), (1, 2, 5), (2, 0, 5), (3, 0, 5))
214
((0, 0, 0), (0, 0, 1), (0, 0, 2), (1, 0, 2), (2, 0, 2))((1, 0, 1), (2, 0, 1), (3, 0, 1), (3, 0, 2), (3, 0, 3))((1, 0, 0), (1, 1, 0), (1, 2, 0), (2, 2, 0), (3, 2, 0))((2, 0, 0), (3, 0, 0), (4, 0, 0), (4, 0, 1), (4, 0, 2))((2, 1, 0), (3, 1, 0), (4, 1, 0), (4, 2, 0), (4, 3, 0))((4, 2, 2), (4, 3, 2), (4, 4, 0), (4, 4, 1), (4, 4, 2))((1, 4, 0), (2, 4, 0), (3, 4, 0), (3, 4, 1), (3, 4, 2))((0, 4, 0), (0, 4, 1), (0, 4, 2), (1, 4, 2), (2, 4, 2))((1, 2, 1), (1, 2, 2), (1, 2, 3), (1, 3, 1), (1, 4, 1))((2, 2, 1), (2, 2, 2), (2, 2, 3), (2, 3, 1), (2, 4, 1))((4, 1, 1), (4, 1, 2), (4, 1, 3), (4, 2, 1), (4, 3, 1))((4, 0, 3), (4, 0, 4), (4, 0, 5), (4, 1, 5), (4, 2, 5))((4, 2, 3), (4, 3, 3), (4, 4, 3), (4, 4, 4), (4, 4, 5))((0, 1, 0), (0, 2, 0), (0, 3, 0), (1, 3, 0), (2, 3, 0))((1, 3, 2), (2, 3, 2), (3, 3, 0), (3, 3, 1), (3, 3, 2))((3, 2, 1), (3, 2, 2), (3, 2, 3), (3, 3, 3), (3, 4, 3))((1, 1, 3), (2, 1, 3), (3, 1, 1), (3, 1, 2), (3, 1, 3))((0, 1, 1), (0, 2, 1), (0, 3, 1), (1, 1, 1), (2, 1, 1))((0, 1, 2), (0, 2, 2), (0, 3, 2), (1, 1, 2), (2, 1, 2))((2, 1, 4), (3, 1, 4), (4, 1, 4), (4, 2, 4), (4, 3, 4))((0, 0, 3), (0, 0, 4), (0, 0, 5), (1, 0, 3), (2, 0, 3))((0, 1, 3), (0, 2, 3), (0, 3, 3), (1, 3, 3), (2, 3, 3))((0, 4, 3), (0, 4, 4), (0, 4, 5), (1, 4, 3), (2, 4, 3))((4, 1, 7), (4, 2, 7), (4, 3, 5), (4, 3, 6), (4, 3, 7))((4, 0, 6), (4, 0, 7), (4, 0, 8), (4, 1, 6), (4, 2, 6))((2, 1, 8), (2, 2, 8), (2, 3, 8), (3, 1, 8), (4, 1, 8))((4, 2, 8), (4, 3, 8), (4, 4, 6), (4, 4, 7), (4, 4, 8))((3, 2, 8), (3, 3, 8), (3, 4, 6), (3, 4, 7), (3, 4, 8))((0, 1, 4), (0, 2, 4), (0, 3, 4), (1, 3, 4), (2, 3, 4))((1, 4, 4), (2, 4, 4), (3, 2, 4), (3, 3, 4), (3, 4, 4))((2, 2, 4), (2, 2, 5), (2, 2, 6), (2, 3, 6), (2, 4, 6))((0, 4, 6), (0, 4, 7), (0, 4, 8), (1, 4, 8), (2, 4, 8))((0, 2, 7), (1, 2, 7), (2, 2, 7), (2, 3, 7), (2, 4, 7))((1, 4, 5), (1, 4, 6), (1, 4, 7), (2, 4, 5), (3, 4, 5))((1, 1, 6), (1, 2, 6), (1, 3, 6), (1, 3, 7), (1, 3, 8))((0, 1, 7), (1, 1, 7), (2, 1, 5), (2, 1, 6), (2, 1, 7))((1, 0, 8), (1, 1, 8), (1, 2, 8), (2, 0, 8), (3, 0, 8))((0, 1, 8), (0, 2, 8), (0, 3, 6), (0, 3, 7), (0, 3, 8))((0, 1, 5), (0, 2, 5), (0, 3, 5), (1, 3, 5), (2, 3, 5))((0, 0, 6), (0, 0, 7), (0, 0, 8), (0, 1, 6), (0, 2, 6))((3, 1, 5), (3, 2, 5), (3, 3, 5), (3, 3, 6), (3, 3, 7))((1, 0, 7), (2, 0, 7), (3, 0, 7), (3, 1, 7), (3, 2, 7))((1, 0, 5), (1, 1, 5), (1, 2, 5), (2, 0, 5), (3, 0, 5))((1, 0, 4), (1, 1, 4), (1, 2, 4), (2, 0, 4), (3, 0, 4))((1, 0, 6), (2, 0, 6), (3, 0, 6), (3, 1, 6), (3, 2, 6))
215
((0, 0, 0), (0, 0, 1), (0, 0, 2), (1, 0, 2), (2, 0, 2))((1, 0, 1), (2, 0, 1), (3, 0, 1), (3, 0, 2), (3, 0, 3))((1, 0, 0), (1, 1, 0), (1, 2, 0), (2, 2, 0), (3, 2, 0))((2, 0, 0), (3, 0, 0), (4, 0, 0), (4, 0, 1), (4, 0, 2))((2, 1, 0), (3, 1, 0), (4, 1, 0), (4, 2, 0), (4, 3, 0))((4, 2, 2), (4, 3, 2), (4, 4, 0), (4, 4, 1), (4, 4, 2))((1, 4, 0), (2, 4, 0), (3, 4, 0), (3, 4, 1), (3, 4, 2))((0, 4, 0), (0, 4, 1), (0, 4, 2), (1, 4, 2), (2, 4, 2))((1, 2, 1), (1, 2, 2), (1, 2, 3), (1, 3, 1), (1, 4, 1))((2, 2, 1), (2, 2, 2), (2, 2, 3), (2, 3, 1), (2, 4, 1))((4, 1, 1), (4, 1, 2), (4, 1, 3), (4, 2, 1), (4, 3, 1))((4, 0, 3), (4, 0, 4), (4, 0, 5), (4, 1, 5), (4, 2, 5))((4, 2, 3), (4, 3, 3), (4, 4, 3), (4, 4, 4), (4, 4, 5))((0, 1, 0), (0, 2, 0), (0, 3, 0), (1, 3, 0), (2, 3, 0))((1, 3, 2), (2, 3, 2), (3, 3, 0), (3, 3, 1), (3, 3, 2))((3, 2, 1), (3, 2, 2), (3, 2, 3), (3, 3, 3), (3, 4, 3))((1, 1, 3), (2, 1, 3), (3, 1, 1), (3, 1, 2), (3, 1, 3))((0, 1, 1), (0, 2, 1), (0, 3, 1), (1, 1, 1), (2, 1, 1))((0, 1, 2), (0, 2, 2), (0, 3, 2), (1, 1, 2), (2, 1, 2))((2, 1, 4), (3, 1, 4), (4, 1, 4), (4, 2, 4), (4, 3, 4))((0, 0, 3), (0, 0, 4), (0, 0, 5), (1, 0, 3), (2, 0, 3))((0, 1, 3), (0, 2, 3), (0, 3, 3), (1, 3, 3), (2, 3, 3))((0, 4, 3), (0, 4, 4), (0, 4, 5), (1, 4, 3), (2, 4, 3))((4, 1, 7), (4, 2, 7), (4, 3, 5), (4, 3, 6), (4, 3, 7))((4, 0, 6), (4, 0, 7), (4, 0, 8), (4, 1, 6), (4, 2, 6))((2, 1, 8), (2, 2, 8), (2, 3, 8), (3, 1, 8), (4, 1, 8))((4, 2, 8), (4, 3, 8), (4, 4, 6), (4, 4, 7), (4, 4, 8))((3, 2, 8), (3, 3, 8), (3, 4, 6), (3, 4, 7), (3, 4, 8))((0, 1, 4), (0, 2, 4), (0, 3, 4), (1, 3, 4), (2, 3, 4))((1, 4, 4), (2, 4, 4), (3, 2, 4), (3, 3, 4), (3, 4, 4))((2, 2, 4), (2, 2, 5), (2, 2, 6), (2, 3, 6), (2, 4, 6))((0, 4, 6), (0, 4, 7), (0, 4, 8), (1, 4, 8), (2, 4, 8))((0, 2, 7), (1, 2, 7), (2, 2, 7), (2, 3, 7), (2, 4, 7))((1, 4, 5), (1, 4, 6), (1, 4, 7), (2, 4, 5), (3, 4, 5))((1, 1, 6), (1, 2, 6), (1, 3, 6), (1, 3, 7), (1, 3, 8))((0, 1, 7), (1, 1, 7), (2, 1, 5), (2, 1, 6), (2, 1, 7))((1, 0, 8), (1, 1, 8), (1, 2, 8), (2, 0, 8), (3, 0, 8))((0, 0, 6), (0, 0, 7), (0, 0, 8), (0, 1, 8), (0, 2, 8))((0, 1, 6), (0, 2, 6), (0, 3, 6), (0, 3, 7), (0, 3, 8))((0, 1, 5), (0, 2, 5), (0, 3, 5), (1, 3, 5), (2, 3, 5))((3, 1, 5), (3, 2, 5), (3, 3, 5), (3, 3, 6), (3, 3, 7))((1, 0, 7), (2, 0, 7), (3, 0, 7), (3, 1, 7), (3, 2, 7))((1, 0, 5), (1, 1, 5), (1, 2, 5), (2, 0, 5), (3, 0, 5))((1, 0, 4), (1, 1, 4), (1, 2, 4), (2, 0, 4), (3, 0, 4))((1, 0, 6), (2, 0, 6), (3, 0, 6), (3, 1, 6), (3, 2, 6))
216
((0, 0, 0), (0, 0, 1), (0, 0, 2), (1, 0, 2), (2, 0, 2))((1, 0, 1), (2, 0, 1), (3, 0, 1), (3, 0, 2), (3, 0, 3))((1, 0, 0), (1, 1, 0), (1, 2, 0), (2, 2, 0), (3, 2, 0))((2, 0, 0), (3, 0, 0), (4, 0, 0), (4, 0, 1), (4, 0, 2))((2, 1, 0), (3, 1, 0), (4, 1, 0), (4, 2, 0), (4, 3, 0))((4, 2, 2), (4, 3, 2), (4, 4, 0), (4, 4, 1), (4, 4, 2))((1, 4, 0), (2, 4, 0), (3, 4, 0), (3, 4, 1), (3, 4, 2))((0, 4, 0), (0, 4, 1), (0, 4, 2), (1, 4, 2), (2, 4, 2))((1, 2, 1), (1, 2, 2), (1, 2, 3), (1, 3, 1), (1, 4, 1))((2, 2, 1), (2, 2, 2), (2, 2, 3), (2, 3, 1), (2, 4, 1))((4, 1, 1), (4, 1, 2), (4, 1, 3), (4, 2, 1), (4, 3, 1))((2, 0, 5), (3, 0, 5), (4, 0, 3), (4, 0, 4), (4, 0, 5))((0, 0, 3), (0, 0, 4), (0, 0, 5), (1, 0, 3), (2, 0, 3))((0, 1, 0), (0, 2, 0), (0, 3, 0), (1, 3, 0), (2, 3, 0))((1, 3, 2), (2, 3, 2), (3, 3, 0), (3, 3, 1), (3, 3, 2))((3, 2, 1), (3, 2, 2), (3, 2, 3), (3, 3, 3), (3, 4, 3))((1, 1, 3), (2, 1, 3), (3, 1, 1), (3, 1, 2), (3, 1, 3))((0, 1, 1), (0, 2, 1), (0, 3, 1), (1, 1, 1), (2, 1, 1))((0, 1, 2), (0, 2, 2), (0, 3, 2), (1, 1, 2), (2, 1, 2))((4, 2, 3), (4, 3, 3), (4, 4, 3), (4, 4, 4), (4, 4, 5))((0, 1, 3), (0, 2, 3), (0, 3, 3), (1, 3, 3), (2, 3, 3))((0, 4, 3), (0, 4, 4), (0, 4, 5), (1, 4, 3), (2, 4, 3))((1, 0, 4), (2, 0, 4), (3, 0, 4), (3, 1, 4), (3, 2, 4))((2, 3, 4), (3, 3, 4), (4, 1, 4), (4, 2, 4), (4, 3, 4))((1, 0, 5), (1, 0, 6), (1, 0, 7), (2, 0, 7), (3, 0, 7))((0, 0, 6), (0, 0, 7), (0, 0, 8), (1, 0, 8), (2, 0, 8))((1, 2, 8), (2, 2, 8), (3, 0, 8), (3, 1, 8), (3, 2, 8))((2, 0, 6), (3, 0, 6), (4, 0, 6), (4, 0, 7), (4, 0, 8))((0, 1, 6), (0, 1, 7), (0, 1, 8), (1, 1, 8), (2, 1, 8))((0, 1, 4), (0, 2, 4), (0, 3, 4), (1, 1, 4), (2, 1, 4))((0, 2, 6), (1, 2, 6), (2, 2, 4), (2, 2, 5), (2, 2, 6))((0, 2, 8), (0, 3, 8), (0, 4, 6), (0, 4, 7), (0, 4, 8))((0, 2, 7), (1, 2, 7), (2, 2, 7), (2, 3, 7), (2, 4, 7))((0, 1, 5), (0, 2, 5), (0, 3, 5), (0, 3, 6), (0, 3, 7))((1, 2, 4), (1, 3, 4), (1, 4, 4), (2, 4, 4), (3, 4, 4))((1, 3, 6), (1, 3, 7), (1, 3, 8), (2, 3, 6), (3, 3, 6))((2, 3, 8), (3, 3, 8), (4, 1, 8), (4, 2, 8), (4, 3, 8))((3, 2, 5), (3, 2, 6), (3, 2, 7), (3, 3, 7), (3, 4, 7))((1, 2, 5), (1, 3, 5), (1, 4, 5), (2, 4, 5), (3, 4, 5))((2, 3, 5), (3, 3, 5), (4, 1, 5), (4, 2, 5), (4, 3, 5))((2, 1, 6), (3, 1, 6), (4, 1, 6), (4, 2, 6), (4, 3, 6))((2, 1, 7), (3, 1, 7), (4, 1, 7), (4, 2, 7), (4, 3, 7))((1, 1, 5), (1, 1, 6), (1, 1, 7), (2, 1, 5), (3, 1, 5))((2, 4, 8), (3, 4, 8), (4, 4, 6), (4, 4, 7), (4, 4, 8))((1, 4, 6), (1, 4, 7), (1, 4, 8), (2, 4, 6), (3, 4, 6))
217
((0, 0, 0), (0, 0, 1), (0, 0, 2), (1, 0, 2), (2, 0, 2))((1, 0, 1), (2, 0, 1), (3, 0, 1), (3, 0, 2), (3, 0, 3))((1, 0, 0), (1, 1, 0), (1, 2, 0), (2, 2, 0), (3, 2, 0))((2, 0, 0), (3, 0, 0), (4, 0, 0), (4, 0, 1), (4, 0, 2))((2, 1, 0), (3, 1, 0), (4, 1, 0), (4, 2, 0), (4, 3, 0))((4, 2, 2), (4, 3, 2), (4, 4, 0), (4, 4, 1), (4, 4, 2))((1, 4, 0), (2, 4, 0), (3, 4, 0), (3, 4, 1), (3, 4, 2))((0, 4, 0), (0, 4, 1), (0, 4, 2), (1, 4, 2), (2, 4, 2))((1, 2, 1), (1, 2, 2), (1, 2, 3), (1, 3, 1), (1, 4, 1))((2, 2, 1), (2, 2, 2), (2, 2, 3), (2, 3, 1), (2, 4, 1))((4, 1, 1), (4, 1, 2), (4, 1, 3), (4, 2, 1), (4, 3, 1))((2, 0, 5), (3, 0, 5), (4, 0, 3), (4, 0, 4), (4, 0, 5))((0, 0, 3), (0, 0, 4), (0, 0, 5), (1, 0, 3), (2, 0, 3))((0, 1, 0), (0, 2, 0), (0, 3, 0), (1, 3, 0), (2, 3, 0))((1, 3, 2), (2, 3, 2), (3, 3, 0), (3, 3, 1), (3, 3, 2))((3, 2, 1), (3, 2, 2), (3, 2, 3), (3, 3, 3), (3, 4, 3))((1, 1, 3), (2, 1, 3), (3, 1, 1), (3, 1, 2), (3, 1, 3))((0, 1, 1), (0, 2, 1), (0, 3, 1), (1, 1, 1), (2, 1, 1))((0, 1, 2), (0, 2, 2), (0, 3, 2), (1, 1, 2), (2, 1, 2))((4, 2, 3), (4, 3, 3), (4, 4, 3), (4, 4, 4), (4, 4, 5))((0, 1, 3), (0, 2, 3), (0, 3, 3), (1, 3, 3), (2, 3, 3))((0, 4, 3), (0, 4, 4), (0, 4, 5), (1, 4, 3), (2, 4, 3))((1, 0, 4), (2, 0, 4), (3, 0, 4), (3, 1, 4), (3, 2, 4))((2, 3, 4), (3, 3, 4), (4, 1, 4), (4, 2, 4), (4, 3, 4))((1, 0, 5), (1, 0, 6), (1, 0, 7), (2, 0, 7), (3, 0, 7))((0, 0, 6), (0, 0, 7), (0, 0, 8), (1, 0, 8), (2, 0, 8))((1, 2, 8), (2, 2, 8), (3, 0, 8), (3, 1, 8), (3, 2, 8))((2, 0, 6), (3, 0, 6), (4, 0, 6), (4, 0, 7), (4, 0, 8))((0, 1, 6), (0, 1, 7), (0, 1, 8), (1, 1, 8), (2, 1, 8))((0, 1, 4), (0, 2, 4), (0, 3, 4), (1, 1, 4), (2, 1, 4))((0, 2, 6), (1, 2, 6), (2, 2, 4), (2, 2, 5), (2, 2, 6))((0, 2, 8), (0, 3, 8), (0, 4, 6), (0, 4, 7), (0, 4, 8))((0, 2, 7), (1, 2, 7), (2, 2, 7), (2, 3, 7), (2, 4, 7))((0, 1, 5), (0, 2, 5), (0, 3, 5), (0, 3, 6), (0, 3, 7))((1, 2, 4), (1, 3, 4), (1, 4, 4), (2, 4, 4), (3, 4, 4))((1, 3, 6), (1, 3, 7), (1, 3, 8), (2, 3, 6), (3, 3, 6))((2, 3, 8), (3, 3, 8), (4, 1, 8), (4, 2, 8), (4, 3, 8))((3, 2, 5), (3, 2, 6), (3, 2, 7), (3, 3, 7), (3, 4, 7))((1, 2, 5), (1, 3, 5), (1, 4, 5), (2, 4, 5), (3, 4, 5))((2, 3, 5), (3, 3, 5), (4, 1, 5), (4, 2, 5), (4, 3, 5))((2, 1, 6), (3, 1, 6), (4, 1, 6), (4, 2, 6), (4, 3, 6))((2, 1, 7), (3, 1, 7), (4, 1, 7), (4, 2, 7), (4, 3, 7))((1, 1, 5), (1, 1, 6), (1, 1, 7), (2, 1, 5), (3, 1, 5))((2, 4, 6), (3, 4, 6), (4, 4, 6), (4, 4, 7), (4, 4, 8))((1, 4, 6), (1, 4, 7), (1, 4, 8), (2, 4, 8), (3, 4, 8))
218
((0, 0, 0), (0, 0, 1), (0, 0, 2), (1, 0, 2), (2, 0, 2))((1, 0, 1), (2, 0, 1), (3, 0, 1), (3, 0, 2), (3, 0, 3))((1, 0, 0), (1, 1, 0), (1, 2, 0), (2, 2, 0), (3, 2, 0))((2, 0, 0), (3, 0, 0), (4, 0, 0), (4, 0, 1), (4, 0, 2))((2, 1, 0), (3, 1, 0), (4, 1, 0), (4, 2, 0), (4, 3, 0))((4, 2, 2), (4, 3, 2), (4, 4, 0), (4, 4, 1), (4, 4, 2))((1, 4, 0), (2, 4, 0), (3, 4, 0), (3, 4, 1), (3, 4, 2))((0, 4, 0), (0, 4, 1), (0, 4, 2), (1, 4, 2), (2, 4, 2))((1, 2, 1), (1, 2, 2), (1, 2, 3), (1, 3, 1), (1, 4, 1))((2, 2, 1), (2, 2, 2), (2, 2, 3), (2, 3, 1), (2, 4, 1))((4, 1, 1), (4, 1, 2), (4, 1, 3), (4, 2, 1), (4, 3, 1))((2, 0, 5), (3, 0, 5), (4, 0, 3), (4, 0, 4), (4, 0, 5))((0, 0, 3), (0, 0, 4), (0, 0, 5), (1, 0, 3), (2, 0, 3))((0, 1, 0), (0, 2, 0), (0, 3, 0), (1, 3, 0), (2, 3, 0))((1, 3, 2), (2, 3, 2), (3, 3, 0), (3, 3, 1), (3, 3, 2))((3, 2, 1), (3, 2, 2), (3, 2, 3), (3, 3, 3), (3, 4, 3))((1, 1, 3), (2, 1, 3), (3, 1, 1), (3, 1, 2), (3, 1, 3))((0, 1, 1), (0, 2, 1), (0, 3, 1), (1, 1, 1), (2, 1, 1))((0, 1, 2), (0, 2, 2), (0, 3, 2), (1, 1, 2), (2, 1, 2))((4, 2, 3), (4, 3, 3), (4, 4, 3), (4, 4, 4), (4, 4, 5))((0, 1, 3), (0, 2, 3), (0, 3, 3), (1, 3, 3), (2, 3, 3))((0, 4, 3), (0, 4, 4), (0, 4, 5), (1, 4, 3), (2, 4, 3))((1, 0, 4), (1, 1, 4), (1, 2, 4), (2, 0, 4), (3, 0, 4))((0, 1, 4), (0, 2, 4), (0, 3, 4), (1, 3, 4), (2, 3, 4))((2, 1, 4), (3, 1, 4), (4, 1, 4), (4, 2, 4), (4, 3, 4))((0, 2, 6), (1, 2, 6), (2, 2, 4), (2, 2, 5), (2, 2, 6))((1, 0, 5), (1, 0, 6), (1, 0, 7), (2, 0, 7), (3, 0, 7))((0, 0, 6), (0, 0, 7), (0, 0, 8), (1, 0, 8), (2, 0, 8))((1, 2, 8), (2, 2, 8), (3, 0, 8), (3, 1, 8), (3, 2, 8))((2, 0, 6), (3, 0, 6), (4, 0, 6), (4, 0, 7), (4, 0, 8))((0, 1, 5), (0, 2, 5), (0, 3, 5), (0, 3, 6), (0, 3, 7))((0, 2, 7), (1, 2, 7), (2, 2, 7), (2, 3, 7), (2, 4, 7))((0, 2, 8), (0, 3, 8), (0, 4, 6), (0, 4, 7), (0, 4, 8))((1, 3, 6), (1, 3, 7), (1, 3, 8), (2, 3, 6), (3, 3, 6))((2, 3, 8), (3, 3, 8), (4, 1, 8), (4, 2, 8), (4, 3, 8))((1, 4, 4), (2, 4, 4), (3, 2, 4), (3, 3, 4), (3, 4, 4))((3, 2, 5), (3, 2, 6), (3, 2, 7), (3, 3, 7), (3, 4, 7))((1, 2, 5), (1, 3, 5), (1, 4, 5), (2, 4, 5), (3, 4, 5))((2, 3, 5), (3, 3, 5), (4, 1, 5), (4, 2, 5), (4, 3, 5))((2, 1, 7), (3, 1, 7), (4, 1, 7), (4, 2, 7), (4, 3, 7))((2, 1, 6), (3, 1, 6), (4, 1, 6), (4, 2, 6), (4, 3, 6))((1, 1, 5), (1, 1, 6), (1, 1, 7), (2, 1, 5), (3, 1, 5))((0, 1, 6), (0, 1, 7), (0, 1, 8), (1, 1, 8), (2, 1, 8))((2, 4, 8), (3, 4, 8), (4, 4, 6), (4, 4, 7), (4, 4, 8))((1, 4, 6), (1, 4, 7), (1, 4, 8), (2, 4, 6), (3, 4, 6))
219
((0, 0, 0), (0, 0, 1), (0, 0, 2), (1, 0, 2), (2, 0, 2))((1, 0, 1), (2, 0, 1), (3, 0, 1), (3, 0, 2), (3, 0, 3))((1, 0, 0), (1, 1, 0), (1, 2, 0), (2, 2, 0), (3, 2, 0))((2, 0, 0), (3, 0, 0), (4, 0, 0), (4, 0, 1), (4, 0, 2))((2, 1, 0), (3, 1, 0), (4, 1, 0), (4, 2, 0), (4, 3, 0))((4, 2, 2), (4, 3, 2), (4, 4, 0), (4, 4, 1), (4, 4, 2))((1, 4, 0), (2, 4, 0), (3, 4, 0), (3, 4, 1), (3, 4, 2))((0, 4, 0), (0, 4, 1), (0, 4, 2), (1, 4, 2), (2, 4, 2))((1, 2, 1), (1, 2, 2), (1, 2, 3), (1, 3, 1), (1, 4, 1))((2, 2, 1), (2, 2, 2), (2, 2, 3), (2, 3, 1), (2, 4, 1))((4, 1, 1), (4, 1, 2), (4, 1, 3), (4, 2, 1), (4, 3, 1))((2, 0, 5), (3, 0, 5), (4, 0, 3), (4, 0, 4), (4, 0, 5))((0, 0, 3), (0, 0, 4), (0, 0, 5), (1, 0, 3), (2, 0, 3))((0, 1, 0), (0, 2, 0), (0, 3, 0), (1, 3, 0), (2, 3, 0))((1, 3, 2), (2, 3, 2), (3, 3, 0), (3, 3, 1), (3, 3, 2))((3, 2, 1), (3, 2, 2), (3, 2, 3), (3, 3, 3), (3, 4, 3))((1, 1, 3), (2, 1, 3), (3, 1, 1), (3, 1, 2), (3, 1, 3))((0, 1, 1), (0, 2, 1), (0, 3, 1), (1, 1, 1), (2, 1, 1))((0, 1, 2), (0, 2, 2), (0, 3, 2), (1, 1, 2), (2, 1, 2))((4, 2, 3), (4, 3, 3), (4, 4, 3), (4, 4, 4), (4, 4, 5))((0, 1, 3), (0, 2, 3), (0, 3, 3), (1, 3, 3), (2, 3, 3))((0, 4, 3), (0, 4, 4), (0, 4, 5), (1, 4, 3), (2, 4, 3))((1, 0, 4), (1, 1, 4), (1, 2, 4), (2, 0, 4), (3, 0, 4))((0, 1, 4), (0, 2, 4), (0, 3, 4), (1, 3, 4), (2, 3, 4))((2, 1, 4), (3, 1, 4), (4, 1, 4), (4, 2, 4), (4, 3, 4))((0, 2, 6), (1, 2, 6), (2, 2, 4), (2, 2, 5), (2, 2, 6))((1, 0, 5), (1, 0, 6), (1, 0, 7), (2, 0, 7), (3, 0, 7))((0, 0, 6), (0, 0, 7), (0, 0, 8), (1, 0, 8), (2, 0, 8))((1, 2, 8), (2, 2, 8), (3, 0, 8), (3, 1, 8), (3, 2, 8))((2, 0, 6), (3, 0, 6), (4, 0, 6), (4, 0, 7), (4, 0, 8))((0, 1, 5), (0, 2, 5), (0, 3, 5), (0, 3, 6), (0, 3, 7))((0, 2, 7), (1, 2, 7), (2, 2, 7), (2, 3, 7), (2, 4, 7))((0, 2, 8), (0, 3, 8), (0, 4, 6), (0, 4, 7), (0, 4, 8))((1, 3, 6), (1, 3, 7), (1, 3, 8), (2, 3, 6), (3, 3, 6))((2, 3, 8), (3, 3, 8), (4, 1, 8), (4, 2, 8), (4, 3, 8))((1, 4, 4), (2, 4, 4), (3, 2, 4), (3, 3, 4), (3, 4, 4))((3, 2, 5), (3, 2, 6), (3, 2, 7), (3, 3, 7), (3, 4, 7))((1, 2, 5), (1, 3, 5), (1, 4, 5), (2, 4, 5), (3, 4, 5))((2, 3, 5), (3, 3, 5), (4, 1, 5), (4, 2, 5), (4, 3, 5))((2, 1, 7), (3, 1, 7), (4, 1, 7), (4, 2, 7), (4, 3, 7))((2, 1, 6), (3, 1, 6), (4, 1, 6), (4, 2, 6), (4, 3, 6))((1, 1, 5), (1, 1, 6), (1, 1, 7), (2, 1, 5), (3, 1, 5))((0, 1, 6), (0, 1, 7), (0, 1, 8), (1, 1, 8), (2, 1, 8))((2, 4, 6), (3, 4, 6), (4, 4, 6), (4, 4, 7), (4, 4, 8))((1, 4, 6), (1, 4, 7), (1, 4, 8), (2, 4, 8), (3, 4, 8))
220
((0, 0, 0), (0, 0, 1), (0, 0, 2), (1, 0, 2), (2, 0, 2))((1, 0, 1), (2, 0, 1), (3, 0, 1), (3, 0, 2), (3, 0, 3))((1, 0, 0), (1, 1, 0), (1, 2, 0), (2, 2, 0), (3, 2, 0))((2, 0, 0), (3, 0, 0), (4, 0, 0), (4, 0, 1), (4, 0, 2))((2, 1, 0), (3, 1, 0), (4, 1, 0), (4, 2, 0), (4, 3, 0))((4, 2, 2), (4, 3, 2), (4, 4, 0), (4, 4, 1), (4, 4, 2))((1, 4, 2), (2, 4, 2), (3, 4, 0), (3, 4, 1), (3, 4, 2))((0, 2, 0), (0, 3, 0), (0, 4, 0), (1, 4, 0), (2, 4, 0))((0, 1, 0), (0, 1, 1), (0, 1, 2), (1, 1, 2), (2, 1, 2))((1, 3, 0), (1, 3, 1), (1, 3, 2), (2, 3, 0), (3, 3, 0))((1, 1, 1), (2, 1, 1), (3, 1, 1), (3, 1, 2), (3, 1, 3))((3, 1, 4), (3, 2, 4), (3, 3, 2), (3, 3, 3), (3, 3, 4))((2, 3, 1), (3, 3, 1), (4, 1, 1), (4, 2, 1), (4, 3, 1))((4, 1, 2), (4, 1, 3), (4, 1, 4), (4, 2, 4), (4, 3, 4))((4, 0, 3), (4, 0, 4), (4, 0, 5), (4, 1, 5), (4, 2, 5))((2, 1, 4), (2, 2, 4), (2, 3, 2), (2, 3, 3), (2, 3, 4))((0, 2, 1), (0, 3, 1), (0, 4, 1), (1, 4, 1), (2, 4, 1))((4, 2, 3), (4, 3, 3), (4, 4, 3), (4, 4, 4), (4, 4, 5))((1, 2, 1), (2, 2, 1), (3, 2, 1), (3, 2, 2), (3, 2, 3))((0, 2, 2), (0, 3, 2), (0, 4, 2), (1, 2, 2), (2, 2, 2))((4, 1, 7), (4, 2, 7), (4, 3, 5), (4, 3, 6), (4, 3, 7))((4, 0, 6), (4, 0, 7), (4, 0, 8), (4, 1, 6), (4, 2, 6))((2, 3, 8), (3, 3, 8), (4, 1, 8), (4, 2, 8), (4, 3, 8))((2, 4, 8), (3, 4, 8), (4, 4, 6), (4, 4, 7), (4, 4, 8))((1, 2, 8), (1, 3, 8), (1, 4, 8), (2, 2, 8), (3, 2, 8))((0, 4, 6), (0, 4, 7), (0, 4, 8), (1, 4, 6), (2, 4, 6))((1, 1, 6), (1, 1, 7), (1, 1, 8), (2, 1, 8), (3, 1, 8))((0, 3, 6), (0, 3, 7), (0, 3, 8), (1, 3, 6), (2, 3, 6))((0, 0, 8), (0, 1, 8), (0, 2, 8), (1, 0, 8), (2, 0, 8))((1, 0, 6), (2, 0, 6), (3, 0, 6), (3, 0, 7), (3, 0, 8))((1, 0, 4), (1, 1, 4), (1, 2, 4), (2, 0, 4), (3, 0, 4))((2, 1, 5), (2, 1, 6), (2, 1, 7), (2, 2, 7), (2, 3, 7))((0, 0, 7), (0, 1, 7), (0, 2, 7), (1, 0, 7), (2, 0, 7))((3, 1, 5), (3, 1, 6), (3, 1, 7), (3, 2, 7), (3, 3, 7))((1, 0, 5), (1, 1, 5), (1, 2, 5), (2, 0, 5), (3, 0, 5))((1, 2, 7), (1, 3, 7), (1, 4, 7), (2, 4, 7), (3, 4, 7))((1, 1, 3), (1, 2, 3), (1, 3, 3), (1, 3, 4), (1, 3, 5))((0, 0, 3), (1, 0, 3), (2, 0, 3), (2, 1, 3), (2, 2, 3))((1, 2, 6), (2, 2, 6), (3, 2, 6), (3, 3, 6), (3, 4, 6))((3, 2, 5), (3, 3, 5), (3, 4, 3), (3, 4, 4), (3, 4, 5))((0, 2, 4), (0, 3, 4), (0, 4, 4), (1, 4, 4), (2, 4, 4))((0, 0, 4), (0, 0, 5), (0, 0, 6), (0, 1, 6), (0, 2, 6))((0, 4, 5), (1, 4, 5), (2, 2, 5), (2, 3, 5), (2, 4, 5))((0, 1, 3), (0, 1, 4), (0, 1, 5), (0, 2, 5), (0, 3, 5))((0, 2, 3), (0, 3, 3), (0, 4, 3), (1, 4, 3), (2, 4, 3))
221
((0, 0, 0), (0, 0, 1), (0, 0, 2), (1, 0, 2), (2, 0, 2))((1, 0, 1), (2, 0, 1), (3, 0, 1), (3, 0, 2), (3, 0, 3))((1, 0, 0), (1, 1, 0), (1, 2, 0), (2, 2, 0), (3, 2, 0))((2, 0, 0), (3, 0, 0), (4, 0, 0), (4, 0, 1), (4, 0, 2))((2, 1, 0), (3, 1, 0), (4, 1, 0), (4, 2, 0), (4, 3, 0))((4, 2, 2), (4, 3, 2), (4, 4, 0), (4, 4, 1), (4, 4, 2))((1, 4, 2), (2, 4, 2), (3, 4, 0), (3, 4, 1), (3, 4, 2))((0, 2, 0), (0, 3, 0), (0, 4, 0), (1, 4, 0), (2, 4, 0))((0, 1, 0), (0, 1, 1), (0, 1, 2), (1, 1, 2), (2, 1, 2))((1, 3, 0), (1, 3, 1), (1, 3, 2), (2, 3, 0), (3, 3, 0))((1, 1, 1), (2, 1, 1), (3, 1, 1), (3, 1, 2), (3, 1, 3))((3, 1, 4), (3, 2, 4), (3, 3, 2), (3, 3, 3), (3, 3, 4))((2, 3, 1), (3, 3, 1), (4, 1, 1), (4, 2, 1), (4, 3, 1))((4, 1, 2), (4, 1, 3), (4, 1, 4), (4, 2, 4), (4, 3, 4))((4, 0, 3), (4, 0, 4), (4, 0, 5), (4, 1, 5), (4, 2, 5))((2, 1, 4), (2, 2, 4), (2, 3, 2), (2, 3, 3), (2, 3, 4))((0, 2, 1), (0, 3, 1), (0, 4, 1), (1, 4, 1), (2, 4, 1))((4, 2, 3), (4, 3, 3), (4, 4, 3), (4, 4, 4), (4, 4, 5))((1, 2, 1), (2, 2, 1), (3, 2, 1), (3, 2, 2), (3, 2, 3))((0, 2, 2), (0, 3, 2), (0, 4, 2), (1, 2, 2), (2, 2, 2))((4, 1, 7), (4, 2, 7), (4, 3, 5), (4, 3, 6), (4, 3, 7))((4, 0, 6), (4, 0, 7), (4, 0, 8), (4, 1, 6), (4, 2, 6))((2, 1, 8), (2, 2, 8), (2, 3, 8), (3, 1, 8), (4, 1, 8))((4, 2, 8), (4, 3, 8), (4, 4, 6), (4, 4, 7), (4, 4, 8))((1, 4, 8), (2, 4, 8), (3, 2, 8), (3, 3, 8), (3, 4, 8))((1, 1, 6), (1, 1, 7), (1, 1, 8), (1, 2, 8), (1, 3, 8))((0, 4, 6), (0, 4, 7), (0, 4, 8), (1, 4, 6), (2, 4, 6))((0, 3, 6), (0, 3, 7), (0, 3, 8), (1, 3, 6), (2, 3, 6))((0, 0, 8), (0, 1, 8), (0, 2, 8), (1, 0, 8), (2, 0, 8))((1, 0, 6), (2, 0, 6), (3, 0, 6), (3, 0, 7), (3, 0, 8))((1, 0, 4), (1, 1, 4), (1, 2, 4), (2, 0, 4), (3, 0, 4))((2, 1, 5), (2, 1, 6), (2, 1, 7), (2, 2, 7), (2, 3, 7))((0, 0, 7), (0, 1, 7), (0, 2, 7), (1, 0, 7), (2, 0, 7))((3, 1, 5), (3, 1, 6), (3, 1, 7), (3, 2, 7), (3, 3, 7))((1, 0, 5), (1, 1, 5), (1, 2, 5), (2, 0, 5), (3, 0, 5))((1, 2, 7), (1, 3, 7), (1, 4, 7), (2, 4, 7), (3, 4, 7))((1, 1, 3), (1, 2, 3), (1, 3, 3), (1, 3, 4), (1, 3, 5))((0, 0, 3), (1, 0, 3), (2, 0, 3), (2, 1, 3), (2, 2, 3))((1, 2, 6), (2, 2, 6), (3, 2, 6), (3, 3, 6), (3, 4, 6))((3, 2, 5), (3, 3, 5), (3, 4, 3), (3, 4, 4), (3, 4, 5))((0, 2, 4), (0, 3, 4), (0, 4, 4), (1, 4, 4), (2, 4, 4))((0, 0, 4), (0, 0, 5), (0, 0, 6), (0, 1, 6), (0, 2, 6))((0, 4, 5), (1, 4, 5), (2, 2, 5), (2, 3, 5), (2, 4, 5))((0, 1, 3), (0, 1, 4), (0, 1, 5), (0, 2, 5), (0, 3, 5))((0, 2, 3), (0, 3, 3), (0, 4, 3), (1, 4, 3), (2, 4, 3))
222
((0, 0, 0), (0, 0, 1), (0, 0, 2), (1, 0, 2), (2, 0, 2))((1, 0, 1), (2, 0, 1), (3, 0, 1), (3, 0, 2), (3, 0, 3))((1, 0, 0), (1, 1, 0), (1, 2, 0), (2, 2, 0), (3, 2, 0))((2, 0, 0), (3, 0, 0), (4, 0, 0), (4, 0, 1), (4, 0, 2))((2, 1, 0), (3, 1, 0), (4, 1, 0), (4, 2, 0), (4, 3, 0))((4, 2, 2), (4, 3, 2), (4, 4, 0), (4, 4, 1), (4, 4, 2))((1, 4, 2), (2, 4, 2), (3, 4, 0), (3, 4, 1), (3, 4, 2))((0, 2, 0), (0, 3, 0), (0, 4, 0), (1, 4, 0), (2, 4, 0))((0, 1, 0), (0, 1, 1), (0, 1, 2), (1, 1, 2), (2, 1, 2))((1, 3, 0), (1, 3, 1), (1, 3, 2), (2, 3, 0), (3, 3, 0))((1, 1, 1), (2, 1, 1), (3, 1, 1), (3, 1, 2), (3, 1, 3))((3, 1, 4), (3, 2, 4), (3, 3, 2), (3, 3, 3), (3, 3, 4))((2, 3, 1), (3, 3, 1), (4, 1, 1), (4, 2, 1), (4, 3, 1))((4, 1, 2), (4, 1, 3), (4, 1, 4), (4, 2, 4), (4, 3, 4))((4, 0, 3), (4, 0, 4), (4, 0, 5), (4, 1, 5), (4, 2, 5))((2, 1, 4), (2, 2, 4), (2, 3, 2), (2, 3, 3), (2, 3, 4))((0, 2, 1), (0, 3, 1), (0, 4, 1), (1, 4, 1), (2, 4, 1))((4, 2, 3), (4, 3, 3), (4, 4, 3), (4, 4, 4), (4, 4, 5))((1, 2, 1), (2, 2, 1), (3, 2, 1), (3, 2, 2), (3, 2, 3))((0, 2, 2), (0, 3, 2), (0, 4, 2), (1, 2, 2), (2, 2, 2))((4, 1, 7), (4, 2, 7), (4, 3, 5), (4, 3, 6), (4, 3, 7))((4, 0, 6), (4, 0, 7), (4, 0, 8), (4, 1, 6), (4, 2, 6))((2, 1, 8), (3, 1, 8), (4, 1, 8), (4, 2, 8), (4, 3, 8))((2, 4, 6), (3, 4, 6), (4, 4, 6), (4, 4, 7), (4, 4, 8))((1, 2, 7), (1, 3, 7), (1, 4, 7), (2, 4, 7), (3, 4, 7))((1, 2, 8), (2, 2, 8), (3, 2, 8), (3, 3, 8), (3, 4, 8))((1, 1, 6), (1, 1, 7), (1, 1, 8), (2, 1, 6), (3, 1, 6))((0, 4, 6), (0, 4, 7), (0, 4, 8), (1, 4, 8), (2, 4, 8))((0, 3, 6), (0, 3, 7), (0, 3, 8), (1, 3, 8), (2, 3, 8))((2, 1, 7), (2, 2, 7), (2, 3, 5), (2, 3, 6), (2, 3, 7))((3, 1, 7), (3, 2, 7), (3, 3, 5), (3, 3, 6), (3, 3, 7))((1, 2, 6), (1, 3, 6), (1, 4, 6), (2, 2, 6), (3, 2, 6))((1, 1, 3), (1, 2, 3), (1, 3, 3), (1, 3, 4), (1, 3, 5))((1, 0, 4), (1, 1, 4), (1, 2, 4), (2, 0, 4), (3, 0, 4))((0, 0, 3), (1, 0, 3), (2, 0, 3), (2, 1, 3), (2, 2, 3))((1, 4, 5), (2, 4, 5), (3, 4, 3), (3, 4, 4), (3, 4, 5))((0, 2, 4), (0, 3, 4), (0, 4, 4), (1, 4, 4), (2, 4, 4))((0, 2, 3), (0, 3, 3), (0, 4, 3), (1, 4, 3), (2, 4, 3))((0, 1, 3), (0, 1, 4), (0, 1, 5), (1, 1, 5), (2, 1, 5))((0, 2, 5), (0, 3, 5), (0, 4, 5), (1, 2, 5), (2, 2, 5))((1, 0, 5), (2, 0, 5), (3, 0, 5), (3, 1, 5), (3, 2, 5))((0, 0, 7), (0, 1, 7), (0, 2, 7), (1, 0, 7), (2, 0, 7))((0, 0, 8), (0, 1, 8), (0, 2, 8), (1, 0, 8), (2, 0, 8))((1, 0, 6), (2, 0, 6), (3, 0, 6), (3, 0, 7), (3, 0, 8))((0, 0, 4), (0, 0, 5), (0, 0, 6), (0, 1, 6), (0, 2, 6))
223
((0, 0, 0), (0, 0, 1), (0, 0, 2), (1, 0, 2), (2, 0, 2))((1, 0, 1), (2, 0, 1), (3, 0, 1), (3, 0, 2), (3, 0, 3))((1, 0, 0), (1, 1, 0), (1, 2, 0), (2, 2, 0), (3, 2, 0))((2, 0, 0), (3, 0, 0), (4, 0, 0), (4, 0, 1), (4, 0, 2))((2, 1, 0), (3, 1, 0), (4, 1, 0), (4, 2, 0), (4, 3, 0))((4, 2, 2), (4, 3, 2), (4, 4, 0), (4, 4, 1), (4, 4, 2))((1, 4, 2), (2, 4, 2), (3, 4, 0), (3, 4, 1), (3, 4, 2))((0, 2, 0), (0, 3, 0), (0, 4, 0), (1, 4, 0), (2, 4, 0))((0, 1, 0), (0, 1, 1), (0, 1, 2), (1, 1, 2), (2, 1, 2))((1, 3, 0), (1, 3, 1), (1, 3, 2), (2, 3, 0), (3, 3, 0))((1, 1, 1), (2, 1, 1), (3, 1, 1), (3, 2, 1), (3, 3, 1))((4, 1, 1), (4, 1, 2), (4, 1, 3), (4, 2, 1), (4, 3, 1))((4, 0, 3), (4, 0, 4), (4, 0, 5), (4, 1, 5), (4, 2, 5))((0, 2, 1), (0, 3, 1), (0, 4, 1), (1, 4, 1), (2, 4, 1))((1, 0, 3), (1, 1, 3), (1, 2, 1), (1, 2, 2), (1, 2, 3))((0, 3, 3), (1, 3, 3), (2, 3, 1), (2, 3, 2), (2, 3, 3))((2, 0, 3), (2, 1, 3), (2, 2, 1), (2, 2, 2), (2, 2, 3))((4, 2, 3), (4, 3, 3), (4, 4, 3), (4, 4, 4), (4, 4, 5))((0, 2, 2), (0, 2, 3), (0, 2, 4), (0, 3, 2), (0, 4, 2))((0, 1, 3), (0, 1, 4), (0, 1, 5), (1, 1, 5), (2, 1, 5))((0, 0, 3), (0, 0, 4), (0, 0, 5), (1, 0, 5), (2, 0, 5))((3, 1, 2), (3, 1, 3), (3, 1, 4), (3, 2, 2), (3, 3, 2))((4, 1, 4), (4, 2, 4), (4, 3, 4), (4, 3, 5), (4, 3, 6))((1, 0, 4), (1, 1, 4), (1, 2, 4), (2, 0, 4), (3, 0, 4))((0, 3, 4), (1, 3, 4), (2, 1, 4), (2, 2, 4), (2, 3, 4))((0, 2, 5), (0, 3, 5), (0, 4, 3), (0, 4, 4), (0, 4, 5))((1, 4, 3), (2, 4, 3), (3, 2, 3), (3, 3, 3), (3, 4, 3))((1, 4, 4), (2, 4, 4), (3, 2, 4), (3, 3, 4), (3, 4, 4))((4, 2, 8), (4, 3, 8), (4, 4, 6), (4, 4, 7), (4, 4, 8))((2, 3, 7), (3, 3, 7), (4, 1, 7), (4, 2, 7), (4, 3, 7))((2, 1, 8), (2, 2, 8), (2, 3, 8), (3, 1, 8), (4, 1, 8))((3, 2, 6), (3, 2, 7), (3, 2, 8), (3, 3, 8), (3, 4, 8))((1, 3, 6), (1, 3, 7), (1, 3, 8), (2, 3, 6), (3, 3, 6))((4, 0, 6), (4, 0, 7), (4, 0, 8), (4, 1, 6), (4, 2, 6))((1, 1, 7), (2, 1, 7), (3, 1, 5), (3, 1, 6), (3, 1, 7))((1, 0, 7), (2, 0, 7), (3, 0, 5), (3, 0, 6), (3, 0, 7))((1, 0, 8), (1, 1, 8), (1, 2, 8), (2, 0, 8), (3, 0, 8))((0, 1, 6), (0, 1, 7), (0, 1, 8), (1, 1, 6), (2, 1, 6))((0, 0, 6), (0, 0, 7), (0, 0, 8), (1, 0, 6), (2, 0, 6))((0, 2, 7), (0, 3, 7), (0, 4, 7), (1, 4, 7), (2, 4, 7))((0, 2, 8), (0, 3, 8), (0, 4, 8), (1, 4, 8), (2, 4, 8))((2, 2, 5), (2, 2, 6), (2, 2, 7), (2, 3, 5), (2, 4, 5))((0, 2, 6), (0, 3, 6), (0, 4, 6), (1, 4, 6), (2, 4, 6))((3, 2, 5), (3, 3, 5), (3, 4, 5), (3, 4, 6), (3, 4, 7))((1, 2, 5), (1, 2, 6), (1, 2, 7), (1, 3, 5), (1, 4, 5))
224
((0, 0, 0), (0, 0, 1), (0, 0, 2), (1, 0, 2), (2, 0, 2))((1, 0, 1), (2, 0, 1), (3, 0, 1), (3, 0, 2), (3, 0, 3))((1, 0, 0), (1, 1, 0), (1, 2, 0), (2, 2, 0), (3, 2, 0))((2, 0, 0), (3, 0, 0), (4, 0, 0), (4, 0, 1), (4, 0, 2))((2, 1, 0), (3, 1, 0), (4, 1, 0), (4, 2, 0), (4, 3, 0))((4, 2, 2), (4, 3, 2), (4, 4, 0), (4, 4, 1), (4, 4, 2))((1, 4, 2), (2, 4, 2), (3, 4, 0), (3, 4, 1), (3, 4, 2))((0, 2, 0), (0, 3, 0), (0, 4, 0), (1, 4, 0), (2, 4, 0))((0, 1, 0), (0, 1, 1), (0, 1, 2), (1, 1, 2), (2, 1, 2))((1, 3, 0), (1, 3, 1), (1, 3, 2), (2, 3, 0), (3, 3, 0))((1, 1, 1), (2, 1, 1), (3, 1, 1), (3, 2, 1), (3, 3, 1))((4, 1, 1), (4, 1, 2), (4, 1, 3), (4, 2, 1), (4, 3, 1))((4, 0, 3), (4, 0, 4), (4, 0, 5), (4, 1, 5), (4, 2, 5))((0, 2, 1), (0, 3, 1), (0, 4, 1), (1, 4, 1), (2, 4, 1))((1, 0, 3), (1, 1, 3), (1, 2, 1), (1, 2, 2), (1, 2, 3))((0, 3, 3), (1, 3, 3), (2, 3, 1), (2, 3, 2), (2, 3, 3))((2, 0, 3), (2, 1, 3), (2, 2, 1), (2, 2, 2), (2, 2, 3))((4, 2, 3), (4, 3, 3), (4, 4, 3), (4, 4, 4), (4, 4, 5))((0, 2, 2), (0, 2, 3), (0, 2, 4), (0, 3, 2), (0, 4, 2))((0, 1, 3), (0, 1, 4), (0, 1, 5), (1, 1, 5), (2, 1, 5))((0, 0, 3), (0, 0, 4), (0, 0, 5), (1, 0, 5), (2, 0, 5))((3, 1, 2), (3, 1, 3), (3, 1, 4), (3, 2, 2), (3, 3, 2))((4, 1, 4), (4, 2, 4), (4, 3, 4), (4, 3, 5), (4, 3, 6))((1, 0, 4), (1, 1, 4), (1, 2, 4), (2, 0, 4), (3, 0, 4))((0, 3, 4), (1, 3, 4), (2, 1, 4), (2, 2, 4), (2, 3, 4))((0, 2, 5), (0, 3, 5), (0, 4, 3), (0, 4, 4), (0, 4, 5))((1, 4, 3), (2, 4, 3), (3, 2, 3), (3, 3, 3), (3, 4, 3))((1, 4, 4), (2, 4, 4), (3, 2, 4), (3, 3, 4), (3, 4, 4))((4, 2, 8), (4, 3, 8), (4, 4, 6), (4, 4, 7), (4, 4, 8))((2, 3, 7), (3, 3, 7), (4, 1, 7), (4, 2, 7), (4, 3, 7))((2, 1, 8), (2, 2, 8), (2, 3, 8), (3, 1, 8), (4, 1, 8))((3, 2, 6), (3, 2, 7), (3, 2, 8), (3, 3, 8), (3, 4, 8))((1, 3, 6), (1, 3, 7), (1, 3, 8), (2, 3, 6), (3, 3, 6))((4, 0, 6), (4, 0, 7), (4, 0, 8), (4, 1, 6), (4, 2, 6))((1, 1, 7), (2, 1, 7), (3, 1, 5), (3, 1, 6), (3, 1, 7))((1, 0, 7), (2, 0, 7), (3, 0, 5), (3, 0, 6), (3, 0, 7))((1, 0, 8), (1, 1, 8), (1, 2, 8), (2, 0, 8), (3, 0, 8))((0, 1, 6), (0, 1, 7), (0, 1, 8), (1, 1, 6), (2, 1, 6))((0, 0, 6), (0, 0, 7), (0, 0, 8), (1, 0, 6), (2, 0, 6))((0, 2, 7), (0, 3, 7), (0, 4, 7), (1, 2, 7), (2, 2, 7))((0, 2, 8), (0, 3, 8), (0, 4, 8), (1, 4, 8), (2, 4, 8))((2, 2, 5), (2, 3, 5), (2, 4, 5), (2, 4, 6), (2, 4, 7))((0, 2, 6), (0, 3, 6), (0, 4, 6), (1, 2, 6), (2, 2, 6))((3, 2, 5), (3, 3, 5), (3, 4, 5), (3, 4, 6), (3, 4, 7))((1, 2, 5), (1, 3, 5), (1, 4, 5), (1, 4, 6), (1, 4, 7))
225
((0, 0, 0), (0, 0, 1), (0, 0, 2), (1, 0, 2), (2, 0, 2))((1, 0, 1), (2, 0, 1), (3, 0, 1), (3, 0, 2), (3, 0, 3))((1, 0, 0), (1, 1, 0), (1, 2, 0), (2, 2, 0), (3, 2, 0))((2, 0, 0), (3, 0, 0), (4, 0, 0), (4, 0, 1), (4, 0, 2))((2, 1, 0), (3, 1, 0), (4, 1, 0), (4, 2, 0), (4, 3, 0))((4, 2, 2), (4, 3, 2), (4, 4, 0), (4, 4, 1), (4, 4, 2))((1, 4, 2), (2, 4, 2), (3, 4, 0), (3, 4, 1), (3, 4, 2))((0, 2, 0), (0, 3, 0), (0, 4, 0), (1, 4, 0), (2, 4, 0))((0, 1, 0), (0, 1, 1), (0, 1, 2), (1, 1, 2), (2, 1, 2))((1, 3, 0), (1, 3, 1), (1, 3, 2), (2, 3, 0), (3, 3, 0))((1, 1, 1), (2, 1, 1), (3, 1, 1), (3, 2, 1), (3, 3, 1))((4, 1, 1), (4, 1, 2), (4, 1, 3), (4, 2, 1), (4, 3, 1))((4, 0, 3), (4, 0, 4), (4, 0, 5), (4, 1, 5), (4, 2, 5))((0, 2, 1), (0, 3, 1), (0, 4, 1), (1, 4, 1), (2, 4, 1))((1, 0, 3), (1, 1, 3), (1, 2, 1), (1, 2, 2), (1, 2, 3))((0, 3, 3), (1, 3, 3), (2, 3, 1), (2, 3, 2), (2, 3, 3))((2, 0, 3), (2, 1, 3), (2, 2, 1), (2, 2, 2), (2, 2, 3))((4, 2, 3), (4, 3, 3), (4, 4, 3), (4, 4, 4), (4, 4, 5))((0, 2, 2), (0, 2, 3), (0, 2, 4), (0, 3, 2), (0, 4, 2))((0, 1, 3), (0, 1, 4), (0, 1, 5), (1, 1, 5), (2, 1, 5))((0, 0, 3), (0, 0, 4), (0, 0, 5), (1, 0, 5), (2, 0, 5))((3, 1, 2), (3, 1, 3), (3, 1, 4), (3, 2, 2), (3, 3, 2))((4, 1, 4), (4, 2, 4), (4, 3, 4), (4, 3, 5), (4, 3, 6))((1, 0, 4), (1, 1, 4), (1, 2, 4), (2, 0, 4), (3, 0, 4))((0, 3, 4), (1, 3, 4), (2, 1, 4), (2, 2, 4), (2, 3, 4))((0, 2, 5), (0, 3, 5), (0, 4, 3), (0, 4, 4), (0, 4, 5))((1, 4, 3), (2, 4, 3), (3, 2, 3), (3, 3, 3), (3, 4, 3))((1, 4, 4), (2, 4, 4), (3, 2, 4), (3, 3, 4), (3, 4, 4))((4, 2, 8), (4, 3, 8), (4, 4, 6), (4, 4, 7), (4, 4, 8))((2, 3, 7), (3, 3, 7), (4, 1, 7), (4, 2, 7), (4, 3, 7))((2, 1, 8), (2, 2, 8), (2, 3, 8), (3, 1, 8), (4, 1, 8))((3, 2, 8), (3, 3, 8), (3, 4, 6), (3, 4, 7), (3, 4, 8))((1, 3, 6), (1, 3, 7), (1, 3, 8), (2, 3, 6), (3, 3, 6))((4, 0, 6), (4, 0, 7), (4, 0, 8), (4, 1, 6), (4, 2, 6))((2, 2, 5), (2, 2, 6), (2, 2, 7), (2, 3, 5), (2, 4, 5))((3, 2, 5), (3, 2, 6), (3, 2, 7), (3, 3, 5), (3, 4, 5))((1, 1, 7), (2, 1, 7), (3, 1, 5), (3, 1, 6), (3, 1, 7))((1, 0, 7), (2, 0, 7), (3, 0, 5), (3, 0, 6), (3, 0, 7))((1, 0, 8), (1, 1, 8), (1, 2, 8), (2, 0, 8), (3, 0, 8))((1, 2, 5), (1, 2, 6), (1, 2, 7), (1, 3, 5), (1, 4, 5))((0, 2, 7), (0, 3, 7), (0, 4, 7), (1, 4, 7), (2, 4, 7))((0, 2, 8), (0, 3, 8), (0, 4, 8), (1, 4, 8), (2, 4, 8))((0, 2, 6), (0, 3, 6), (0, 4, 6), (1, 4, 6), (2, 4, 6))((0, 1, 6), (0, 1, 7), (0, 1, 8), (1, 1, 6), (2, 1, 6))((0, 0, 6), (0, 0, 7), (0, 0, 8), (1, 0, 6), (2, 0, 6))
226
((0, 0, 0), (0, 0, 1), (0, 0, 2), (1, 0, 2), (2, 0, 2))((1, 0, 1), (2, 0, 1), (3, 0, 1), (3, 0, 2), (3, 0, 3))((1, 0, 0), (1, 1, 0), (1, 2, 0), (2, 2, 0), (3, 2, 0))((2, 0, 0), (3, 0, 0), (4, 0, 0), (4, 0, 1), (4, 0, 2))((2, 1, 0), (3, 1, 0), (4, 1, 0), (4, 2, 0), (4, 3, 0))((4, 2, 2), (4, 3, 2), (4, 4, 0), (4, 4, 1), (4, 4, 2))((1, 4, 2), (2, 4, 2), (3, 4, 0), (3, 4, 1), (3, 4, 2))((0, 2, 0), (0, 3, 0), (0, 4, 0), (1, 4, 0), (2, 4, 0))((0, 1, 0), (0, 1, 1), (0, 1, 2), (1, 1, 2), (2, 1, 2))((1, 3, 0), (1, 3, 1), (1, 3, 2), (2, 3, 0), (3, 3, 0))((1, 1, 1), (2, 1, 1), (3, 1, 1), (3, 2, 1), (3, 3, 1))((4, 1, 1), (4, 1, 2), (4, 1, 3), (4, 2, 1), (4, 3, 1))((4, 0, 3), (4, 0, 4), (4, 0, 5), (4, 1, 5), (4, 2, 5))((0, 2, 1), (0, 3, 1), (0, 4, 1), (1, 4, 1), (2, 4, 1))((1, 0, 3), (1, 1, 3), (1, 2, 1), (1, 2, 2), (1, 2, 3))((0, 3, 3), (1, 3, 3), (2, 3, 1), (2, 3, 2), (2, 3, 3))((2, 0, 3), (2, 1, 3), (2, 2, 1), (2, 2, 2), (2, 2, 3))((4, 2, 3), (4, 3, 3), (4, 4, 3), (4, 4, 4), (4, 4, 5))((0, 2, 2), (0, 2, 3), (0, 2, 4), (0, 3, 2), (0, 4, 2))((0, 1, 3), (0, 1, 4), (0, 1, 5), (1, 1, 5), (2, 1, 5))((0, 0, 3), (0, 0, 4), (0, 0, 5), (1, 0, 5), (2, 0, 5))((3, 1, 2), (3, 1, 3), (3, 1, 4), (3, 2, 2), (3, 3, 2))((4, 1, 4), (4, 2, 4), (4, 3, 4), (4, 3, 5), (4, 3, 6))((1, 0, 4), (1, 1, 4), (1, 2, 4), (2, 0, 4), (3, 0, 4))((0, 3, 4), (1, 3, 4), (2, 1, 4), (2, 2, 4), (2, 3, 4))((0, 2, 5), (0, 3, 5), (0, 4, 3), (0, 4, 4), (0, 4, 5))((1, 4, 3), (2, 4, 3), (3, 2, 3), (3, 3, 3), (3, 4, 3))((1, 4, 4), (2, 4, 4), (3, 2, 4), (3, 3, 4), (3, 4, 4))((4, 2, 8), (4, 3, 8), (4, 4, 6), (4, 4, 7), (4, 4, 8))((2, 3, 7), (3, 3, 7), (4, 1, 7), (4, 2, 7), (4, 3, 7))((2, 1, 8), (2, 2, 8), (2, 3, 8), (3, 1, 8), (4, 1, 8))((3, 2, 8), (3, 3, 8), (3, 4, 6), (3, 4, 7), (3, 4, 8))((1, 3, 6), (1, 3, 7), (1, 3, 8), (2, 3, 6), (3, 3, 6))((4, 0, 6), (4, 0, 7), (4, 0, 8), (4, 1, 6), (4, 2, 6))((2, 2, 5), (2, 3, 5), (2, 4, 5), (2, 4, 6), (2, 4, 7))((3, 2, 5), (3, 2, 6), (3, 2, 7), (3, 3, 5), (3, 4, 5))((1, 1, 7), (2, 1, 7), (3, 1, 5), (3, 1, 6), (3, 1, 7))((1, 2, 5), (1, 3, 5), (1, 4, 5), (1, 4, 6), (1, 4, 7))((1, 0, 7), (2, 0, 7), (3, 0, 5), (3, 0, 6), (3, 0, 7))((1, 0, 8), (1, 1, 8), (1, 2, 8), (2, 0, 8), (3, 0, 8))((0, 1, 6), (0, 1, 7), (0, 1, 8), (1, 1, 6), (2, 1, 6))((0, 2, 7), (0, 3, 7), (0, 4, 7), (1, 2, 7), (2, 2, 7))((0, 2, 6), (0, 3, 6), (0, 4, 6), (1, 2, 6), (2, 2, 6))((0, 2, 8), (0, 3, 8), (0, 4, 8), (1, 4, 8), (2, 4, 8))((0, 0, 6), (0, 0, 7), (0, 0, 8), (1, 0, 6), (2, 0, 6))
227
((0, 0, 0), (0, 0, 1), (0, 0, 2), (1, 0, 2), (2, 0, 2))((1, 0, 1), (2, 0, 1), (3, 0, 1), (3, 0, 2), (3, 0, 3))((1, 0, 0), (1, 1, 0), (1, 2, 0), (2, 2, 0), (3, 2, 0))((2, 0, 0), (3, 0, 0), (4, 0, 0), (4, 0, 1), (4, 0, 2))((2, 1, 0), (3, 1, 0), (4, 1, 0), (4, 2, 0), (4, 3, 0))((4, 2, 2), (4, 3, 2), (4, 4, 0), (4, 4, 1), (4, 4, 2))((1, 4, 2), (2, 4, 2), (3, 4, 0), (3, 4, 1), (3, 4, 2))((0, 2, 0), (0, 3, 0), (0, 4, 0), (1, 4, 0), (2, 4, 0))((0, 1, 0), (0, 1, 1), (0, 1, 2), (1, 1, 2), (2, 1, 2))((1, 3, 0), (1, 3, 1), (1, 3, 2), (2, 3, 0), (3, 3, 0))((1, 1, 1), (2, 1, 1), (3, 1, 1), (3, 2, 1), (3, 3, 1))((4, 1, 1), (4, 1, 2), (4, 1, 3), (4, 2, 1), (4, 3, 1))((4, 0, 3), (4, 0, 4), (4, 0, 5), (4, 1, 5), (4, 2, 5))((0, 2, 1), (0, 3, 1), (0, 4, 1), (1, 4, 1), (2, 4, 1))((1, 0, 3), (1, 1, 3), (1, 2, 1), (1, 2, 2), (1, 2, 3))((0, 3, 3), (1, 3, 3), (2, 3, 1), (2, 3, 2), (2, 3, 3))((2, 0, 3), (2, 1, 3), (2, 2, 1), (2, 2, 2), (2, 2, 3))((4, 2, 3), (4, 3, 3), (4, 4, 3), (4, 4, 4), (4, 4, 5))((0, 2, 2), (0, 3, 2), (0, 4, 2), (0, 4, 3), (0, 4, 4))((3, 1, 2), (3, 1, 3), (3, 1, 4), (3, 2, 2), (3, 3, 2))((4, 1, 4), (4, 2, 4), (4, 3, 4), (4, 3, 5), (4, 3, 6))((0, 1, 3), (0, 1, 4), (0, 1, 5), (1, 1, 5), (2, 1, 5))((0, 0, 3), (0, 0, 4), (0, 0, 5), (1, 0, 5), (2, 0, 5))((0, 2, 3), (0, 2, 4), (0, 2, 5), (0, 3, 5), (0, 4, 5))((0, 3, 4), (1, 3, 4), (2, 1, 4), (2, 2, 4), (2, 3, 4))((1, 0, 4), (1, 1, 4), (1, 2, 4), (2, 0, 4), (3, 0, 4))((1, 4, 3), (2, 4, 3), (3, 2, 3), (3, 3, 3), (3, 4, 3))((1, 4, 4), (2, 4, 4), (3, 2, 4), (3, 3, 4), (3, 4, 4))((4, 2, 8), (4, 3, 8), (4, 4, 6), (4, 4, 7), (4, 4, 8))((2, 3, 7), (3, 3, 7), (4, 1, 7), (4, 2, 7), (4, 3, 7))((2, 1, 8), (2, 2, 8), (2, 3, 8), (3, 1, 8), (4, 1, 8))((3, 2, 6), (3, 2, 7), (3, 2, 8), (3, 3, 8), (3, 4, 8))((1, 3, 6), (1, 3, 7), (1, 3, 8), (2, 3, 6), (3, 3, 6))((4, 0, 6), (4, 0, 7), (4, 0, 8), (4, 1, 6), (4, 2, 6))((1, 1, 7), (2, 1, 7), (3, 1, 5), (3, 1, 6), (3, 1, 7))((1, 0, 7), (2, 0, 7), (3, 0, 5), (3, 0, 6), (3, 0, 7))((1, 0, 8), (1, 1, 8), (1, 2, 8), (2, 0, 8), (3, 0, 8))((0, 1, 6), (0, 1, 7), (0, 1, 8), (1, 1, 6), (2, 1, 6))((0, 0, 6), (0, 0, 7), (0, 0, 8), (1, 0, 6), (2, 0, 6))((0, 2, 7), (0, 3, 7), (0, 4, 7), (1, 4, 7), (2, 4, 7))((0, 2, 8), (0, 3, 8), (0, 4, 8), (1, 4, 8), (2, 4, 8))((2, 2, 5), (2, 2, 6), (2, 2, 7), (2, 3, 5), (2, 4, 5))((0, 2, 6), (0, 3, 6), (0, 4, 6), (1, 4, 6), (2, 4, 6))((3, 2, 5), (3, 3, 5), (3, 4, 5), (3, 4, 6), (3, 4, 7))((1, 2, 5), (1, 2, 6), (1, 2, 7), (1, 3, 5), (1, 4, 5))
228
((0, 0, 0), (0, 0, 1), (0, 0, 2), (1, 0, 2), (2, 0, 2))((1, 0, 1), (2, 0, 1), (3, 0, 1), (3, 0, 2), (3, 0, 3))((1, 0, 0), (1, 1, 0), (1, 2, 0), (2, 2, 0), (3, 2, 0))((2, 0, 0), (3, 0, 0), (4, 0, 0), (4, 0, 1), (4, 0, 2))((2, 1, 0), (3, 1, 0), (4, 1, 0), (4, 2, 0), (4, 3, 0))((4, 2, 2), (4, 3, 2), (4, 4, 0), (4, 4, 1), (4, 4, 2))((1, 4, 2), (2, 4, 2), (3, 4, 0), (3, 4, 1), (3, 4, 2))((0, 2, 0), (0, 3, 0), (0, 4, 0), (1, 4, 0), (2, 4, 0))((0, 1, 0), (0, 1, 1), (0, 1, 2), (1, 1, 2), (2, 1, 2))((1, 3, 0), (1, 3, 1), (1, 3, 2), (2, 3, 0), (3, 3, 0))((1, 1, 1), (2, 1, 1), (3, 1, 1), (3, 2, 1), (3, 3, 1))((4, 1, 1), (4, 1, 2), (4, 1, 3), (4, 2, 1), (4, 3, 1))((4, 0, 3), (4, 0, 4), (4, 0, 5), (4, 1, 5), (4, 2, 5))((0, 2, 1), (0, 3, 1), (0, 4, 1), (1, 4, 1), (2, 4, 1))((1, 0, 3), (1, 1, 3), (1, 2, 1), (1, 2, 2), (1, 2, 3))((0, 3, 3), (1, 3, 3), (2, 3, 1), (2, 3, 2), (2, 3, 3))((2, 0, 3), (2, 1, 3), (2, 2, 1), (2, 2, 2), (2, 2, 3))((4, 2, 3), (4, 3, 3), (4, 4, 3), (4, 4, 4), (4, 4, 5))((0, 2, 2), (0, 3, 2), (0, 4, 2), (0, 4, 3), (0, 4, 4))((3, 1, 2), (3, 1, 3), (3, 1, 4), (3, 2, 2), (3, 3, 2))((4, 1, 4), (4, 2, 4), (4, 3, 4), (4, 3, 5), (4, 3, 6))((0, 1, 3), (0, 1, 4), (0, 1, 5), (1, 1, 5), (2, 1, 5))((0, 0, 3), (0, 0, 4), (0, 0, 5), (1, 0, 5), (2, 0, 5))((0, 2, 3), (0, 2, 4), (0, 2, 5), (0, 3, 5), (0, 4, 5))((0, 3, 4), (1, 3, 4), (2, 1, 4), (2, 2, 4), (2, 3, 4))((1, 0, 4), (1, 1, 4), (1, 2, 4), (2, 0, 4), (3, 0, 4))((1, 4, 3), (2, 4, 3), (3, 2, 3), (3, 3, 3), (3, 4, 3))((1, 4, 4), (2, 4, 4), (3, 2, 4), (3, 3, 4), (3, 4, 4))((4, 2, 8), (4, 3, 8), (4, 4, 6), (4, 4, 7), (4, 4, 8))((2, 3, 7), (3, 3, 7), (4, 1, 7), (4, 2, 7), (4, 3, 7))((2, 1, 8), (2, 2, 8), (2, 3, 8), (3, 1, 8), (4, 1, 8))((3, 2, 6), (3, 2, 7), (3, 2, 8), (3, 3, 8), (3, 4, 8))((1, 3, 6), (1, 3, 7), (1, 3, 8), (2, 3, 6), (3, 3, 6))((4, 0, 6), (4, 0, 7), (4, 0, 8), (4, 1, 6), (4, 2, 6))((1, 1, 7), (2, 1, 7), (3, 1, 5), (3, 1, 6), (3, 1, 7))((1, 0, 7), (2, 0, 7), (3, 0, 5), (3, 0, 6), (3, 0, 7))((1, 0, 8), (1, 1, 8), (1, 2, 8), (2, 0, 8), (3, 0, 8))((0, 1, 6), (0, 1, 7), (0, 1, 8), (1, 1, 6), (2, 1, 6))((0, 0, 6), (0, 0, 7), (0, 0, 8), (1, 0, 6), (2, 0, 6))((0, 2, 7), (0, 3, 7), (0, 4, 7), (1, 2, 7), (2, 2, 7))((0, 2, 8), (0, 3, 8), (0, 4, 8), (1, 4, 8), (2, 4, 8))((2, 2, 5), (2, 3, 5), (2, 4, 5), (2, 4, 6), (2, 4, 7))((0, 2, 6), (0, 3, 6), (0, 4, 6), (1, 2, 6), (2, 2, 6))((3, 2, 5), (3, 3, 5), (3, 4, 5), (3, 4, 6), (3, 4, 7))((1, 2, 5), (1, 3, 5), (1, 4, 5), (1, 4, 6), (1, 4, 7))
229
((0, 0, 0), (0, 0, 1), (0, 0, 2), (1, 0, 2), (2, 0, 2))((1, 0, 1), (2, 0, 1), (3, 0, 1), (3, 0, 2), (3, 0, 3))((1, 0, 0), (1, 1, 0), (1, 2, 0), (2, 2, 0), (3, 2, 0))((2, 0, 0), (3, 0, 0), (4, 0, 0), (4, 0, 1), (4, 0, 2))((2, 1, 0), (3, 1, 0), (4, 1, 0), (4, 2, 0), (4, 3, 0))((4, 2, 2), (4, 3, 2), (4, 4, 0), (4, 4, 1), (4, 4, 2))((1, 4, 2), (2, 4, 2), (3, 4, 0), (3, 4, 1), (3, 4, 2))((0, 2, 0), (0, 3, 0), (0, 4, 0), (1, 4, 0), (2, 4, 0))((0, 1, 0), (0, 1, 1), (0, 1, 2), (1, 1, 2), (2, 1, 2))((1, 3, 0), (1, 3, 1), (1, 3, 2), (2, 3, 0), (3, 3, 0))((1, 1, 1), (2, 1, 1), (3, 1, 1), (3, 2, 1), (3, 3, 1))((4, 1, 1), (4, 1, 2), (4, 1, 3), (4, 2, 1), (4, 3, 1))((4, 0, 3), (4, 0, 4), (4, 0, 5), (4, 1, 5), (4, 2, 5))((0, 2, 1), (0, 3, 1), (0, 4, 1), (1, 4, 1), (2, 4, 1))((1, 0, 3), (1, 1, 3), (1, 2, 1), (1, 2, 2), (1, 2, 3))((0, 3, 3), (1, 3, 3), (2, 3, 1), (2, 3, 2), (2, 3, 3))((2, 0, 3), (2, 1, 3), (2, 2, 1), (2, 2, 2), (2, 2, 3))((4, 2, 3), (4, 3, 3), (4, 4, 3), (4, 4, 4), (4, 4, 5))((0, 2, 2), (0, 3, 2), (0, 4, 2), (0, 4, 3), (0, 4, 4))((3, 1, 2), (3, 1, 3), (3, 1, 4), (3, 2, 2), (3, 3, 2))((4, 1, 4), (4, 2, 4), (4, 3, 4), (4, 3, 5), (4, 3, 6))((0, 1, 3), (0, 1, 4), (0, 1, 5), (1, 1, 5), (2, 1, 5))((0, 0, 3), (0, 0, 4), (0, 0, 5), (1, 0, 5), (2, 0, 5))((0, 2, 3), (0, 2, 4), (0, 2, 5), (0, 3, 5), (0, 4, 5))((0, 3, 4), (1, 3, 4), (2, 1, 4), (2, 2, 4), (2, 3, 4))((1, 0, 4), (1, 1, 4), (1, 2, 4), (2, 0, 4), (3, 0, 4))((1, 4, 3), (2, 4, 3), (3, 2, 3), (3, 3, 3), (3, 4, 3))((1, 4, 4), (2, 4, 4), (3, 2, 4), (3, 3, 4), (3, 4, 4))((4, 2, 8), (4, 3, 8), (4, 4, 6), (4, 4, 7), (4, 4, 8))((2, 3, 7), (3, 3, 7), (4, 1, 7), (4, 2, 7), (4, 3, 7))((2, 1, 8), (2, 2, 8), (2, 3, 8), (3, 1, 8), (4, 1, 8))((3, 2, 8), (3, 3, 8), (3, 4, 6), (3, 4, 7), (3, 4, 8))((1, 3, 6), (1, 3, 7), (1, 3, 8), (2, 3, 6), (3, 3, 6))((4, 0, 6), (4, 0, 7), (4, 0, 8), (4, 1, 6), (4, 2, 6))((2, 2, 5), (2, 2, 6), (2, 2, 7), (2, 3, 5), (2, 4, 5))((3, 2, 5), (3, 2, 6), (3, 2, 7), (3, 3, 5), (3, 4, 5))((1, 1, 7), (2, 1, 7), (3, 1, 5), (3, 1, 6), (3, 1, 7))((1, 0, 7), (2, 0, 7), (3, 0, 5), (3, 0, 6), (3, 0, 7))((1, 0, 8), (1, 1, 8), (1, 2, 8), (2, 0, 8), (3, 0, 8))((1, 2, 5), (1, 2, 6), (1, 2, 7), (1, 3, 5), (1, 4, 5))((0, 2, 7), (0, 3, 7), (0, 4, 7), (1, 4, 7), (2, 4, 7))((0, 2, 8), (0, 3, 8), (0, 4, 8), (1, 4, 8), (2, 4, 8))((0, 2, 6), (0, 3, 6), (0, 4, 6), (1, 4, 6), (2, 4, 6))((0, 1, 6), (0, 1, 7), (0, 1, 8), (1, 1, 6), (2, 1, 6))((0, 0, 6), (0, 0, 7), (0, 0, 8), (1, 0, 6), (2, 0, 6))
230
((0, 0, 0), (0, 0, 1), (0, 0, 2), (1, 0, 2), (2, 0, 2))((1, 0, 1), (2, 0, 1), (3, 0, 1), (3, 0, 2), (3, 0, 3))((1, 0, 0), (1, 1, 0), (1, 2, 0), (2, 2, 0), (3, 2, 0))((2, 0, 0), (3, 0, 0), (4, 0, 0), (4, 0, 1), (4, 0, 2))((2, 1, 0), (3, 1, 0), (4, 1, 0), (4, 2, 0), (4, 3, 0))((4, 2, 2), (4, 3, 2), (4, 4, 0), (4, 4, 1), (4, 4, 2))((1, 4, 2), (2, 4, 2), (3, 4, 0), (3, 4, 1), (3, 4, 2))((0, 2, 0), (0, 3, 0), (0, 4, 0), (1, 4, 0), (2, 4, 0))((0, 1, 0), (0, 1, 1), (0, 1, 2), (1, 1, 2), (2, 1, 2))((1, 3, 0), (1, 3, 1), (1, 3, 2), (2, 3, 0), (3, 3, 0))((1, 1, 1), (2, 1, 1), (3, 1, 1), (3, 2, 1), (3, 3, 1))((4, 1, 1), (4, 1, 2), (4, 1, 3), (4, 2, 1), (4, 3, 1))((4, 0, 3), (4, 0, 4), (4, 0, 5), (4, 1, 5), (4, 2, 5))((0, 2, 1), (0, 3, 1), (0, 4, 1), (1, 4, 1), (2, 4, 1))((1, 0, 3), (1, 1, 3), (1, 2, 1), (1, 2, 2), (1, 2, 3))((0, 3, 3), (1, 3, 3), (2, 3, 1), (2, 3, 2), (2, 3, 3))((2, 0, 3), (2, 1, 3), (2, 2, 1), (2, 2, 2), (2, 2, 3))((4, 2, 3), (4, 3, 3), (4, 4, 3), (4, 4, 4), (4, 4, 5))((0, 2, 2), (0, 3, 2), (0, 4, 2), (0, 4, 3), (0, 4, 4))((3, 1, 2), (3, 1, 3), (3, 1, 4), (3, 2, 2), (3, 3, 2))((4, 1, 4), (4, 2, 4), (4, 3, 4), (4, 3, 5), (4, 3, 6))((0, 1, 3), (0, 1, 4), (0, 1, 5), (1, 1, 5), (2, 1, 5))((0, 0, 3), (0, 0, 4), (0, 0, 5), (1, 0, 5), (2, 0, 5))((0, 2, 3), (0, 2, 4), (0, 2, 5), (0, 3, 5), (0, 4, 5))((0, 3, 4), (1, 3, 4), (2, 1, 4), (2, 2, 4), (2, 3, 4))((1, 0, 4), (1, 1, 4), (1, 2, 4), (2, 0, 4), (3, 0, 4))((1, 4, 3), (2, 4, 3), (3, 2, 3), (3, 3, 3), (3, 4, 3))((1, 4, 4), (2, 4, 4), (3, 2, 4), (3, 3, 4), (3, 4, 4))((4, 2, 8), (4, 3, 8), (4, 4, 6), (4, 4, 7), (4, 4, 8))((2, 3, 7), (3, 3, 7), (4, 1, 7), (4, 2, 7), (4, 3, 7))((2, 1, 8), (2, 2, 8), (2, 3, 8), (3, 1, 8), (4, 1, 8))((3, 2, 8), (3, 3, 8), (3, 4, 6), (3, 4, 7), (3, 4, 8))((1, 3, 6), (1, 3, 7), (1, 3, 8), (2, 3, 6), (3, 3, 6))((4, 0, 6), (4, 0, 7), (4, 0, 8), (4, 1, 6), (4, 2, 6))((2, 2, 5), (2, 3, 5), (2, 4, 5), (2, 4, 6), (2, 4, 7))((3, 2, 5), (3, 2, 6), (3, 2, 7), (3, 3, 5), (3, 4, 5))((1, 1, 7), (2, 1, 7), (3, 1, 5), (3, 1, 6), (3, 1, 7))((1, 2, 5), (1, 3, 5), (1, 4, 5), (1, 4, 6), (1, 4, 7))((1, 0, 7), (2, 0, 7), (3, 0, 5), (3, 0, 6), (3, 0, 7))((1, 0, 8), (1, 1, 8), (1, 2, 8), (2, 0, 8), (3, 0, 8))((0, 1, 6), (0, 1, 7), (0, 1, 8), (1, 1, 6), (2, 1, 6))((0, 2, 7), (0, 3, 7), (0, 4, 7), (1, 2, 7), (2, 2, 7))((0, 2, 6), (0, 3, 6), (0, 4, 6), (1, 2, 6), (2, 2, 6))((0, 2, 8), (0, 3, 8), (0, 4, 8), (1, 4, 8), (2, 4, 8))((0, 0, 6), (0, 0, 7), (0, 0, 8), (1, 0, 6), (2, 0, 6))
231
((0, 0, 0), (0, 0, 1), (0, 0, 2), (1, 0, 2), (2, 0, 2))((1, 0, 1), (2, 0, 1), (3, 0, 1), (3, 0, 2), (3, 0, 3))((1, 0, 0), (1, 1, 0), (1, 2, 0), (2, 2, 0), (3, 2, 0))((2, 0, 0), (3, 0, 0), (4, 0, 0), (4, 0, 1), (4, 0, 2))((2, 1, 0), (3, 1, 0), (4, 1, 0), (4, 2, 0), (4, 3, 0))((4, 2, 2), (4, 3, 2), (4, 4, 0), (4, 4, 1), (4, 4, 2))((1, 4, 2), (2, 4, 2), (3, 4, 0), (3, 4, 1), (3, 4, 2))((0, 2, 0), (0, 3, 0), (0, 4, 0), (1, 4, 0), (2, 4, 0))((0, 1, 0), (0, 1, 1), (0, 1, 2), (1, 1, 2), (2, 1, 2))((1, 3, 0), (1, 3, 1), (1, 3, 2), (2, 3, 0), (3, 3, 0))((1, 1, 1), (2, 1, 1), (3, 1, 1), (3, 2, 1), (3, 3, 1))((4, 1, 1), (4, 1, 2), (4, 1, 3), (4, 2, 1), (4, 3, 1))((2, 0, 5), (3, 0, 5), (4, 0, 3), (4, 0, 4), (4, 0, 5))((0, 2, 1), (0, 3, 1), (0, 4, 1), (1, 4, 1), (2, 4, 1))((1, 2, 1), (1, 2, 2), (1, 2, 3), (1, 3, 3), (1, 4, 3))((2, 3, 1), (2, 3, 2), (2, 3, 3), (3, 3, 3), (4, 3, 3))((3, 1, 2), (3, 1, 3), (3, 1, 4), (3, 2, 2), (3, 3, 2))((2, 2, 1), (2, 2, 2), (2, 2, 3), (3, 2, 3), (4, 2, 3))((0, 0, 3), (0, 0, 4), (0, 0, 5), (1, 0, 3), (2, 0, 3))((1, 0, 4), (1, 0, 5), (1, 0, 6), (2, 0, 4), (3, 0, 4))((4, 2, 5), (4, 3, 5), (4, 4, 3), (4, 4, 4), (4, 4, 5))((0, 4, 5), (1, 4, 5), (2, 4, 3), (2, 4, 4), (2, 4, 5))((3, 2, 5), (3, 3, 5), (3, 4, 3), (3, 4, 4), (3, 4, 5))((1, 2, 4), (1, 3, 4), (1, 4, 4), (2, 2, 4), (3, 2, 4))((2, 3, 4), (3, 3, 4), (4, 1, 4), (4, 2, 4), (4, 3, 4))((0, 2, 2), (0, 3, 2), (0, 4, 2), (0, 4, 3), (0, 4, 4))((0, 1, 3), (0, 2, 3), (0, 3, 3), (1, 1, 3), (2, 1, 3))((0, 1, 4), (0, 2, 4), (0, 3, 4), (1, 1, 4), (2, 1, 4))((0, 0, 6), (0, 0, 7), (0, 0, 8), (1, 0, 8), (2, 0, 8))((1, 0, 7), (1, 1, 7), (1, 2, 7), (2, 0, 7), (3, 0, 7))((1, 2, 8), (2, 2, 8), (3, 0, 8), (3, 1, 8), (3, 2, 8))((0, 1, 8), (1, 1, 8), (2, 1, 6), (2, 1, 7), (2, 1, 8))((1, 1, 6), (1, 2, 6), (1, 3, 6), (1, 3, 7), (1, 3, 8))((3, 1, 5), (3, 1, 6), (3, 1, 7), (3, 2, 7), (3, 3, 7))((4, 1, 5), (4, 1, 6), (4, 1, 7), (4, 2, 7), (4, 3, 7))((2, 0, 6), (3, 0, 6), (4, 0, 6), (4, 0, 7), (4, 0, 8))((2, 3, 8), (3, 3, 8), (4, 1, 8), (4, 2, 8), (4, 3, 8))((3, 2, 6), (3, 3, 6), (3, 4, 6), (3, 4, 7), (3, 4, 8))((4, 2, 6), (4, 3, 6), (4, 4, 6), (4, 4, 7), (4, 4, 8))((0, 2, 5), (0, 2, 6), (0, 2, 7), (1, 2, 5), (2, 2, 5))((0, 3, 5), (0, 3, 6), (0, 3, 7), (1, 3, 5), (2, 3, 5))((0, 1, 5), (0, 1, 6), (0, 1, 7), (1, 1, 5), (2, 1, 5))((0, 4, 7), (1, 4, 7), (2, 2, 7), (2, 3, 7), (2, 4, 7))((0, 2, 8), (0, 3, 8), (0, 4, 8), (1, 4, 8), (2, 4, 8))((0, 4, 6), (1, 4, 6), (2, 2, 6), (2, 3, 6), (2, 4, 6))
232
((0, 0, 0), (0, 0, 1), (0, 0, 2), (1, 0, 2), (2, 0, 2))((1, 0, 1), (2, 0, 1), (3, 0, 1), (3, 0, 2), (3, 0, 3))((1, 0, 0), (1, 1, 0), (1, 2, 0), (2, 2, 0), (3, 2, 0))((2, 0, 0), (3, 0, 0), (4, 0, 0), (4, 0, 1), (4, 0, 2))((2, 1, 0), (3, 1, 0), (4, 1, 0), (4, 2, 0), (4, 3, 0))((4, 2, 2), (4, 3, 2), (4, 4, 0), (4, 4, 1), (4, 4, 2))((1, 4, 2), (2, 4, 2), (3, 4, 0), (3, 4, 1), (3, 4, 2))((0, 2, 0), (0, 3, 0), (0, 4, 0), (1, 4, 0), (2, 4, 0))((0, 1, 0), (0, 1, 1), (0, 1, 2), (1, 1, 2), (2, 1, 2))((1, 3, 0), (1, 3, 1), (1, 3, 2), (2, 3, 0), (3, 3, 0))((1, 1, 1), (2, 1, 1), (3, 1, 1), (3, 2, 1), (3, 3, 1))((4, 1, 1), (4, 1, 2), (4, 1, 3), (4, 2, 1), (4, 3, 1))((2, 0, 5), (3, 0, 5), (4, 0, 3), (4, 0, 4), (4, 0, 5))((0, 2, 1), (0, 3, 1), (0, 4, 1), (1, 4, 1), (2, 4, 1))((1, 2, 1), (1, 2, 2), (1, 2, 3), (1, 3, 3), (1, 4, 3))((2, 3, 1), (2, 3, 2), (2, 3, 3), (3, 3, 3), (4, 3, 3))((3, 1, 2), (3, 1, 3), (3, 1, 4), (3, 2, 2), (3, 3, 2))((2, 2, 1), (2, 2, 2), (2, 2, 3), (3, 2, 3), (4, 2, 3))((0, 0, 3), (0, 0, 4), (0, 0, 5), (1, 0, 3), (2, 0, 3))((1, 0, 4), (1, 0, 5), (1, 0, 6), (2, 0, 4), (3, 0, 4))((4, 2, 5), (4, 3, 5), (4, 4, 3), (4, 4, 4), (4, 4, 5))((0, 4, 5), (1, 4, 5), (2, 4, 3), (2, 4, 4), (2, 4, 5))((3, 2, 5), (3, 3, 5), (3, 4, 3), (3, 4, 4), (3, 4, 5))((1, 2, 4), (1, 3, 4), (1, 4, 4), (2, 2, 4), (3, 2, 4))((2, 3, 4), (3, 3, 4), (4, 1, 4), (4, 2, 4), (4, 3, 4))((0, 2, 2), (0, 3, 2), (0, 4, 2), (0, 4, 3), (0, 4, 4))((0, 1, 3), (0, 2, 3), (0, 3, 3), (1, 1, 3), (2, 1, 3))((0, 1, 4), (0, 2, 4), (0, 3, 4), (1, 1, 4), (2, 1, 4))((0, 0, 6), (0, 0, 7), (0, 0, 8), (1, 0, 8), (2, 0, 8))((1, 0, 7), (1, 1, 7), (1, 2, 7), (2, 0, 7), (3, 0, 7))((1, 2, 8), (2, 2, 8), (3, 0, 8), (3, 1, 8), (3, 2, 8))((0, 1, 8), (1, 1, 8), (2, 1, 6), (2, 1, 7), (2, 1, 8))((1, 1, 6), (1, 2, 6), (1, 3, 6), (1, 3, 7), (1, 3, 8))((3, 1, 5), (3, 1, 6), (3, 1, 7), (3, 2, 7), (3, 3, 7))((4, 1, 5), (4, 1, 6), (4, 1, 7), (4, 2, 7), (4, 3, 7))((2, 0, 6), (3, 0, 6), (4, 0, 6), (4, 0, 7), (4, 0, 8))((2, 3, 8), (3, 3, 8), (4, 1, 8), (4, 2, 8), (4, 3, 8))((3, 2, 6), (3, 3, 6), (3, 4, 6), (3, 4, 7), (3, 4, 8))((4, 2, 6), (4, 3, 6), (4, 4, 6), (4, 4, 7), (4, 4, 8))((0, 2, 5), (1, 2, 5), (2, 2, 5), (2, 2, 6), (2, 2, 7))((0, 3, 5), (1, 3, 5), (2, 3, 5), (2, 3, 6), (2, 3, 7))((0, 1, 5), (0, 1, 6), (0, 1, 7), (1, 1, 5), (2, 1, 5))((0, 2, 7), (0, 3, 7), (0, 4, 7), (1, 4, 7), (2, 4, 7))((0, 2, 6), (0, 3, 6), (0, 4, 6), (1, 4, 6), (2, 4, 6))((0, 2, 8), (0, 3, 8), (0, 4, 8), (1, 4, 8), (2, 4, 8))
233
((0, 0, 0), (0, 0, 1), (0, 0, 2), (1, 0, 2), (2, 0, 2))((1, 0, 1), (2, 0, 1), (3, 0, 1), (3, 0, 2), (3, 0, 3))((1, 0, 0), (1, 1, 0), (1, 2, 0), (2, 2, 0), (3, 2, 0))((2, 0, 0), (3, 0, 0), (4, 0, 0), (4, 0, 1), (4, 0, 2))((2, 1, 0), (3, 1, 0), (4, 1, 0), (4, 2, 0), (4, 3, 0))((4, 2, 2), (4, 3, 2), (4, 4, 0), (4, 4, 1), (4, 4, 2))((1, 4, 2), (2, 4, 2), (3, 4, 0), (3, 4, 1), (3, 4, 2))((0, 2, 0), (0, 3, 0), (0, 4, 0), (1, 4, 0), (2, 4, 0))((0, 1, 0), (0, 1, 1), (0, 1, 2), (1, 1, 2), (2, 1, 2))((1, 3, 0), (1, 3, 1), (1, 3, 2), (2, 3, 0), (3, 3, 0))((1, 1, 1), (2, 1, 1), (3, 1, 1), (3, 2, 1), (3, 3, 1))((4, 1, 1), (4, 1, 2), (4, 1, 3), (4, 2, 1), (4, 3, 1))((2, 0, 5), (3, 0, 5), (4, 0, 3), (4, 0, 4), (4, 0, 5))((0, 2, 1), (0, 3, 1), (0, 4, 1), (1, 4, 1), (2, 4, 1))((1, 2, 1), (1, 2, 2), (1, 2, 3), (1, 3, 3), (1, 4, 3))((2, 3, 1), (2, 3, 2), (2, 3, 3), (3, 3, 3), (4, 3, 3))((3, 1, 2), (3, 1, 3), (3, 1, 4), (3, 2, 2), (3, 3, 2))((2, 2, 1), (2, 2, 2), (2, 2, 3), (3, 2, 3), (4, 2, 3))((0, 0, 3), (0, 0, 4), (0, 0, 5), (1, 0, 3), (2, 0, 3))((1, 0, 4), (1, 0, 5), (1, 0, 6), (2, 0, 4), (3, 0, 4))((4, 2, 5), (4, 3, 5), (4, 4, 3), (4, 4, 4), (4, 4, 5))((0, 4, 5), (1, 4, 5), (2, 4, 3), (2, 4, 4), (2, 4, 5))((3, 2, 5), (3, 3, 5), (3, 4, 3), (3, 4, 4), (3, 4, 5))((1, 2, 4), (1, 3, 4), (1, 4, 4), (2, 2, 4), (3, 2, 4))((2, 3, 4), (3, 3, 4), (4, 1, 4), (4, 2, 4), (4, 3, 4))((0, 2, 2), (0, 3, 2), (0, 4, 2), (0, 4, 3), (0, 4, 4))((0, 1, 3), (0, 2, 3), (0, 3, 3), (1, 1, 3), (2, 1, 3))((0, 1, 4), (0, 2, 4), (0, 3, 4), (1, 1, 4), (2, 1, 4))((0, 0, 6), (0, 0, 7), (0, 0, 8), (1, 0, 8), (2, 0, 8))((1, 0, 7), (1, 1, 7), (1, 2, 7), (2, 0, 7), (3, 0, 7))((1, 2, 8), (2, 2, 8), (3, 0, 8), (3, 1, 8), (3, 2, 8))((0, 1, 6), (0, 1, 7), (0, 1, 8), (1, 1, 8), (2, 1, 8))((2, 0, 6), (3, 0, 6), (4, 0, 6), (4, 0, 7), (4, 0, 8))((0, 2, 5), (0, 2, 6), (0, 2, 7), (1, 2, 5), (2, 2, 5))((0, 1, 5), (1, 1, 5), (2, 1, 5), (2, 1, 6), (2, 1, 7))((3, 1, 5), (3, 1, 6), (3, 1, 7), (3, 2, 7), (3, 3, 7))((4, 1, 5), (4, 1, 6), (4, 1, 7), (4, 2, 7), (4, 3, 7))((2, 3, 8), (3, 3, 8), (4, 1, 8), (4, 2, 8), (4, 3, 8))((0, 2, 8), (0, 3, 8), (0, 4, 8), (1, 4, 8), (2, 4, 8))((0, 4, 7), (1, 4, 7), (2, 2, 7), (2, 3, 7), (2, 4, 7))((0, 3, 5), (0, 3, 6), (0, 3, 7), (1, 3, 5), (2, 3, 5))((0, 4, 6), (1, 4, 6), (2, 2, 6), (2, 3, 6), (2, 4, 6))((3, 2, 6), (3, 3, 6), (3, 4, 6), (3, 4, 7), (3, 4, 8))((4, 2, 6), (4, 3, 6), (4, 4, 6), (4, 4, 7), (4, 4, 8))((1, 1, 6), (1, 2, 6), (1, 3, 6), (1, 3, 7), (1, 3, 8))
234
((0, 0, 0), (0, 0, 1), (0, 0, 2), (1, 0, 2), (2, 0, 2))((1, 0, 1), (2, 0, 1), (3, 0, 1), (3, 0, 2), (3, 0, 3))((1, 0, 0), (1, 1, 0), (1, 2, 0), (2, 2, 0), (3, 2, 0))((2, 0, 0), (3, 0, 0), (4, 0, 0), (4, 0, 1), (4, 0, 2))((2, 1, 0), (3, 1, 0), (4, 1, 0), (4, 2, 0), (4, 3, 0))((4, 2, 2), (4, 3, 2), (4, 4, 0), (4, 4, 1), (4, 4, 2))((1, 4, 2), (2, 4, 2), (3, 4, 0), (3, 4, 1), (3, 4, 2))((0, 2, 0), (0, 3, 0), (0, 4, 0), (1, 4, 0), (2, 4, 0))((0, 1, 0), (0, 1, 1), (0, 1, 2), (1, 1, 2), (2, 1, 2))((1, 3, 0), (1, 3, 1), (1, 3, 2), (2, 3, 0), (3, 3, 0))((1, 1, 1), (2, 1, 1), (3, 1, 1), (3, 2, 1), (3, 3, 1))((4, 1, 1), (4, 1, 2), (4, 1, 3), (4, 2, 1), (4, 3, 1))((2, 0, 5), (3, 0, 5), (4, 0, 3), (4, 0, 4), (4, 0, 5))((0, 2, 1), (0, 3, 1), (0, 4, 1), (1, 4, 1), (2, 4, 1))((1, 2, 1), (1, 2, 2), (1, 2, 3), (1, 3, 3), (1, 4, 3))((2, 3, 1), (2, 3, 2), (2, 3, 3), (3, 3, 3), (4, 3, 3))((3, 1, 2), (3, 1, 3), (3, 1, 4), (3, 2, 2), (3, 3, 2))((2, 2, 1), (2, 2, 2), (2, 2, 3), (3, 2, 3), (4, 2, 3))((0, 0, 3), (0, 0, 4), (0, 0, 5), (1, 0, 3), (2, 0, 3))((1, 0, 4), (1, 0, 5), (1, 0, 6), (2, 0, 4), (3, 0, 4))((4, 2, 5), (4, 3, 5), (4, 4, 3), (4, 4, 4), (4, 4, 5))((0, 4, 5), (1, 4, 5), (2, 4, 3), (2, 4, 4), (2, 4, 5))((3, 2, 5), (3, 3, 5), (3, 4, 3), (3, 4, 4), (3, 4, 5))((1, 2, 4), (1, 3, 4), (1, 4, 4), (2, 2, 4), (3, 2, 4))((2, 3, 4), (3, 3, 4), (4, 1, 4), (4, 2, 4), (4, 3, 4))((0, 2, 2), (0, 3, 2), (0, 4, 2), (0, 4, 3), (0, 4, 4))((0, 1, 3), (0, 2, 3), (0, 3, 3), (1, 1, 3), (2, 1, 3))((0, 1, 4), (0, 2, 4), (0, 3, 4), (1, 1, 4), (2, 1, 4))((0, 0, 6), (0, 0, 7), (0, 0, 8), (1, 0, 8), (2, 0, 8))((1, 0, 7), (1, 1, 7), (1, 2, 7), (2, 0, 7), (3, 0, 7))((1, 2, 8), (2, 2, 8), (3, 0, 8), (3, 1, 8), (3, 2, 8))((0, 1, 6), (0, 1, 7), (0, 1, 8), (1, 1, 8), (2, 1, 8))((2, 0, 6), (3, 0, 6), (4, 0, 6), (4, 0, 7), (4, 0, 8))((0, 2, 5), (1, 2, 5), (2, 2, 5), (2, 2, 6), (2, 2, 7))((0, 1, 5), (1, 1, 5), (2, 1, 5), (2, 1, 6), (2, 1, 7))((3, 1, 5), (3, 1, 6), (3, 1, 7), (3, 2, 7), (3, 3, 7))((4, 1, 5), (4, 1, 6), (4, 1, 7), (4, 2, 7), (4, 3, 7))((2, 3, 8), (3, 3, 8), (4, 1, 8), (4, 2, 8), (4, 3, 8))((1, 1, 6), (1, 2, 6), (1, 3, 6), (1, 3, 7), (1, 3, 8))((0, 3, 5), (1, 3, 5), (2, 3, 5), (2, 3, 6), (2, 3, 7))((0, 2, 7), (0, 3, 7), (0, 4, 7), (1, 4, 7), (2, 4, 7))((0, 2, 6), (0, 3, 6), (0, 4, 6), (1, 4, 6), (2, 4, 6))((3, 2, 6), (3, 3, 6), (3, 4, 6), (3, 4, 7), (3, 4, 8))((0, 2, 8), (0, 3, 8), (0, 4, 8), (1, 4, 8), (2, 4, 8))((4, 2, 6), (4, 3, 6), (4, 4, 6), (4, 4, 7), (4, 4, 8))
235
((0, 0, 0), (0, 0, 1), (0, 0, 2), (1, 0, 2), (2, 0, 2))((1, 0, 1), (2, 0, 1), (3, 0, 1), (3, 0, 2), (3, 0, 3))((1, 0, 0), (1, 1, 0), (1, 2, 0), (2, 2, 0), (3, 2, 0))((2, 0, 0), (3, 0, 0), (4, 0, 0), (4, 0, 1), (4, 0, 2))((2, 1, 0), (3, 1, 0), (4, 1, 0), (4, 2, 0), (4, 3, 0))((4, 2, 2), (4, 3, 2), (4, 4, 0), (4, 4, 1), (4, 4, 2))((1, 4, 2), (2, 4, 2), (3, 4, 0), (3, 4, 1), (3, 4, 2))((0, 2, 0), (0, 3, 0), (0, 4, 0), (1, 4, 0), (2, 4, 0))((0, 1, 0), (0, 1, 1), (0, 1, 2), (0, 2, 2), (0, 3, 2))((1, 3, 0), (1, 3, 1), (1, 3, 2), (2, 3, 0), (3, 3, 0))((0, 2, 1), (0, 3, 1), (0, 4, 1), (1, 4, 1), (2, 4, 1))((0, 2, 4), (0, 3, 4), (0, 4, 2), (0, 4, 3), (0, 4, 4))((2, 3, 1), (3, 3, 1), (4, 1, 1), (4, 2, 1), (4, 3, 1))((1, 1, 1), (1, 1, 2), (1, 1, 3), (2, 1, 1), (3, 1, 1))((0, 1, 3), (0, 1, 4), (0, 1, 5), (0, 2, 3), (0, 3, 3))((3, 1, 2), (3, 1, 3), (3, 1, 4), (3, 2, 2), (3, 3, 2))((4, 1, 2), (4, 1, 3), (4, 1, 4), (4, 2, 4), (4, 3, 4))((1, 2, 1), (1, 2, 2), (1, 2, 3), (2, 2, 1), (3, 2, 1))((2, 0, 5), (3, 0, 5), (4, 0, 3), (4, 0, 4), (4, 0, 5))((0, 0, 3), (0, 0, 4), (0, 0, 5), (1, 0, 3), (2, 0, 3))((1, 0, 4), (1, 0, 5), (1, 0, 6), (2, 0, 4), (3, 0, 4))((2, 1, 2), (2, 1, 3), (2, 1, 4), (2, 2, 2), (2, 3, 2))((2, 2, 3), (3, 2, 3), (4, 2, 3), (4, 3, 3), (4, 4, 3))((1, 3, 3), (2, 3, 3), (3, 3, 3), (3, 3, 4), (3, 3, 5))((1, 4, 3), (1, 4, 4), (1, 4, 5), (2, 4, 3), (3, 4, 3))((1, 1, 4), (1, 1, 5), (1, 1, 6), (1, 2, 4), (1, 3, 4))((1, 2, 6), (2, 2, 6), (3, 2, 4), (3, 2, 5), (3, 2, 6))((2, 2, 4), (2, 3, 4), (2, 4, 4), (3, 4, 4), (4, 4, 4))((0, 2, 5), (0, 2, 6), (0, 2, 7), (1, 2, 5), (2, 2, 5))((0, 4, 5), (0, 4, 6), (0, 4, 7), (1, 4, 7), (2, 4, 7))((1, 4, 6), (2, 4, 6), (3, 4, 6), (3, 4, 7), (3, 4, 8))((2, 4, 5), (3, 4, 5), (4, 2, 5), (4, 3, 5), (4, 4, 5))((0, 1, 6), (0, 1, 7), (0, 1, 8), (1, 1, 8), (2, 1, 8))((0, 0, 6), (0, 0, 7), (0, 0, 8), (1, 0, 8), (2, 0, 8))((1, 2, 8), (2, 2, 8), (3, 0, 8), (3, 1, 8), (3, 2, 8))((0, 2, 8), (0, 3, 8), (0, 4, 8), (1, 4, 8), (2, 4, 8))((2, 0, 6), (3, 0, 6), (4, 0, 6), (4, 0, 7), (4, 0, 8))((0, 3, 5), (0, 3, 6), (0, 3, 7), (1, 3, 5), (2, 3, 5))((4, 2, 6), (4, 3, 6), (4, 4, 6), (4, 4, 7), (4, 4, 8))((2, 3, 8), (3, 3, 8), (4, 1, 8), (4, 2, 8), (4, 3, 8))((1, 3, 6), (1, 3, 7), (1, 3, 8), (2, 3, 6), (3, 3, 6))((3, 1, 5), (3, 1, 6), (3, 1, 7), (3, 2, 7), (3, 3, 7))((2, 1, 5), (2, 1, 6), (2, 1, 7), (2, 2, 7), (2, 3, 7))((4, 1, 5), (4, 1, 6), (4, 1, 7), (4, 2, 7), (4, 3, 7))((1, 0, 7), (1, 1, 7), (1, 2, 7), (2, 0, 7), (3, 0, 7))
236
((0, 0, 0), (0, 0, 1), (0, 0, 2), (1, 0, 2), (2, 0, 2))((1, 0, 1), (2, 0, 1), (3, 0, 1), (3, 0, 2), (3, 0, 3))((1, 0, 0), (1, 1, 0), (1, 2, 0), (2, 2, 0), (3, 2, 0))((2, 0, 0), (3, 0, 0), (4, 0, 0), (4, 0, 1), (4, 0, 2))((2, 1, 0), (3, 1, 0), (4, 1, 0), (4, 2, 0), (4, 3, 0))((4, 2, 2), (4, 3, 2), (4, 4, 0), (4, 4, 1), (4, 4, 2))((1, 4, 2), (2, 4, 2), (3, 4, 0), (3, 4, 1), (3, 4, 2))((0, 4, 0), (0, 4, 1), (0, 4, 2), (1, 4, 0), (2, 4, 0))((1, 2, 1), (1, 2, 2), (1, 2, 3), (1, 3, 1), (1, 4, 1))((2, 2, 1), (2, 2, 2), (2, 2, 3), (2, 3, 1), (2, 4, 1))((4, 1, 1), (4, 1, 2), (4, 1, 3), (4, 2, 1), (4, 3, 1))((4, 0, 3), (4, 0, 4), (4, 0, 5), (4, 1, 5), (4, 2, 5))((4, 2, 3), (4, 3, 3), (4, 4, 3), (4, 4, 4), (4, 4, 5))((0, 1, 0), (0, 2, 0), (0, 3, 0), (1, 3, 0), (2, 3, 0))((1, 3, 2), (2, 3, 2), (3, 3, 0), (3, 3, 1), (3, 3, 2))((3, 2, 1), (3, 2, 2), (3, 2, 3), (3, 3, 3), (3, 4, 3))((1, 1, 3), (2, 1, 3), (3, 1, 1), (3, 1, 2), (3, 1, 3))((0, 1, 1), (0, 2, 1), (0, 3, 1), (1, 1, 1), (2, 1, 1))((0, 1, 2), (0, 2, 2), (0, 3, 2), (1, 1, 2), (2, 1, 2))((2, 3, 4), (3, 3, 4), (4, 1, 4), (4, 2, 4), (4, 3, 4))((0, 1, 3), (0, 2, 3), (0, 3, 3), (1, 3, 3), (2, 3, 3))((0, 0, 3), (0, 0, 4), (0, 0, 5), (1, 0, 3), (2, 0, 3))((0, 4, 3), (0, 4, 4), (0, 4, 5), (1, 4, 3), (2, 4, 3))((4, 1, 7), (4, 2, 7), (4, 3, 5), (4, 3, 6), (4, 3, 7))((4, 2, 8), (4, 3, 8), (4, 4, 6), (4, 4, 7), (4, 4, 8))((2, 1, 8), (2, 2, 8), (2, 3, 8), (3, 1, 8), (4, 1, 8))((4, 0, 6), (4, 0, 7), (4, 0, 8), (4, 1, 6), (4, 2, 6))((3, 2, 8), (3, 3, 8), (3, 4, 6), (3, 4, 7), (3, 4, 8))((1, 2, 4), (1, 3, 4), (1, 4, 4), (2, 4, 4), (3, 4, 4))((1, 0, 4), (2, 0, 4), (3, 0, 4), (3, 1, 4), (3, 2, 4))((2, 2, 4), (2, 2, 5), (2, 2, 6), (2, 3, 6), (2, 4, 6))((0, 4, 6), (0, 4, 7), (0, 4, 8), (1, 4, 8), (2, 4, 8))((0, 2, 7), (1, 2, 7), (2, 2, 7), (2, 3, 7), (2, 4, 7))((1, 4, 5), (1, 4, 6), (1, 4, 7), (2, 4, 5), (3, 4, 5))((1, 1, 6), (1, 2, 6), (1, 3, 6), (1, 3, 7), (1, 3, 8))((1, 0, 8), (1, 1, 8), (1, 2, 8), (2, 0, 8), (3, 0, 8))((0, 1, 7), (1, 1, 7), (2, 1, 5), (2, 1, 6), (2, 1, 7))((0, 1, 8), (0, 2, 8), (0, 3, 6), (0, 3, 7), (0, 3, 8))((0, 1, 5), (0, 2, 5), (0, 3, 5), (1, 3, 5), (2, 3, 5))((0, 1, 4), (0, 2, 4), (0, 3, 4), (1, 1, 4), (2, 1, 4))((0, 0, 6), (0, 0, 7), (0, 0, 8), (0, 1, 6), (0, 2, 6))((1, 0, 6), (2, 0, 6), (3, 0, 6), (3, 1, 6), (3, 2, 6))((1, 0, 7), (2, 0, 7), (3, 0, 7), (3, 1, 7), (3, 2, 7))((3, 1, 5), (3, 2, 5), (3, 3, 5), (3, 3, 6), (3, 3, 7))((1, 0, 5), (1, 1, 5), (1, 2, 5), (2, 0, 5), (3, 0, 5))
237
((0, 0, 0), (0, 0, 1), (0, 0, 2), (1, 0, 2), (2, 0, 2))((1, 0, 1), (2, 0, 1), (3, 0, 1), (3, 0, 2), (3, 0, 3))((1, 0, 0), (1, 1, 0), (1, 2, 0), (2, 2, 0), (3, 2, 0))((2, 0, 0), (3, 0, 0), (4, 0, 0), (4, 0, 1), (4, 0, 2))((2, 1, 0), (3, 1, 0), (4, 1, 0), (4, 2, 0), (4, 3, 0))((4, 2, 2), (4, 3, 2), (4, 4, 0), (4, 4, 1), (4, 4, 2))((1, 4, 2), (2, 4, 2), (3, 4, 0), (3, 4, 1), (3, 4, 2))((0, 4, 0), (0, 4, 1), (0, 4, 2), (1, 4, 0), (2, 4, 0))((1, 2, 1), (1, 2, 2), (1, 2, 3), (1, 3, 1), (1, 4, 1))((2, 2, 1), (2, 2, 2), (2, 2, 3), (2, 3, 1), (2, 4, 1))((4, 1, 1), (4, 1, 2), (4, 1, 3), (4, 2, 1), (4, 3, 1))((4, 0, 3), (4, 0, 4), (4, 0, 5), (4, 1, 5), (4, 2, 5))((4, 2, 3), (4, 3, 3), (4, 4, 3), (4, 4, 4), (4, 4, 5))((0, 1, 0), (0, 2, 0), (0, 3, 0), (1, 3, 0), (2, 3, 0))((1, 3, 2), (2, 3, 2), (3, 3, 0), (3, 3, 1), (3, 3, 2))((3, 2, 1), (3, 2, 2), (3, 2, 3), (3, 3, 3), (3, 4, 3))((1, 1, 3), (2, 1, 3), (3, 1, 1), (3, 1, 2), (3, 1, 3))((0, 1, 1), (0, 2, 1), (0, 3, 1), (1, 1, 1), (2, 1, 1))((0, 1, 2), (0, 2, 2), (0, 3, 2), (1, 1, 2), (2, 1, 2))((2, 3, 4), (3, 3, 4), (4, 1, 4), (4, 2, 4), (4, 3, 4))((0, 1, 3), (0, 2, 3), (0, 3, 3), (1, 3, 3), (2, 3, 3))((0, 0, 3), (0, 0, 4), (0, 0, 5), (1, 0, 3), (2, 0, 3))((0, 4, 3), (0, 4, 4), (0, 4, 5), (1, 4, 3), (2, 4, 3))((4, 1, 7), (4, 2, 7), (4, 3, 5), (4, 3, 6), (4, 3, 7))((4, 2, 8), (4, 3, 8), (4, 4, 6), (4, 4, 7), (4, 4, 8))((2, 1, 8), (2, 2, 8), (2, 3, 8), (3, 1, 8), (4, 1, 8))((4, 0, 6), (4, 0, 7), (4, 0, 8), (4, 1, 6), (4, 2, 6))((3, 2, 8), (3, 3, 8), (3, 4, 6), (3, 4, 7), (3, 4, 8))((1, 2, 4), (1, 3, 4), (1, 4, 4), (2, 4, 4), (3, 4, 4))((1, 0, 4), (2, 0, 4), (3, 0, 4), (3, 1, 4), (3, 2, 4))((2, 2, 4), (2, 2, 5), (2, 2, 6), (2, 3, 6), (2, 4, 6))((0, 4, 6), (0, 4, 7), (0, 4, 8), (1, 4, 8), (2, 4, 8))((0, 2, 7), (1, 2, 7), (2, 2, 7), (2, 3, 7), (2, 4, 7))((1, 4, 5), (1, 4, 6), (1, 4, 7), (2, 4, 5), (3, 4, 5))((1, 1, 6), (1, 2, 6), (1, 3, 6), (1, 3, 7), (1, 3, 8))((1, 0, 8), (1, 1, 8), (1, 2, 8), (2, 0, 8), (3, 0, 8))((0, 1, 7), (1, 1, 7), (2, 1, 5), (2, 1, 6), (2, 1, 7))((0, 0, 6), (0, 0, 7), (0, 0, 8), (0, 1, 8), (0, 2, 8))((0, 1, 6), (0, 2, 6), (0, 3, 6), (0, 3, 7), (0, 3, 8))((0, 1, 4), (0, 2, 4), (0, 3, 4), (1, 1, 4), (2, 1, 4))((0, 1, 5), (0, 2, 5), (0, 3, 5), (1, 3, 5), (2, 3, 5))((1, 0, 6), (2, 0, 6), (3, 0, 6), (3, 1, 6), (3, 2, 6))((1, 0, 7), (2, 0, 7), (3, 0, 7), (3, 1, 7), (3, 2, 7))((3, 1, 5), (3, 2, 5), (3, 3, 5), (3, 3, 6), (3, 3, 7))((1, 0, 5), (1, 1, 5), (1, 2, 5), (2, 0, 5), (3, 0, 5))
238
((0, 0, 0), (0, 0, 1), (0, 0, 2), (1, 0, 2), (2, 0, 2))((1, 0, 1), (2, 0, 1), (3, 0, 1), (3, 0, 2), (3, 0, 3))((1, 0, 0), (1, 1, 0), (1, 2, 0), (2, 2, 0), (3, 2, 0))((2, 0, 0), (3, 0, 0), (4, 0, 0), (4, 0, 1), (4, 0, 2))((2, 1, 0), (3, 1, 0), (4, 1, 0), (4, 2, 0), (4, 3, 0))((4, 2, 2), (4, 3, 2), (4, 4, 0), (4, 4, 1), (4, 4, 2))((1, 4, 2), (2, 4, 2), (3, 4, 0), (3, 4, 1), (3, 4, 2))((0, 4, 0), (0, 4, 1), (0, 4, 2), (1, 4, 0), (2, 4, 0))((1, 2, 1), (1, 2, 2), (1, 2, 3), (1, 3, 1), (1, 4, 1))((2, 2, 1), (2, 2, 2), (2, 2, 3), (2, 3, 1), (2, 4, 1))((4, 1, 1), (4, 1, 2), (4, 1, 3), (4, 2, 1), (4, 3, 1))((4, 0, 3), (4, 0, 4), (4, 0, 5), (4, 1, 5), (4, 2, 5))((4, 2, 3), (4, 3, 3), (4, 4, 3), (4, 4, 4), (4, 4, 5))((0, 1, 0), (0, 2, 0), (0, 3, 0), (1, 3, 0), (2, 3, 0))((1, 3, 2), (2, 3, 2), (3, 3, 0), (3, 3, 1), (3, 3, 2))((3, 2, 1), (3, 2, 2), (3, 2, 3), (3, 3, 3), (3, 4, 3))((1, 1, 3), (2, 1, 3), (3, 1, 1), (3, 1, 2), (3, 1, 3))((0, 1, 1), (0, 2, 1), (0, 3, 1), (1, 1, 1), (2, 1, 1))((0, 1, 2), (0, 2, 2), (0, 3, 2), (1, 1, 2), (2, 1, 2))((2, 1, 4), (3, 1, 4), (4, 1, 4), (4, 2, 4), (4, 3, 4))((0, 0, 3), (0, 0, 4), (0, 0, 5), (1, 0, 3), (2, 0, 3))((0, 1, 3), (0, 2, 3), (0, 3, 3), (1, 3, 3), (2, 3, 3))((0, 4, 3), (0, 4, 4), (0, 4, 5), (1, 4, 3), (2, 4, 3))((4, 1, 7), (4, 2, 7), (4, 3, 5), (4, 3, 6), (4, 3, 7))((4, 0, 6), (4, 0, 7), (4, 0, 8), (4, 1, 6), (4, 2, 6))((2, 1, 8), (2, 2, 8), (2, 3, 8), (3, 1, 8), (4, 1, 8))((4, 2, 8), (4, 3, 8), (4, 4, 6), (4, 4, 7), (4, 4, 8))((3, 2, 8), (3, 3, 8), (3, 4, 6), (3, 4, 7), (3, 4, 8))((0, 1, 4), (0, 2, 4), (0, 3, 4), (1, 3, 4), (2, 3, 4))((1, 4, 4), (2, 4, 4), (3, 2, 4), (3, 3, 4), (3, 4, 4))((2, 2, 4), (2, 2, 5), (2, 2, 6), (2, 3, 6), (2, 4, 6))((0, 4, 6), (0, 4, 7), (0, 4, 8), (1, 4, 8), (2, 4, 8))((0, 2, 7), (1, 2, 7), (2, 2, 7), (2, 3, 7), (2, 4, 7))((1, 4, 5), (1, 4, 6), (1, 4, 7), (2, 4, 5), (3, 4, 5))((1, 1, 6), (1, 2, 6), (1, 3, 6), (1, 3, 7), (1, 3, 8))((0, 1, 7), (1, 1, 7), (2, 1, 5), (2, 1, 6), (2, 1, 7))((1, 0, 8), (1, 1, 8), (1, 2, 8), (2, 0, 8), (3, 0, 8))((0, 1, 8), (0, 2, 8), (0, 3, 6), (0, 3, 7), (0, 3, 8))((0, 1, 5), (0, 2, 5), (0, 3, 5), (1, 3, 5), (2, 3, 5))((0, 0, 6), (0, 0, 7), (0, 0, 8), (0, 1, 6), (0, 2, 6))((3, 1, 5), (3, 2, 5), (3, 3, 5), (3, 3, 6), (3, 3, 7))((1, 0, 7), (2, 0, 7), (3, 0, 7), (3, 1, 7), (3, 2, 7))((1, 0, 5), (1, 1, 5), (1, 2, 5), (2, 0, 5), (3, 0, 5))((1, 0, 4), (1, 1, 4), (1, 2, 4), (2, 0, 4), (3, 0, 4))((1, 0, 6), (2, 0, 6), (3, 0, 6), (3, 1, 6), (3, 2, 6))
239
((0, 0, 0), (0, 0, 1), (0, 0, 2), (1, 0, 2), (2, 0, 2))((1, 0, 1), (2, 0, 1), (3, 0, 1), (3, 0, 2), (3, 0, 3))((1, 0, 0), (1, 1, 0), (1, 2, 0), (2, 2, 0), (3, 2, 0))((2, 0, 0), (3, 0, 0), (4, 0, 0), (4, 0, 1), (4, 0, 2))((2, 1, 0), (3, 1, 0), (4, 1, 0), (4, 2, 0), (4, 3, 0))((4, 2, 2), (4, 3, 2), (4, 4, 0), (4, 4, 1), (4, 4, 2))((1, 4, 2), (2, 4, 2), (3, 4, 0), (3, 4, 1), (3, 4, 2))((0, 4, 0), (0, 4, 1), (0, 4, 2), (1, 4, 0), (2, 4, 0))((1, 2, 1), (1, 2, 2), (1, 2, 3), (1, 3, 1), (1, 4, 1))((2, 2, 1), (2, 2, 2), (2, 2, 3), (2, 3, 1), (2, 4, 1))((4, 1, 1), (4, 1, 2), (4, 1, 3), (4, 2, 1), (4, 3, 1))((4, 0, 3), (4, 0, 4), (4, 0, 5), (4, 1, 5), (4, 2, 5))((4, 2, 3), (4, 3, 3), (4, 4, 3), (4, 4, 4), (4, 4, 5))((0, 1, 0), (0, 2, 0), (0, 3, 0), (1, 3, 0), (2, 3, 0))((1, 3, 2), (2, 3, 2), (3, 3, 0), (3, 3, 1), (3, 3, 2))((3, 2, 1), (3, 2, 2), (3, 2, 3), (3, 3, 3), (3, 4, 3))((1, 1, 3), (2, 1, 3), (3, 1, 1), (3, 1, 2), (3, 1, 3))((0, 1, 1), (0, 2, 1), (0, 3, 1), (1, 1, 1), (2, 1, 1))((0, 1, 2), (0, 2, 2), (0, 3, 2), (1, 1, 2), (2, 1, 2))((2, 1, 4), (3, 1, 4), (4, 1, 4), (4, 2, 4), (4, 3, 4))((0, 0, 3), (0, 0, 4), (0, 0, 5), (1, 0, 3), (2, 0, 3))((0, 1, 3), (0, 2, 3), (0, 3, 3), (1, 3, 3), (2, 3, 3))((0, 4, 3), (0, 4, 4), (0, 4, 5), (1, 4, 3), (2, 4, 3))((4, 1, 7), (4, 2, 7), (4, 3, 5), (4, 3, 6), (4, 3, 7))((4, 0, 6), (4, 0, 7), (4, 0, 8), (4, 1, 6), (4, 2, 6))((2, 1, 8), (2, 2, 8), (2, 3, 8), (3, 1, 8), (4, 1, 8))((4, 2, 8), (4, 3, 8), (4, 4, 6), (4, 4, 7), (4, 4, 8))((3, 2, 8), (3, 3, 8), (3, 4, 6), (3, 4, 7), (3, 4, 8))((0, 1, 4), (0, 2, 4), (0, 3, 4), (1, 3, 4), (2, 3, 4))((1, 4, 4), (2, 4, 4), (3, 2, 4), (3, 3, 4), (3, 4, 4))((2, 2, 4), (2, 2, 5), (2, 2, 6), (2, 3, 6), (2, 4, 6))((0, 4, 6), (0, 4, 7), (0, 4, 8), (1, 4, 8), (2, 4, 8))((0, 2, 7), (1, 2, 7), (2, 2, 7), (2, 3, 7), (2, 4, 7))((1, 4, 5), (1, 4, 6), (1, 4, 7), (2, 4, 5), (3, 4, 5))((1, 1, 6), (1, 2, 6), (1, 3, 6), (1, 3, 7), (1, 3, 8))((0, 1, 7), (1, 1, 7), (2, 1, 5), (2, 1, 6), (2, 1, 7))((1, 0, 8), (1, 1, 8), (1, 2, 8), (2, 0, 8), (3, 0, 8))((0, 0, 6), (0, 0, 7), (0, 0, 8), (0, 1, 8), (0, 2, 8))((0, 1, 6), (0, 2, 6), (0, 3, 6), (0, 3, 7), (0, 3, 8))((0, 1, 5), (0, 2, 5), (0, 3, 5), (1, 3, 5), (2, 3, 5))((3, 1, 5), (3, 2, 5), (3, 3, 5), (3, 3, 6), (3, 3, 7))((1, 0, 7), (2, 0, 7), (3, 0, 7), (3, 1, 7), (3, 2, 7))((1, 0, 5), (1, 1, 5), (1, 2, 5), (2, 0, 5), (3, 0, 5))((1, 0, 4), (1, 1, 4), (1, 2, 4), (2, 0, 4), (3, 0, 4))((1, 0, 6), (2, 0, 6), (3, 0, 6), (3, 1, 6), (3, 2, 6))
240
((0, 0, 0), (0, 0, 1), (0, 0, 2), (1, 0, 2), (2, 0, 2))((1, 0, 1), (2, 0, 1), (3, 0, 1), (3, 0, 2), (3, 0, 3))((1, 0, 0), (1, 1, 0), (1, 2, 0), (2, 2, 0), (3, 2, 0))((2, 0, 0), (3, 0, 0), (4, 0, 0), (4, 0, 1), (4, 0, 2))((2, 1, 0), (3, 1, 0), (4, 1, 0), (4, 2, 0), (4, 3, 0))((4, 2, 2), (4, 3, 2), (4, 4, 0), (4, 4, 1), (4, 4, 2))((1, 4, 2), (2, 4, 2), (3, 4, 0), (3, 4, 1), (3, 4, 2))((0, 4, 0), (0, 4, 1), (0, 4, 2), (1, 4, 0), (2, 4, 0))((1, 2, 1), (1, 2, 2), (1, 2, 3), (1, 3, 1), (1, 4, 1))((2, 2, 1), (2, 2, 2), (2, 2, 3), (2, 3, 1), (2, 4, 1))((4, 1, 1), (4, 1, 2), (4, 1, 3), (4, 2, 1), (4, 3, 1))((2, 0, 5), (3, 0, 5), (4, 0, 3), (4, 0, 4), (4, 0, 5))((0, 0, 3), (0, 0, 4), (0, 0, 5), (1, 0, 3), (2, 0, 3))((0, 1, 0), (0, 2, 0), (0, 3, 0), (1, 3, 0), (2, 3, 0))((1, 3, 2), (2, 3, 2), (3, 3, 0), (3, 3, 1), (3, 3, 2))((3, 2, 1), (3, 2, 2), (3, 2, 3), (3, 3, 3), (3, 4, 3))((1, 1, 3), (2, 1, 3), (3, 1, 1), (3, 1, 2), (3, 1, 3))((0, 1, 1), (0, 2, 1), (0, 3, 1), (1, 1, 1), (2, 1, 1))((0, 1, 2), (0, 2, 2), (0, 3, 2), (1, 1, 2), (2, 1, 2))((4, 2, 3), (4, 3, 3), (4, 4, 3), (4, 4, 4), (4, 4, 5))((0, 1, 3), (0, 2, 3), (0, 3, 3), (1, 3, 3), (2, 3, 3))((0, 4, 3), (0, 4, 4), (0, 4, 5), (1, 4, 3), (2, 4, 3))((1, 0, 4), (2, 0, 4), (3, 0, 4), (3, 1, 4), (3, 2, 4))((2, 3, 4), (3, 3, 4), (4, 1, 4), (4, 2, 4), (4, 3, 4))((1, 0, 5), (1, 0, 6), (1, 0, 7), (2, 0, 7), (3, 0, 7))((0, 0, 6), (0, 0, 7), (0, 0, 8), (1, 0, 8), (2, 0, 8))((1, 2, 8), (2, 2, 8), (3, 0, 8), (3, 1, 8), (3, 2, 8))((2, 0, 6), (3, 0, 6), (4, 0, 6), (4, 0, 7), (4, 0, 8))((0, 1, 6), (0, 1, 7), (0, 1, 8), (1, 1, 8), (2, 1, 8))((0, 1, 4), (0, 2, 4), (0, 3, 4), (1, 1, 4), (2, 1, 4))((0, 2, 6), (1, 2, 6), (2, 2, 4), (2, 2, 5), (2, 2, 6))((0, 2, 8), (0, 3, 8), (0, 4, 6), (0, 4, 7), (0, 4, 8))((0, 2, 7), (1, 2, 7), (2, 2, 7), (2, 3, 7), (2, 4, 7))((0, 1, 5), (0, 2, 5), (0, 3, 5), (0, 3, 6), (0, 3, 7))((1, 2, 4), (1, 3, 4), (1, 4, 4), (2, 4, 4), (3, 4, 4))((1, 3, 6), (1, 3, 7), (1, 3, 8), (2, 3, 6), (3, 3, 6))((2, 3, 8), (3, 3, 8), (4, 1, 8), (4, 2, 8), (4, 3, 8))((3, 2, 5), (3, 2, 6), (3, 2, 7), (3, 3, 7), (3, 4, 7))((1, 2, 5), (1, 3, 5), (1, 4, 5), (2, 4, 5), (3, 4, 5))((2, 3, 5), (3, 3, 5), (4, 1, 5), (4, 2, 5), (4, 3, 5))((2, 1, 6), (3, 1, 6), (4, 1, 6), (4, 2, 6), (4, 3, 6))((2, 1, 7), (3, 1, 7), (4, 1, 7), (4, 2, 7), (4, 3, 7))((1, 1, 5), (1, 1, 6), (1, 1, 7), (2, 1, 5), (3, 1, 5))((2, 4, 8), (3, 4, 8), (4, 4, 6), (4, 4, 7), (4, 4, 8))((1, 4, 6), (1, 4, 7), (1, 4, 8), (2, 4, 6), (3, 4, 6))
241
((0, 0, 0), (0, 0, 1), (0, 0, 2), (1, 0, 2), (2, 0, 2))((1, 0, 1), (2, 0, 1), (3, 0, 1), (3, 0, 2), (3, 0, 3))((1, 0, 0), (1, 1, 0), (1, 2, 0), (2, 2, 0), (3, 2, 0))((2, 0, 0), (3, 0, 0), (4, 0, 0), (4, 0, 1), (4, 0, 2))((2, 1, 0), (3, 1, 0), (4, 1, 0), (4, 2, 0), (4, 3, 0))((4, 2, 2), (4, 3, 2), (4, 4, 0), (4, 4, 1), (4, 4, 2))((1, 4, 2), (2, 4, 2), (3, 4, 0), (3, 4, 1), (3, 4, 2))((0, 4, 0), (0, 4, 1), (0, 4, 2), (1, 4, 0), (2, 4, 0))((1, 2, 1), (1, 2, 2), (1, 2, 3), (1, 3, 1), (1, 4, 1))((2, 2, 1), (2, 2, 2), (2, 2, 3), (2, 3, 1), (2, 4, 1))((4, 1, 1), (4, 1, 2), (4, 1, 3), (4, 2, 1), (4, 3, 1))((2, 0, 5), (3, 0, 5), (4, 0, 3), (4, 0, 4), (4, 0, 5))((0, 0, 3), (0, 0, 4), (0, 0, 5), (1, 0, 3), (2, 0, 3))((0, 1, 0), (0, 2, 0), (0, 3, 0), (1, 3, 0), (2, 3, 0))((1, 3, 2), (2, 3, 2), (3, 3, 0), (3, 3, 1), (3, 3, 2))((3, 2, 1), (3, 2, 2), (3, 2, 3), (3, 3, 3), (3, 4, 3))((1, 1, 3), (2, 1, 3), (3, 1, 1), (3, 1, 2), (3, 1, 3))((0, 1, 1), (0, 2, 1), (0, 3, 1), (1, 1, 1), (2, 1, 1))((0, 1, 2), (0, 2, 2), (0, 3, 2), (1, 1, 2), (2, 1, 2))((4, 2, 3), (4, 3, 3), (4, 4, 3), (4, 4, 4), (4, 4, 5))((0, 1, 3), (0, 2, 3), (0, 3, 3), (1, 3, 3), (2, 3, 3))((0, 4, 3), (0, 4, 4), (0, 4, 5), (1, 4, 3), (2, 4, 3))((1, 0, 4), (2, 0, 4), (3, 0, 4), (3, 1, 4), (3, 2, 4))((2, 3, 4), (3, 3, 4), (4, 1, 4), (4, 2, 4), (4, 3, 4))((1, 0, 5), (1, 0, 6), (1, 0, 7), (2, 0, 7), (3, 0, 7))((0, 0, 6), (0, 0, 7), (0, 0, 8), (1, 0, 8), (2, 0, 8))((1, 2, 8), (2, 2, 8), (3, 0, 8), (3, 1, 8), (3, 2, 8))((2, 0, 6), (3, 0, 6), (4, 0, 6), (4, 0, 7), (4, 0, 8))((0, 1, 6), (0, 1, 7), (0, 1, 8), (1, 1, 8), (2, 1, 8))((0, 1, 4), (0, 2, 4), (0, 3, 4), (1, 1, 4), (2, 1, 4))((0, 2, 6), (1, 2, 6), (2, 2, 4), (2, 2, 5), (2, 2, 6))((0, 2, 8), (0, 3, 8), (0, 4, 6), (0, 4, 7), (0, 4, 8))((0, 2, 7), (1, 2, 7), (2, 2, 7), (2, 3, 7), (2, 4, 7))((0, 1, 5), (0, 2, 5), (0, 3, 5), (0, 3, 6), (0, 3, 7))((1, 2, 4), (1, 3, 4), (1, 4, 4), (2, 4, 4), (3, 4, 4))((1, 3, 6), (1, 3, 7), (1, 3, 8), (2, 3, 6), (3, 3, 6))((2, 3, 8), (3, 3, 8), (4, 1, 8), (4, 2, 8), (4, 3, 8))((3, 2, 5), (3, 2, 6), (3, 2, 7), (3, 3, 7), (3, 4, 7))((1, 2, 5), (1, 3, 5), (1, 4, 5), (2, 4, 5), (3, 4, 5))((2, 3, 5), (3, 3, 5), (4, 1, 5), (4, 2, 5), (4, 3, 5))((2, 1, 6), (3, 1, 6), (4, 1, 6), (4, 2, 6), (4, 3, 6))((2, 1, 7), (3, 1, 7), (4, 1, 7), (4, 2, 7), (4, 3, 7))((1, 1, 5), (1, 1, 6), (1, 1, 7), (2, 1, 5), (3, 1, 5))((2, 4, 6), (3, 4, 6), (4, 4, 6), (4, 4, 7), (4, 4, 8))((1, 4, 6), (1, 4, 7), (1, 4, 8), (2, 4, 8), (3, 4, 8))
242
((0, 0, 0), (0, 0, 1), (0, 0, 2), (1, 0, 2), (2, 0, 2))((1, 0, 1), (2, 0, 1), (3, 0, 1), (3, 0, 2), (3, 0, 3))((1, 0, 0), (1, 1, 0), (1, 2, 0), (2, 2, 0), (3, 2, 0))((2, 0, 0), (3, 0, 0), (4, 0, 0), (4, 0, 1), (4, 0, 2))((2, 1, 0), (3, 1, 0), (4, 1, 0), (4, 2, 0), (4, 3, 0))((4, 2, 2), (4, 3, 2), (4, 4, 0), (4, 4, 1), (4, 4, 2))((1, 4, 2), (2, 4, 2), (3, 4, 0), (3, 4, 1), (3, 4, 2))((0, 4, 0), (0, 4, 1), (0, 4, 2), (1, 4, 0), (2, 4, 0))((1, 2, 1), (1, 2, 2), (1, 2, 3), (1, 3, 1), (1, 4, 1))((2, 2, 1), (2, 2, 2), (2, 2, 3), (2, 3, 1), (2, 4, 1))((4, 1, 1), (4, 1, 2), (4, 1, 3), (4, 2, 1), (4, 3, 1))((2, 0, 5), (3, 0, 5), (4, 0, 3), (4, 0, 4), (4, 0, 5))((0, 0, 3), (0, 0, 4), (0, 0, 5), (1, 0, 3), (2, 0, 3))((0, 1, 0), (0, 2, 0), (0, 3, 0), (1, 3, 0), (2, 3, 0))((1, 3, 2), (2, 3, 2), (3, 3, 0), (3, 3, 1), (3, 3, 2))((3, 2, 1), (3, 2, 2), (3, 2, 3), (3, 3, 3), (3, 4, 3))((1, 1, 3), (2, 1, 3), (3, 1, 1), (3, 1, 2), (3, 1, 3))((0, 1, 1), (0, 2, 1), (0, 3, 1), (1, 1, 1), (2, 1, 1))((0, 1, 2), (0, 2, 2), (0, 3, 2), (1, 1, 2), (2, 1, 2))((4, 2, 3), (4, 3, 3), (4, 4, 3), (4, 4, 4), (4, 4, 5))((0, 1, 3), (0, 2, 3), (0, 3, 3), (1, 3, 3), (2, 3, 3))((0, 4, 3), (0, 4, 4), (0, 4, 5), (1, 4, 3), (2, 4, 3))((1, 0, 4), (1, 1, 4), (1, 2, 4), (2, 0, 4), (3, 0, 4))((0, 1, 4), (0, 2, 4), (0, 3, 4), (1, 3, 4), (2, 3, 4))((2, 1, 4), (3, 1, 4), (4, 1, 4), (4, 2, 4), (4, 3, 4))((0, 2, 6), (1, 2, 6), (2, 2, 4), (2, 2, 5), (2, 2, 6))((1, 0, 5), (1, 0, 6), (1, 0, 7), (2, 0, 7), (3, 0, 7))((0, 0, 6), (0, 0, 7), (0, 0, 8), (1, 0, 8), (2, 0, 8))((1, 2, 8), (2, 2, 8), (3, 0, 8), (3, 1, 8), (3, 2, 8))((2, 0, 6), (3, 0, 6), (4, 0, 6), (4, 0, 7), (4, 0, 8))((0, 1, 5), (0, 2, 5), (0, 3, 5), (0, 3, 6), (0, 3, 7))((0, 2, 7), (1, 2, 7), (2, 2, 7), (2, 3, 7), (2, 4, 7))((0, 2, 8), (0, 3, 8), (0, 4, 6), (0, 4, 7), (0, 4, 8))((1, 3, 6), (1, 3, 7), (1, 3, 8), (2, 3, 6), (3, 3, 6))((2, 3, 8), (3, 3, 8), (4, 1, 8), (4, 2, 8), (4, 3, 8))((1, 4, 4), (2, 4, 4), (3, 2, 4), (3, 3, 4), (3, 4, 4))((3, 2, 5), (3, 2, 6), (3, 2, 7), (3, 3, 7), (3, 4, 7))((1, 2, 5), (1, 3, 5), (1, 4, 5), (2, 4, 5), (3, 4, 5))((2, 3, 5), (3, 3, 5), (4, 1, 5), (4, 2, 5), (4, 3, 5))((2, 1, 7), (3, 1, 7), (4, 1, 7), (4, 2, 7), (4, 3, 7))((2, 1, 6), (3, 1, 6), (4, 1, 6), (4, 2, 6), (4, 3, 6))((1, 1, 5), (1, 1, 6), (1, 1, 7), (2, 1, 5), (3, 1, 5))((0, 1, 6), (0, 1, 7), (0, 1, 8), (1, 1, 8), (2, 1, 8))((2, 4, 8), (3, 4, 8), (4, 4, 6), (4, 4, 7), (4, 4, 8))((1, 4, 6), (1, 4, 7), (1, 4, 8), (2, 4, 6), (3, 4, 6))
243
((0, 0, 0), (0, 0, 1), (0, 0, 2), (1, 0, 2), (2, 0, 2))((1, 0, 1), (2, 0, 1), (3, 0, 1), (3, 0, 2), (3, 0, 3))((1, 0, 0), (1, 1, 0), (1, 2, 0), (2, 2, 0), (3, 2, 0))((2, 0, 0), (3, 0, 0), (4, 0, 0), (4, 0, 1), (4, 0, 2))((2, 1, 0), (3, 1, 0), (4, 1, 0), (4, 2, 0), (4, 3, 0))((4, 2, 2), (4, 3, 2), (4, 4, 0), (4, 4, 1), (4, 4, 2))((1, 4, 2), (2, 4, 2), (3, 4, 0), (3, 4, 1), (3, 4, 2))((0, 4, 0), (0, 4, 1), (0, 4, 2), (1, 4, 0), (2, 4, 0))((1, 2, 1), (1, 2, 2), (1, 2, 3), (1, 3, 1), (1, 4, 1))((2, 2, 1), (2, 2, 2), (2, 2, 3), (2, 3, 1), (2, 4, 1))((4, 1, 1), (4, 1, 2), (4, 1, 3), (4, 2, 1), (4, 3, 1))((2, 0, 5), (3, 0, 5), (4, 0, 3), (4, 0, 4), (4, 0, 5))((0, 0, 3), (0, 0, 4), (0, 0, 5), (1, 0, 3), (2, 0, 3))((0, 1, 0), (0, 2, 0), (0, 3, 0), (1, 3, 0), (2, 3, 0))((1, 3, 2), (2, 3, 2), (3, 3, 0), (3, 3, 1), (3, 3, 2))((3, 2, 1), (3, 2, 2), (3, 2, 3), (3, 3, 3), (3, 4, 3))((1, 1, 3), (2, 1, 3), (3, 1, 1), (3, 1, 2), (3, 1, 3))((0, 1, 1), (0, 2, 1), (0, 3, 1), (1, 1, 1), (2, 1, 1))((0, 1, 2), (0, 2, 2), (0, 3, 2), (1, 1, 2), (2, 1, 2))((4, 2, 3), (4, 3, 3), (4, 4, 3), (4, 4, 4), (4, 4, 5))((0, 1, 3), (0, 2, 3), (0, 3, 3), (1, 3, 3), (2, 3, 3))((0, 4, 3), (0, 4, 4), (0, 4, 5), (1, 4, 3), (2, 4, 3))((1, 0, 4), (1, 1, 4), (1, 2, 4), (2, 0, 4), (3, 0, 4))((0, 1, 4), (0, 2, 4), (0, 3, 4), (1, 3, 4), (2, 3, 4))((2, 1, 4), (3, 1, 4), (4, 1, 4), (4, 2, 4), (4, 3, 4))((0, 2, 6), (1, 2, 6), (2, 2, 4), (2, 2, 5), (2, 2, 6))((1, 0, 5), (1, 0, 6), (1, 0, 7), (2, 0, 7), (3, 0, 7))((0, 0, 6), (0, 0, 7), (0, 0, 8), (1, 0, 8), (2, 0, 8))((1, 2, 8), (2, 2, 8), (3, 0, 8), (3, 1, 8), (3, 2, 8))((2, 0, 6), (3, 0, 6), (4, 0, 6), (4, 0, 7), (4, 0, 8))((0, 1, 5), (0, 2, 5), (0, 3, 5), (0, 3, 6), (0, 3, 7))((0, 2, 7), (1, 2, 7), (2, 2, 7), (2, 3, 7), (2, 4, 7))((0, 2, 8), (0, 3, 8), (0, 4, 6), (0, 4, 7), (0, 4, 8))((1, 3, 6), (1, 3, 7), (1, 3, 8), (2, 3, 6), (3, 3, 6))((2, 3, 8), (3, 3, 8), (4, 1, 8), (4, 2, 8), (4, 3, 8))((1, 4, 4), (2, 4, 4), (3, 2, 4), (3, 3, 4), (3, 4, 4))((3, 2, 5), (3, 2, 6), (3, 2, 7), (3, 3, 7), (3, 4, 7))((1, 2, 5), (1, 3, 5), (1, 4, 5), (2, 4, 5), (3, 4, 5))((2, 3, 5), (3, 3, 5), (4, 1, 5), (4, 2, 5), (4, 3, 5))((2, 1, 7), (3, 1, 7), (4, 1, 7), (4, 2, 7), (4, 3, 7))((2, 1, 6), (3, 1, 6), (4, 1, 6), (4, 2, 6), (4, 3, 6))((1, 1, 5), (1, 1, 6), (1, 1, 7), (2, 1, 5), (3, 1, 5))((0, 1, 6), (0, 1, 7), (0, 1, 8), (1, 1, 8), (2, 1, 8))((2, 4, 6), (3, 4, 6), (4, 4, 6), (4, 4, 7), (4, 4, 8))((1, 4, 6), (1, 4, 7), (1, 4, 8), (2, 4, 8), (3, 4, 8))
244
((0, 0, 0), (0, 0, 1), (0, 0, 2), (1, 0, 2), (2, 0, 2))((1, 0, 1), (2, 0, 1), (3, 0, 1), (3, 0, 2), (3, 0, 3))((1, 0, 0), (1, 1, 0), (1, 2, 0), (2, 2, 0), (3, 2, 0))((2, 0, 0), (3, 0, 0), (4, 0, 0), (4, 0, 1), (4, 0, 2))((2, 1, 0), (3, 1, 0), (4, 1, 0), (4, 2, 0), (4, 3, 0))((4, 2, 2), (4, 3, 2), (4, 4, 0), (4, 4, 1), (4, 4, 2))((3, 2, 2), (3, 3, 2), (3, 4, 0), (3, 4, 1), (3, 4, 2))((1, 3, 0), (1, 3, 1), (1, 3, 2), (2, 3, 0), (3, 3, 0))((0, 4, 0), (0, 4, 1), (0, 4, 2), (1, 4, 0), (2, 4, 0))((1, 2, 3), (1, 3, 3), (1, 4, 1), (1, 4, 2), (1, 4, 3))((0, 1, 0), (0, 2, 0), (0, 3, 0), (0, 3, 1), (0, 3, 2))((0, 2, 1), (1, 2, 1), (2, 2, 1), (2, 3, 1), (2, 4, 1))((3, 1, 1), (3, 1, 2), (3, 1, 3), (3, 2, 1), (3, 3, 1))((4, 1, 1), (4, 1, 2), (4, 1, 3), (4, 2, 1), (4, 3, 1))((2, 0, 5), (3, 0, 5), (4, 0, 3), (4, 0, 4), (4, 0, 5))((0, 1, 1), (1, 1, 1), (2, 1, 1), (2, 1, 2), (2, 1, 3))((0, 0, 3), (0, 0, 4), (0, 0, 5), (1, 0, 3), (2, 0, 3))((0, 1, 2), (0, 1, 3), (0, 1, 4), (0, 2, 4), (0, 3, 4))((0, 2, 3), (0, 3, 3), (0, 4, 3), (0, 4, 4), (0, 4, 5))((0, 2, 2), (1, 2, 2), (2, 2, 2), (2, 3, 2), (2, 4, 2))((1, 1, 2), (1, 1, 3), (1, 1, 4), (1, 2, 4), (1, 3, 4))((1, 0, 4), (1, 0, 5), (1, 0, 6), (2, 0, 4), (3, 0, 4))((0, 0, 6), (0, 0, 7), (0, 0, 8), (1, 0, 8), (2, 0, 8))((1, 0, 7), (1, 1, 7), (1, 2, 7), (2, 0, 7), (3, 0, 7))((1, 2, 8), (2, 2, 8), (3, 0, 8), (3, 1, 8), (3, 2, 8))((0, 1, 8), (1, 1, 8), (2, 1, 6), (2, 1, 7), (2, 1, 8))((1, 1, 6), (1, 2, 6), (1, 3, 6), (1, 3, 7), (1, 3, 8))((2, 0, 6), (3, 0, 6), (4, 0, 6), (4, 0, 7), (4, 0, 8))((0, 2, 8), (0, 3, 8), (0, 4, 8), (1, 4, 8), (2, 4, 8))((3, 2, 6), (3, 3, 6), (3, 4, 6), (3, 4, 7), (3, 4, 8))((1, 4, 4), (2, 4, 4), (3, 2, 4), (3, 3, 4), (3, 4, 4))((2, 3, 3), (3, 3, 3), (4, 3, 3), (4, 3, 4), (4, 3, 5))((2, 4, 3), (3, 4, 3), (4, 4, 3), (4, 4, 4), (4, 4, 5))((2, 2, 3), (3, 2, 3), (4, 2, 3), (4, 2, 4), (4, 2, 5))((2, 1, 4), (2, 2, 4), (2, 3, 4), (3, 1, 4), (4, 1, 4))((0, 4, 6), (1, 4, 6), (2, 2, 6), (2, 3, 6), (2, 4, 6))((0, 2, 5), (0, 2, 6), (0, 2, 7), (1, 2, 5), (2, 2, 5))((1, 4, 5), (2, 4, 5), (3, 2, 5), (3, 3, 5), (3, 4, 5))((0, 3, 5), (0, 3, 6), (0, 3, 7), (1, 3, 5), (2, 3, 5))((0, 1, 5), (0, 1, 6), (0, 1, 7), (1, 1, 5), (2, 1, 5))((3, 1, 5), (3, 1, 6), (3, 1, 7), (3, 2, 7), (3, 3, 7))((0, 4, 7), (1, 4, 7), (2, 2, 7), (2, 3, 7), (2, 4, 7))((4, 1, 5), (4, 1, 6), (4, 1, 7), (4, 2, 7), (4, 3, 7))((2, 3, 8), (3, 3, 8), (4, 1, 8), (4, 2, 8), (4, 3, 8))((4, 2, 6), (4, 3, 6), (4, 4, 6), (4, 4, 7), (4, 4, 8))
245
((0, 0, 0), (0, 0, 1), (0, 0, 2), (1, 0, 2), (2, 0, 2))((1, 0, 1), (2, 0, 1), (3, 0, 1), (3, 0, 2), (3, 0, 3))((1, 0, 0), (1, 1, 0), (1, 2, 0), (2, 2, 0), (3, 2, 0))((2, 0, 0), (3, 0, 0), (4, 0, 0), (4, 0, 1), (4, 0, 2))((2, 1, 0), (3, 1, 0), (4, 1, 0), (4, 2, 0), (4, 3, 0))((4, 2, 2), (4, 3, 2), (4, 4, 0), (4, 4, 1), (4, 4, 2))((3, 2, 2), (3, 3, 2), (3, 4, 0), (3, 4, 1), (3, 4, 2))((1, 3, 0), (1, 3, 1), (1, 3, 2), (2, 3, 0), (3, 3, 0))((0, 4, 0), (0, 4, 1), (0, 4, 2), (1, 4, 0), (2, 4, 0))((1, 2, 3), (1, 3, 3), (1, 4, 1), (1, 4, 2), (1, 4, 3))((0, 1, 0), (0, 2, 0), (0, 3, 0), (0, 3, 1), (0, 3, 2))((0, 2, 1), (1, 2, 1), (2, 2, 1), (2, 3, 1), (2, 4, 1))((3, 1, 1), (3, 1, 2), (3, 1, 3), (3, 2, 1), (3, 3, 1))((4, 1, 1), (4, 1, 2), (4, 1, 3), (4, 2, 1), (4, 3, 1))((2, 0, 5), (3, 0, 5), (4, 0, 3), (4, 0, 4), (4, 0, 5))((0, 1, 1), (1, 1, 1), (2, 1, 1), (2, 1, 2), (2, 1, 3))((0, 0, 3), (0, 0, 4), (0, 0, 5), (1, 0, 3), (2, 0, 3))((0, 1, 2), (0, 1, 3), (0, 1, 4), (0, 2, 4), (0, 3, 4))((0, 2, 3), (0, 3, 3), (0, 4, 3), (0, 4, 4), (0, 4, 5))((0, 2, 2), (1, 2, 2), (2, 2, 2), (2, 3, 2), (2, 4, 2))((1, 1, 2), (1, 1, 3), (1, 1, 4), (1, 2, 4), (1, 3, 4))((1, 0, 4), (1, 0, 5), (1, 0, 6), (2, 0, 4), (3, 0, 4))((0, 0, 6), (0, 0, 7), (0, 0, 8), (1, 0, 8), (2, 0, 8))((1, 0, 7), (1, 1, 7), (1, 2, 7), (2, 0, 7), (3, 0, 7))((1, 2, 8), (2, 2, 8), (3, 0, 8), (3, 1, 8), (3, 2, 8))((0, 1, 8), (1, 1, 8), (2, 1, 6), (2, 1, 7), (2, 1, 8))((1, 1, 6), (1, 2, 6), (1, 3, 6), (1, 3, 7), (1, 3, 8))((2, 0, 6), (3, 0, 6), (4, 0, 6), (4, 0, 7), (4, 0, 8))((0, 2, 8), (0, 3, 8), (0, 4, 8), (1, 4, 8), (2, 4, 8))((3, 2, 6), (3, 3, 6), (3, 4, 6), (3, 4, 7), (3, 4, 8))((1, 4, 4), (2, 4, 4), (3, 2, 4), (3, 3, 4), (3, 4, 4))((2, 3, 3), (3, 3, 3), (4, 3, 3), (4, 3, 4), (4, 3, 5))((2, 4, 3), (3, 4, 3), (4, 4, 3), (4, 4, 4), (4, 4, 5))((2, 2, 3), (3, 2, 3), (4, 2, 3), (4, 2, 4), (4, 2, 5))((2, 1, 4), (2, 2, 4), (2, 3, 4), (3, 1, 4), (4, 1, 4))((0, 2, 6), (0, 3, 6), (0, 4, 6), (1, 4, 6), (2, 4, 6))((0, 2, 7), (0, 3, 7), (0, 4, 7), (1, 4, 7), (2, 4, 7))((0, 1, 5), (0, 1, 6), (0, 1, 7), (1, 1, 5), (2, 1, 5))((0, 3, 5), (1, 3, 5), (2, 3, 5), (2, 3, 6), (2, 3, 7))((1, 4, 5), (2, 4, 5), (3, 2, 5), (3, 3, 5), (3, 4, 5))((0, 2, 5), (1, 2, 5), (2, 2, 5), (2, 2, 6), (2, 2, 7))((3, 1, 5), (3, 1, 6), (3, 1, 7), (3, 2, 7), (3, 3, 7))((4, 1, 5), (4, 1, 6), (4, 1, 7), (4, 2, 7), (4, 3, 7))((2, 3, 8), (3, 3, 8), (4, 1, 8), (4, 2, 8), (4, 3, 8))((4, 2, 6), (4, 3, 6), (4, 4, 6), (4, 4, 7), (4, 4, 8))
246
((0, 0, 0), (0, 0, 1), (0, 0, 2), (1, 0, 2), (2, 0, 2))((1, 0, 1), (2, 0, 1), (3, 0, 1), (3, 0, 2), (3, 0, 3))((1, 0, 0), (1, 1, 0), (1, 2, 0), (2, 2, 0), (3, 2, 0))((2, 0, 0), (3, 0, 0), (4, 0, 0), (4, 0, 1), (4, 0, 2))((2, 1, 0), (3, 1, 0), (4, 1, 0), (4, 2, 0), (4, 3, 0))((4, 2, 2), (4, 3, 2), (4, 4, 0), (4, 4, 1), (4, 4, 2))((3, 2, 2), (3, 3, 2), (3, 4, 0), (3, 4, 1), (3, 4, 2))((1, 3, 0), (1, 3, 1), (1, 3, 2), (2, 3, 0), (3, 3, 0))((0, 4, 0), (0, 4, 1), (0, 4, 2), (1, 4, 0), (2, 4, 0))((1, 2, 3), (1, 3, 3), (1, 4, 1), (1, 4, 2), (1, 4, 3))((0, 1, 0), (0, 2, 0), (0, 3, 0), (0, 3, 1), (0, 3, 2))((0, 2, 1), (1, 2, 1), (2, 2, 1), (2, 3, 1), (2, 4, 1))((3, 1, 1), (3, 1, 2), (3, 1, 3), (3, 2, 1), (3, 3, 1))((4, 1, 1), (4, 1, 2), (4, 1, 3), (4, 2, 1), (4, 3, 1))((2, 0, 5), (3, 0, 5), (4, 0, 3), (4, 0, 4), (4, 0, 5))((0, 1, 1), (1, 1, 1), (2, 1, 1), (2, 1, 2), (2, 1, 3))((0, 0, 3), (0, 0, 4), (0, 0, 5), (1, 0, 3), (2, 0, 3))((0, 1, 2), (0, 1, 3), (0, 1, 4), (0, 2, 4), (0, 3, 4))((0, 2, 3), (0, 3, 3), (0, 4, 3), (0, 4, 4), (0, 4, 5))((0, 2, 2), (1, 2, 2), (2, 2, 2), (2, 3, 2), (2, 4, 2))((1, 1, 2), (1, 1, 3), (1, 1, 4), (1, 2, 4), (1, 3, 4))((1, 0, 4), (1, 0, 5), (1, 0, 6), (2, 0, 4), (3, 0, 4))((0, 0, 6), (0, 0, 7), (0, 0, 8), (1, 0, 8), (2, 0, 8))((1, 0, 7), (1, 1, 7), (1, 2, 7), (2, 0, 7), (3, 0, 7))((1, 2, 8), (2, 2, 8), (3, 0, 8), (3, 1, 8), (3, 2, 8))((0, 1, 6), (0, 1, 7), (0, 1, 8), (1, 1, 8), (2, 1, 8))((2, 0, 6), (3, 0, 6), (4, 0, 6), (4, 0, 7), (4, 0, 8))((0, 2, 8), (0, 3, 8), (0, 4, 8), (1, 4, 8), (2, 4, 8))((3, 2, 6), (3, 3, 6), (3, 4, 6), (3, 4, 7), (3, 4, 8))((1, 1, 6), (1, 2, 6), (1, 3, 6), (1, 3, 7), (1, 3, 8))((1, 4, 4), (2, 4, 4), (3, 2, 4), (3, 3, 4), (3, 4, 4))((2, 3, 3), (3, 3, 3), (4, 3, 3), (4, 3, 4), (4, 3, 5))((2, 4, 3), (3, 4, 3), (4, 4, 3), (4, 4, 4), (4, 4, 5))((2, 2, 3), (3, 2, 3), (4, 2, 3), (4, 2, 4), (4, 2, 5))((0, 4, 6), (1, 4, 6), (2, 2, 6), (2, 3, 6), (2, 4, 6))((0, 2, 5), (0, 2, 6), (0, 2, 7), (1, 2, 5), (2, 2, 5))((1, 4, 5), (2, 4, 5), (3, 2, 5), (3, 3, 5), (3, 4, 5))((0, 3, 5), (0, 3, 6), (0, 3, 7), (1, 3, 5), (2, 3, 5))((0, 1, 5), (1, 1, 5), (2, 1, 5), (2, 1, 6), (2, 1, 7))((2, 1, 4), (2, 2, 4), (2, 3, 4), (3, 1, 4), (4, 1, 4))((3, 1, 5), (3, 1, 6), (3, 1, 7), (3, 2, 7), (3, 3, 7))((0, 4, 7), (1, 4, 7), (2, 2, 7), (2, 3, 7), (2, 4, 7))((4, 1, 5), (4, 1, 6), (4, 1, 7), (4, 2, 7), (4, 3, 7))((2, 3, 8), (3, 3, 8), (4, 1, 8), (4, 2, 8), (4, 3, 8))((4, 2, 6), (4, 3, 6), (4, 4, 6), (4, 4, 7), (4, 4, 8))
247
((0, 0, 0), (0, 0, 1), (0, 0, 2), (1, 0, 2), (2, 0, 2))((1, 0, 1), (2, 0, 1), (3, 0, 1), (3, 0, 2), (3, 0, 3))((1, 0, 0), (1, 1, 0), (1, 2, 0), (2, 2, 0), (3, 2, 0))((2, 0, 0), (3, 0, 0), (4, 0, 0), (4, 0, 1), (4, 0, 2))((2, 1, 0), (3, 1, 0), (4, 1, 0), (4, 2, 0), (4, 3, 0))((4, 2, 2), (4, 3, 2), (4, 4, 0), (4, 4, 1), (4, 4, 2))((3, 2, 2), (3, 3, 2), (3, 4, 0), (3, 4, 1), (3, 4, 2))((1, 3, 0), (1, 3, 1), (1, 3, 2), (2, 3, 0), (3, 3, 0))((0, 4, 0), (0, 4, 1), (0, 4, 2), (1, 4, 0), (2, 4, 0))((1, 2, 3), (1, 3, 3), (1, 4, 1), (1, 4, 2), (1, 4, 3))((0, 1, 0), (0, 2, 0), (0, 3, 0), (0, 3, 1), (0, 3, 2))((0, 2, 1), (1, 2, 1), (2, 2, 1), (2, 3, 1), (2, 4, 1))((3, 1, 1), (3, 1, 2), (3, 1, 3), (3, 2, 1), (3, 3, 1))((4, 1, 1), (4, 1, 2), (4, 1, 3), (4, 2, 1), (4, 3, 1))((2, 0, 5), (3, 0, 5), (4, 0, 3), (4, 0, 4), (4, 0, 5))((0, 1, 1), (1, 1, 1), (2, 1, 1), (2, 1, 2), (2, 1, 3))((0, 0, 3), (0, 0, 4), (0, 0, 5), (1, 0, 3), (2, 0, 3))((0, 1, 2), (0, 1, 3), (0, 1, 4), (0, 2, 4), (0, 3, 4))((0, 2, 3), (0, 3, 3), (0, 4, 3), (0, 4, 4), (0, 4, 5))((0, 2, 2), (1, 2, 2), (2, 2, 2), (2, 3, 2), (2, 4, 2))((1, 1, 2), (1, 1, 3), (1, 1, 4), (1, 2, 4), (1, 3, 4))((1, 0, 4), (1, 0, 5), (1, 0, 6), (2, 0, 4), (3, 0, 4))((0, 0, 6), (0, 0, 7), (0, 0, 8), (1, 0, 8), (2, 0, 8))((1, 0, 7), (1, 1, 7), (1, 2, 7), (2, 0, 7), (3, 0, 7))((1, 2, 8), (2, 2, 8), (3, 0, 8), (3, 1, 8), (3, 2, 8))((0, 1, 6), (0, 1, 7), (0, 1, 8), (1, 1, 8), (2, 1, 8))((2, 0, 6), (3, 0, 6), (4, 0, 6), (4, 0, 7), (4, 0, 8))((0, 2, 8), (0, 3, 8), (0, 4, 8), (1, 4, 8), (2, 4, 8))((3, 2, 6), (3, 3, 6), (3, 4, 6), (3, 4, 7), (3, 4, 8))((1, 1, 6), (1, 2, 6), (1, 3, 6), (1, 3, 7), (1, 3, 8))((1, 4, 4), (2, 4, 4), (3, 2, 4), (3, 3, 4), (3, 4, 4))((2, 3, 3), (3, 3, 3), (4, 3, 3), (4, 3, 4), (4, 3, 5))((2, 4, 3), (3, 4, 3), (4, 4, 3), (4, 4, 4), (4, 4, 5))((2, 2, 3), (3, 2, 3), (4, 2, 3), (4, 2, 4), (4, 2, 5))((0, 2, 6), (0, 3, 6), (0, 4, 6), (1, 4, 6), (2, 4, 6))((0, 2, 7), (0, 3, 7), (0, 4, 7), (1, 4, 7), (2, 4, 7))((4, 2, 6), (4, 3, 6), (4, 4, 6), (4, 4, 7), (4, 4, 8))((2, 3, 8), (3, 3, 8), (4, 1, 8), (4, 2, 8), (4, 3, 8))((3, 1, 5), (3, 1, 6), (3, 1, 7), (3, 2, 7), (3, 3, 7))((4, 1, 5), (4, 1, 6), (4, 1, 7), (4, 2, 7), (4, 3, 7))((2, 1, 4), (2, 2, 4), (2, 3, 4), (3, 1, 4), (4, 1, 4))((0, 2, 5), (1, 2, 5), (2, 2, 5), (2, 2, 6), (2, 2, 7))((0, 1, 5), (1, 1, 5), (2, 1, 5), (2, 1, 6), (2, 1, 7))((1, 4, 5), (2, 4, 5), (3, 2, 5), (3, 3, 5), (3, 4, 5))((0, 3, 5), (1, 3, 5), (2, 3, 5), (2, 3, 6), (2, 3, 7))
248
((0, 0, 0), (0, 0, 1), (0, 0, 2), (1, 0, 2), (2, 0, 2))((1, 0, 1), (2, 0, 1), (3, 0, 1), (3, 0, 2), (3, 0, 3))((1, 0, 0), (1, 1, 0), (1, 2, 0), (2, 2, 0), (3, 2, 0))((2, 0, 0), (3, 0, 0), (4, 0, 0), (4, 0, 1), (4, 0, 2))((2, 1, 0), (3, 1, 0), (4, 1, 0), (4, 2, 0), (4, 3, 0))((4, 2, 2), (4, 3, 2), (4, 4, 0), (4, 4, 1), (4, 4, 2))((3, 2, 2), (3, 3, 2), (3, 4, 0), (3, 4, 1), (3, 4, 2))((1, 3, 0), (1, 3, 1), (1, 3, 2), (2, 3, 0), (3, 3, 0))((0, 2, 0), (0, 3, 0), (0, 4, 0), (1, 4, 0), (2, 4, 0))((0, 1, 0), (0, 1, 1), (0, 1, 2), (0, 2, 2), (0, 3, 2))((0, 2, 1), (0, 3, 1), (0, 4, 1), (1, 4, 1), (2, 4, 1))((1, 2, 1), (1, 2, 2), (1, 2, 3), (1, 3, 3), (1, 4, 3))((1, 1, 1), (2, 1, 1), (3, 1, 1), (3, 2, 1), (3, 3, 1))((4, 1, 1), (4, 1, 2), (4, 1, 3), (4, 2, 1), (4, 3, 1))((2, 0, 5), (3, 0, 5), (4, 0, 3), (4, 0, 4), (4, 0, 5))((2, 3, 1), (2, 3, 2), (2, 3, 3), (3, 3, 3), (4, 3, 3))((2, 2, 1), (2, 2, 2), (2, 2, 3), (3, 2, 3), (4, 2, 3))((0, 0, 3), (0, 0, 4), (0, 0, 5), (1, 0, 3), (2, 0, 3))((0, 4, 2), (0, 4, 3), (0, 4, 4), (1, 4, 2), (2, 4, 2))((4, 2, 5), (4, 3, 5), (4, 4, 3), (4, 4, 4), (4, 4, 5))((0, 4, 5), (1, 4, 5), (2, 4, 3), (2, 4, 4), (2, 4, 5))((3, 2, 5), (3, 3, 5), (3, 4, 3), (3, 4, 4), (3, 4, 5))((1, 2, 4), (1, 3, 4), (1, 4, 4), (2, 2, 4), (3, 2, 4))((1, 0, 4), (1, 0, 5), (1, 0, 6), (2, 0, 4), (3, 0, 4))((2, 3, 4), (3, 3, 4), (4, 1, 4), (4, 2, 4), (4, 3, 4))((1, 1, 2), (2, 1, 2), (3, 1, 2), (3, 1, 3), (3, 1, 4))((0, 1, 3), (0, 2, 3), (0, 3, 3), (1, 1, 3), (2, 1, 3))((0, 1, 4), (0, 2, 4), (0, 3, 4), (1, 1, 4), (2, 1, 4))((0, 0, 6), (0, 0, 7), (0, 0, 8), (1, 0, 8), (2, 0, 8))((1, 0, 7), (1, 1, 7), (1, 2, 7), (2, 0, 7), (3, 0, 7))((1, 2, 8), (2, 2, 8), (3, 0, 8), (3, 1, 8), (3, 2, 8))((0, 1, 8), (1, 1, 8), (2, 1, 6), (2, 1, 7), (2, 1, 8))((1, 1, 6), (1, 2, 6), (1, 3, 6), (1, 3, 7), (1, 3, 8))((3, 1, 5), (3, 1, 6), (3, 1, 7), (3, 2, 7), (3, 3, 7))((4, 1, 5), (4, 1, 6), (4, 1, 7), (4, 2, 7), (4, 3, 7))((2, 0, 6), (3, 0, 6), (4, 0, 6), (4, 0, 7), (4, 0, 8))((2, 3, 8), (3, 3, 8), (4, 1, 8), (4, 2, 8), (4, 3, 8))((3, 2, 6), (3, 3, 6), (3, 4, 6), (3, 4, 7), (3, 4, 8))((4, 2, 6), (4, 3, 6), (4, 4, 6), (4, 4, 7), (4, 4, 8))((0, 2, 5), (0, 2, 6), (0, 2, 7), (1, 2, 5), (2, 2, 5))((0, 3, 5), (0, 3, 6), (0, 3, 7), (1, 3, 5), (2, 3, 5))((0, 1, 5), (0, 1, 6), (0, 1, 7), (1, 1, 5), (2, 1, 5))((0, 4, 7), (1, 4, 7), (2, 2, 7), (2, 3, 7), (2, 4, 7))((0, 2, 8), (0, 3, 8), (0, 4, 8), (1, 4, 8), (2, 4, 8))((0, 4, 6), (1, 4, 6), (2, 2, 6), (2, 3, 6), (2, 4, 6))
249
((0, 0, 0), (0, 0, 1), (0, 0, 2), (1, 0, 2), (2, 0, 2))((1, 0, 1), (2, 0, 1), (3, 0, 1), (3, 0, 2), (3, 0, 3))((1, 0, 0), (1, 1, 0), (1, 2, 0), (2, 2, 0), (3, 2, 0))((2, 0, 0), (3, 0, 0), (4, 0, 0), (4, 0, 1), (4, 0, 2))((2, 1, 0), (3, 1, 0), (4, 1, 0), (4, 2, 0), (4, 3, 0))((4, 2, 2), (4, 3, 2), (4, 4, 0), (4, 4, 1), (4, 4, 2))((3, 2, 2), (3, 3, 2), (3, 4, 0), (3, 4, 1), (3, 4, 2))((1, 3, 0), (1, 3, 1), (1, 3, 2), (2, 3, 0), (3, 3, 0))((0, 2, 0), (0, 3, 0), (0, 4, 0), (1, 4, 0), (2, 4, 0))((0, 1, 0), (0, 1, 1), (0, 1, 2), (0, 2, 2), (0, 3, 2))((0, 2, 1), (0, 3, 1), (0, 4, 1), (1, 4, 1), (2, 4, 1))((1, 2, 1), (1, 2, 2), (1, 2, 3), (1, 3, 3), (1, 4, 3))((1, 1, 1), (2, 1, 1), (3, 1, 1), (3, 2, 1), (3, 3, 1))((4, 1, 1), (4, 1, 2), (4, 1, 3), (4, 2, 1), (4, 3, 1))((2, 0, 5), (3, 0, 5), (4, 0, 3), (4, 0, 4), (4, 0, 5))((2, 3, 1), (2, 3, 2), (2, 3, 3), (3, 3, 3), (4, 3, 3))((2, 2, 1), (2, 2, 2), (2, 2, 3), (3, 2, 3), (4, 2, 3))((0, 0, 3), (0, 0, 4), (0, 0, 5), (1, 0, 3), (2, 0, 3))((0, 4, 2), (0, 4, 3), (0, 4, 4), (1, 4, 2), (2, 4, 2))((4, 2, 5), (4, 3, 5), (4, 4, 3), (4, 4, 4), (4, 4, 5))((0, 4, 5), (1, 4, 5), (2, 4, 3), (2, 4, 4), (2, 4, 5))((3, 2, 5), (3, 3, 5), (3, 4, 3), (3, 4, 4), (3, 4, 5))((1, 2, 4), (1, 3, 4), (1, 4, 4), (2, 2, 4), (3, 2, 4))((1, 0, 4), (1, 0, 5), (1, 0, 6), (2, 0, 4), (3, 0, 4))((2, 3, 4), (3, 3, 4), (4, 1, 4), (4, 2, 4), (4, 3, 4))((1, 1, 2), (2, 1, 2), (3, 1, 2), (3, 1, 3), (3, 1, 4))((0, 1, 3), (0, 2, 3), (0, 3, 3), (1, 1, 3), (2, 1, 3))((0, 1, 4), (0, 2, 4), (0, 3, 4), (1, 1, 4), (2, 1, 4))((0, 0, 6), (0, 0, 7), (0, 0, 8), (1, 0, 8), (2, 0, 8))((1, 0, 7), (1, 1, 7), (1, 2, 7), (2, 0, 7), (3, 0, 7))((1, 2, 8), (2, 2, 8), (3, 0, 8), (3, 1, 8), (3, 2, 8))((0, 1, 8), (1, 1, 8), (2, 1, 6), (2, 1, 7), (2, 1, 8))((1, 1, 6), (1, 2, 6), (1, 3, 6), (1, 3, 7), (1, 3, 8))((3, 1, 5), (3, 1, 6), (3, 1, 7), (3, 2, 7), (3, 3, 7))((4, 1, 5), (4, 1, 6), (4, 1, 7), (4, 2, 7), (4, 3, 7))((2, 0, 6), (3, 0, 6), (4, 0, 6), (4, 0, 7), (4, 0, 8))((2, 3, 8), (3, 3, 8), (4, 1, 8), (4, 2, 8), (4, 3, 8))((3, 2, 6), (3, 3, 6), (3, 4, 6), (3, 4, 7), (3, 4, 8))((4, 2, 6), (4, 3, 6), (4, 4, 6), (4, 4, 7), (4, 4, 8))((0, 2, 5), (1, 2, 5), (2, 2, 5), (2, 2, 6), (2, 2, 7))((0, 3, 5), (1, 3, 5), (2, 3, 5), (2, 3, 6), (2, 3, 7))((0, 1, 5), (0, 1, 6), (0, 1, 7), (1, 1, 5), (2, 1, 5))((0, 2, 7), (0, 3, 7), (0, 4, 7), (1, 4, 7), (2, 4, 7))((0, 2, 6), (0, 3, 6), (0, 4, 6), (1, 4, 6), (2, 4, 6))((0, 2, 8), (0, 3, 8), (0, 4, 8), (1, 4, 8), (2, 4, 8))
250
((0, 0, 0), (0, 0, 1), (0, 0, 2), (1, 0, 2), (2, 0, 2))((1, 0, 1), (2, 0, 1), (3, 0, 1), (3, 0, 2), (3, 0, 3))((1, 0, 0), (1, 1, 0), (1, 2, 0), (2, 2, 0), (3, 2, 0))((2, 0, 0), (3, 0, 0), (4, 0, 0), (4, 0, 1), (4, 0, 2))((2, 1, 0), (3, 1, 0), (4, 1, 0), (4, 2, 0), (4, 3, 0))((4, 2, 2), (4, 3, 2), (4, 4, 0), (4, 4, 1), (4, 4, 2))((3, 2, 2), (3, 3, 2), (3, 4, 0), (3, 4, 1), (3, 4, 2))((1, 3, 0), (1, 3, 1), (1, 3, 2), (2, 3, 0), (3, 3, 0))((0, 2, 0), (0, 3, 0), (0, 4, 0), (1, 4, 0), (2, 4, 0))((0, 1, 0), (0, 1, 1), (0, 1, 2), (0, 2, 2), (0, 3, 2))((0, 2, 1), (0, 3, 1), (0, 4, 1), (1, 4, 1), (2, 4, 1))((1, 2, 1), (1, 2, 2), (1, 2, 3), (1, 3, 3), (1, 4, 3))((1, 1, 1), (2, 1, 1), (3, 1, 1), (3, 2, 1), (3, 3, 1))((4, 1, 1), (4, 1, 2), (4, 1, 3), (4, 2, 1), (4, 3, 1))((2, 0, 5), (3, 0, 5), (4, 0, 3), (4, 0, 4), (4, 0, 5))((2, 3, 1), (2, 3, 2), (2, 3, 3), (3, 3, 3), (4, 3, 3))((2, 2, 1), (2, 2, 2), (2, 2, 3), (3, 2, 3), (4, 2, 3))((0, 0, 3), (0, 0, 4), (0, 0, 5), (1, 0, 3), (2, 0, 3))((0, 4, 2), (0, 4, 3), (0, 4, 4), (1, 4, 2), (2, 4, 2))((4, 2, 5), (4, 3, 5), (4, 4, 3), (4, 4, 4), (4, 4, 5))((0, 4, 5), (1, 4, 5), (2, 4, 3), (2, 4, 4), (2, 4, 5))((3, 2, 5), (3, 3, 5), (3, 4, 3), (3, 4, 4), (3, 4, 5))((1, 2, 4), (1, 3, 4), (1, 4, 4), (2, 2, 4), (3, 2, 4))((1, 0, 4), (1, 0, 5), (1, 0, 6), (2, 0, 4), (3, 0, 4))((2, 3, 4), (3, 3, 4), (4, 1, 4), (4, 2, 4), (4, 3, 4))((1, 1, 2), (2, 1, 2), (3, 1, 2), (3, 1, 3), (3, 1, 4))((0, 1, 3), (0, 2, 3), (0, 3, 3), (1, 1, 3), (2, 1, 3))((0, 1, 4), (0, 2, 4), (0, 3, 4), (1, 1, 4), (2, 1, 4))((0, 0, 6), (0, 0, 7), (0, 0, 8), (1, 0, 8), (2, 0, 8))((1, 0, 7), (1, 1, 7), (1, 2, 7), (2, 0, 7), (3, 0, 7))((1, 2, 8), (2, 2, 8), (3, 0, 8), (3, 1, 8), (3, 2, 8))((0, 1, 6), (0, 1, 7), (0, 1, 8), (1, 1, 8), (2, 1, 8))((2, 0, 6), (3, 0, 6), (4, 0, 6), (4, 0, 7), (4, 0, 8))((0, 2, 5), (0, 2, 6), (0, 2, 7), (1, 2, 5), (2, 2, 5))((0, 1, 5), (1, 1, 5), (2, 1, 5), (2, 1, 6), (2, 1, 7))((3, 1, 5), (3, 1, 6), (3, 1, 7), (3, 2, 7), (3, 3, 7))((4, 1, 5), (4, 1, 6), (4, 1, 7), (4, 2, 7), (4, 3, 7))((2, 3, 8), (3, 3, 8), (4, 1, 8), (4, 2, 8), (4, 3, 8))((0, 2, 8), (0, 3, 8), (0, 4, 8), (1, 4, 8), (2, 4, 8))((0, 4, 7), (1, 4, 7), (2, 2, 7), (2, 3, 7), (2, 4, 7))((0, 3, 5), (0, 3, 6), (0, 3, 7), (1, 3, 5), (2, 3, 5))((0, 4, 6), (1, 4, 6), (2, 2, 6), (2, 3, 6), (2, 4, 6))((3, 2, 6), (3, 3, 6), (3, 4, 6), (3, 4, 7), (3, 4, 8))((4, 2, 6), (4, 3, 6), (4, 4, 6), (4, 4, 7), (4, 4, 8))((1, 1, 6), (1, 2, 6), (1, 3, 6), (1, 3, 7), (1, 3, 8))
251
((0, 0, 0), (0, 0, 1), (0, 0, 2), (1, 0, 2), (2, 0, 2))((1, 0, 1), (2, 0, 1), (3, 0, 1), (3, 0, 2), (3, 0, 3))((1, 0, 0), (1, 1, 0), (1, 2, 0), (2, 2, 0), (3, 2, 0))((2, 0, 0), (3, 0, 0), (4, 0, 0), (4, 0, 1), (4, 0, 2))((2, 1, 0), (3, 1, 0), (4, 1, 0), (4, 2, 0), (4, 3, 0))((4, 2, 2), (4, 3, 2), (4, 4, 0), (4, 4, 1), (4, 4, 2))((3, 2, 2), (3, 3, 2), (3, 4, 0), (3, 4, 1), (3, 4, 2))((1, 3, 0), (1, 3, 1), (1, 3, 2), (2, 3, 0), (3, 3, 0))((0, 2, 0), (0, 3, 0), (0, 4, 0), (1, 4, 0), (2, 4, 0))((0, 1, 0), (0, 1, 1), (0, 1, 2), (0, 2, 2), (0, 3, 2))((0, 2, 1), (0, 3, 1), (0, 4, 1), (1, 4, 1), (2, 4, 1))((1, 2, 1), (1, 2, 2), (1, 2, 3), (1, 3, 3), (1, 4, 3))((1, 1, 1), (2, 1, 1), (3, 1, 1), (3, 2, 1), (3, 3, 1))((4, 1, 1), (4, 1, 2), (4, 1, 3), (4, 2, 1), (4, 3, 1))((2, 0, 5), (3, 0, 5), (4, 0, 3), (4, 0, 4), (4, 0, 5))((2, 3, 1), (2, 3, 2), (2, 3, 3), (3, 3, 3), (4, 3, 3))((2, 2, 1), (2, 2, 2), (2, 2, 3), (3, 2, 3), (4, 2, 3))((0, 0, 3), (0, 0, 4), (0, 0, 5), (1, 0, 3), (2, 0, 3))((0, 4, 2), (0, 4, 3), (0, 4, 4), (1, 4, 2), (2, 4, 2))((4, 2, 5), (4, 3, 5), (4, 4, 3), (4, 4, 4), (4, 4, 5))((0, 4, 5), (1, 4, 5), (2, 4, 3), (2, 4, 4), (2, 4, 5))((3, 2, 5), (3, 3, 5), (3, 4, 3), (3, 4, 4), (3, 4, 5))((1, 2, 4), (1, 3, 4), (1, 4, 4), (2, 2, 4), (3, 2, 4))((1, 0, 4), (1, 0, 5), (1, 0, 6), (2, 0, 4), (3, 0, 4))((2, 3, 4), (3, 3, 4), (4, 1, 4), (4, 2, 4), (4, 3, 4))((1, 1, 2), (2, 1, 2), (3, 1, 2), (3, 1, 3), (3, 1, 4))((0, 1, 3), (0, 2, 3), (0, 3, 3), (1, 1, 3), (2, 1, 3))((0, 1, 4), (0, 2, 4), (0, 3, 4), (1, 1, 4), (2, 1, 4))((0, 0, 6), (0, 0, 7), (0, 0, 8), (1, 0, 8), (2, 0, 8))((1, 0, 7), (1, 1, 7), (1, 2, 7), (2, 0, 7), (3, 0, 7))((1, 2, 8), (2, 2, 8), (3, 0, 8), (3, 1, 8), (3, 2, 8))((0, 1, 6), (0, 1, 7), (0, 1, 8), (1, 1, 8), (2, 1, 8))((2, 0, 6), (3, 0, 6), (4, 0, 6), (4, 0, 7), (4, 0, 8))((0, 2, 5), (1, 2, 5), (2, 2, 5), (2, 2, 6), (2, 2, 7))((0, 1, 5), (1, 1, 5), (2, 1, 5), (2, 1, 6), (2, 1, 7))((3, 1, 5), (3, 1, 6), (3, 1, 7), (3, 2, 7), (3, 3, 7))((4, 1, 5), (4, 1, 6), (4, 1, 7), (4, 2, 7), (4, 3, 7))((2, 3, 8), (3, 3, 8), (4, 1, 8), (4, 2, 8), (4, 3, 8))((1, 1, 6), (1, 2, 6), (1, 3, 6), (1, 3, 7), (1, 3, 8))((0, 3, 5), (1, 3, 5), (2, 3, 5), (2, 3, 6), (2, 3, 7))((0, 2, 7), (0, 3, 7), (0, 4, 7), (1, 4, 7), (2, 4, 7))((0, 2, 6), (0, 3, 6), (0, 4, 6), (1, 4, 6), (2, 4, 6))((3, 2, 6), (3, 3, 6), (3, 4, 6), (3, 4, 7), (3, 4, 8))((0, 2, 8), (0, 3, 8), (0, 4, 8), (1, 4, 8), (2, 4, 8))((4, 2, 6), (4, 3, 6), (4, 4, 6), (4, 4, 7), (4, 4, 8))
252
((0, 0, 0), (0, 0, 1), (0, 0, 2), (1, 0, 2), (2, 0, 2))((1, 0, 1), (2, 0, 1), (3, 0, 1), (3, 0, 2), (3, 0, 3))((1, 0, 0), (1, 1, 0), (1, 2, 0), (2, 2, 0), (3, 2, 0))((2, 0, 0), (3, 0, 0), (4, 0, 0), (4, 0, 1), (4, 0, 2))((2, 1, 0), (3, 1, 0), (4, 1, 0), (4, 2, 0), (4, 3, 0))((4, 2, 2), (4, 3, 2), (4, 4, 0), (4, 4, 1), (4, 4, 2))((3, 2, 2), (3, 3, 2), (3, 4, 0), (3, 4, 1), (3, 4, 2))((1, 3, 0), (1, 3, 1), (1, 3, 2), (2, 3, 0), (3, 3, 0))((0, 2, 0), (0, 3, 0), (0, 4, 0), (1, 4, 0), (2, 4, 0))((0, 1, 0), (0, 1, 1), (0, 1, 2), (0, 2, 2), (0, 3, 2))((0, 2, 1), (0, 3, 1), (0, 4, 1), (1, 4, 1), (2, 4, 1))((1, 2, 1), (1, 2, 2), (1, 2, 3), (1, 3, 3), (1, 4, 3))((1, 1, 1), (2, 1, 1), (3, 1, 1), (3, 2, 1), (3, 3, 1))((4, 1, 1), (4, 1, 2), (4, 1, 3), (4, 2, 1), (4, 3, 1))((2, 0, 5), (3, 0, 5), (4, 0, 3), (4, 0, 4), (4, 0, 5))((2, 3, 1), (2, 3, 2), (2, 3, 3), (3, 3, 3), (4, 3, 3))((2, 2, 1), (2, 2, 2), (2, 2, 3), (3, 2, 3), (4, 2, 3))((0, 0, 3), (0, 0, 4), (0, 0, 5), (1, 0, 3), (2, 0, 3))((0, 4, 2), (1, 4, 2), (2, 4, 2), (2, 4, 3), (2, 4, 4))((4, 2, 5), (4, 3, 5), (4, 4, 3), (4, 4, 4), (4, 4, 5))((3, 2, 5), (3, 3, 5), (3, 4, 3), (3, 4, 4), (3, 4, 5))((1, 1, 2), (2, 1, 2), (3, 1, 2), (3, 1, 3), (3, 1, 4))((1, 0, 4), (1, 0, 5), (1, 0, 6), (2, 0, 4), (3, 0, 4))((1, 2, 4), (1, 3, 4), (1, 4, 4), (2, 2, 4), (3, 2, 4))((2, 3, 4), (3, 3, 4), (4, 1, 4), (4, 2, 4), (4, 3, 4))((0, 4, 3), (0, 4, 4), (0, 4, 5), (1, 4, 5), (2, 4, 5))((0, 1, 3), (0, 2, 3), (0, 3, 3), (1, 1, 3), (2, 1, 3))((0, 1, 4), (0, 2, 4), (0, 3, 4), (1, 1, 4), (2, 1, 4))((0, 0, 6), (0, 0, 7), (0, 0, 8), (1, 0, 8), (2, 0, 8))((1, 0, 7), (1, 1, 7), (1, 2, 7), (2, 0, 7), (3, 0, 7))((1, 2, 8), (2, 2, 8), (3, 0, 8), (3, 1, 8), (3, 2, 8))((0, 1, 8), (1, 1, 8), (2, 1, 6), (2, 1, 7), (2, 1, 8))((1, 1, 6), (1, 2, 6), (1, 3, 6), (1, 3, 7), (1, 3, 8))((3, 1, 5), (3, 1, 6), (3, 1, 7), (3, 2, 7), (3, 3, 7))((4, 1, 5), (4, 1, 6), (4, 1, 7), (4, 2, 7), (4, 3, 7))((2, 0, 6), (3, 0, 6), (4, 0, 6), (4, 0, 7), (4, 0, 8))((2, 3, 8), (3, 3, 8), (4, 1, 8), (4, 2, 8), (4, 3, 8))((3, 2, 6), (3, 3, 6), (3, 4, 6), (3, 4, 7), (3, 4, 8))((4, 2, 6), (4, 3, 6), (4, 4, 6), (4, 4, 7), (4, 4, 8))((0, 2, 5), (0, 2, 6), (0, 2, 7), (1, 2, 5), (2, 2, 5))((0, 3, 5), (0, 3, 6), (0, 3, 7), (1, 3, 5), (2, 3, 5))((0, 1, 5), (0, 1, 6), (0, 1, 7), (1, 1, 5), (2, 1, 5))((0, 4, 7), (1, 4, 7), (2, 2, 7), (2, 3, 7), (2, 4, 7))((0, 2, 8), (0, 3, 8), (0, 4, 8), (1, 4, 8), (2, 4, 8))((0, 4, 6), (1, 4, 6), (2, 2, 6), (2, 3, 6), (2, 4, 6))
253
((0, 0, 0), (0, 0, 1), (0, 0, 2), (1, 0, 2), (2, 0, 2))((1, 0, 1), (2, 0, 1), (3, 0, 1), (3, 0, 2), (3, 0, 3))((1, 0, 0), (1, 1, 0), (1, 2, 0), (2, 2, 0), (3, 2, 0))((2, 0, 0), (3, 0, 0), (4, 0, 0), (4, 0, 1), (4, 0, 2))((2, 1, 0), (3, 1, 0), (4, 1, 0), (4, 2, 0), (4, 3, 0))((4, 2, 2), (4, 3, 2), (4, 4, 0), (4, 4, 1), (4, 4, 2))((3, 2, 2), (3, 3, 2), (3, 4, 0), (3, 4, 1), (3, 4, 2))((1, 3, 0), (1, 3, 1), (1, 3, 2), (2, 3, 0), (3, 3, 0))((0, 2, 0), (0, 3, 0), (0, 4, 0), (1, 4, 0), (2, 4, 0))((0, 1, 0), (0, 1, 1), (0, 1, 2), (0, 2, 2), (0, 3, 2))((0, 2, 1), (0, 3, 1), (0, 4, 1), (1, 4, 1), (2, 4, 1))((1, 2, 1), (1, 2, 2), (1, 2, 3), (1, 3, 3), (1, 4, 3))((1, 1, 1), (2, 1, 1), (3, 1, 1), (3, 2, 1), (3, 3, 1))((4, 1, 1), (4, 1, 2), (4, 1, 3), (4, 2, 1), (4, 3, 1))((2, 0, 5), (3, 0, 5), (4, 0, 3), (4, 0, 4), (4, 0, 5))((2, 3, 1), (2, 3, 2), (2, 3, 3), (3, 3, 3), (4, 3, 3))((2, 2, 1), (2, 2, 2), (2, 2, 3), (3, 2, 3), (4, 2, 3))((0, 0, 3), (0, 0, 4), (0, 0, 5), (1, 0, 3), (2, 0, 3))((0, 4, 2), (1, 4, 2), (2, 4, 2), (2, 4, 3), (2, 4, 4))((4, 2, 5), (4, 3, 5), (4, 4, 3), (4, 4, 4), (4, 4, 5))((3, 2, 5), (3, 3, 5), (3, 4, 3), (3, 4, 4), (3, 4, 5))((1, 1, 2), (2, 1, 2), (3, 1, 2), (3, 1, 3), (3, 1, 4))((1, 0, 4), (1, 0, 5), (1, 0, 6), (2, 0, 4), (3, 0, 4))((1, 2, 4), (1, 3, 4), (1, 4, 4), (2, 2, 4), (3, 2, 4))((2, 3, 4), (3, 3, 4), (4, 1, 4), (4, 2, 4), (4, 3, 4))((0, 4, 3), (0, 4, 4), (0, 4, 5), (1, 4, 5), (2, 4, 5))((0, 1, 3), (0, 2, 3), (0, 3, 3), (1, 1, 3), (2, 1, 3))((0, 1, 4), (0, 2, 4), (0, 3, 4), (1, 1, 4), (2, 1, 4))((0, 0, 6), (0, 0, 7), (0, 0, 8), (1, 0, 8), (2, 0, 8))((1, 0, 7), (1, 1, 7), (1, 2, 7), (2, 0, 7), (3, 0, 7))((1, 2, 8), (2, 2, 8), (3, 0, 8), (3, 1, 8), (3, 2, 8))((0, 1, 8), (1, 1, 8), (2, 1, 6), (2, 1, 7), (2, 1, 8))((1, 1, 6), (1, 2, 6), (1, 3, 6), (1, 3, 7), (1, 3, 8))((3, 1, 5), (3, 1, 6), (3, 1, 7), (3, 2, 7), (3, 3, 7))((4, 1, 5), (4, 1, 6), (4, 1, 7), (4, 2, 7), (4, 3, 7))((2, 0, 6), (3, 0, 6), (4, 0, 6), (4, 0, 7), (4, 0, 8))((2, 3, 8), (3, 3, 8), (4, 1, 8), (4, 2, 8), (4, 3, 8))((3, 2, 6), (3, 3, 6), (3, 4, 6), (3, 4, 7), (3, 4, 8))((4, 2, 6), (4, 3, 6), (4, 4, 6), (4, 4, 7), (4, 4, 8))((0, 2, 5), (1, 2, 5), (2, 2, 5), (2, 2, 6), (2, 2, 7))((0, 3, 5), (1, 3, 5), (2, 3, 5), (2, 3, 6), (2, 3, 7))((0, 1, 5), (0, 1, 6), (0, 1, 7), (1, 1, 5), (2, 1, 5))((0, 2, 7), (0, 3, 7), (0, 4, 7), (1, 4, 7), (2, 4, 7))((0, 2, 6), (0, 3, 6), (0, 4, 6), (1, 4, 6), (2, 4, 6))((0, 2, 8), (0, 3, 8), (0, 4, 8), (1, 4, 8), (2, 4, 8))
254
((0, 0, 0), (0, 0, 1), (0, 0, 2), (1, 0, 2), (2, 0, 2))((1, 0, 1), (2, 0, 1), (3, 0, 1), (3, 0, 2), (3, 0, 3))((1, 0, 0), (1, 1, 0), (1, 2, 0), (2, 2, 0), (3, 2, 0))((2, 0, 0), (3, 0, 0), (4, 0, 0), (4, 0, 1), (4, 0, 2))((2, 1, 0), (3, 1, 0), (4, 1, 0), (4, 2, 0), (4, 3, 0))((4, 2, 2), (4, 3, 2), (4, 4, 0), (4, 4, 1), (4, 4, 2))((3, 2, 2), (3, 3, 2), (3, 4, 0), (3, 4, 1), (3, 4, 2))((1, 3, 0), (1, 3, 1), (1, 3, 2), (2, 3, 0), (3, 3, 0))((0, 2, 0), (0, 3, 0), (0, 4, 0), (1, 4, 0), (2, 4, 0))((0, 1, 0), (0, 1, 1), (0, 1, 2), (0, 2, 2), (0, 3, 2))((0, 2, 1), (0, 3, 1), (0, 4, 1), (1, 4, 1), (2, 4, 1))((1, 2, 1), (1, 2, 2), (1, 2, 3), (1, 3, 3), (1, 4, 3))((1, 1, 1), (2, 1, 1), (3, 1, 1), (3, 2, 1), (3, 3, 1))((4, 1, 1), (4, 1, 2), (4, 1, 3), (4, 2, 1), (4, 3, 1))((2, 0, 5), (3, 0, 5), (4, 0, 3), (4, 0, 4), (4, 0, 5))((2, 3, 1), (2, 3, 2), (2, 3, 3), (3, 3, 3), (4, 3, 3))((2, 2, 1), (2, 2, 2), (2, 2, 3), (3, 2, 3), (4, 2, 3))((0, 0, 3), (0, 0, 4), (0, 0, 5), (1, 0, 3), (2, 0, 3))((0, 4, 2), (1, 4, 2), (2, 4, 2), (2, 4, 3), (2, 4, 4))((4, 2, 5), (4, 3, 5), (4, 4, 3), (4, 4, 4), (4, 4, 5))((3, 2, 5), (3, 3, 5), (3, 4, 3), (3, 4, 4), (3, 4, 5))((1, 1, 2), (2, 1, 2), (3, 1, 2), (3, 1, 3), (3, 1, 4))((1, 0, 4), (1, 0, 5), (1, 0, 6), (2, 0, 4), (3, 0, 4))((1, 2, 4), (1, 3, 4), (1, 4, 4), (2, 2, 4), (3, 2, 4))((2, 3, 4), (3, 3, 4), (4, 1, 4), (4, 2, 4), (4, 3, 4))((0, 4, 3), (0, 4, 4), (0, 4, 5), (1, 4, 5), (2, 4, 5))((0, 1, 3), (0, 2, 3), (0, 3, 3), (1, 1, 3), (2, 1, 3))((0, 1, 4), (0, 2, 4), (0, 3, 4), (1, 1, 4), (2, 1, 4))((0, 0, 6), (0, 0, 7), (0, 0, 8), (1, 0, 8), (2, 0, 8))((1, 0, 7), (1, 1, 7), (1, 2, 7), (2, 0, 7), (3, 0, 7))((1, 2, 8), (2, 2, 8), (3, 0, 8), (3, 1, 8), (3, 2, 8))((0, 1, 6), (0, 1, 7), (0, 1, 8), (1, 1, 8), (2, 1, 8))((2, 0, 6), (3, 0, 6), (4, 0, 6), (4, 0, 7), (4, 0, 8))((0, 2, 5), (0, 2, 6), (0, 2, 7), (1, 2, 5), (2, 2, 5))((0, 1, 5), (1, 1, 5), (2, 1, 5), (2, 1, 6), (2, 1, 7))((3, 1, 5), (3, 1, 6), (3, 1, 7), (3, 2, 7), (3, 3, 7))((4, 1, 5), (4, 1, 6), (4, 1, 7), (4, 2, 7), (4, 3, 7))((2, 3, 8), (3, 3, 8), (4, 1, 8), (4, 2, 8), (4, 3, 8))((0, 2, 8), (0, 3, 8), (0, 4, 8), (1, 4, 8), (2, 4, 8))((0, 4, 7), (1, 4, 7), (2, 2, 7), (2, 3, 7), (2, 4, 7))((0, 3, 5), (0, 3, 6), (0, 3, 7), (1, 3, 5), (2, 3, 5))((0, 4, 6), (1, 4, 6), (2, 2, 6), (2, 3, 6), (2, 4, 6))((3, 2, 6), (3, 3, 6), (3, 4, 6), (3, 4, 7), (3, 4, 8))((4, 2, 6), (4, 3, 6), (4, 4, 6), (4, 4, 7), (4, 4, 8))((1, 1, 6), (1, 2, 6), (1, 3, 6), (1, 3, 7), (1, 3, 8))
255
((0, 0, 0), (0, 0, 1), (0, 0, 2), (1, 0, 2), (2, 0, 2))((1, 0, 1), (2, 0, 1), (3, 0, 1), (3, 0, 2), (3, 0, 3))((1, 0, 0), (1, 1, 0), (1, 2, 0), (2, 2, 0), (3, 2, 0))((2, 0, 0), (3, 0, 0), (4, 0, 0), (4, 0, 1), (4, 0, 2))((2, 1, 0), (3, 1, 0), (4, 1, 0), (4, 2, 0), (4, 3, 0))((4, 2, 2), (4, 3, 2), (4, 4, 0), (4, 4, 1), (4, 4, 2))((3, 2, 2), (3, 3, 2), (3, 4, 0), (3, 4, 1), (3, 4, 2))((1, 3, 0), (1, 3, 1), (1, 3, 2), (2, 3, 0), (3, 3, 0))((0, 2, 0), (0, 3, 0), (0, 4, 0), (1, 4, 0), (2, 4, 0))((0, 1, 0), (0, 1, 1), (0, 1, 2), (0, 2, 2), (0, 3, 2))((0, 2, 1), (0, 3, 1), (0, 4, 1), (1, 4, 1), (2, 4, 1))((1, 2, 1), (1, 2, 2), (1, 2, 3), (1, 3, 3), (1, 4, 3))((1, 1, 1), (2, 1, 1), (3, 1, 1), (3, 2, 1), (3, 3, 1))((4, 1, 1), (4, 1, 2), (4, 1, 3), (4, 2, 1), (4, 3, 1))((2, 0, 5), (3, 0, 5), (4, 0, 3), (4, 0, 4), (4, 0, 5))((2, 3, 1), (2, 3, 2), (2, 3, 3), (3, 3, 3), (4, 3, 3))((2, 2, 1), (2, 2, 2), (2, 2, 3), (3, 2, 3), (4, 2, 3))((0, 0, 3), (0, 0, 4), (0, 0, 5), (1, 0, 3), (2, 0, 3))((0, 4, 2), (1, 4, 2), (2, 4, 2), (2, 4, 3), (2, 4, 4))((4, 2, 5), (4, 3, 5), (4, 4, 3), (4, 4, 4), (4, 4, 5))((3, 2, 5), (3, 3, 5), (3, 4, 3), (3, 4, 4), (3, 4, 5))((1, 1, 2), (2, 1, 2), (3, 1, 2), (3, 1, 3), (3, 1, 4))((1, 0, 4), (1, 0, 5), (1, 0, 6), (2, 0, 4), (3, 0, 4))((1, 2, 4), (1, 3, 4), (1, 4, 4), (2, 2, 4), (3, 2, 4))((2, 3, 4), (3, 3, 4), (4, 1, 4), (4, 2, 4), (4, 3, 4))((0, 4, 3), (0, 4, 4), (0, 4, 5), (1, 4, 5), (2, 4, 5))((0, 1, 3), (0, 2, 3), (0, 3, 3), (1, 1, 3), (2, 1, 3))((0, 1, 4), (0, 2, 4), (0, 3, 4), (1, 1, 4), (2, 1, 4))((0, 0, 6), (0, 0, 7), (0, 0, 8), (1, 0, 8), (2, 0, 8))((1, 0, 7), (1, 1, 7), (1, 2, 7), (2, 0, 7), (3, 0, 7))((1, 2, 8), (2, 2, 8), (3, 0, 8), (3, 1, 8), (3, 2, 8))((0, 1, 6), (0, 1, 7), (0, 1, 8), (1, 1, 8), (2, 1, 8))((2, 0, 6), (3, 0, 6), (4, 0, 6), (4, 0, 7), (4, 0, 8))((0, 2, 5), (1, 2, 5), (2, 2, 5), (2, 2, 6), (2, 2, 7))((0, 1, 5), (1, 1, 5), (2, 1, 5), (2, 1, 6), (2, 1, 7))((3, 1, 5), (3, 1, 6), (3, 1, 7), (3, 2, 7), (3, 3, 7))((4, 1, 5), (4, 1, 6), (4, 1, 7), (4, 2, 7), (4, 3, 7))((2, 3, 8), (3, 3, 8), (4, 1, 8), (4, 2, 8), (4, 3, 8))((1, 1, 6), (1, 2, 6), (1, 3, 6), (1, 3, 7), (1, 3, 8))((0, 3, 5), (1, 3, 5), (2, 3, 5), (2, 3, 6), (2, 3, 7))((0, 2, 7), (0, 3, 7), (0, 4, 7), (1, 4, 7), (2, 4, 7))((0, 2, 6), (0, 3, 6), (0, 4, 6), (1, 4, 6), (2, 4, 6))((3, 2, 6), (3, 3, 6), (3, 4, 6), (3, 4, 7), (3, 4, 8))((0, 2, 8), (0, 3, 8), (0, 4, 8), (1, 4, 8), (2, 4, 8))((4, 2, 6), (4, 3, 6), (4, 4, 6), (4, 4, 7), (4, 4, 8))
256
((0, 0, 0), (0, 0, 1), (0, 0, 2), (1, 0, 2), (2, 0, 2))((1, 0, 1), (2, 0, 1), (3, 0, 1), (3, 0, 2), (3, 0, 3))((1, 0, 0), (1, 1, 0), (1, 2, 0), (2, 2, 0), (3, 2, 0))((2, 0, 0), (3, 0, 0), (4, 0, 0), (4, 0, 1), (4, 0, 2))((2, 1, 0), (3, 1, 0), (4, 1, 0), (4, 2, 0), (4, 3, 0))((4, 2, 2), (4, 3, 2), (4, 4, 0), (4, 4, 1), (4, 4, 2))((3, 2, 2), (3, 3, 2), (3, 4, 0), (3, 4, 1), (3, 4, 2))((1, 3, 0), (1, 3, 1), (1, 3, 2), (2, 3, 0), (3, 3, 0))((0, 2, 0), (0, 3, 0), (0, 4, 0), (1, 4, 0), (2, 4, 0))((0, 1, 0), (0, 1, 1), (0, 1, 2), (0, 2, 2), (0, 3, 2))((0, 2, 1), (0, 3, 1), (0, 4, 1), (1, 4, 1), (2, 4, 1))((1, 0, 3), (1, 1, 3), (1, 2, 1), (1, 2, 2), (1, 2, 3))((1, 1, 2), (2, 1, 2), (3, 1, 2), (3, 1, 3), (3, 1, 4))((1, 1, 1), (2, 1, 1), (3, 1, 1), (3, 2, 1), (3, 3, 1))((4, 1, 1), (4, 1, 2), (4, 1, 3), (4, 2, 1), (4, 3, 1))((4, 0, 3), (4, 0, 4), (4, 0, 5), (4, 1, 5), (4, 2, 5))((4, 1, 4), (4, 2, 4), (4, 3, 4), (4, 3, 5), (4, 3, 6))((0, 3, 3), (1, 3, 3), (2, 3, 1), (2, 3, 2), (2, 3, 3))((2, 0, 3), (2, 1, 3), (2, 2, 1), (2, 2, 2), (2, 2, 3))((4, 2, 3), (4, 3, 3), (4, 4, 3), (4, 4, 4), (4, 4, 5))((0, 4, 2), (0, 4, 3), (0, 4, 4), (1, 4, 2), (2, 4, 2))((0, 1, 3), (0, 1, 4), (0, 1, 5), (1, 1, 5), (2, 1, 5))((0, 0, 3), (0, 0, 4), (0, 0, 5), (1, 0, 5), (2, 0, 5))((0, 2, 3), (0, 2, 4), (0, 2, 5), (0, 3, 5), (0, 4, 5))((0, 3, 4), (1, 3, 4), (2, 1, 4), (2, 2, 4), (2, 3, 4))((1, 0, 4), (1, 1, 4), (1, 2, 4), (2, 0, 4), (3, 0, 4))((1, 4, 3), (2, 4, 3), (3, 2, 3), (3, 3, 3), (3, 4, 3))((1, 4, 4), (2, 4, 4), (3, 2, 4), (3, 3, 4), (3, 4, 4))((4, 2, 8), (4, 3, 8), (4, 4, 6), (4, 4, 7), (4, 4, 8))((2, 3, 7), (3, 3, 7), (4, 1, 7), (4, 2, 7), (4, 3, 7))((2, 1, 8), (2, 2, 8), (2, 3, 8), (3, 1, 8), (4, 1, 8))((3, 2, 6), (3, 2, 7), (3, 2, 8), (3, 3, 8), (3, 4, 8))((1, 3, 6), (1, 3, 7), (1, 3, 8), (2, 3, 6), (3, 3, 6))((4, 0, 6), (4, 0, 7), (4, 0, 8), (4, 1, 6), (4, 2, 6))((1, 1, 7), (2, 1, 7), (3, 1, 5), (3, 1, 6), (3, 1, 7))((1, 0, 7), (2, 0, 7), (3, 0, 5), (3, 0, 6), (3, 0, 7))((1, 0, 8), (1, 1, 8), (1, 2, 8), (2, 0, 8), (3, 0, 8))((0, 1, 6), (0, 1, 7), (0, 1, 8), (1, 1, 6), (2, 1, 6))((0, 0, 6), (0, 0, 7), (0, 0, 8), (1, 0, 6), (2, 0, 6))((0, 2, 7), (0, 3, 7), (0, 4, 7), (1, 4, 7), (2, 4, 7))((0, 2, 8), (0, 3, 8), (0, 4, 8), (1, 4, 8), (2, 4, 8))((2, 2, 5), (2, 2, 6), (2, 2, 7), (2, 3, 5), (2, 4, 5))((0, 2, 6), (0, 3, 6), (0, 4, 6), (1, 4, 6), (2, 4, 6))((3, 2, 5), (3, 3, 5), (3, 4, 5), (3, 4, 6), (3, 4, 7))((1, 2, 5), (1, 2, 6), (1, 2, 7), (1, 3, 5), (1, 4, 5))
257
((0, 0, 0), (0, 0, 1), (0, 0, 2), (1, 0, 2), (2, 0, 2))((1, 0, 1), (2, 0, 1), (3, 0, 1), (3, 0, 2), (3, 0, 3))((1, 0, 0), (1, 1, 0), (1, 2, 0), (2, 2, 0), (3, 2, 0))((2, 0, 0), (3, 0, 0), (4, 0, 0), (4, 0, 1), (4, 0, 2))((2, 1, 0), (3, 1, 0), (4, 1, 0), (4, 2, 0), (4, 3, 0))((4, 2, 2), (4, 3, 2), (4, 4, 0), (4, 4, 1), (4, 4, 2))((3, 2, 2), (3, 3, 2), (3, 4, 0), (3, 4, 1), (3, 4, 2))((1, 3, 0), (1, 3, 1), (1, 3, 2), (2, 3, 0), (3, 3, 0))((0, 2, 0), (0, 3, 0), (0, 4, 0), (1, 4, 0), (2, 4, 0))((0, 1, 0), (0, 1, 1), (0, 1, 2), (0, 2, 2), (0, 3, 2))((0, 2, 1), (0, 3, 1), (0, 4, 1), (1, 4, 1), (2, 4, 1))((1, 0, 3), (1, 1, 3), (1, 2, 1), (1, 2, 2), (1, 2, 3))((1, 1, 2), (2, 1, 2), (3, 1, 2), (3, 1, 3), (3, 1, 4))((1, 1, 1), (2, 1, 1), (3, 1, 1), (3, 2, 1), (3, 3, 1))((4, 1, 1), (4, 1, 2), (4, 1, 3), (4, 2, 1), (4, 3, 1))((4, 0, 3), (4, 0, 4), (4, 0, 5), (4, 1, 5), (4, 2, 5))((4, 1, 4), (4, 2, 4), (4, 3, 4), (4, 3, 5), (4, 3, 6))((0, 3, 3), (1, 3, 3), (2, 3, 1), (2, 3, 2), (2, 3, 3))((2, 0, 3), (2, 1, 3), (2, 2, 1), (2, 2, 2), (2, 2, 3))((4, 2, 3), (4, 3, 3), (4, 4, 3), (4, 4, 4), (4, 4, 5))((0, 4, 2), (0, 4, 3), (0, 4, 4), (1, 4, 2), (2, 4, 2))((0, 1, 3), (0, 1, 4), (0, 1, 5), (1, 1, 5), (2, 1, 5))((0, 0, 3), (0, 0, 4), (0, 0, 5), (1, 0, 5), (2, 0, 5))((0, 2, 3), (0, 2, 4), (0, 2, 5), (0, 3, 5), (0, 4, 5))((0, 3, 4), (1, 3, 4), (2, 1, 4), (2, 2, 4), (2, 3, 4))((1, 0, 4), (1, 1, 4), (1, 2, 4), (2, 0, 4), (3, 0, 4))((1, 4, 3), (2, 4, 3), (3, 2, 3), (3, 3, 3), (3, 4, 3))((1, 4, 4), (2, 4, 4), (3, 2, 4), (3, 3, 4), (3, 4, 4))((4, 2, 8), (4, 3, 8), (4, 4, 6), (4, 4, 7), (4, 4, 8))((2, 3, 7), (3, 3, 7), (4, 1, 7), (4, 2, 7), (4, 3, 7))((2, 1, 8), (2, 2, 8), (2, 3, 8), (3, 1, 8), (4, 1, 8))((3, 2, 6), (3, 2, 7), (3, 2, 8), (3, 3, 8), (3, 4, 8))((1, 3, 6), (1, 3, 7), (1, 3, 8), (2, 3, 6), (3, 3, 6))((4, 0, 6), (4, 0, 7), (4, 0, 8), (4, 1, 6), (4, 2, 6))((1, 1, 7), (2, 1, 7), (3, 1, 5), (3, 1, 6), (3, 1, 7))((1, 0, 7), (2, 0, 7), (3, 0, 5), (3, 0, 6), (3, 0, 7))((1, 0, 8), (1, 1, 8), (1, 2, 8), (2, 0, 8), (3, 0, 8))((0, 1, 6), (0, 1, 7), (0, 1, 8), (1, 1, 6), (2, 1, 6))((0, 0, 6), (0, 0, 7), (0, 0, 8), (1, 0, 6), (2, 0, 6))((0, 2, 7), (0, 3, 7), (0, 4, 7), (1, 2, 7), (2, 2, 7))((0, 2, 8), (0, 3, 8), (0, 4, 8), (1, 4, 8), (2, 4, 8))((2, 2, 5), (2, 3, 5), (2, 4, 5), (2, 4, 6), (2, 4, 7))((0, 2, 6), (0, 3, 6), (0, 4, 6), (1, 2, 6), (2, 2, 6))((3, 2, 5), (3, 3, 5), (3, 4, 5), (3, 4, 6), (3, 4, 7))((1, 2, 5), (1, 3, 5), (1, 4, 5), (1, 4, 6), (1, 4, 7))
258
((0, 0, 0), (0, 0, 1), (0, 0, 2), (1, 0, 2), (2, 0, 2))((1, 0, 1), (2, 0, 1), (3, 0, 1), (3, 0, 2), (3, 0, 3))((1, 0, 0), (1, 1, 0), (1, 2, 0), (2, 2, 0), (3, 2, 0))((2, 0, 0), (3, 0, 0), (4, 0, 0), (4, 0, 1), (4, 0, 2))((2, 1, 0), (3, 1, 0), (4, 1, 0), (4, 2, 0), (4, 3, 0))((4, 2, 2), (4, 3, 2), (4, 4, 0), (4, 4, 1), (4, 4, 2))((3, 2, 2), (3, 3, 2), (3, 4, 0), (3, 4, 1), (3, 4, 2))((1, 3, 0), (1, 3, 1), (1, 3, 2), (2, 3, 0), (3, 3, 0))((0, 2, 0), (0, 3, 0), (0, 4, 0), (1, 4, 0), (2, 4, 0))((0, 1, 0), (0, 1, 1), (0, 1, 2), (0, 2, 2), (0, 3, 2))((0, 2, 1), (0, 3, 1), (0, 4, 1), (1, 4, 1), (2, 4, 1))((1, 0, 3), (1, 1, 3), (1, 2, 1), (1, 2, 2), (1, 2, 3))((1, 1, 2), (2, 1, 2), (3, 1, 2), (3, 1, 3), (3, 1, 4))((1, 1, 1), (2, 1, 1), (3, 1, 1), (3, 2, 1), (3, 3, 1))((4, 1, 1), (4, 1, 2), (4, 1, 3), (4, 2, 1), (4, 3, 1))((4, 0, 3), (4, 0, 4), (4, 0, 5), (4, 1, 5), (4, 2, 5))((4, 1, 4), (4, 2, 4), (4, 3, 4), (4, 3, 5), (4, 3, 6))((0, 3, 3), (1, 3, 3), (2, 3, 1), (2, 3, 2), (2, 3, 3))((2, 0, 3), (2, 1, 3), (2, 2, 1), (2, 2, 2), (2, 2, 3))((4, 2, 3), (4, 3, 3), (4, 4, 3), (4, 4, 4), (4, 4, 5))((0, 4, 2), (0, 4, 3), (0, 4, 4), (1, 4, 2), (2, 4, 2))((0, 1, 3), (0, 1, 4), (0, 1, 5), (1, 1, 5), (2, 1, 5))((0, 0, 3), (0, 0, 4), (0, 0, 5), (1, 0, 5), (2, 0, 5))((0, 2, 3), (0, 2, 4), (0, 2, 5), (0, 3, 5), (0, 4, 5))((0, 3, 4), (1, 3, 4), (2, 1, 4), (2, 2, 4), (2, 3, 4))((1, 0, 4), (1, 1, 4), (1, 2, 4), (2, 0, 4), (3, 0, 4))((1, 4, 3), (2, 4, 3), (3, 2, 3), (3, 3, 3), (3, 4, 3))((1, 4, 4), (2, 4, 4), (3, 2, 4), (3, 3, 4), (3, 4, 4))((4, 2, 8), (4, 3, 8), (4, 4, 6), (4, 4, 7), (4, 4, 8))((2, 3, 7), (3, 3, 7), (4, 1, 7), (4, 2, 7), (4, 3, 7))((2, 1, 8), (2, 2, 8), (2, 3, 8), (3, 1, 8), (4, 1, 8))((3, 2, 8), (3, 3, 8), (3, 4, 6), (3, 4, 7), (3, 4, 8))((1, 3, 6), (1, 3, 7), (1, 3, 8), (2, 3, 6), (3, 3, 6))((4, 0, 6), (4, 0, 7), (4, 0, 8), (4, 1, 6), (4, 2, 6))((2, 2, 5), (2, 2, 6), (2, 2, 7), (2, 3, 5), (2, 4, 5))((3, 2, 5), (3, 2, 6), (3, 2, 7), (3, 3, 5), (3, 4, 5))((1, 1, 7), (2, 1, 7), (3, 1, 5), (3, 1, 6), (3, 1, 7))((1, 0, 7), (2, 0, 7), (3, 0, 5), (3, 0, 6), (3, 0, 7))((1, 0, 8), (1, 1, 8), (1, 2, 8), (2, 0, 8), (3, 0, 8))((1, 2, 5), (1, 2, 6), (1, 2, 7), (1, 3, 5), (1, 4, 5))((0, 2, 7), (0, 3, 7), (0, 4, 7), (1, 4, 7), (2, 4, 7))((0, 2, 8), (0, 3, 8), (0, 4, 8), (1, 4, 8), (2, 4, 8))((0, 2, 6), (0, 3, 6), (0, 4, 6), (1, 4, 6), (2, 4, 6))((0, 1, 6), (0, 1, 7), (0, 1, 8), (1, 1, 6), (2, 1, 6))((0, 0, 6), (0, 0, 7), (0, 0, 8), (1, 0, 6), (2, 0, 6))
259
((0, 0, 0), (0, 0, 1), (0, 0, 2), (1, 0, 2), (2, 0, 2))((1, 0, 1), (2, 0, 1), (3, 0, 1), (3, 0, 2), (3, 0, 3))((1, 0, 0), (1, 1, 0), (1, 2, 0), (2, 2, 0), (3, 2, 0))((2, 0, 0), (3, 0, 0), (4, 0, 0), (4, 0, 1), (4, 0, 2))((2, 1, 0), (3, 1, 0), (4, 1, 0), (4, 2, 0), (4, 3, 0))((4, 2, 2), (4, 3, 2), (4, 4, 0), (4, 4, 1), (4, 4, 2))((3, 2, 2), (3, 3, 2), (3, 4, 0), (3, 4, 1), (3, 4, 2))((1, 3, 0), (1, 3, 1), (1, 3, 2), (2, 3, 0), (3, 3, 0))((0, 2, 0), (0, 3, 0), (0, 4, 0), (1, 4, 0), (2, 4, 0))((0, 1, 0), (0, 1, 1), (0, 1, 2), (0, 2, 2), (0, 3, 2))((0, 2, 1), (0, 3, 1), (0, 4, 1), (1, 4, 1), (2, 4, 1))((1, 0, 3), (1, 1, 3), (1, 2, 1), (1, 2, 2), (1, 2, 3))((1, 1, 2), (2, 1, 2), (3, 1, 2), (3, 1, 3), (3, 1, 4))((1, 1, 1), (2, 1, 1), (3, 1, 1), (3, 2, 1), (3, 3, 1))((4, 1, 1), (4, 1, 2), (4, 1, 3), (4, 2, 1), (4, 3, 1))((4, 0, 3), (4, 0, 4), (4, 0, 5), (4, 1, 5), (4, 2, 5))((4, 1, 4), (4, 2, 4), (4, 3, 4), (4, 3, 5), (4, 3, 6))((0, 3, 3), (1, 3, 3), (2, 3, 1), (2, 3, 2), (2, 3, 3))((2, 0, 3), (2, 1, 3), (2, 2, 1), (2, 2, 2), (2, 2, 3))((4, 2, 3), (4, 3, 3), (4, 4, 3), (4, 4, 4), (4, 4, 5))((0, 4, 2), (0, 4, 3), (0, 4, 4), (1, 4, 2), (2, 4, 2))((0, 1, 3), (0, 1, 4), (0, 1, 5), (1, 1, 5), (2, 1, 5))((0, 0, 3), (0, 0, 4), (0, 0, 5), (1, 0, 5), (2, 0, 5))((0, 2, 3), (0, 2, 4), (0, 2, 5), (0, 3, 5), (0, 4, 5))((0, 3, 4), (1, 3, 4), (2, 1, 4), (2, 2, 4), (2, 3, 4))((1, 0, 4), (1, 1, 4), (1, 2, 4), (2, 0, 4), (3, 0, 4))((1, 4, 3), (2, 4, 3), (3, 2, 3), (3, 3, 3), (3, 4, 3))((1, 4, 4), (2, 4, 4), (3, 2, 4), (3, 3, 4), (3, 4, 4))((4, 2, 8), (4, 3, 8), (4, 4, 6), (4, 4, 7), (4, 4, 8))((2, 3, 7), (3, 3, 7), (4, 1, 7), (4, 2, 7), (4, 3, 7))((2, 1, 8), (2, 2, 8), (2, 3, 8), (3, 1, 8), (4, 1, 8))((3, 2, 8), (3, 3, 8), (3, 4, 6), (3, 4, 7), (3, 4, 8))((1, 3, 6), (1, 3, 7), (1, 3, 8), (2, 3, 6), (3, 3, 6))((4, 0, 6), (4, 0, 7), (4, 0, 8), (4, 1, 6), (4, 2, 6))((2, 2, 5), (2, 3, 5), (2, 4, 5), (2, 4, 6), (2, 4, 7))((3, 2, 5), (3, 2, 6), (3, 2, 7), (3, 3, 5), (3, 4, 5))((1, 1, 7), (2, 1, 7), (3, 1, 5), (3, 1, 6), (3, 1, 7))((1, 2, 5), (1, 3, 5), (1, 4, 5), (1, 4, 6), (1, 4, 7))((1, 0, 7), (2, 0, 7), (3, 0, 5), (3, 0, 6), (3, 0, 7))((1, 0, 8), (1, 1, 8), (1, 2, 8), (2, 0, 8), (3, 0, 8))((0, 1, 6), (0, 1, 7), (0, 1, 8), (1, 1, 6), (2, 1, 6))((0, 2, 7), (0, 3, 7), (0, 4, 7), (1, 2, 7), (2, 2, 7))((0, 2, 6), (0, 3, 6), (0, 4, 6), (1, 2, 6), (2, 2, 6))((0, 2, 8), (0, 3, 8), (0, 4, 8), (1, 4, 8), (2, 4, 8))((0, 0, 6), (0, 0, 7), (0, 0, 8), (1, 0, 6), (2, 0, 6))
260
((0, 0, 0), (0, 0, 1), (0, 0, 2), (1, 0, 2), (2, 0, 2))((1, 0, 1), (2, 0, 1), (3, 0, 1), (3, 0, 2), (3, 0, 3))((1, 0, 0), (1, 1, 0), (1, 2, 0), (2, 2, 0), (3, 2, 0))((2, 0, 0), (3, 0, 0), (4, 0, 0), (4, 0, 1), (4, 0, 2))((2, 1, 0), (3, 1, 0), (4, 1, 0), (4, 2, 0), (4, 3, 0))((4, 2, 2), (4, 3, 2), (4, 4, 0), (4, 4, 1), (4, 4, 2))((3, 2, 2), (3, 3, 2), (3, 4, 0), (3, 4, 1), (3, 4, 2))((1, 3, 0), (1, 3, 1), (1, 3, 2), (2, 3, 0), (3, 3, 0))((0, 2, 0), (0, 3, 0), (0, 4, 0), (1, 4, 0), (2, 4, 0))((0, 1, 0), (0, 1, 1), (0, 1, 2), (0, 2, 2), (0, 3, 2))((0, 2, 1), (0, 3, 1), (0, 4, 1), (1, 4, 1), (2, 4, 1))((1, 2, 1), (1, 2, 2), (1, 2, 3), (2, 2, 1), (3, 2, 1))((2, 3, 1), (3, 3, 1), (4, 1, 1), (4, 2, 1), (4, 3, 1))((1, 1, 1), (1, 1, 2), (1, 1, 3), (2, 1, 1), (3, 1, 1))((2, 1, 2), (2, 2, 2), (2, 3, 2), (3, 1, 2), (4, 1, 2))((0, 4, 2), (0, 4, 3), (0, 4, 4), (1, 4, 2), (2, 4, 2))((2, 0, 5), (3, 0, 5), (4, 0, 3), (4, 0, 4), (4, 0, 5))((0, 0, 3), (0, 0, 4), (0, 0, 5), (1, 0, 3), (2, 0, 3))((0, 1, 3), (0, 2, 3), (0, 3, 3), (1, 3, 3), (2, 3, 3))((1, 4, 3), (1, 4, 4), (1, 4, 5), (2, 4, 3), (3, 4, 3))((1, 3, 5), (2, 3, 5), (3, 3, 3), (3, 3, 4), (3, 3, 5))((2, 2, 3), (3, 2, 3), (4, 2, 3), (4, 3, 3), (4, 4, 3))((2, 1, 3), (3, 1, 3), (4, 1, 3), (4, 1, 4), (4, 1, 5))((1, 1, 4), (1, 1, 5), (1, 1, 6), (1, 2, 4), (1, 3, 4))((0, 1, 4), (0, 1, 5), (0, 1, 6), (0, 2, 4), (0, 3, 4))((1, 1, 7), (2, 1, 7), (3, 1, 5), (3, 1, 6), (3, 1, 7))((1, 0, 4), (2, 0, 4), (3, 0, 4), (3, 1, 4), (3, 2, 4))((1, 0, 5), (1, 0, 6), (1, 0, 7), (2, 0, 7), (3, 0, 7))((0, 0, 6), (0, 0, 7), (0, 0, 8), (1, 0, 8), (2, 0, 8))((0, 1, 7), (0, 2, 7), (0, 3, 7), (1, 3, 7), (2, 3, 7))((0, 2, 5), (0, 3, 5), (0, 4, 5), (1, 2, 5), (2, 2, 5))((1, 2, 7), (2, 2, 7), (3, 2, 5), (3, 2, 6), (3, 2, 7))((1, 2, 8), (2, 2, 8), (3, 0, 8), (3, 1, 8), (3, 2, 8))((0, 1, 8), (0, 2, 8), (0, 3, 8), (1, 1, 8), (2, 1, 8))((1, 3, 8), (2, 3, 8), (3, 3, 6), (3, 3, 7), (3, 3, 8))((2, 1, 4), (2, 1, 5), (2, 1, 6), (2, 2, 4), (2, 3, 4))((1, 2, 6), (1, 3, 6), (1, 4, 6), (1, 4, 7), (1, 4, 8))((0, 2, 6), (0, 3, 6), (0, 4, 6), (0, 4, 7), (0, 4, 8))((2, 0, 6), (3, 0, 6), (4, 0, 6), (4, 0, 7), (4, 0, 8))((2, 2, 6), (2, 3, 6), (2, 4, 6), (3, 4, 6), (4, 4, 6))((2, 4, 5), (3, 4, 5), (4, 2, 5), (4, 3, 5), (4, 4, 5))((2, 4, 7), (3, 4, 7), (4, 2, 7), (4, 3, 7), (4, 4, 7))((2, 4, 4), (3, 4, 4), (4, 2, 4), (4, 3, 4), (4, 4, 4))((2, 4, 8), (3, 4, 8), (4, 2, 8), (4, 3, 8), (4, 4, 8))((4, 1, 6), (4, 1, 7), (4, 1, 8), (4, 2, 6), (4, 3, 6))
261
((0, 0, 0), (0, 0, 1), (0, 0, 2), (1, 0, 2), (2, 0, 2))((1, 0, 1), (2, 0, 1), (3, 0, 1), (3, 0, 2), (3, 0, 3))((1, 0, 0), (1, 1, 0), (1, 2, 0), (2, 2, 0), (3, 2, 0))((2, 0, 0), (3, 0, 0), (4, 0, 0), (4, 0, 1), (4, 0, 2))((2, 1, 0), (3, 1, 0), (4, 1, 0), (4, 2, 0), (4, 3, 0))((4, 2, 2), (4, 3, 2), (4, 4, 0), (4, 4, 1), (4, 4, 2))((3, 2, 2), (3, 3, 2), (3, 4, 0), (3, 4, 1), (3, 4, 2))((1, 3, 0), (1, 3, 1), (1, 3, 2), (2, 3, 0), (3, 3, 0))((0, 2, 0), (0, 3, 0), (0, 4, 0), (1, 4, 0), (2, 4, 0))((0, 1, 0), (0, 1, 1), (0, 1, 2), (0, 2, 2), (0, 3, 2))((0, 2, 1), (0, 3, 1), (0, 4, 1), (1, 4, 1), (2, 4, 1))((1, 2, 1), (1, 2, 2), (1, 2, 3), (2, 2, 1), (3, 2, 1))((2, 3, 1), (3, 3, 1), (4, 1, 1), (4, 2, 1), (4, 3, 1))((1, 1, 1), (1, 1, 2), (1, 1, 3), (2, 1, 1), (3, 1, 1))((2, 1, 2), (2, 2, 2), (2, 3, 2), (3, 1, 2), (4, 1, 2))((0, 4, 2), (0, 4, 3), (0, 4, 4), (1, 4, 2), (2, 4, 2))((2, 0, 5), (3, 0, 5), (4, 0, 3), (4, 0, 4), (4, 0, 5))((0, 0, 3), (0, 0, 4), (0, 0, 5), (1, 0, 3), (2, 0, 3))((0, 1, 3), (0, 2, 3), (0, 3, 3), (1, 3, 3), (2, 3, 3))((1, 4, 3), (1, 4, 4), (1, 4, 5), (2, 4, 3), (3, 4, 3))((1, 3, 5), (2, 3, 5), (3, 3, 3), (3, 3, 4), (3, 3, 5))((2, 2, 3), (3, 2, 3), (4, 2, 3), (4, 3, 3), (4, 4, 3))((2, 1, 3), (3, 1, 3), (4, 1, 3), (4, 1, 4), (4, 1, 5))((1, 1, 4), (1, 1, 5), (1, 1, 6), (1, 2, 4), (1, 3, 4))((0, 1, 4), (0, 1, 5), (0, 1, 6), (0, 2, 4), (0, 3, 4))((1, 1, 7), (2, 1, 7), (3, 1, 5), (3, 1, 6), (3, 1, 7))((1, 0, 4), (2, 0, 4), (3, 0, 4), (3, 1, 4), (3, 2, 4))((1, 0, 5), (1, 0, 6), (1, 0, 7), (2, 0, 7), (3, 0, 7))((0, 0, 6), (0, 0, 7), (0, 0, 8), (0, 1, 8), (0, 2, 8))((0, 1, 7), (0, 2, 7), (0, 3, 7), (1, 3, 7), (2, 3, 7))((0, 3, 8), (1, 3, 8), (2, 1, 8), (2, 2, 8), (2, 3, 8))((0, 2, 5), (0, 3, 5), (0, 4, 5), (1, 2, 5), (2, 2, 5))((1, 2, 7), (2, 2, 7), (3, 2, 5), (3, 2, 6), (3, 2, 7))((1, 0, 8), (1, 1, 8), (1, 2, 8), (2, 0, 8), (3, 0, 8))((3, 1, 8), (3, 2, 8), (3, 3, 6), (3, 3, 7), (3, 3, 8))((2, 1, 4), (2, 1, 5), (2, 1, 6), (2, 2, 4), (2, 3, 4))((1, 2, 6), (1, 3, 6), (1, 4, 6), (1, 4, 7), (1, 4, 8))((0, 2, 6), (0, 3, 6), (0, 4, 6), (0, 4, 7), (0, 4, 8))((2, 0, 6), (3, 0, 6), (4, 0, 6), (4, 0, 7), (4, 0, 8))((2, 2, 6), (2, 3, 6), (2, 4, 6), (3, 4, 6), (4, 4, 6))((2, 4, 5), (3, 4, 5), (4, 2, 5), (4, 3, 5), (4, 4, 5))((2, 4, 7), (3, 4, 7), (4, 2, 7), (4, 3, 7), (4, 4, 7))((2, 4, 4), (3, 4, 4), (4, 2, 4), (4, 3, 4), (4, 4, 4))((2, 4, 8), (3, 4, 8), (4, 2, 8), (4, 3, 8), (4, 4, 8))((4, 1, 6), (4, 1, 7), (4, 1, 8), (4, 2, 6), (4, 3, 6))
262
((0, 0, 0), (0, 0, 1), (0, 0, 2), (1, 0, 2), (2, 0, 2))((1, 0, 1), (2, 0, 1), (3, 0, 1), (3, 0, 2), (3, 0, 3))((1, 0, 0), (1, 1, 0), (1, 2, 0), (2, 2, 0), (3, 2, 0))((2, 0, 0), (3, 0, 0), (4, 0, 0), (4, 0, 1), (4, 0, 2))((2, 1, 0), (3, 1, 0), (4, 1, 0), (4, 2, 0), (4, 3, 0))((4, 2, 2), (4, 3, 2), (4, 4, 0), (4, 4, 1), (4, 4, 2))((3, 2, 2), (3, 3, 2), (3, 4, 0), (3, 4, 1), (3, 4, 2))((1, 3, 0), (1, 3, 1), (1, 3, 2), (2, 3, 0), (3, 3, 0))((0, 2, 0), (0, 3, 0), (0, 4, 0), (1, 4, 0), (2, 4, 0))((0, 1, 0), (0, 1, 1), (0, 1, 2), (0, 2, 2), (0, 3, 2))((0, 2, 1), (0, 3, 1), (0, 4, 1), (1, 4, 1), (2, 4, 1))((1, 2, 1), (1, 2, 2), (1, 2, 3), (2, 2, 1), (3, 2, 1))((2, 3, 1), (3, 3, 1), (4, 1, 1), (4, 2, 1), (4, 3, 1))((1, 1, 1), (1, 1, 2), (1, 1, 3), (2, 1, 1), (3, 1, 1))((2, 1, 2), (2, 2, 2), (2, 3, 2), (3, 1, 2), (4, 1, 2))((0, 4, 2), (0, 4, 3), (0, 4, 4), (1, 4, 2), (2, 4, 2))((2, 0, 5), (3, 0, 5), (4, 0, 3), (4, 0, 4), (4, 0, 5))((0, 0, 3), (0, 0, 4), (0, 0, 5), (1, 0, 3), (2, 0, 3))((0, 1, 3), (0, 2, 3), (0, 3, 3), (1, 3, 3), (2, 3, 3))((1, 4, 3), (1, 4, 4), (1, 4, 5), (2, 4, 3), (3, 4, 3))((1, 3, 5), (2, 3, 5), (3, 3, 3), (3, 3, 4), (3, 3, 5))((2, 2, 3), (3, 2, 3), (4, 2, 3), (4, 3, 3), (4, 4, 3))((2, 1, 3), (3, 1, 3), (4, 1, 3), (4, 1, 4), (4, 1, 5))((0, 1, 4), (0, 2, 4), (0, 3, 4), (1, 3, 4), (2, 3, 4))((2, 4, 4), (3, 4, 4), (4, 2, 4), (4, 3, 4), (4, 4, 4))((1, 0, 4), (1, 0, 5), (1, 0, 6), (2, 0, 4), (3, 0, 4))((1, 2, 4), (2, 2, 4), (3, 2, 4), (3, 2, 5), (3, 2, 6))((1, 1, 4), (2, 1, 4), (3, 1, 4), (3, 1, 5), (3, 1, 6))((2, 4, 5), (3, 4, 5), (4, 2, 5), (4, 3, 5), (4, 4, 5))((1, 1, 5), (1, 1, 6), (1, 1, 7), (1, 2, 7), (1, 3, 7))((2, 1, 5), (2, 1, 6), (2, 1, 7), (2, 2, 7), (2, 3, 7))((1, 0, 7), (2, 0, 7), (3, 0, 7), (3, 1, 7), (3, 2, 7))((0, 2, 5), (0, 3, 5), (0, 4, 5), (1, 2, 5), (2, 2, 5))((0, 1, 5), (0, 1, 6), (0, 1, 7), (0, 2, 7), (0, 3, 7))((0, 0, 6), (0, 0, 7), (0, 0, 8), (1, 0, 8), (2, 0, 8))((1, 2, 8), (2, 2, 8), (3, 0, 8), (3, 1, 8), (3, 2, 8))((0, 1, 8), (0, 2, 8), (0, 3, 8), (1, 1, 8), (2, 1, 8))((1, 3, 8), (2, 3, 8), (3, 3, 6), (3, 3, 7), (3, 3, 8))((1, 2, 6), (1, 3, 6), (1, 4, 6), (1, 4, 7), (1, 4, 8))((0, 2, 6), (0, 3, 6), (0, 4, 6), (0, 4, 7), (0, 4, 8))((2, 4, 7), (3, 4, 7), (4, 2, 7), (4, 3, 7), (4, 4, 7))((2, 2, 6), (2, 3, 6), (2, 4, 6), (3, 4, 6), (4, 4, 6))((2, 4, 8), (3, 4, 8), (4, 2, 8), (4, 3, 8), (4, 4, 8))((4, 1, 6), (4, 1, 7), (4, 1, 8), (4, 2, 6), (4, 3, 6))((2, 0, 6), (3, 0, 6), (4, 0, 6), (4, 0, 7), (4, 0, 8))
263
((0, 0, 0), (0, 0, 1), (0, 0, 2), (1, 0, 2), (2, 0, 2))((1, 0, 1), (2, 0, 1), (3, 0, 1), (3, 0, 2), (3, 0, 3))((1, 0, 0), (1, 1, 0), (1, 2, 0), (2, 2, 0), (3, 2, 0))((2, 0, 0), (3, 0, 0), (4, 0, 0), (4, 0, 1), (4, 0, 2))((2, 1, 0), (3, 1, 0), (4, 1, 0), (4, 2, 0), (4, 3, 0))((4, 2, 2), (4, 3, 2), (4, 4, 0), (4, 4, 1), (4, 4, 2))((3, 2, 2), (3, 3, 2), (3, 4, 0), (3, 4, 1), (3, 4, 2))((1, 3, 0), (1, 3, 1), (1, 3, 2), (2, 3, 0), (3, 3, 0))((0, 2, 0), (0, 3, 0), (0, 4, 0), (1, 4, 0), (2, 4, 0))((0, 1, 0), (0, 1, 1), (0, 1, 2), (0, 2, 2), (0, 3, 2))((0, 2, 1), (0, 3, 1), (0, 4, 1), (1, 4, 1), (2, 4, 1))((1, 2, 1), (1, 2, 2), (1, 2, 3), (2, 2, 1), (3, 2, 1))((2, 3, 1), (3, 3, 1), (4, 1, 1), (4, 2, 1), (4, 3, 1))((1, 1, 1), (1, 1, 2), (1, 1, 3), (2, 1, 1), (3, 1, 1))((2, 1, 2), (2, 2, 2), (2, 3, 2), (3, 1, 2), (4, 1, 2))((0, 4, 2), (0, 4, 3), (0, 4, 4), (1, 4, 2), (2, 4, 2))((2, 0, 5), (3, 0, 5), (4, 0, 3), (4, 0, 4), (4, 0, 5))((0, 0, 3), (0, 0, 4), (0, 0, 5), (1, 0, 3), (2, 0, 3))((0, 1, 3), (0, 2, 3), (0, 3, 3), (1, 3, 3), (2, 3, 3))((1, 4, 3), (1, 4, 4), (1, 4, 5), (2, 4, 3), (3, 4, 3))((1, 3, 5), (2, 3, 5), (3, 3, 3), (3, 3, 4), (3, 3, 5))((2, 2, 3), (3, 2, 3), (4, 2, 3), (4, 3, 3), (4, 4, 3))((2, 1, 3), (3, 1, 3), (4, 1, 3), (4, 1, 4), (4, 1, 5))((0, 1, 4), (0, 2, 4), (0, 3, 4), (1, 3, 4), (2, 3, 4))((2, 4, 4), (3, 4, 4), (4, 2, 4), (4, 3, 4), (4, 4, 4))((1, 0, 4), (1, 0, 5), (1, 0, 6), (2, 0, 4), (3, 0, 4))((1, 2, 4), (2, 2, 4), (3, 2, 4), (3, 2, 5), (3, 2, 6))((1, 1, 4), (2, 1, 4), (3, 1, 4), (3, 1, 5), (3, 1, 6))((2, 4, 5), (3, 4, 5), (4, 2, 5), (4, 3, 5), (4, 4, 5))((1, 1, 5), (1, 1, 6), (1, 1, 7), (1, 2, 7), (1, 3, 7))((2, 1, 5), (2, 1, 6), (2, 1, 7), (2, 2, 7), (2, 3, 7))((1, 0, 7), (2, 0, 7), (3, 0, 7), (3, 1, 7), (3, 2, 7))((0, 2, 5), (0, 3, 5), (0, 4, 5), (1, 2, 5), (2, 2, 5))((0, 1, 5), (0, 1, 6), (0, 1, 7), (0, 2, 7), (0, 3, 7))((0, 0, 6), (0, 0, 7), (0, 0, 8), (0, 1, 8), (0, 2, 8))((0, 3, 8), (1, 3, 8), (2, 1, 8), (2, 2, 8), (2, 3, 8))((1, 0, 8), (1, 1, 8), (1, 2, 8), (2, 0, 8), (3, 0, 8))((3, 1, 8), (3, 2, 8), (3, 3, 6), (3, 3, 7), (3, 3, 8))((1, 2, 6), (1, 3, 6), (1, 4, 6), (1, 4, 7), (1, 4, 8))((0, 2, 6), (0, 3, 6), (0, 4, 6), (0, 4, 7), (0, 4, 8))((2, 4, 7), (3, 4, 7), (4, 2, 7), (4, 3, 7), (4, 4, 7))((2, 2, 6), (2, 3, 6), (2, 4, 6), (3, 4, 6), (4, 4, 6))((2, 4, 8), (3, 4, 8), (4, 2, 8), (4, 3, 8), (4, 4, 8))((4, 1, 6), (4, 1, 7), (4, 1, 8), (4, 2, 6), (4, 3, 6))((2, 0, 6), (3, 0, 6), (4, 0, 6), (4, 0, 7), (4, 0, 8))
264
((0, 0, 0), (0, 0, 1), (0, 0, 2), (1, 0, 2), (2, 0, 2))((1, 0, 1), (2, 0, 1), (3, 0, 1), (3, 0, 2), (3, 0, 3))((1, 0, 0), (1, 1, 0), (1, 2, 0), (2, 2, 0), (3, 2, 0))((2, 0, 0), (3, 0, 0), (4, 0, 0), (4, 0, 1), (4, 0, 2))((2, 1, 0), (3, 1, 0), (4, 1, 0), (4, 2, 0), (4, 3, 0))((4, 2, 2), (4, 3, 2), (4, 4, 0), (4, 4, 1), (4, 4, 2))((3, 2, 2), (3, 3, 2), (3, 4, 0), (3, 4, 1), (3, 4, 2))((1, 3, 0), (1, 3, 1), (1, 3, 2), (2, 3, 0), (3, 3, 0))((0, 2, 0), (0, 3, 0), (0, 4, 0), (1, 4, 0), (2, 4, 0))((0, 1, 0), (0, 1, 1), (0, 1, 2), (0, 2, 2), (0, 3, 2))((0, 2, 1), (0, 3, 1), (0, 4, 1), (1, 4, 1), (2, 4, 1))((1, 2, 1), (1, 2, 2), (1, 2, 3), (2, 2, 1), (3, 2, 1))((2, 3, 1), (3, 3, 1), (4, 1, 1), (4, 2, 1), (4, 3, 1))((1, 1, 1), (1, 1, 2), (1, 1, 3), (2, 1, 1), (3, 1, 1))((4, 1, 2), (4, 1, 3), (4, 1, 4), (4, 2, 4), (4, 3, 4))((2, 0, 5), (3, 0, 5), (4, 0, 3), (4, 0, 4), (4, 0, 5))((3, 1, 2), (3, 1, 3), (3, 1, 4), (3, 2, 4), (3, 3, 4))((1, 0, 4), (1, 1, 4), (1, 2, 4), (2, 0, 4), (3, 0, 4))((0, 0, 3), (0, 0, 4), (0, 0, 5), (1, 0, 3), (2, 0, 3))((2, 1, 2), (2, 1, 3), (2, 1, 4), (2, 2, 4), (2, 3, 4))((0, 4, 2), (1, 4, 2), (2, 2, 2), (2, 3, 2), (2, 4, 2))((1, 3, 3), (1, 3, 4), (1, 3, 5), (2, 3, 3), (3, 3, 3))((2, 2, 3), (3, 2, 3), (4, 2, 3), (4, 3, 3), (4, 4, 3))((2, 4, 6), (3, 4, 6), (4, 4, 4), (4, 4, 5), (4, 4, 6))((2, 4, 7), (3, 4, 7), (4, 2, 7), (4, 3, 7), (4, 4, 7))((2, 4, 8), (3, 4, 8), (4, 2, 8), (4, 3, 8), (4, 4, 8))((2, 0, 6), (3, 0, 6), (4, 0, 6), (4, 0, 7), (4, 0, 8))((1, 2, 8), (1, 3, 8), (1, 4, 6), (1, 4, 7), (1, 4, 8))((0, 2, 8), (0, 3, 8), (0, 4, 6), (0, 4, 7), (0, 4, 8))((0, 0, 6), (0, 0, 7), (0, 0, 8), (0, 1, 6), (0, 2, 6))((0, 1, 8), (1, 1, 8), (2, 1, 8), (2, 2, 8), (2, 3, 8))((1, 0, 8), (2, 0, 8), (3, 0, 8), (3, 1, 8), (3, 2, 8))((3, 1, 6), (3, 2, 6), (3, 3, 6), (3, 3, 7), (3, 3, 8))((4, 1, 6), (4, 1, 7), (4, 1, 8), (4, 2, 6), (4, 3, 6))((0, 3, 6), (1, 3, 6), (2, 1, 6), (2, 2, 6), (2, 3, 6))((0, 1, 7), (0, 2, 7), (0, 3, 7), (1, 3, 7), (2, 3, 7))((1, 1, 5), (1, 1, 6), (1, 1, 7), (2, 1, 7), (3, 1, 7))((1, 0, 5), (1, 0, 6), (1, 0, 7), (2, 0, 7), (3, 0, 7))((1, 2, 5), (1, 2, 6), (1, 2, 7), (2, 2, 7), (3, 2, 7))((0, 1, 3), (0, 1, 4), (0, 1, 5), (0, 2, 5), (0, 3, 5))((0, 2, 4), (0, 3, 4), (0, 4, 4), (1, 4, 4), (2, 4, 4))((0, 2, 3), (0, 3, 3), (0, 4, 3), (1, 4, 3), (2, 4, 3))((0, 4, 5), (1, 4, 5), (2, 2, 5), (2, 3, 5), (2, 4, 5))((3, 2, 5), (3, 3, 5), (3, 4, 3), (3, 4, 4), (3, 4, 5))((2, 1, 5), (3, 1, 5), (4, 1, 5), (4, 2, 5), (4, 3, 5))
265
((0, 0, 0), (0, 0, 1), (0, 0, 2), (1, 0, 2), (2, 0, 2))((1, 0, 1), (2, 0, 1), (3, 0, 1), (3, 0, 2), (3, 0, 3))((1, 0, 0), (1, 1, 0), (1, 2, 0), (2, 2, 0), (3, 2, 0))((2, 0, 0), (3, 0, 0), (4, 0, 0), (4, 0, 1), (4, 0, 2))((2, 1, 0), (3, 1, 0), (4, 1, 0), (4, 2, 0), (4, 3, 0))((4, 2, 2), (4, 3, 2), (4, 4, 0), (4, 4, 1), (4, 4, 2))((3, 2, 2), (3, 3, 2), (3, 4, 0), (3, 4, 1), (3, 4, 2))((1, 3, 0), (1, 3, 1), (1, 3, 2), (2, 3, 0), (3, 3, 0))((0, 2, 0), (0, 3, 0), (0, 4, 0), (1, 4, 0), (2, 4, 0))((0, 1, 0), (0, 1, 1), (0, 1, 2), (0, 2, 2), (0, 3, 2))((0, 2, 1), (0, 3, 1), (0, 4, 1), (1, 4, 1), (2, 4, 1))((1, 2, 1), (1, 2, 2), (1, 2, 3), (2, 2, 1), (3, 2, 1))((2, 3, 1), (3, 3, 1), (4, 1, 1), (4, 2, 1), (4, 3, 1))((1, 1, 1), (1, 1, 2), (1, 1, 3), (2, 1, 1), (3, 1, 1))((4, 1, 2), (4, 1, 3), (4, 1, 4), (4, 2, 4), (4, 3, 4))((2, 0, 5), (3, 0, 5), (4, 0, 3), (4, 0, 4), (4, 0, 5))((3, 1, 2), (3, 1, 3), (3, 1, 4), (3, 2, 4), (3, 3, 4))((1, 0, 4), (1, 1, 4), (1, 2, 4), (2, 0, 4), (3, 0, 4))((0, 0, 3), (0, 0, 4), (0, 0, 5), (1, 0, 3), (2, 0, 3))((2, 1, 2), (2, 1, 3), (2, 1, 4), (2, 2, 4), (2, 3, 4))((0, 4, 2), (1, 4, 2), (2, 2, 2), (2, 3, 2), (2, 4, 2))((1, 3, 3), (1, 3, 4), (1, 3, 5), (2, 3, 3), (3, 3, 3))((2, 2, 3), (3, 2, 3), (4, 2, 3), (4, 3, 3), (4, 4, 3))((2, 4, 6), (3, 4, 6), (4, 4, 4), (4, 4, 5), (4, 4, 6))((2, 4, 7), (3, 4, 7), (4, 2, 7), (4, 3, 7), (4, 4, 7))((2, 4, 8), (3, 4, 8), (4, 2, 8), (4, 3, 8), (4, 4, 8))((2, 0, 6), (3, 0, 6), (4, 0, 6), (4, 0, 7), (4, 0, 8))((1, 2, 6), (1, 3, 6), (1, 4, 6), (1, 4, 7), (1, 4, 8))((1, 4, 5), (2, 4, 5), (3, 4, 3), (3, 4, 4), (3, 4, 5))((0, 2, 3), (0, 3, 3), (0, 4, 3), (1, 4, 3), (2, 4, 3))((0, 1, 3), (0, 1, 4), (0, 1, 5), (1, 1, 5), (2, 1, 5))((1, 0, 5), (1, 0, 6), (1, 0, 7), (2, 0, 7), (3, 0, 7))((0, 2, 4), (0, 3, 4), (0, 4, 4), (1, 4, 4), (2, 4, 4))((2, 3, 5), (3, 3, 5), (4, 1, 5), (4, 2, 5), (4, 3, 5))((1, 2, 7), (2, 2, 7), (3, 2, 5), (3, 2, 6), (3, 2, 7))((1, 1, 7), (2, 1, 7), (3, 1, 5), (3, 1, 6), (3, 1, 7))((0, 2, 5), (0, 3, 5), (0, 4, 5), (1, 2, 5), (2, 2, 5))((0, 1, 7), (0, 2, 7), (0, 3, 7), (1, 3, 7), (2, 3, 7))((0, 1, 6), (1, 1, 6), (2, 1, 6), (2, 2, 6), (2, 3, 6))((0, 2, 6), (0, 3, 6), (0, 4, 6), (0, 4, 7), (0, 4, 8))((4, 1, 6), (4, 1, 7), (4, 1, 8), (4, 2, 6), (4, 3, 6))((3, 1, 8), (3, 2, 8), (3, 3, 6), (3, 3, 7), (3, 3, 8))((1, 0, 8), (1, 1, 8), (1, 2, 8), (2, 0, 8), (3, 0, 8))((0, 3, 8), (1, 3, 8), (2, 1, 8), (2, 2, 8), (2, 3, 8))((0, 0, 6), (0, 0, 7), (0, 0, 8), (0, 1, 8), (0, 2, 8))
266
((0, 0, 0), (0, 0, 1), (0, 0, 2), (1, 0, 2), (2, 0, 2))((1, 0, 1), (2, 0, 1), (3, 0, 1), (3, 0, 2), (3, 0, 3))((1, 0, 0), (1, 1, 0), (1, 2, 0), (2, 2, 0), (3, 2, 0))((2, 0, 0), (3, 0, 0), (4, 0, 0), (4, 0, 1), (4, 0, 2))((2, 1, 0), (3, 1, 0), (4, 1, 0), (4, 2, 0), (4, 3, 0))((4, 2, 2), (4, 3, 2), (4, 4, 0), (4, 4, 1), (4, 4, 2))((3, 2, 2), (3, 3, 2), (3, 4, 0), (3, 4, 1), (3, 4, 2))((1, 3, 0), (1, 3, 1), (1, 3, 2), (2, 3, 0), (3, 3, 0))((0, 2, 0), (0, 3, 0), (0, 4, 0), (1, 4, 0), (2, 4, 0))((0, 1, 0), (0, 1, 1), (0, 1, 2), (0, 2, 2), (0, 3, 2))((0, 2, 1), (0, 3, 1), (0, 4, 1), (1, 4, 1), (2, 4, 1))((1, 2, 1), (1, 2, 2), (1, 2, 3), (2, 2, 1), (3, 2, 1))((2, 3, 1), (3, 3, 1), (4, 1, 1), (4, 2, 1), (4, 3, 1))((1, 1, 1), (1, 1, 2), (1, 1, 3), (2, 1, 1), (3, 1, 1))((4, 1, 2), (4, 1, 3), (4, 1, 4), (4, 2, 4), (4, 3, 4))((2, 0, 5), (3, 0, 5), (4, 0, 3), (4, 0, 4), (4, 0, 5))((3, 1, 2), (3, 1, 3), (3, 1, 4), (3, 2, 4), (3, 3, 4))((1, 0, 4), (1, 1, 4), (1, 2, 4), (2, 0, 4), (3, 0, 4))((0, 0, 3), (0, 0, 4), (0, 0, 5), (1, 0, 3), (2, 0, 3))((2, 1, 2), (2, 1, 3), (2, 1, 4), (2, 2, 4), (2, 3, 4))((0, 4, 2), (1, 4, 2), (2, 2, 2), (2, 3, 2), (2, 4, 2))((1, 3, 3), (1, 3, 4), (1, 3, 5), (2, 3, 3), (3, 3, 3))((2, 2, 3), (3, 2, 3), (4, 2, 3), (4, 3, 3), (4, 4, 3))((2, 4, 6), (3, 4, 6), (4, 4, 4), (4, 4, 5), (4, 4, 6))((2, 4, 7), (3, 4, 7), (4, 2, 7), (4, 3, 7), (4, 4, 7))((2, 4, 8), (3, 4, 8), (4, 2, 8), (4, 3, 8), (4, 4, 8))((2, 0, 6), (3, 0, 6), (4, 0, 6), (4, 0, 7), (4, 0, 8))((1, 2, 6), (1, 3, 6), (1, 4, 6), (1, 4, 7), (1, 4, 8))((1, 4, 5), (2, 4, 5), (3, 4, 3), (3, 4, 4), (3, 4, 5))((0, 2, 3), (0, 3, 3), (0, 4, 3), (1, 4, 3), (2, 4, 3))((0, 1, 3), (0, 1, 4), (0, 1, 5), (1, 1, 5), (2, 1, 5))((1, 0, 5), (1, 0, 6), (1, 0, 7), (2, 0, 7), (3, 0, 7))((0, 2, 4), (0, 3, 4), (0, 4, 4), (1, 4, 4), (2, 4, 4))((2, 3, 5), (3, 3, 5), (4, 1, 5), (4, 2, 5), (4, 3, 5))((1, 2, 7), (2, 2, 7), (3, 2, 5), (3, 2, 6), (3, 2, 7))((1, 1, 7), (2, 1, 7), (3, 1, 5), (3, 1, 6), (3, 1, 7))((0, 2, 5), (0, 3, 5), (0, 4, 5), (1, 2, 5), (2, 2, 5))((0, 1, 7), (0, 2, 7), (0, 3, 7), (1, 3, 7), (2, 3, 7))((0, 1, 6), (1, 1, 6), (2, 1, 6), (2, 2, 6), (2, 3, 6))((0, 2, 6), (0, 3, 6), (0, 4, 6), (0, 4, 7), (0, 4, 8))((4, 1, 6), (4, 1, 7), (4, 1, 8), (4, 2, 6), (4, 3, 6))((1, 3, 8), (2, 3, 8), (3, 3, 6), (3, 3, 7), (3, 3, 8))((0, 1, 8), (0, 2, 8), (0, 3, 8), (1, 1, 8), (2, 1, 8))((1, 2, 8), (2, 2, 8), (3, 0, 8), (3, 1, 8), (3, 2, 8))((0, 0, 6), (0, 0, 7), (0, 0, 8), (1, 0, 8), (2, 0, 8))
267
((0, 0, 0), (0, 0, 1), (0, 0, 2), (1, 0, 2), (2, 0, 2))((1, 0, 1), (2, 0, 1), (3, 0, 1), (3, 0, 2), (3, 0, 3))((1, 0, 0), (1, 1, 0), (1, 2, 0), (2, 2, 0), (3, 2, 0))((2, 0, 0), (3, 0, 0), (4, 0, 0), (4, 0, 1), (4, 0, 2))((2, 1, 0), (3, 1, 0), (4, 1, 0), (4, 1, 1), (4, 1, 2))((4, 2, 0), (4, 3, 0), (4, 4, 0), (4, 4, 1), (4, 4, 2))((1, 4, 0), (2, 4, 0), (3, 4, 0), (3, 4, 1), (3, 4, 2))((0, 4, 0), (0, 4, 1), (0, 4, 2), (1, 4, 2), (2, 4, 2))((1, 2, 1), (1, 2, 2), (1, 2, 3), (1, 3, 1), (1, 4, 1))((2, 2, 1), (2, 3, 1), (2, 4, 1), (3, 2, 1), (4, 2, 1))((4, 1, 3), (4, 2, 3), (4, 3, 1), (4, 3, 2), (4, 3, 3))((2, 2, 2), (2, 2, 3), (2, 2, 4), (3, 2, 2), (4, 2, 2))((2, 0, 5), (3, 0, 5), (4, 0, 3), (4, 0, 4), (4, 0, 5))((0, 0, 3), (0, 0, 4), (0, 0, 5), (1, 0, 3), (2, 0, 3))((1, 3, 2), (2, 3, 2), (3, 3, 0), (3, 3, 1), (3, 3, 2))((0, 1, 0), (0, 2, 0), (0, 3, 0), (1, 3, 0), (2, 3, 0))((1, 0, 4), (2, 0, 4), (3, 0, 4), (3, 1, 4), (3, 2, 4))((4, 2, 5), (4, 3, 5), (4, 4, 3), (4, 4, 4), (4, 4, 5))((2, 3, 4), (3, 3, 4), (4, 1, 4), (4, 2, 4), (4, 3, 4))((0, 1, 1), (0, 2, 1), (0, 3, 1), (1, 1, 1), (2, 1, 1))((1, 1, 3), (2, 1, 3), (3, 1, 1), (3, 1, 2), (3, 1, 3))((1, 4, 3), (2, 4, 3), (3, 2, 3), (3, 3, 3), (3, 4, 3))((0, 1, 3), (0, 2, 3), (0, 3, 3), (1, 3, 3), (2, 3, 3))((0, 1, 2), (0, 2, 2), (0, 3, 2), (1, 1, 2), (2, 1, 2))((0, 2, 5), (0, 3, 5), (0, 4, 3), (0, 4, 4), (0, 4, 5))((0, 1, 4), (0, 2, 4), (0, 3, 4), (1, 1, 4), (2, 1, 4))((1, 2, 4), (1, 3, 4), (1, 4, 4), (2, 4, 4), (3, 4, 4))((0, 1, 5), (0, 1, 6), (0, 1, 7), (0, 2, 7), (0, 3, 7))((0, 0, 6), (0, 0, 7), (0, 0, 8), (0, 1, 8), (0, 2, 8))((0, 3, 8), (1, 3, 8), (2, 1, 8), (2, 2, 8), (2, 3, 8))((0, 2, 6), (0, 3, 6), (0, 4, 6), (0, 4, 7), (0, 4, 8))((1, 0, 8), (1, 1, 8), (1, 2, 8), (2, 0, 8), (3, 0, 8))((3, 1, 6), (3, 1, 7), (3, 1, 8), (3, 2, 6), (3, 3, 6))((1, 4, 8), (2, 4, 8), (3, 2, 8), (3, 3, 8), (3, 4, 8))((2, 1, 5), (2, 1, 6), (2, 1, 7), (3, 1, 5), (4, 1, 5))((2, 3, 5), (2, 3, 6), (2, 3, 7), (3, 3, 7), (4, 3, 7))((2, 2, 5), (2, 2, 6), (2, 2, 7), (3, 2, 7), (4, 2, 7))((4, 2, 8), (4, 3, 8), (4, 4, 6), (4, 4, 7), (4, 4, 8))((4, 1, 6), (4, 1, 7), (4, 1, 8), (4, 2, 6), (4, 3, 6))((2, 0, 6), (3, 0, 6), (4, 0, 6), (4, 0, 7), (4, 0, 8))((1, 2, 6), (1, 3, 6), (1, 4, 6), (2, 4, 6), (3, 4, 6))((1, 2, 7), (1, 3, 7), (1, 4, 7), (2, 4, 7), (3, 4, 7))((1, 0, 5), (1, 0, 6), (1, 0, 7), (2, 0, 7), (3, 0, 7))((1, 4, 5), (2, 4, 5), (3, 2, 5), (3, 3, 5), (3, 4, 5))((1, 1, 5), (1, 1, 6), (1, 1, 7), (1, 2, 5), (1, 3, 5))
268
((0, 0, 0), (0, 0, 1), (0, 0, 2), (1, 0, 2), (2, 0, 2))((1, 0, 1), (2, 0, 1), (3, 0, 1), (3, 0, 2), (3, 0, 3))((1, 0, 0), (1, 1, 0), (1, 2, 0), (2, 2, 0), (3, 2, 0))((2, 0, 0), (3, 0, 0), (4, 0, 0), (4, 0, 1), (4, 0, 2))((2, 1, 0), (3, 1, 0), (4, 1, 0), (4, 1, 1), (4, 1, 2))((4, 2, 0), (4, 3, 0), (4, 4, 0), (4, 4, 1), (4, 4, 2))((1, 4, 0), (2, 4, 0), (3, 4, 0), (3, 4, 1), (3, 4, 2))((0, 4, 0), (0, 4, 1), (0, 4, 2), (1, 4, 2), (2, 4, 2))((1, 2, 1), (1, 2, 2), (1, 2, 3), (1, 3, 1), (1, 4, 1))((2, 2, 1), (2, 3, 1), (2, 4, 1), (3, 2, 1), (4, 2, 1))((4, 1, 3), (4, 2, 3), (4, 3, 1), (4, 3, 2), (4, 3, 3))((2, 2, 2), (2, 2, 3), (2, 2, 4), (3, 2, 2), (4, 2, 2))((2, 0, 5), (3, 0, 5), (4, 0, 3), (4, 0, 4), (4, 0, 5))((0, 0, 3), (0, 0, 4), (0, 0, 5), (1, 0, 3), (2, 0, 3))((1, 3, 2), (2, 3, 2), (3, 3, 0), (3, 3, 1), (3, 3, 2))((0, 1, 0), (0, 2, 0), (0, 3, 0), (1, 3, 0), (2, 3, 0))((1, 0, 4), (2, 0, 4), (3, 0, 4), (3, 1, 4), (3, 2, 4))((4, 2, 5), (4, 3, 5), (4, 4, 3), (4, 4, 4), (4, 4, 5))((2, 3, 4), (3, 3, 4), (4, 1, 4), (4, 2, 4), (4, 3, 4))((0, 1, 1), (0, 2, 1), (0, 3, 1), (1, 1, 1), (2, 1, 1))((1, 1, 3), (2, 1, 3), (3, 1, 1), (3, 1, 2), (3, 1, 3))((1, 4, 3), (2, 4, 3), (3, 2, 3), (3, 3, 3), (3, 4, 3))((0, 1, 3), (0, 2, 3), (0, 3, 3), (1, 3, 3), (2, 3, 3))((0, 1, 2), (0, 2, 2), (0, 3, 2), (1, 1, 2), (2, 1, 2))((0, 2, 5), (0, 3, 5), (0, 4, 3), (0, 4, 4), (0, 4, 5))((0, 1, 4), (0, 2, 4), (0, 3, 4), (1, 1, 4), (2, 1, 4))((1, 2, 4), (1, 3, 4), (1, 4, 4), (2, 4, 4), (3, 4, 4))((0, 1, 5), (0, 1, 6), (0, 1, 7), (0, 2, 7), (0, 3, 7))((0, 0, 6), (0, 0, 7), (0, 0, 8), (0, 1, 8), (0, 2, 8))((0, 3, 8), (1, 3, 8), (2, 1, 8), (2, 2, 8), (2, 3, 8))((0, 2, 6), (0, 3, 6), (0, 4, 6), (0, 4, 7), (0, 4, 8))((1, 0, 8), (1, 1, 8), (1, 2, 8), (2, 0, 8), (3, 0, 8))((3, 1, 6), (3, 1, 7), (3, 1, 8), (3, 2, 6), (3, 3, 6))((1, 4, 8), (2, 4, 8), (3, 2, 8), (3, 3, 8), (3, 4, 8))((2, 1, 5), (2, 1, 6), (2, 1, 7), (3, 1, 5), (4, 1, 5))((2, 3, 5), (2, 3, 6), (2, 3, 7), (3, 3, 7), (4, 3, 7))((2, 2, 5), (2, 2, 6), (2, 2, 7), (3, 2, 7), (4, 2, 7))((4, 1, 6), (4, 1, 7), (4, 1, 8), (4, 2, 8), (4, 3, 8))((2, 0, 6), (3, 0, 6), (4, 0, 6), (4, 0, 7), (4, 0, 8))((1, 0, 5), (1, 0, 6), (1, 0, 7), (2, 0, 7), (3, 0, 7))((1, 4, 5), (2, 4, 5), (3, 2, 5), (3, 3, 5), (3, 4, 5))((1, 2, 7), (1, 3, 7), (1, 4, 7), (2, 4, 7), (3, 4, 7))((1, 2, 6), (1, 3, 6), (1, 4, 6), (2, 4, 6), (3, 4, 6))((4, 2, 6), (4, 3, 6), (4, 4, 6), (4, 4, 7), (4, 4, 8))((1, 1, 5), (1, 1, 6), (1, 1, 7), (1, 2, 5), (1, 3, 5))
269
((0, 0, 0), (0, 0, 1), (0, 0, 2), (1, 0, 2), (2, 0, 2))((1, 0, 1), (2, 0, 1), (3, 0, 1), (3, 0, 2), (3, 0, 3))((1, 0, 0), (1, 1, 0), (1, 2, 0), (2, 2, 0), (3, 2, 0))((2, 0, 0), (3, 0, 0), (4, 0, 0), (4, 0, 1), (4, 0, 2))((2, 1, 0), (3, 1, 0), (4, 1, 0), (4, 1, 1), (4, 1, 2))((4, 2, 0), (4, 3, 0), (4, 4, 0), (4, 4, 1), (4, 4, 2))((1, 4, 0), (2, 4, 0), (3, 4, 0), (3, 4, 1), (3, 4, 2))((0, 4, 0), (0, 4, 1), (0, 4, 2), (1, 4, 2), (2, 4, 2))((1, 2, 1), (1, 2, 2), (1, 2, 3), (1, 3, 1), (1, 4, 1))((2, 2, 1), (2, 3, 1), (2, 4, 1), (3, 2, 1), (4, 2, 1))((4, 1, 3), (4, 2, 3), (4, 3, 1), (4, 3, 2), (4, 3, 3))((2, 2, 2), (2, 2, 3), (2, 2, 4), (3, 2, 2), (4, 2, 2))((2, 0, 5), (3, 0, 5), (4, 0, 3), (4, 0, 4), (4, 0, 5))((0, 0, 3), (0, 0, 4), (0, 0, 5), (1, 0, 3), (2, 0, 3))((1, 3, 2), (2, 3, 2), (3, 3, 0), (3, 3, 1), (3, 3, 2))((0, 1, 0), (0, 2, 0), (0, 3, 0), (1, 3, 0), (2, 3, 0))((1, 0, 4), (2, 0, 4), (3, 0, 4), (3, 1, 4), (3, 2, 4))((2, 4, 5), (3, 4, 5), (4, 4, 3), (4, 4, 4), (4, 4, 5))((1, 2, 4), (1, 3, 4), (1, 4, 4), (2, 4, 4), (3, 4, 4))((1, 4, 3), (2, 4, 3), (3, 2, 3), (3, 3, 3), (3, 4, 3))((1, 1, 3), (2, 1, 3), (3, 1, 1), (3, 1, 2), (3, 1, 3))((0, 1, 1), (0, 2, 1), (0, 3, 1), (1, 1, 1), (2, 1, 1))((0, 1, 2), (0, 2, 2), (0, 3, 2), (1, 1, 2), (2, 1, 2))((0, 1, 3), (0, 2, 3), (0, 3, 3), (1, 3, 3), (2, 3, 3))((0, 2, 5), (0, 3, 5), (0, 4, 3), (0, 4, 4), (0, 4, 5))((0, 1, 4), (0, 2, 4), (0, 3, 4), (1, 1, 4), (2, 1, 4))((2, 3, 4), (3, 3, 4), (4, 1, 4), (4, 2, 4), (4, 3, 4))((1, 2, 5), (1, 2, 6), (1, 2, 7), (1, 3, 5), (1, 4, 5))((1, 0, 5), (1, 0, 6), (1, 0, 7), (2, 0, 7), (3, 0, 7))((0, 0, 6), (0, 0, 7), (0, 0, 8), (1, 0, 8), (2, 0, 8))((1, 2, 8), (2, 2, 8), (3, 0, 8), (3, 1, 8), (3, 2, 8))((2, 0, 6), (3, 0, 6), (4, 0, 6), (4, 0, 7), (4, 0, 8))((0, 1, 8), (0, 2, 8), (0, 3, 8), (1, 1, 8), (2, 1, 8))((1, 3, 6), (1, 3, 7), (1, 3, 8), (2, 3, 6), (3, 3, 6))((2, 3, 8), (3, 3, 8), (4, 1, 8), (4, 2, 8), (4, 3, 8))((3, 2, 5), (3, 2, 6), (3, 2, 7), (3, 3, 7), (3, 4, 7))((2, 2, 5), (2, 2, 6), (2, 2, 7), (2, 3, 7), (2, 4, 7))((0, 1, 5), (0, 1, 6), (0, 1, 7), (0, 2, 7), (0, 3, 7))((0, 2, 6), (0, 3, 6), (0, 4, 6), (0, 4, 7), (0, 4, 8))((2, 3, 5), (3, 3, 5), (4, 1, 5), (4, 2, 5), (4, 3, 5))((2, 1, 6), (3, 1, 6), (4, 1, 6), (4, 2, 6), (4, 3, 6))((2, 1, 7), (3, 1, 7), (4, 1, 7), (4, 2, 7), (4, 3, 7))((1, 1, 5), (1, 1, 6), (1, 1, 7), (2, 1, 5), (3, 1, 5))((2, 4, 8), (3, 4, 8), (4, 4, 6), (4, 4, 7), (4, 4, 8))((1, 4, 6), (1, 4, 7), (1, 4, 8), (2, 4, 6), (3, 4, 6))
270
((0, 0, 0), (0, 0, 1), (0, 0, 2), (1, 0, 2), (2, 0, 2))((1, 0, 1), (2, 0, 1), (3, 0, 1), (3, 0, 2), (3, 0, 3))((1, 0, 0), (1, 1, 0), (1, 2, 0), (2, 2, 0), (3, 2, 0))((2, 0, 0), (3, 0, 0), (4, 0, 0), (4, 0, 1), (4, 0, 2))((2, 1, 0), (3, 1, 0), (4, 1, 0), (4, 1, 1), (4, 1, 2))((4, 2, 0), (4, 3, 0), (4, 4, 0), (4, 4, 1), (4, 4, 2))((1, 4, 0), (2, 4, 0), (3, 4, 0), (3, 4, 1), (3, 4, 2))((0, 4, 0), (0, 4, 1), (0, 4, 2), (1, 4, 2), (2, 4, 2))((1, 2, 1), (1, 2, 2), (1, 2, 3), (1, 3, 1), (1, 4, 1))((2, 2, 1), (2, 3, 1), (2, 4, 1), (3, 2, 1), (4, 2, 1))((4, 1, 3), (4, 2, 3), (4, 3, 1), (4, 3, 2), (4, 3, 3))((2, 2, 2), (2, 2, 3), (2, 2, 4), (3, 2, 2), (4, 2, 2))((2, 0, 5), (3, 0, 5), (4, 0, 3), (4, 0, 4), (4, 0, 5))((0, 0, 3), (0, 0, 4), (0, 0, 5), (1, 0, 3), (2, 0, 3))((1, 3, 2), (2, 3, 2), (3, 3, 0), (3, 3, 1), (3, 3, 2))((0, 1, 0), (0, 2, 0), (0, 3, 0), (1, 3, 0), (2, 3, 0))((1, 0, 4), (2, 0, 4), (3, 0, 4), (3, 1, 4), (3, 2, 4))((2, 4, 5), (3, 4, 5), (4, 4, 3), (4, 4, 4), (4, 4, 5))((1, 2, 4), (1, 3, 4), (1, 4, 4), (2, 4, 4), (3, 4, 4))((1, 4, 3), (2, 4, 3), (3, 2, 3), (3, 3, 3), (3, 4, 3))((1, 1, 3), (2, 1, 3), (3, 1, 1), (3, 1, 2), (3, 1, 3))((0, 1, 1), (0, 2, 1), (0, 3, 1), (1, 1, 1), (2, 1, 1))((0, 1, 2), (0, 2, 2), (0, 3, 2), (1, 1, 2), (2, 1, 2))((0, 1, 3), (0, 2, 3), (0, 3, 3), (1, 3, 3), (2, 3, 3))((0, 2, 5), (0, 3, 5), (0, 4, 3), (0, 4, 4), (0, 4, 5))((0, 1, 4), (0, 2, 4), (0, 3, 4), (1, 1, 4), (2, 1, 4))((2, 3, 4), (3, 3, 4), (4, 1, 4), (4, 2, 4), (4, 3, 4))((1, 2, 5), (1, 2, 6), (1, 2, 7), (1, 3, 5), (1, 4, 5))((1, 0, 5), (1, 0, 6), (1, 0, 7), (2, 0, 7), (3, 0, 7))((0, 0, 6), (0, 0, 7), (0, 0, 8), (1, 0, 8), (2, 0, 8))((1, 2, 8), (2, 2, 8), (3, 0, 8), (3, 1, 8), (3, 2, 8))((2, 0, 6), (3, 0, 6), (4, 0, 6), (4, 0, 7), (4, 0, 8))((0, 1, 8), (0, 2, 8), (0, 3, 8), (1, 1, 8), (2, 1, 8))((1, 3, 6), (1, 3, 7), (1, 3, 8), (2, 3, 6), (3, 3, 6))((2, 3, 8), (3, 3, 8), (4, 1, 8), (4, 2, 8), (4, 3, 8))((3, 2, 5), (3, 2, 6), (3, 2, 7), (3, 3, 7), (3, 4, 7))((2, 2, 5), (2, 2, 6), (2, 2, 7), (2, 3, 7), (2, 4, 7))((0, 1, 5), (0, 1, 6), (0, 1, 7), (0, 2, 7), (0, 3, 7))((0, 2, 6), (0, 3, 6), (0, 4, 6), (0, 4, 7), (0, 4, 8))((2, 3, 5), (3, 3, 5), (4, 1, 5), (4, 2, 5), (4, 3, 5))((2, 1, 6), (3, 1, 6), (4, 1, 6), (4, 2, 6), (4, 3, 6))((2, 1, 7), (3, 1, 7), (4, 1, 7), (4, 2, 7), (4, 3, 7))((1, 1, 5), (1, 1, 6), (1, 1, 7), (2, 1, 5), (3, 1, 5))((2, 4, 6), (3, 4, 6), (4, 4, 6), (4, 4, 7), (4, 4, 8))((1, 4, 6), (1, 4, 7), (1, 4, 8), (2, 4, 8), (3, 4, 8))
271
((0, 0, 0), (0, 0, 1), (0, 0, 2), (1, 0, 2), (2, 0, 2))((1, 0, 1), (2, 0, 1), (3, 0, 1), (3, 0, 2), (3, 0, 3))((1, 0, 0), (1, 1, 0), (1, 2, 0), (2, 2, 0), (3, 2, 0))((2, 0, 0), (3, 0, 0), (4, 0, 0), (4, 0, 1), (4, 0, 2))((2, 1, 0), (3, 1, 0), (4, 1, 0), (4, 1, 1), (4, 1, 2))((4, 2, 0), (4, 3, 0), (4, 4, 0), (4, 4, 1), (4, 4, 2))((1, 4, 0), (2, 4, 0), (3, 4, 0), (3, 4, 1), (3, 4, 2))((0, 4, 0), (0, 4, 1), (0, 4, 2), (1, 4, 2), (2, 4, 2))((1, 2, 1), (1, 2, 2), (1, 2, 3), (1, 3, 1), (1, 4, 1))((2, 2, 1), (2, 3, 1), (2, 4, 1), (3, 2, 1), (4, 2, 1))((4, 1, 3), (4, 2, 3), (4, 3, 1), (4, 3, 2), (4, 3, 3))((2, 2, 2), (2, 2, 3), (2, 2, 4), (3, 2, 2), (4, 2, 2))((2, 0, 5), (3, 0, 5), (4, 0, 3), (4, 0, 4), (4, 0, 5))((0, 0, 3), (0, 0, 4), (0, 0, 5), (1, 0, 3), (2, 0, 3))((1, 3, 2), (2, 3, 2), (3, 3, 0), (3, 3, 1), (3, 3, 2))((0, 1, 0), (0, 2, 0), (0, 3, 0), (1, 3, 0), (2, 3, 0))((1, 0, 4), (1, 1, 4), (1, 2, 4), (2, 0, 4), (3, 0, 4))((4, 2, 5), (4, 3, 5), (4, 4, 3), (4, 4, 4), (4, 4, 5))((2, 1, 4), (3, 1, 4), (4, 1, 4), (4, 2, 4), (4, 3, 4))((1, 1, 3), (2, 1, 3), (3, 1, 1), (3, 1, 2), (3, 1, 3))((0, 1, 1), (0, 2, 1), (0, 3, 1), (1, 1, 1), (2, 1, 1))((0, 1, 2), (0, 2, 2), (0, 3, 2), (1, 1, 2), (2, 1, 2))((1, 4, 3), (2, 4, 3), (3, 2, 3), (3, 3, 3), (3, 4, 3))((0, 2, 5), (0, 3, 5), (0, 4, 3), (0, 4, 4), (0, 4, 5))((0, 1, 4), (0, 2, 4), (0, 3, 4), (1, 3, 4), (2, 3, 4))((0, 1, 3), (0, 2, 3), (0, 3, 3), (1, 3, 3), (2, 3, 3))((1, 4, 4), (2, 4, 4), (3, 2, 4), (3, 3, 4), (3, 4, 4))((0, 1, 5), (0, 1, 6), (0, 1, 7), (0, 2, 7), (0, 3, 7))((0, 0, 6), (0, 0, 7), (0, 0, 8), (0, 1, 8), (0, 2, 8))((0, 3, 8), (1, 3, 8), (2, 1, 8), (2, 2, 8), (2, 3, 8))((0, 2, 6), (0, 3, 6), (0, 4, 6), (0, 4, 7), (0, 4, 8))((1, 0, 8), (1, 1, 8), (1, 2, 8), (2, 0, 8), (3, 0, 8))((3, 1, 6), (3, 1, 7), (3, 1, 8), (3, 2, 6), (3, 3, 6))((1, 4, 8), (2, 4, 8), (3, 2, 8), (3, 3, 8), (3, 4, 8))((2, 1, 5), (2, 1, 6), (2, 1, 7), (3, 1, 5), (4, 1, 5))((2, 3, 5), (2, 3, 6), (2, 3, 7), (3, 3, 7), (4, 3, 7))((2, 2, 5), (2, 2, 6), (2, 2, 7), (3, 2, 7), (4, 2, 7))((4, 2, 8), (4, 3, 8), (4, 4, 6), (4, 4, 7), (4, 4, 8))((4, 1, 6), (4, 1, 7), (4, 1, 8), (4, 2, 6), (4, 3, 6))((2, 0, 6), (3, 0, 6), (4, 0, 6), (4, 0, 7), (4, 0, 8))((1, 2, 6), (1, 3, 6), (1, 4, 6), (2, 4, 6), (3, 4, 6))((1, 2, 7), (1, 3, 7), (1, 4, 7), (2, 4, 7), (3, 4, 7))((1, 0, 5), (1, 0, 6), (1, 0, 7), (2, 0, 7), (3, 0, 7))((1, 4, 5), (2, 4, 5), (3, 2, 5), (3, 3, 5), (3, 4, 5))((1, 1, 5), (1, 1, 6), (1, 1, 7), (1, 2, 5), (1, 3, 5))
272
((0, 0, 0), (0, 0, 1), (0, 0, 2), (1, 0, 2), (2, 0, 2))((1, 0, 1), (2, 0, 1), (3, 0, 1), (3, 0, 2), (3, 0, 3))((1, 0, 0), (1, 1, 0), (1, 2, 0), (2, 2, 0), (3, 2, 0))((2, 0, 0), (3, 0, 0), (4, 0, 0), (4, 0, 1), (4, 0, 2))((2, 1, 0), (3, 1, 0), (4, 1, 0), (4, 1, 1), (4, 1, 2))((4, 2, 0), (4, 3, 0), (4, 4, 0), (4, 4, 1), (4, 4, 2))((1, 4, 0), (2, 4, 0), (3, 4, 0), (3, 4, 1), (3, 4, 2))((0, 4, 0), (0, 4, 1), (0, 4, 2), (1, 4, 2), (2, 4, 2))((1, 2, 1), (1, 2, 2), (1, 2, 3), (1, 3, 1), (1, 4, 1))((2, 2, 1), (2, 3, 1), (2, 4, 1), (3, 2, 1), (4, 2, 1))((4, 1, 3), (4, 2, 3), (4, 3, 1), (4, 3, 2), (4, 3, 3))((2, 2, 2), (2, 2, 3), (2, 2, 4), (3, 2, 2), (4, 2, 2))((2, 0, 5), (3, 0, 5), (4, 0, 3), (4, 0, 4), (4, 0, 5))((0, 0, 3), (0, 0, 4), (0, 0, 5), (1, 0, 3), (2, 0, 3))((1, 3, 2), (2, 3, 2), (3, 3, 0), (3, 3, 1), (3, 3, 2))((0, 1, 0), (0, 2, 0), (0, 3, 0), (1, 3, 0), (2, 3, 0))((1, 0, 4), (1, 1, 4), (1, 2, 4), (2, 0, 4), (3, 0, 4))((4, 2, 5), (4, 3, 5), (4, 4, 3), (4, 4, 4), (4, 4, 5))((2, 1, 4), (3, 1, 4), (4, 1, 4), (4, 2, 4), (4, 3, 4))((1, 1, 3), (2, 1, 3), (3, 1, 1), (3, 1, 2), (3, 1, 3))((0, 1, 1), (0, 2, 1), (0, 3, 1), (1, 1, 1), (2, 1, 1))((0, 1, 2), (0, 2, 2), (0, 3, 2), (1, 1, 2), (2, 1, 2))((1, 4, 3), (2, 4, 3), (3, 2, 3), (3, 3, 3), (3, 4, 3))((0, 2, 5), (0, 3, 5), (0, 4, 3), (0, 4, 4), (0, 4, 5))((0, 1, 4), (0, 2, 4), (0, 3, 4), (1, 3, 4), (2, 3, 4))((0, 1, 3), (0, 2, 3), (0, 3, 3), (1, 3, 3), (2, 3, 3))((1, 4, 4), (2, 4, 4), (3, 2, 4), (3, 3, 4), (3, 4, 4))((0, 1, 5), (0, 1, 6), (0, 1, 7), (0, 2, 7), (0, 3, 7))((0, 0, 6), (0, 0, 7), (0, 0, 8), (0, 1, 8), (0, 2, 8))((0, 3, 8), (1, 3, 8), (2, 1, 8), (2, 2, 8), (2, 3, 8))((0, 2, 6), (0, 3, 6), (0, 4, 6), (0, 4, 7), (0, 4, 8))((1, 0, 8), (1, 1, 8), (1, 2, 8), (2, 0, 8), (3, 0, 8))((3, 1, 6), (3, 1, 7), (3, 1, 8), (3, 2, 6), (3, 3, 6))((1, 4, 8), (2, 4, 8), (3, 2, 8), (3, 3, 8), (3, 4, 8))((2, 1, 5), (2, 1, 6), (2, 1, 7), (3, 1, 5), (4, 1, 5))((2, 3, 5), (2, 3, 6), (2, 3, 7), (3, 3, 7), (4, 3, 7))((2, 2, 5), (2, 2, 6), (2, 2, 7), (3, 2, 7), (4, 2, 7))((4, 1, 6), (4, 1, 7), (4, 1, 8), (4, 2, 8), (4, 3, 8))((2, 0, 6), (3, 0, 6), (4, 0, 6), (4, 0, 7), (4, 0, 8))((1, 0, 5), (1, 0, 6), (1, 0, 7), (2, 0, 7), (3, 0, 7))((1, 4, 5), (2, 4, 5), (3, 2, 5), (3, 3, 5), (3, 4, 5))((1, 2, 7), (1, 3, 7), (1, 4, 7), (2, 4, 7), (3, 4, 7))((1, 2, 6), (1, 3, 6), (1, 4, 6), (2, 4, 6), (3, 4, 6))((4, 2, 6), (4, 3, 6), (4, 4, 6), (4, 4, 7), (4, 4, 8))((1, 1, 5), (1, 1, 6), (1, 1, 7), (1, 2, 5), (1, 3, 5))
273
((0, 0, 0), (0, 0, 1), (0, 0, 2), (1, 0, 2), (2, 0, 2))((1, 0, 1), (2, 0, 1), (3, 0, 1), (3, 0, 2), (3, 0, 3))((1, 0, 0), (1, 1, 0), (1, 2, 0), (2, 2, 0), (3, 2, 0))((2, 0, 0), (3, 0, 0), (4, 0, 0), (4, 0, 1), (4, 0, 2))((2, 1, 0), (3, 1, 0), (4, 1, 0), (4, 1, 1), (4, 1, 2))((4, 2, 0), (4, 3, 0), (4, 4, 0), (4, 4, 1), (4, 4, 2))((1, 4, 0), (2, 4, 0), (3, 4, 0), (3, 4, 1), (3, 4, 2))((0, 4, 0), (0, 4, 1), (0, 4, 2), (1, 4, 2), (2, 4, 2))((1, 2, 1), (1, 2, 2), (1, 2, 3), (1, 3, 1), (1, 4, 1))((2, 2, 1), (2, 3, 1), (2, 4, 1), (3, 2, 1), (4, 2, 1))((4, 1, 3), (4, 2, 3), (4, 3, 1), (4, 3, 2), (4, 3, 3))((2, 2, 2), (2, 2, 3), (2, 2, 4), (3, 2, 2), (4, 2, 2))((2, 0, 5), (3, 0, 5), (4, 0, 3), (4, 0, 4), (4, 0, 5))((0, 0, 3), (0, 0, 4), (0, 0, 5), (1, 0, 3), (2, 0, 3))((1, 3, 2), (2, 3, 2), (3, 3, 0), (3, 3, 1), (3, 3, 2))((0, 1, 0), (0, 2, 0), (0, 3, 0), (1, 3, 0), (2, 3, 0))((1, 0, 4), (1, 1, 4), (1, 2, 4), (2, 0, 4), (3, 0, 4))((2, 4, 5), (3, 4, 5), (4, 4, 3), (4, 4, 4), (4, 4, 5))((1, 4, 4), (2, 4, 4), (3, 2, 4), (3, 3, 4), (3, 4, 4))((1, 4, 3), (2, 4, 3), (3, 2, 3), (3, 3, 3), (3, 4, 3))((1, 1, 3), (2, 1, 3), (3, 1, 1), (3, 1, 2), (3, 1, 3))((0, 1, 1), (0, 2, 1), (0, 3, 1), (1, 1, 1), (2, 1, 1))((0, 1, 2), (0, 2, 2), (0, 3, 2), (1, 1, 2), (2, 1, 2))((0, 2, 5), (0, 3, 5), (0, 4, 3), (0, 4, 4), (0, 4, 5))((0, 1, 4), (0, 2, 4), (0, 3, 4), (1, 3, 4), (2, 3, 4))((0, 1, 3), (0, 2, 3), (0, 3, 3), (1, 3, 3), (2, 3, 3))((2, 1, 4), (3, 1, 4), (4, 1, 4), (4, 2, 4), (4, 3, 4))((1, 2, 5), (1, 2, 6), (1, 2, 7), (1, 3, 5), (1, 4, 5))((1, 0, 5), (1, 0, 6), (1, 0, 7), (2, 0, 7), (3, 0, 7))((0, 0, 6), (0, 0, 7), (0, 0, 8), (1, 0, 8), (2, 0, 8))((1, 2, 8), (2, 2, 8), (3, 0, 8), (3, 1, 8), (3, 2, 8))((2, 0, 6), (3, 0, 6), (4, 0, 6), (4, 0, 7), (4, 0, 8))((0, 1, 8), (0, 2, 8), (0, 3, 8), (1, 1, 8), (2, 1, 8))((1, 3, 6), (1, 3, 7), (1, 3, 8), (2, 3, 6), (3, 3, 6))((2, 3, 8), (3, 3, 8), (4, 1, 8), (4, 2, 8), (4, 3, 8))((3, 2, 5), (3, 2, 6), (3, 2, 7), (3, 3, 7), (3, 4, 7))((2, 2, 5), (2, 2, 6), (2, 2, 7), (2, 3, 7), (2, 4, 7))((0, 1, 5), (0, 1, 6), (0, 1, 7), (0, 2, 7), (0, 3, 7))((0, 2, 6), (0, 3, 6), (0, 4, 6), (0, 4, 7), (0, 4, 8))((2, 3, 5), (3, 3, 5), (4, 1, 5), (4, 2, 5), (4, 3, 5))((2, 1, 6), (3, 1, 6), (4, 1, 6), (4, 2, 6), (4, 3, 6))((2, 1, 7), (3, 1, 7), (4, 1, 7), (4, 2, 7), (4, 3, 7))((1, 1, 5), (1, 1, 6), (1, 1, 7), (2, 1, 5), (3, 1, 5))((2, 4, 8), (3, 4, 8), (4, 4, 6), (4, 4, 7), (4, 4, 8))((1, 4, 6), (1, 4, 7), (1, 4, 8), (2, 4, 6), (3, 4, 6))
274
((0, 0, 0), (0, 0, 1), (0, 0, 2), (1, 0, 2), (2, 0, 2))((1, 0, 1), (2, 0, 1), (3, 0, 1), (3, 0, 2), (3, 0, 3))((1, 0, 0), (1, 1, 0), (1, 2, 0), (2, 2, 0), (3, 2, 0))((2, 0, 0), (3, 0, 0), (4, 0, 0), (4, 0, 1), (4, 0, 2))((2, 1, 0), (3, 1, 0), (4, 1, 0), (4, 1, 1), (4, 1, 2))((4, 2, 0), (4, 3, 0), (4, 4, 0), (4, 4, 1), (4, 4, 2))((1, 4, 0), (2, 4, 0), (3, 4, 0), (3, 4, 1), (3, 4, 2))((0, 4, 0), (0, 4, 1), (0, 4, 2), (1, 4, 2), (2, 4, 2))((1, 2, 1), (1, 2, 2), (1, 2, 3), (1, 3, 1), (1, 4, 1))((2, 2, 1), (2, 3, 1), (2, 4, 1), (3, 2, 1), (4, 2, 1))((4, 1, 3), (4, 2, 3), (4, 3, 1), (4, 3, 2), (4, 3, 3))((2, 2, 2), (2, 2, 3), (2, 2, 4), (3, 2, 2), (4, 2, 2))((2, 0, 5), (3, 0, 5), (4, 0, 3), (4, 0, 4), (4, 0, 5))((0, 0, 3), (0, 0, 4), (0, 0, 5), (1, 0, 3), (2, 0, 3))((1, 3, 2), (2, 3, 2), (3, 3, 0), (3, 3, 1), (3, 3, 2))((0, 1, 0), (0, 2, 0), (0, 3, 0), (1, 3, 0), (2, 3, 0))((1, 0, 4), (1, 1, 4), (1, 2, 4), (2, 0, 4), (3, 0, 4))((2, 4, 5), (3, 4, 5), (4, 4, 3), (4, 4, 4), (4, 4, 5))((1, 4, 4), (2, 4, 4), (3, 2, 4), (3, 3, 4), (3, 4, 4))((1, 4, 3), (2, 4, 3), (3, 2, 3), (3, 3, 3), (3, 4, 3))((1, 1, 3), (2, 1, 3), (3, 1, 1), (3, 1, 2), (3, 1, 3))((0, 1, 1), (0, 2, 1), (0, 3, 1), (1, 1, 1), (2, 1, 1))((0, 1, 2), (0, 2, 2), (0, 3, 2), (1, 1, 2), (2, 1, 2))((0, 2, 5), (0, 3, 5), (0, 4, 3), (0, 4, 4), (0, 4, 5))((0, 1, 4), (0, 2, 4), (0, 3, 4), (1, 3, 4), (2, 3, 4))((0, 1, 3), (0, 2, 3), (0, 3, 3), (1, 3, 3), (2, 3, 3))((2, 1, 4), (3, 1, 4), (4, 1, 4), (4, 2, 4), (4, 3, 4))((1, 2, 5), (1, 2, 6), (1, 2, 7), (1, 3, 5), (1, 4, 5))((1, 0, 5), (1, 0, 6), (1, 0, 7), (2, 0, 7), (3, 0, 7))((0, 0, 6), (0, 0, 7), (0, 0, 8), (1, 0, 8), (2, 0, 8))((1, 2, 8), (2, 2, 8), (3, 0, 8), (3, 1, 8), (3, 2, 8))((2, 0, 6), (3, 0, 6), (4, 0, 6), (4, 0, 7), (4, 0, 8))((0, 1, 8), (0, 2, 8), (0, 3, 8), (1, 1, 8), (2, 1, 8))((1, 3, 6), (1, 3, 7), (1, 3, 8), (2, 3, 6), (3, 3, 6))((2, 3, 8), (3, 3, 8), (4, 1, 8), (4, 2, 8), (4, 3, 8))((3, 2, 5), (3, 2, 6), (3, 2, 7), (3, 3, 7), (3, 4, 7))((2, 2, 5), (2, 2, 6), (2, 2, 7), (2, 3, 7), (2, 4, 7))((0, 1, 5), (0, 1, 6), (0, 1, 7), (0, 2, 7), (0, 3, 7))((0, 2, 6), (0, 3, 6), (0, 4, 6), (0, 4, 7), (0, 4, 8))((2, 3, 5), (3, 3, 5), (4, 1, 5), (4, 2, 5), (4, 3, 5))((2, 1, 6), (3, 1, 6), (4, 1, 6), (4, 2, 6), (4, 3, 6))((2, 1, 7), (3, 1, 7), (4, 1, 7), (4, 2, 7), (4, 3, 7))((1, 1, 5), (1, 1, 6), (1, 1, 7), (2, 1, 5), (3, 1, 5))((2, 4, 6), (3, 4, 6), (4, 4, 6), (4, 4, 7), (4, 4, 8))((1, 4, 6), (1, 4, 7), (1, 4, 8), (2, 4, 8), (3, 4, 8))
275
((0, 0, 0), (0, 0, 1), (0, 0, 2), (1, 0, 2), (2, 0, 2))((1, 0, 1), (2, 0, 1), (3, 0, 1), (3, 0, 2), (3, 0, 3))((1, 0, 0), (1, 1, 0), (1, 2, 0), (2, 2, 0), (3, 2, 0))((2, 0, 0), (3, 0, 0), (4, 0, 0), (4, 0, 1), (4, 0, 2))((2, 1, 0), (3, 1, 0), (4, 1, 0), (4, 1, 1), (4, 1, 2))((4, 2, 0), (4, 3, 0), (4, 4, 0), (4, 4, 1), (4, 4, 2))((1, 4, 2), (2, 4, 2), (3, 4, 0), (3, 4, 1), (3, 4, 2))((0, 4, 0), (0, 4, 1), (0, 4, 2), (1, 4, 0), (2, 4, 0))((1, 2, 1), (1, 2, 2), (1, 2, 3), (1, 3, 1), (1, 4, 1))((2, 2, 1), (2, 3, 1), (2, 4, 1), (3, 2, 1), (4, 2, 1))((4, 1, 3), (4, 2, 3), (4, 3, 1), (4, 3, 2), (4, 3, 3))((2, 2, 2), (2, 2, 3), (2, 2, 4), (3, 2, 2), (4, 2, 2))((2, 0, 5), (3, 0, 5), (4, 0, 3), (4, 0, 4), (4, 0, 5))((0, 0, 3), (0, 0, 4), (0, 0, 5), (1, 0, 3), (2, 0, 3))((1, 3, 2), (2, 3, 2), (3, 3, 0), (3, 3, 1), (3, 3, 2))((0, 1, 0), (0, 2, 0), (0, 3, 0), (1, 3, 0), (2, 3, 0))((1, 0, 4), (2, 0, 4), (3, 0, 4), (3, 1, 4), (3, 2, 4))((4, 2, 5), (4, 3, 5), (4, 4, 3), (4, 4, 4), (4, 4, 5))((2, 3, 4), (3, 3, 4), (4, 1, 4), (4, 2, 4), (4, 3, 4))((0, 1, 1), (0, 2, 1), (0, 3, 1), (1, 1, 1), (2, 1, 1))((1, 1, 3), (2, 1, 3), (3, 1, 1), (3, 1, 2), (3, 1, 3))((1, 4, 3), (2, 4, 3), (3, 2, 3), (3, 3, 3), (3, 4, 3))((0, 1, 3), (0, 2, 3), (0, 3, 3), (1, 3, 3), (2, 3, 3))((0, 1, 2), (0, 2, 2), (0, 3, 2), (1, 1, 2), (2, 1, 2))((0, 2, 5), (0, 3, 5), (0, 4, 3), (0, 4, 4), (0, 4, 5))((0, 1, 4), (0, 2, 4), (0, 3, 4), (1, 1, 4), (2, 1, 4))((1, 2, 4), (1, 3, 4), (1, 4, 4), (2, 4, 4), (3, 4, 4))((0, 1, 5), (0, 1, 6), (0, 1, 7), (0, 2, 7), (0, 3, 7))((0, 0, 6), (0, 0, 7), (0, 0, 8), (0, 1, 8), (0, 2, 8))((0, 3, 8), (1, 3, 8), (2, 1, 8), (2, 2, 8), (2, 3, 8))((0, 2, 6), (0, 3, 6), (0, 4, 6), (0, 4, 7), (0, 4, 8))((1, 0, 8), (1, 1, 8), (1, 2, 8), (2, 0, 8), (3, 0, 8))((3, 1, 6), (3, 1, 7), (3, 1, 8), (3, 2, 6), (3, 3, 6))((1, 4, 8), (2, 4, 8), (3, 2, 8), (3, 3, 8), (3, 4, 8))((2, 1, 5), (2, 1, 6), (2, 1, 7), (3, 1, 5), (4, 1, 5))((2, 3, 5), (2, 3, 6), (2, 3, 7), (3, 3, 7), (4, 3, 7))((2, 2, 5), (2, 2, 6), (2, 2, 7), (3, 2, 7), (4, 2, 7))((4, 2, 8), (4, 3, 8), (4, 4, 6), (4, 4, 7), (4, 4, 8))((4, 1, 6), (4, 1, 7), (4, 1, 8), (4, 2, 6), (4, 3, 6))((2, 0, 6), (3, 0, 6), (4, 0, 6), (4, 0, 7), (4, 0, 8))((1, 2, 6), (1, 3, 6), (1, 4, 6), (2, 4, 6), (3, 4, 6))((1, 2, 7), (1, 3, 7), (1, 4, 7), (2, 4, 7), (3, 4, 7))((1, 0, 5), (1, 0, 6), (1, 0, 7), (2, 0, 7), (3, 0, 7))((1, 4, 5), (2, 4, 5), (3, 2, 5), (3, 3, 5), (3, 4, 5))((1, 1, 5), (1, 1, 6), (1, 1, 7), (1, 2, 5), (1, 3, 5))
276
((0, 0, 0), (0, 0, 1), (0, 0, 2), (1, 0, 2), (2, 0, 2))((1, 0, 1), (2, 0, 1), (3, 0, 1), (3, 0, 2), (3, 0, 3))((1, 0, 0), (1, 1, 0), (1, 2, 0), (2, 2, 0), (3, 2, 0))((2, 0, 0), (3, 0, 0), (4, 0, 0), (4, 0, 1), (4, 0, 2))((2, 1, 0), (3, 1, 0), (4, 1, 0), (4, 1, 1), (4, 1, 2))((4, 2, 0), (4, 3, 0), (4, 4, 0), (4, 4, 1), (4, 4, 2))((1, 4, 2), (2, 4, 2), (3, 4, 0), (3, 4, 1), (3, 4, 2))((0, 4, 0), (0, 4, 1), (0, 4, 2), (1, 4, 0), (2, 4, 0))((1, 2, 1), (1, 2, 2), (1, 2, 3), (1, 3, 1), (1, 4, 1))((2, 2, 1), (2, 3, 1), (2, 4, 1), (3, 2, 1), (4, 2, 1))((4, 1, 3), (4, 2, 3), (4, 3, 1), (4, 3, 2), (4, 3, 3))((2, 2, 2), (2, 2, 3), (2, 2, 4), (3, 2, 2), (4, 2, 2))((2, 0, 5), (3, 0, 5), (4, 0, 3), (4, 0, 4), (4, 0, 5))((0, 0, 3), (0, 0, 4), (0, 0, 5), (1, 0, 3), (2, 0, 3))((1, 3, 2), (2, 3, 2), (3, 3, 0), (3, 3, 1), (3, 3, 2))((0, 1, 0), (0, 2, 0), (0, 3, 0), (1, 3, 0), (2, 3, 0))((1, 0, 4), (2, 0, 4), (3, 0, 4), (3, 1, 4), (3, 2, 4))((4, 2, 5), (4, 3, 5), (4, 4, 3), (4, 4, 4), (4, 4, 5))((2, 3, 4), (3, 3, 4), (4, 1, 4), (4, 2, 4), (4, 3, 4))((0, 1, 1), (0, 2, 1), (0, 3, 1), (1, 1, 1), (2, 1, 1))((1, 1, 3), (2, 1, 3), (3, 1, 1), (3, 1, 2), (3, 1, 3))((1, 4, 3), (2, 4, 3), (3, 2, 3), (3, 3, 3), (3, 4, 3))((0, 1, 3), (0, 2, 3), (0, 3, 3), (1, 3, 3), (2, 3, 3))((0, 1, 2), (0, 2, 2), (0, 3, 2), (1, 1, 2), (2, 1, 2))((0, 2, 5), (0, 3, 5), (0, 4, 3), (0, 4, 4), (0, 4, 5))((0, 1, 4), (0, 2, 4), (0, 3, 4), (1, 1, 4), (2, 1, 4))((1, 2, 4), (1, 3, 4), (1, 4, 4), (2, 4, 4), (3, 4, 4))((0, 1, 5), (0, 1, 6), (0, 1, 7), (0, 2, 7), (0, 3, 7))((0, 0, 6), (0, 0, 7), (0, 0, 8), (0, 1, 8), (0, 2, 8))((0, 3, 8), (1, 3, 8), (2, 1, 8), (2, 2, 8), (2, 3, 8))((0, 2, 6), (0, 3, 6), (0, 4, 6), (0, 4, 7), (0, 4, 8))((1, 0, 8), (1, 1, 8), (1, 2, 8), (2, 0, 8), (3, 0, 8))((3, 1, 6), (3, 1, 7), (3, 1, 8), (3, 2, 6), (3, 3, 6))((1, 4, 8), (2, 4, 8), (3, 2, 8), (3, 3, 8), (3, 4, 8))((2, 1, 5), (2, 1, 6), (2, 1, 7), (3, 1, 5), (4, 1, 5))((2, 3, 5), (2, 3, 6), (2, 3, 7), (3, 3, 7), (4, 3, 7))((2, 2, 5), (2, 2, 6), (2, 2, 7), (3, 2, 7), (4, 2, 7))((4, 1, 6), (4, 1, 7), (4, 1, 8), (4, 2, 8), (4, 3, 8))((2, 0, 6), (3, 0, 6), (4, 0, 6), (4, 0, 7), (4, 0, 8))((1, 0, 5), (1, 0, 6), (1, 0, 7), (2, 0, 7), (3, 0, 7))((1, 4, 5), (2, 4, 5), (3, 2, 5), (3, 3, 5), (3, 4, 5))((1, 2, 7), (1, 3, 7), (1, 4, 7), (2, 4, 7), (3, 4, 7))((1, 2, 6), (1, 3, 6), (1, 4, 6), (2, 4, 6), (3, 4, 6))((4, 2, 6), (4, 3, 6), (4, 4, 6), (4, 4, 7), (4, 4, 8))((1, 1, 5), (1, 1, 6), (1, 1, 7), (1, 2, 5), (1, 3, 5))
277
((0, 0, 0), (0, 0, 1), (0, 0, 2), (1, 0, 2), (2, 0, 2))((1, 0, 1), (2, 0, 1), (3, 0, 1), (3, 0, 2), (3, 0, 3))((1, 0, 0), (1, 1, 0), (1, 2, 0), (2, 2, 0), (3, 2, 0))((2, 0, 0), (3, 0, 0), (4, 0, 0), (4, 0, 1), (4, 0, 2))((2, 1, 0), (3, 1, 0), (4, 1, 0), (4, 1, 1), (4, 1, 2))((4, 2, 0), (4, 3, 0), (4, 4, 0), (4, 4, 1), (4, 4, 2))((1, 4, 2), (2, 4, 2), (3, 4, 0), (3, 4, 1), (3, 4, 2))((0, 4, 0), (0, 4, 1), (0, 4, 2), (1, 4, 0), (2, 4, 0))((1, 2, 1), (1, 2, 2), (1, 2, 3), (1, 3, 1), (1, 4, 1))((2, 2, 1), (2, 3, 1), (2, 4, 1), (3, 2, 1), (4, 2, 1))((4, 1, 3), (4, 2, 3), (4, 3, 1), (4, 3, 2), (4, 3, 3))((2, 2, 2), (2, 2, 3), (2, 2, 4), (3, 2, 2), (4, 2, 2))((2, 0, 5), (3, 0, 5), (4, 0, 3), (4, 0, 4), (4, 0, 5))((0, 0, 3), (0, 0, 4), (0, 0, 5), (1, 0, 3), (2, 0, 3))((1, 3, 2), (2, 3, 2), (3, 3, 0), (3, 3, 1), (3, 3, 2))((0, 1, 0), (0, 2, 0), (0, 3, 0), (1, 3, 0), (2, 3, 0))((1, 0, 4), (2, 0, 4), (3, 0, 4), (3, 1, 4), (3, 2, 4))((2, 4, 5), (3, 4, 5), (4, 4, 3), (4, 4, 4), (4, 4, 5))((1, 2, 4), (1, 3, 4), (1, 4, 4), (2, 4, 4), (3, 4, 4))((1, 4, 3), (2, 4, 3), (3, 2, 3), (3, 3, 3), (3, 4, 3))((1, 1, 3), (2, 1, 3), (3, 1, 1), (3, 1, 2), (3, 1, 3))((0, 1, 1), (0, 2, 1), (0, 3, 1), (1, 1, 1), (2, 1, 1))((0, 1, 2), (0, 2, 2), (0, 3, 2), (1, 1, 2), (2, 1, 2))((0, 1, 3), (0, 2, 3), (0, 3, 3), (1, 3, 3), (2, 3, 3))((0, 2, 5), (0, 3, 5), (0, 4, 3), (0, 4, 4), (0, 4, 5))((0, 1, 4), (0, 2, 4), (0, 3, 4), (1, 1, 4), (2, 1, 4))((2, 3, 4), (3, 3, 4), (4, 1, 4), (4, 2, 4), (4, 3, 4))((1, 2, 5), (1, 2, 6), (1, 2, 7), (1, 3, 5), (1, 4, 5))((1, 0, 5), (1, 0, 6), (1, 0, 7), (2, 0, 7), (3, 0, 7))((0, 0, 6), (0, 0, 7), (0, 0, 8), (1, 0, 8), (2, 0, 8))((1, 2, 8), (2, 2, 8), (3, 0, 8), (3, 1, 8), (3, 2, 8))((2, 0, 6), (3, 0, 6), (4, 0, 6), (4, 0, 7), (4, 0, 8))((0, 1, 8), (0, 2, 8), (0, 3, 8), (1, 1, 8), (2, 1, 8))((1, 3, 6), (1, 3, 7), (1, 3, 8), (2, 3, 6), (3, 3, 6))((2, 3, 8), (3, 3, 8), (4, 1, 8), (4, 2, 8), (4, 3, 8))((3, 2, 5), (3, 2, 6), (3, 2, 7), (3, 3, 7), (3, 4, 7))((2, 2, 5), (2, 2, 6), (2, 2, 7), (2, 3, 7), (2, 4, 7))((0, 1, 5), (0, 1, 6), (0, 1, 7), (0, 2, 7), (0, 3, 7))((0, 2, 6), (0, 3, 6), (0, 4, 6), (0, 4, 7), (0, 4, 8))((2, 3, 5), (3, 3, 5), (4, 1, 5), (4, 2, 5), (4, 3, 5))((2, 1, 6), (3, 1, 6), (4, 1, 6), (4, 2, 6), (4, 3, 6))((2, 1, 7), (3, 1, 7), (4, 1, 7), (4, 2, 7), (4, 3, 7))((1, 1, 5), (1, 1, 6), (1, 1, 7), (2, 1, 5), (3, 1, 5))((2, 4, 8), (3, 4, 8), (4, 4, 6), (4, 4, 7), (4, 4, 8))((1, 4, 6), (1, 4, 7), (1, 4, 8), (2, 4, 6), (3, 4, 6))
278
((0, 0, 0), (0, 0, 1), (0, 0, 2), (1, 0, 2), (2, 0, 2))((1, 0, 1), (2, 0, 1), (3, 0, 1), (3, 0, 2), (3, 0, 3))((1, 0, 0), (1, 1, 0), (1, 2, 0), (2, 2, 0), (3, 2, 0))((2, 0, 0), (3, 0, 0), (4, 0, 0), (4, 0, 1), (4, 0, 2))((2, 1, 0), (3, 1, 0), (4, 1, 0), (4, 1, 1), (4, 1, 2))((4, 2, 0), (4, 3, 0), (4, 4, 0), (4, 4, 1), (4, 4, 2))((1, 4, 2), (2, 4, 2), (3, 4, 0), (3, 4, 1), (3, 4, 2))((0, 4, 0), (0, 4, 1), (0, 4, 2), (1, 4, 0), (2, 4, 0))((1, 2, 1), (1, 2, 2), (1, 2, 3), (1, 3, 1), (1, 4, 1))((2, 2, 1), (2, 3, 1), (2, 4, 1), (3, 2, 1), (4, 2, 1))((4, 1, 3), (4, 2, 3), (4, 3, 1), (4, 3, 2), (4, 3, 3))((2, 2, 2), (2, 2, 3), (2, 2, 4), (3, 2, 2), (4, 2, 2))((2, 0, 5), (3, 0, 5), (4, 0, 3), (4, 0, 4), (4, 0, 5))((0, 0, 3), (0, 0, 4), (0, 0, 5), (1, 0, 3), (2, 0, 3))((1, 3, 2), (2, 3, 2), (3, 3, 0), (3, 3, 1), (3, 3, 2))((0, 1, 0), (0, 2, 0), (0, 3, 0), (1, 3, 0), (2, 3, 0))((1, 0, 4), (2, 0, 4), (3, 0, 4), (3, 1, 4), (3, 2, 4))((2, 4, 5), (3, 4, 5), (4, 4, 3), (4, 4, 4), (4, 4, 5))((1, 2, 4), (1, 3, 4), (1, 4, 4), (2, 4, 4), (3, 4, 4))((1, 4, 3), (2, 4, 3), (3, 2, 3), (3, 3, 3), (3, 4, 3))((1, 1, 3), (2, 1, 3), (3, 1, 1), (3, 1, 2), (3, 1, 3))((0, 1, 1), (0, 2, 1), (0, 3, 1), (1, 1, 1), (2, 1, 1))((0, 1, 2), (0, 2, 2), (0, 3, 2), (1, 1, 2), (2, 1, 2))((0, 1, 3), (0, 2, 3), (0, 3, 3), (1, 3, 3), (2, 3, 3))((0, 2, 5), (0, 3, 5), (0, 4, 3), (0, 4, 4), (0, 4, 5))((0, 1, 4), (0, 2, 4), (0, 3, 4), (1, 1, 4), (2, 1, 4))((2, 3, 4), (3, 3, 4), (4, 1, 4), (4, 2, 4), (4, 3, 4))((1, 2, 5), (1, 2, 6), (1, 2, 7), (1, 3, 5), (1, 4, 5))((1, 0, 5), (1, 0, 6), (1, 0, 7), (2, 0, 7), (3, 0, 7))((0, 0, 6), (0, 0, 7), (0, 0, 8), (1, 0, 8), (2, 0, 8))((1, 2, 8), (2, 2, 8), (3, 0, 8), (3, 1, 8), (3, 2, 8))((2, 0, 6), (3, 0, 6), (4, 0, 6), (4, 0, 7), (4, 0, 8))((0, 1, 8), (0, 2, 8), (0, 3, 8), (1, 1, 8), (2, 1, 8))((1, 3, 6), (1, 3, 7), (1, 3, 8), (2, 3, 6), (3, 3, 6))((2, 3, 8), (3, 3, 8), (4, 1, 8), (4, 2, 8), (4, 3, 8))((3, 2, 5), (3, 2, 6), (3, 2, 7), (3, 3, 7), (3, 4, 7))((2, 2, 5), (2, 2, 6), (2, 2, 7), (2, 3, 7), (2, 4, 7))((0, 1, 5), (0, 1, 6), (0, 1, 7), (0, 2, 7), (0, 3, 7))((0, 2, 6), (0, 3, 6), (0, 4, 6), (0, 4, 7), (0, 4, 8))((2, 3, 5), (3, 3, 5), (4, 1, 5), (4, 2, 5), (4, 3, 5))((2, 1, 6), (3, 1, 6), (4, 1, 6), (4, 2, 6), (4, 3, 6))((2, 1, 7), (3, 1, 7), (4, 1, 7), (4, 2, 7), (4, 3, 7))((1, 1, 5), (1, 1, 6), (1, 1, 7), (2, 1, 5), (3, 1, 5))((2, 4, 6), (3, 4, 6), (4, 4, 6), (4, 4, 7), (4, 4, 8))((1, 4, 6), (1, 4, 7), (1, 4, 8), (2, 4, 8), (3, 4, 8))
279
((0, 0, 0), (0, 0, 1), (0, 0, 2), (1, 0, 2), (2, 0, 2))((1, 0, 1), (2, 0, 1), (3, 0, 1), (3, 0, 2), (3, 0, 3))((1, 0, 0), (1, 1, 0), (1, 2, 0), (2, 2, 0), (3, 2, 0))((2, 0, 0), (3, 0, 0), (4, 0, 0), (4, 0, 1), (4, 0, 2))((2, 1, 0), (3, 1, 0), (4, 1, 0), (4, 1, 1), (4, 1, 2))((4, 2, 0), (4, 3, 0), (4, 4, 0), (4, 4, 1), (4, 4, 2))((1, 4, 2), (2, 4, 2), (3, 4, 0), (3, 4, 1), (3, 4, 2))((0, 4, 0), (0, 4, 1), (0, 4, 2), (1, 4, 0), (2, 4, 0))((1, 2, 1), (1, 2, 2), (1, 2, 3), (1, 3, 1), (1, 4, 1))((2, 2, 1), (2, 3, 1), (2, 4, 1), (3, 2, 1), (4, 2, 1))((4, 1, 3), (4, 2, 3), (4, 3, 1), (4, 3, 2), (4, 3, 3))((2, 2, 2), (2, 2, 3), (2, 2, 4), (3, 2, 2), (4, 2, 2))((2, 0, 5), (3, 0, 5), (4, 0, 3), (4, 0, 4), (4, 0, 5))((0, 0, 3), (0, 0, 4), (0, 0, 5), (1, 0, 3), (2, 0, 3))((1, 3, 2), (2, 3, 2), (3, 3, 0), (3, 3, 1), (3, 3, 2))((0, 1, 0), (0, 2, 0), (0, 3, 0), (1, 3, 0), (2, 3, 0))((1, 0, 4), (1, 1, 4), (1, 2, 4), (2, 0, 4), (3, 0, 4))((4, 2, 5), (4, 3, 5), (4, 4, 3), (4, 4, 4), (4, 4, 5))((2, 1, 4), (3, 1, 4), (4, 1, 4), (4, 2, 4), (4, 3, 4))((1, 1, 3), (2, 1, 3), (3, 1, 1), (3, 1, 2), (3, 1, 3))((0, 1, 1), (0, 2, 1), (0, 3, 1), (1, 1, 1), (2, 1, 1))((0, 1, 2), (0, 2, 2), (0, 3, 2), (1, 1, 2), (2, 1, 2))((1, 4, 3), (2, 4, 3), (3, 2, 3), (3, 3, 3), (3, 4, 3))((0, 2, 5), (0, 3, 5), (0, 4, 3), (0, 4, 4), (0, 4, 5))((0, 1, 4), (0, 2, 4), (0, 3, 4), (1, 3, 4), (2, 3, 4))((0, 1, 3), (0, 2, 3), (0, 3, 3), (1, 3, 3), (2, 3, 3))((1, 4, 4), (2, 4, 4), (3, 2, 4), (3, 3, 4), (3, 4, 4))((0, 1, 5), (0, 1, 6), (0, 1, 7), (0, 2, 7), (0, 3, 7))((0, 0, 6), (0, 0, 7), (0, 0, 8), (0, 1, 8), (0, 2, 8))((0, 3, 8), (1, 3, 8), (2, 1, 8), (2, 2, 8), (2, 3, 8))((0, 2, 6), (0, 3, 6), (0, 4, 6), (0, 4, 7), (0, 4, 8))((1, 0, 8), (1, 1, 8), (1, 2, 8), (2, 0, 8), (3, 0, 8))((3, 1, 6), (3, 1, 7), (3, 1, 8), (3, 2, 6), (3, 3, 6))((1, 4, 8), (2, 4, 8), (3, 2, 8), (3, 3, 8), (3, 4, 8))((2, 1, 5), (2, 1, 6), (2, 1, 7), (3, 1, 5), (4, 1, 5))((2, 3, 5), (2, 3, 6), (2, 3, 7), (3, 3, 7), (4, 3, 7))((2, 2, 5), (2, 2, 6), (2, 2, 7), (3, 2, 7), (4, 2, 7))((4, 2, 8), (4, 3, 8), (4, 4, 6), (4, 4, 7), (4, 4, 8))((4, 1, 6), (4, 1, 7), (4, 1, 8), (4, 2, 6), (4, 3, 6))((2, 0, 6), (3, 0, 6), (4, 0, 6), (4, 0, 7), (4, 0, 8))((1, 2, 6), (1, 3, 6), (1, 4, 6), (2, 4, 6), (3, 4, 6))((1, 2, 7), (1, 3, 7), (1, 4, 7), (2, 4, 7), (3, 4, 7))((1, 0, 5), (1, 0, 6), (1, 0, 7), (2, 0, 7), (3, 0, 7))((1, 4, 5), (2, 4, 5), (3, 2, 5), (3, 3, 5), (3, 4, 5))((1, 1, 5), (1, 1, 6), (1, 1, 7), (1, 2, 5), (1, 3, 5))
280
((0, 0, 0), (0, 0, 1), (0, 0, 2), (1, 0, 2), (2, 0, 2))((1, 0, 1), (2, 0, 1), (3, 0, 1), (3, 0, 2), (3, 0, 3))((1, 0, 0), (1, 1, 0), (1, 2, 0), (2, 2, 0), (3, 2, 0))((2, 0, 0), (3, 0, 0), (4, 0, 0), (4, 0, 1), (4, 0, 2))((2, 1, 0), (3, 1, 0), (4, 1, 0), (4, 1, 1), (4, 1, 2))((4, 2, 0), (4, 3, 0), (4, 4, 0), (4, 4, 1), (4, 4, 2))((1, 4, 2), (2, 4, 2), (3, 4, 0), (3, 4, 1), (3, 4, 2))((0, 4, 0), (0, 4, 1), (0, 4, 2), (1, 4, 0), (2, 4, 0))((1, 2, 1), (1, 2, 2), (1, 2, 3), (1, 3, 1), (1, 4, 1))((2, 2, 1), (2, 3, 1), (2, 4, 1), (3, 2, 1), (4, 2, 1))((4, 1, 3), (4, 2, 3), (4, 3, 1), (4, 3, 2), (4, 3, 3))((2, 2, 2), (2, 2, 3), (2, 2, 4), (3, 2, 2), (4, 2, 2))((2, 0, 5), (3, 0, 5), (4, 0, 3), (4, 0, 4), (4, 0, 5))((0, 0, 3), (0, 0, 4), (0, 0, 5), (1, 0, 3), (2, 0, 3))((1, 3, 2), (2, 3, 2), (3, 3, 0), (3, 3, 1), (3, 3, 2))((0, 1, 0), (0, 2, 0), (0, 3, 0), (1, 3, 0), (2, 3, 0))((1, 0, 4), (1, 1, 4), (1, 2, 4), (2, 0, 4), (3, 0, 4))((4, 2, 5), (4, 3, 5), (4, 4, 3), (4, 4, 4), (4, 4, 5))((2, 1, 4), (3, 1, 4), (4, 1, 4), (4, 2, 4), (4, 3, 4))((1, 1, 3), (2, 1, 3), (3, 1, 1), (3, 1, 2), (3, 1, 3))((0, 1, 1), (0, 2, 1), (0, 3, 1), (1, 1, 1), (2, 1, 1))((0, 1, 2), (0, 2, 2), (0, 3, 2), (1, 1, 2), (2, 1, 2))((1, 4, 3), (2, 4, 3), (3, 2, 3), (3, 3, 3), (3, 4, 3))((0, 2, 5), (0, 3, 5), (0, 4, 3), (0, 4, 4), (0, 4, 5))((0, 1, 4), (0, 2, 4), (0, 3, 4), (1, 3, 4), (2, 3, 4))((0, 1, 3), (0, 2, 3), (0, 3, 3), (1, 3, 3), (2, 3, 3))((1, 4, 4), (2, 4, 4), (3, 2, 4), (3, 3, 4), (3, 4, 4))((0, 1, 5), (0, 1, 6), (0, 1, 7), (0, 2, 7), (0, 3, 7))((0, 0, 6), (0, 0, 7), (0, 0, 8), (0, 1, 8), (0, 2, 8))((0, 3, 8), (1, 3, 8), (2, 1, 8), (2, 2, 8), (2, 3, 8))((0, 2, 6), (0, 3, 6), (0, 4, 6), (0, 4, 7), (0, 4, 8))((1, 0, 8), (1, 1, 8), (1, 2, 8), (2, 0, 8), (3, 0, 8))((3, 1, 6), (3, 1, 7), (3, 1, 8), (3, 2, 6), (3, 3, 6))((1, 4, 8), (2, 4, 8), (3, 2, 8), (3, 3, 8), (3, 4, 8))((2, 1, 5), (2, 1, 6), (2, 1, 7), (3, 1, 5), (4, 1, 5))((2, 3, 5), (2, 3, 6), (2, 3, 7), (3, 3, 7), (4, 3, 7))((2, 2, 5), (2, 2, 6), (2, 2, 7), (3, 2, 7), (4, 2, 7))((4, 1, 6), (4, 1, 7), (4, 1, 8), (4, 2, 8), (4, 3, 8))((2, 0, 6), (3, 0, 6), (4, 0, 6), (4, 0, 7), (4, 0, 8))((1, 0, 5), (1, 0, 6), (1, 0, 7), (2, 0, 7), (3, 0, 7))((1, 4, 5), (2, 4, 5), (3, 2, 5), (3, 3, 5), (3, 4, 5))((1, 2, 7), (1, 3, 7), (1, 4, 7), (2, 4, 7), (3, 4, 7))((1, 2, 6), (1, 3, 6), (1, 4, 6), (2, 4, 6), (3, 4, 6))((4, 2, 6), (4, 3, 6), (4, 4, 6), (4, 4, 7), (4, 4, 8))((1, 1, 5), (1, 1, 6), (1, 1, 7), (1, 2, 5), (1, 3, 5))
281
((0, 0, 0), (0, 0, 1), (0, 0, 2), (1, 0, 2), (2, 0, 2))((1, 0, 1), (2, 0, 1), (3, 0, 1), (3, 0, 2), (3, 0, 3))((1, 0, 0), (1, 1, 0), (1, 2, 0), (2, 2, 0), (3, 2, 0))((2, 0, 0), (3, 0, 0), (4, 0, 0), (4, 0, 1), (4, 0, 2))((2, 1, 0), (3, 1, 0), (4, 1, 0), (4, 1, 1), (4, 1, 2))((4, 2, 0), (4, 3, 0), (4, 4, 0), (4, 4, 1), (4, 4, 2))((1, 4, 2), (2, 4, 2), (3, 4, 0), (3, 4, 1), (3, 4, 2))((0, 4, 0), (0, 4, 1), (0, 4, 2), (1, 4, 0), (2, 4, 0))((1, 2, 1), (1, 2, 2), (1, 2, 3), (1, 3, 1), (1, 4, 1))((2, 2, 1), (2, 3, 1), (2, 4, 1), (3, 2, 1), (4, 2, 1))((4, 1, 3), (4, 2, 3), (4, 3, 1), (4, 3, 2), (4, 3, 3))((2, 2, 2), (2, 2, 3), (2, 2, 4), (3, 2, 2), (4, 2, 2))((2, 0, 5), (3, 0, 5), (4, 0, 3), (4, 0, 4), (4, 0, 5))((0, 0, 3), (0, 0, 4), (0, 0, 5), (1, 0, 3), (2, 0, 3))((1, 3, 2), (2, 3, 2), (3, 3, 0), (3, 3, 1), (3, 3, 2))((0, 1, 0), (0, 2, 0), (0, 3, 0), (1, 3, 0), (2, 3, 0))((1, 0, 4), (1, 1, 4), (1, 2, 4), (2, 0, 4), (3, 0, 4))((2, 4, 5), (3, 4, 5), (4, 4, 3), (4, 4, 4), (4, 4, 5))((1, 4, 4), (2, 4, 4), (3, 2, 4), (3, 3, 4), (3, 4, 4))((1, 4, 3), (2, 4, 3), (3, 2, 3), (3, 3, 3), (3, 4, 3))((1, 1, 3), (2, 1, 3), (3, 1, 1), (3, 1, 2), (3, 1, 3))((0, 1, 1), (0, 2, 1), (0, 3, 1), (1, 1, 1), (2, 1, 1))((0, 1, 2), (0, 2, 2), (0, 3, 2), (1, 1, 2), (2, 1, 2))((0, 2, 5), (0, 3, 5), (0, 4, 3), (0, 4, 4), (0, 4, 5))((0, 1, 4), (0, 2, 4), (0, 3, 4), (1, 3, 4), (2, 3, 4))((0, 1, 3), (0, 2, 3), (0, 3, 3), (1, 3, 3), (2, 3, 3))((2, 1, 4), (3, 1, 4), (4, 1, 4), (4, 2, 4), (4, 3, 4))((1, 2, 5), (1, 2, 6), (1, 2, 7), (1, 3, 5), (1, 4, 5))((1, 0, 5), (1, 0, 6), (1, 0, 7), (2, 0, 7), (3, 0, 7))((0, 0, 6), (0, 0, 7), (0, 0, 8), (1, 0, 8), (2, 0, 8))((1, 2, 8), (2, 2, 8), (3, 0, 8), (3, 1, 8), (3, 2, 8))((2, 0, 6), (3, 0, 6), (4, 0, 6), (4, 0, 7), (4, 0, 8))((0, 1, 8), (0, 2, 8), (0, 3, 8), (1, 1, 8), (2, 1, 8))((1, 3, 6), (1, 3, 7), (1, 3, 8), (2, 3, 6), (3, 3, 6))((2, 3, 8), (3, 3, 8), (4, 1, 8), (4, 2, 8), (4, 3, 8))((3, 2, 5), (3, 2, 6), (3, 2, 7), (3, 3, 7), (3, 4, 7))((2, 2, 5), (2, 2, 6), (2, 2, 7), (2, 3, 7), (2, 4, 7))((0, 1, 5), (0, 1, 6), (0, 1, 7), (0, 2, 7), (0, 3, 7))((0, 2, 6), (0, 3, 6), (0, 4, 6), (0, 4, 7), (0, 4, 8))((2, 3, 5), (3, 3, 5), (4, 1, 5), (4, 2, 5), (4, 3, 5))((2, 1, 6), (3, 1, 6), (4, 1, 6), (4, 2, 6), (4, 3, 6))((2, 1, 7), (3, 1, 7), (4, 1, 7), (4, 2, 7), (4, 3, 7))((1, 1, 5), (1, 1, 6), (1, 1, 7), (2, 1, 5), (3, 1, 5))((2, 4, 8), (3, 4, 8), (4, 4, 6), (4, 4, 7), (4, 4, 8))((1, 4, 6), (1, 4, 7), (1, 4, 8), (2, 4, 6), (3, 4, 6))
282
((0, 0, 0), (0, 0, 1), (0, 0, 2), (1, 0, 2), (2, 0, 2))((1, 0, 1), (2, 0, 1), (3, 0, 1), (3, 0, 2), (3, 0, 3))((1, 0, 0), (1, 1, 0), (1, 2, 0), (2, 2, 0), (3, 2, 0))((2, 0, 0), (3, 0, 0), (4, 0, 0), (4, 0, 1), (4, 0, 2))((2, 1, 0), (3, 1, 0), (4, 1, 0), (4, 1, 1), (4, 1, 2))((4, 2, 0), (4, 3, 0), (4, 4, 0), (4, 4, 1), (4, 4, 2))((1, 4, 2), (2, 4, 2), (3, 4, 0), (3, 4, 1), (3, 4, 2))((0, 4, 0), (0, 4, 1), (0, 4, 2), (1, 4, 0), (2, 4, 0))((1, 2, 1), (1, 2, 2), (1, 2, 3), (1, 3, 1), (1, 4, 1))((2, 2, 1), (2, 3, 1), (2, 4, 1), (3, 2, 1), (4, 2, 1))((4, 1, 3), (4, 2, 3), (4, 3, 1), (4, 3, 2), (4, 3, 3))((2, 2, 2), (2, 2, 3), (2, 2, 4), (3, 2, 2), (4, 2, 2))((2, 0, 5), (3, 0, 5), (4, 0, 3), (4, 0, 4), (4, 0, 5))((0, 0, 3), (0, 0, 4), (0, 0, 5), (1, 0, 3), (2, 0, 3))((1, 3, 2), (2, 3, 2), (3, 3, 0), (3, 3, 1), (3, 3, 2))((0, 1, 0), (0, 2, 0), (0, 3, 0), (1, 3, 0), (2, 3, 0))((1, 0, 4), (1, 1, 4), (1, 2, 4), (2, 0, 4), (3, 0, 4))((2, 4, 5), (3, 4, 5), (4, 4, 3), (4, 4, 4), (4, 4, 5))((1, 4, 4), (2, 4, 4), (3, 2, 4), (3, 3, 4), (3, 4, 4))((1, 4, 3), (2, 4, 3), (3, 2, 3), (3, 3, 3), (3, 4, 3))((1, 1, 3), (2, 1, 3), (3, 1, 1), (3, 1, 2), (3, 1, 3))((0, 1, 1), (0, 2, 1), (0, 3, 1), (1, 1, 1), (2, 1, 1))((0, 1, 2), (0, 2, 2), (0, 3, 2), (1, 1, 2), (2, 1, 2))((0, 2, 5), (0, 3, 5), (0, 4, 3), (0, 4, 4), (0, 4, 5))((0, 1, 4), (0, 2, 4), (0, 3, 4), (1, 3, 4), (2, 3, 4))((0, 1, 3), (0, 2, 3), (0, 3, 3), (1, 3, 3), (2, 3, 3))((2, 1, 4), (3, 1, 4), (4, 1, 4), (4, 2, 4), (4, 3, 4))((1, 2, 5), (1, 2, 6), (1, 2, 7), (1, 3, 5), (1, 4, 5))((1, 0, 5), (1, 0, 6), (1, 0, 7), (2, 0, 7), (3, 0, 7))((0, 0, 6), (0, 0, 7), (0, 0, 8), (1, 0, 8), (2, 0, 8))((1, 2, 8), (2, 2, 8), (3, 0, 8), (3, 1, 8), (3, 2, 8))((2, 0, 6), (3, 0, 6), (4, 0, 6), (4, 0, 7), (4, 0, 8))((0, 1, 8), (0, 2, 8), (0, 3, 8), (1, 1, 8), (2, 1, 8))((1, 3, 6), (1, 3, 7), (1, 3, 8), (2, 3, 6), (3, 3, 6))((2, 3, 8), (3, 3, 8), (4, 1, 8), (4, 2, 8), (4, 3, 8))((3, 2, 5), (3, 2, 6), (3, 2, 7), (3, 3, 7), (3, 4, 7))((2, 2, 5), (2, 2, 6), (2, 2, 7), (2, 3, 7), (2, 4, 7))((0, 1, 5), (0, 1, 6), (0, 1, 7), (0, 2, 7), (0, 3, 7))((0, 2, 6), (0, 3, 6), (0, 4, 6), (0, 4, 7), (0, 4, 8))((2, 3, 5), (3, 3, 5), (4, 1, 5), (4, 2, 5), (4, 3, 5))((2, 1, 6), (3, 1, 6), (4, 1, 6), (4, 2, 6), (4, 3, 6))((2, 1, 7), (3, 1, 7), (4, 1, 7), (4, 2, 7), (4, 3, 7))((1, 1, 5), (1, 1, 6), (1, 1, 7), (2, 1, 5), (3, 1, 5))((2, 4, 6), (3, 4, 6), (4, 4, 6), (4, 4, 7), (4, 4, 8))((1, 4, 6), (1, 4, 7), (1, 4, 8), (2, 4, 8), (3, 4, 8))
