#Npentacubes
1
[(1, 3, 0), (2, 3, 0), (3, 3, 0), (3, 4, 0), (4, 4, 0)][(0, 4, 0), (1, 4, 0), (2, 4, 0), (2, 4, 1), (3, 4, 1)][(0, 0, 0), (1, 0, 0), (2, 0, 0), (2, 0, 1), (3, 0, 1)][(4, 3, 0), (4, 2, 0), (4, 1, 0), (3, 1, 0), (3, 0, 0)][(4, 0, 0), (4, 0, 1), (4, 0, 2), (3, 0, 2), (3, 0, 3)][(4, 1, 1), (4, 1, 2), (4, 1, 3), (4, 0, 3), (4, 0, 4)][(3, 4, 4), (3, 4, 3), (3, 4, 2), (4, 4, 2), (4, 4, 1)][(4, 3, 1), (4, 3, 2), (4, 3, 3), (4, 4, 3), (4, 4, 4)][(1, 0, 4), (2, 0, 4), (3, 0, 4), (3, 1, 4), (4, 1, 4)][(4, 3, 4), (3, 3, 4), (2, 3, 4), (2, 4, 4), (1, 4, 4)][(4, 2, 4), (3, 2, 4), (2, 2, 4), (2, 2, 3), (1, 2, 3)][(0, 4, 3), (1, 4, 3), (2, 4, 3), (2, 3, 3), (3, 3, 3)][(2, 1, 0), (2, 1, 1), (2, 1, 2), (2, 0, 2), (2, 0, 3)][(3, 1, 1), (3, 1, 2), (3, 1, 3), (2, 1, 3), (2, 1, 4)][(0, 4, 2), (1, 4, 2), (2, 4, 2), (2, 3, 2), (3, 3, 2)][(2, 2, 0), (2, 2, 1), (2, 2, 2), (3, 2, 2), (3, 2, 3)][(4, 2, 3), (4, 2, 2), (4, 2, 1), (3, 2, 1), (3, 2, 0)][(3, 3, 1), (2, 3, 1), (1, 3, 1), (1, 4, 1), (0, 4, 1)][(1, 0, 3), (1, 0, 2), (1, 0, 1), (1, 1, 1), (1, 1, 0)][(1, 2, 0), (1, 2, 1), (1, 2, 2), (1, 1, 2), (1, 1, 3)][(0, 3, 0), (0, 3, 1), (0, 3, 2), (1, 3, 2), (1, 3, 3)][(0, 2, 0), (0, 2, 1), (0, 2, 2), (0, 1, 2), (0, 1, 3)][(0, 0, 4), (0, 1, 4), (0, 2, 4), (0, 2, 3), (0, 3, 3)][(1, 1, 4), (1, 2, 4), (1, 3, 4), (0, 3, 4), (0, 4, 4)][(0, 0, 3), (0, 0, 2), (0, 0, 1), (0, 1, 1), (0, 1, 0)]
2
[(1, 3, 0), (2, 3, 0), (3, 3, 0), (3, 4, 0), (4, 4, 0)][(0, 4, 0), (1, 4, 0), (2, 4, 0), (2, 4, 1), (3, 4, 1)][(0, 1, 3), (0, 1, 2), (0, 1, 1), (0, 0, 1), (0, 0, 0)][(0, 0, 4), (0, 0, 3), (0, 0, 2), (1, 0, 2), (1, 0, 1)][(1, 1, 0), (2, 1, 0), (3, 1, 0), (3, 0, 0), (4, 0, 0)][(4, 0, 1), (3, 0, 1), (2, 0, 1), (2, 0, 0), (1, 0, 0)][(0, 1, 0), (0, 2, 0), (0, 3, 0), (0, 3, 1), (0, 4, 1)][(4, 1, 0), (4, 1, 1), (4, 1, 2), (4, 0, 2), (4, 0, 3)][(4, 4, 3), (4, 4, 2), (4, 4, 1), (4, 3, 1), (4, 3, 0)][(4, 2, 0), (4, 2, 1), (4, 2, 2), (3, 2, 2), (3, 2, 3)][(3, 0, 4), (3, 0, 3), (3, 0, 2), (3, 1, 2), (3, 1, 1)][(3, 2, 0), (2, 2, 0), (1, 2, 0), (1, 2, 1), (0, 2, 1)][(0, 2, 2), (1, 2, 2), (2, 2, 2), (2, 2, 1), (3, 2, 1)][(2, 0, 4), (2, 0, 3), (2, 0, 2), (2, 1, 2), (2, 1, 1)][(1, 1, 1), (1, 1, 2), (1, 1, 3), (1, 0, 3), (1, 0, 4)][(4, 3, 3), (4, 2, 3), (4, 1, 3), (4, 1, 4), (4, 0, 4)][(0, 1, 4), (1, 1, 4), (2, 1, 4), (2, 1, 3), (3, 1, 3)][(0, 2, 4), (1, 2, 4), (2, 2, 4), (2, 3, 4), (3, 3, 4)][(4, 4, 4), (4, 3, 4), (4, 2, 4), (3, 2, 4), (3, 1, 4)][(0, 2, 3), (1, 2, 3), (2, 2, 3), (2, 3, 3), (3, 3, 3)][(3, 4, 4), (2, 4, 4), (1, 4, 4), (1, 3, 4), (0, 3, 4)][(0, 4, 4), (0, 4, 3), (0, 4, 2), (1, 4, 2), (1, 4, 1)][(3, 4, 3), (2, 4, 3), (1, 4, 3), (1, 3, 3), (0, 3, 3)][(0, 3, 2), (1, 3, 2), (2, 3, 2), (2, 4, 2), (3, 4, 2)][(1, 3, 1), (2, 3, 1), (3, 3, 1), (3, 3, 2), (4, 3, 2)]
3
[(1, 3, 0), (2, 3, 0), (3, 3, 0), (3, 4, 0), (4, 4, 0)][(0, 4, 0), (1, 4, 0), (2, 4, 0), (2, 4, 1), (3, 4, 1)][(0, 1, 3), (0, 1, 2), (0, 1, 1), (0, 0, 1), (0, 0, 0)][(0, 0, 4), (0, 0, 3), (0, 0, 2), (1, 0, 2), (1, 0, 1)][(3, 0, 3), (3, 0, 2), (3, 0, 1), (4, 0, 1), (4, 0, 0)][(0, 3, 0), (0, 2, 0), (0, 1, 0), (1, 1, 0), (1, 0, 0)][(2, 0, 0), (2, 0, 1), (2, 0, 2), (2, 1, 2), (2, 1, 3)][(4, 0, 4), (3, 0, 4), (2, 0, 4), (2, 0, 3), (1, 0, 3)][(3, 0, 0), (3, 1, 0), (3, 2, 0), (4, 2, 0), (4, 3, 0)][(1, 1, 3), (1, 1, 2), (1, 1, 1), (2, 1, 1), (2, 1, 0)][(4, 1, 0), (4, 1, 1), (4, 1, 2), (4, 0, 2), (4, 0, 3)][(0, 3, 4), (0, 2, 4), (0, 1, 4), (1, 1, 4), (1, 0, 4)][(3, 4, 2), (2, 4, 2), (1, 4, 2), (1, 4, 1), (0, 4, 1)][(0, 4, 4), (0, 4, 3), (0, 4, 2), (0, 3, 2), (0, 3, 1)][(4, 4, 1), (4, 4, 2), (4, 4, 3), (4, 3, 3), (4, 3, 4)][(1, 4, 4), (1, 3, 4), (1, 2, 4), (2, 2, 4), (2, 1, 4)][(4, 4, 4), (3, 4, 4), (2, 4, 4), (2, 4, 3), (1, 4, 3)][(3, 1, 1), (3, 1, 2), (3, 1, 3), (4, 1, 3), (4, 1, 4)][(3, 4, 3), (3, 3, 3), (3, 2, 3), (3, 2, 4), (3, 1, 4)][(0, 3, 3), (1, 3, 3), (2, 3, 3), (2, 3, 4), (3, 3, 4)][(4, 2, 4), (4, 2, 3), (4, 2, 2), (4, 3, 2), (4, 3, 1)][(3, 3, 2), (2, 3, 2), (1, 3, 2), (1, 2, 2), (0, 2, 2)][(0, 2, 3), (1, 2, 3), (2, 2, 3), (2, 2, 2), (3, 2, 2)][(4, 2, 1), (3, 2, 1), (2, 2, 1), (2, 2, 0), (1, 2, 0)][(3, 3, 1), (2, 3, 1), (1, 3, 1), (1, 2, 1), (0, 2, 1)]
4
[(1, 3, 0), (2, 3, 0), (3, 3, 0), (3, 4, 0), (4, 4, 0)][(0, 4, 0), (1, 4, 0), (2, 4, 0), (2, 4, 1), (3, 4, 1)][(0, 0, 0), (1, 0, 0), (2, 0, 0), (2, 1, 0), (3, 1, 0)][(4, 0, 0), (4, 0, 1), (4, 0, 2), (3, 0, 2), (3, 0, 3)][(2, 0, 3), (2, 0, 2), (2, 0, 1), (3, 0, 1), (3, 0, 0)][(4, 1, 0), (4, 2, 0), (4, 3, 0), (4, 3, 1), (4, 4, 1)][(4, 1, 1), (4, 1, 2), (4, 1, 3), (4, 0, 3), (4, 0, 4)][(1, 4, 3), (2, 4, 3), (3, 4, 3), (3, 4, 4), (4, 4, 4)][(4, 4, 3), (4, 3, 3), (4, 2, 3), (4, 2, 4), (4, 1, 4)][(4, 4, 2), (3, 4, 2), (2, 4, 2), (2, 3, 2), (1, 3, 2)][(0, 4, 4), (0, 4, 3), (0, 4, 2), (1, 4, 2), (1, 4, 1)][(1, 3, 1), (2, 3, 1), (3, 3, 1), (3, 3, 2), (4, 3, 2)][(4, 3, 4), (3, 3, 4), (2, 3, 4), (2, 4, 4), (1, 4, 4)][(3, 3, 3), (2, 3, 3), (1, 3, 3), (1, 3, 4), (0, 3, 4)][(3, 0, 4), (2, 0, 4), (1, 0, 4), (1, 1, 4), (0, 1, 4)][(0, 0, 4), (0, 0, 3), (0, 0, 2), (1, 0, 2), (1, 0, 1)][(1, 0, 3), (1, 1, 3), (1, 2, 3), (0, 2, 3), (0, 3, 3)][(0, 2, 4), (1, 2, 4), (2, 2, 4), (2, 1, 4), (3, 1, 4)][(0, 1, 0), (0, 2, 0), (0, 3, 0), (0, 3, 1), (0, 4, 1)][(0, 0, 1), (0, 1, 1), (0, 2, 1), (0, 2, 2), (0, 3, 2)][(1, 1, 0), (1, 1, 1), (1, 1, 2), (0, 1, 2), (0, 1, 3)][(2, 1, 3), (2, 1, 2), (2, 1, 1), (2, 2, 1), (2, 2, 0)][(3, 2, 4), (3, 2, 3), (3, 2, 2), (4, 2, 2), (4, 2, 1)][(1, 2, 0), (1, 2, 1), (1, 2, 2), (2, 2, 2), (2, 2, 3)][(3, 1, 3), (3, 1, 2), (3, 1, 1), (3, 2, 1), (3, 2, 0)]
5
[(1, 3, 0), (2, 3, 0), (3, 3, 0), (3, 4, 0), (4, 4, 0)][(0, 4, 0), (1, 4, 0), (2, 4, 0), (2, 4, 1), (3, 4, 1)][(1, 0, 3), (1, 0, 2), (1, 0, 1), (0, 0, 1), (0, 0, 0)][(3, 0, 3), (3, 0, 2), (3, 0, 1), (4, 0, 1), (4, 0, 0)][(3, 0, 0), (3, 1, 0), (3, 2, 0), (4, 2, 0), (4, 3, 0)][(2, 0, 0), (2, 1, 0), (2, 2, 0), (2, 2, 1), (2, 3, 1)][(0, 3, 0), (0, 2, 0), (0, 1, 0), (1, 1, 0), (1, 0, 0)][(2, 0, 1), (2, 0, 2), (2, 0, 3), (2, 1, 3), (2, 1, 4)][(3, 0, 4), (2, 0, 4), (1, 0, 4), (1, 1, 4), (0, 1, 4)][(0, 0, 4), (0, 0, 3), (0, 0, 2), (0, 1, 2), (0, 1, 1)][(4, 1, 0), (4, 1, 1), (4, 1, 2), (4, 0, 2), (4, 0, 3)][(3, 3, 4), (3, 2, 4), (3, 1, 4), (4, 1, 4), (4, 0, 4)][(2, 2, 4), (2, 2, 3), (2, 2, 2), (2, 1, 2), (2, 1, 1)][(4, 4, 1), (4, 3, 1), (4, 2, 1), (3, 2, 1), (3, 1, 1)][(4, 4, 4), (4, 3, 4), (4, 2, 4), (4, 2, 3), (4, 1, 3)][(4, 4, 2), (4, 3, 2), (4, 2, 2), (3, 2, 2), (3, 1, 2)][(3, 1, 3), (3, 2, 3), (3, 3, 3), (4, 3, 3), (4, 4, 3)][(3, 4, 4), (3, 4, 3), (3, 4, 2), (3, 3, 2), (3, 3, 1)][(2, 3, 4), (2, 3, 3), (2, 3, 2), (1, 3, 2), (1, 3, 1)][(2, 4, 4), (2, 4, 3), (2, 4, 2), (1, 4, 2), (1, 4, 1)][(0, 4, 1), (0, 4, 2), (0, 4, 3), (1, 4, 3), (1, 4, 4)][(0, 3, 1), (0, 3, 2), (0, 3, 3), (1, 3, 3), (1, 3, 4)][(0, 4, 4), (0, 3, 4), (0, 2, 4), (0, 2, 3), (0, 1, 3)][(1, 2, 4), (1, 2, 3), (1, 2, 2), (0, 2, 2), (0, 2, 1)][(1, 1, 3), (1, 1, 2), (1, 1, 1), (1, 2, 1), (1, 2, 0)]
6
[(1, 3, 0), (2, 3, 0), (3, 3, 0), (3, 4, 0), (4, 4, 0)][(0, 4, 0), (1, 4, 0), (2, 4, 0), (2, 4, 1), (3, 4, 1)][(1, 0, 3), (1, 0, 2), (1, 0, 1), (0, 0, 1), (0, 0, 0)][(4, 0, 0), (4, 0, 1), (4, 0, 2), (4, 1, 2), (4, 1, 3)][(3, 0, 1), (3, 0, 2), (3, 0, 3), (4, 0, 3), (4, 0, 4)][(3, 0, 0), (3, 1, 0), (3, 2, 0), (3, 2, 1), (3, 3, 1)][(3, 1, 3), (3, 1, 2), (3, 1, 1), (4, 1, 1), (4, 1, 0)][(4, 2, 0), (4, 2, 1), (4, 2, 2), (3, 2, 2), (3, 2, 3)][(4, 4, 3), (4, 3, 3), (4, 2, 3), (4, 2, 4), (4, 1, 4)][(4, 3, 0), (4, 3, 1), (4, 3, 2), (3, 3, 2), (3, 3, 3)][(3, 4, 4), (3, 4, 3), (3, 4, 2), (4, 4, 2), (4, 4, 1)][(3, 1, 4), (3, 2, 4), (3, 3, 4), (4, 3, 4), (4, 4, 4)][(3, 0, 4), (2, 0, 4), (1, 0, 4), (1, 1, 4), (0, 1, 4)][(0, 0, 4), (0, 0, 3), (0, 0, 2), (0, 1, 2), (0, 1, 1)][(0, 3, 0), (0, 2, 0), (0, 1, 0), (1, 1, 0), (1, 0, 0)][(2, 0, 0), (2, 1, 0), (2, 2, 0), (2, 2, 1), (2, 3, 1)][(2, 0, 1), (2, 0, 2), (2, 0, 3), (2, 1, 3), (2, 1, 4)][(2, 2, 4), (2, 2, 3), (2, 2, 2), (2, 1, 2), (2, 1, 1)][(2, 3, 4), (2, 3, 3), (2, 3, 2), (1, 3, 2), (1, 3, 1)][(2, 4, 4), (2, 4, 3), (2, 4, 2), (1, 4, 2), (1, 4, 1)][(0, 4, 1), (0, 4, 2), (0, 4, 3), (1, 4, 3), (1, 4, 4)][(0, 3, 1), (0, 3, 2), (0, 3, 3), (1, 3, 3), (1, 3, 4)][(0, 4, 4), (0, 3, 4), (0, 2, 4), (0, 2, 3), (0, 1, 3)][(1, 2, 4), (1, 2, 3), (1, 2, 2), (0, 2, 2), (0, 2, 1)][(1, 1, 3), (1, 1, 2), (1, 1, 1), (1, 2, 1), (1, 2, 0)]
7
[(1, 3, 0), (2, 3, 0), (3, 3, 0), (3, 4, 0), (4, 4, 0)][(0, 4, 0), (1, 4, 0), (2, 4, 0), (2, 4, 1), (3, 4, 1)][(1, 0, 3), (1, 0, 2), (1, 0, 1), (0, 0, 1), (0, 0, 0)][(4, 0, 0), (4, 0, 1), (4, 0, 2), (4, 1, 2), (4, 1, 3)][(3, 0, 1), (3, 0, 2), (3, 0, 3), (4, 0, 3), (4, 0, 4)][(3, 0, 0), (3, 1, 0), (3, 2, 0), (4, 2, 0), (4, 3, 0)][(4, 2, 3), (4, 2, 2), (4, 2, 1), (4, 1, 1), (4, 1, 0)][(2, 0, 0), (2, 1, 0), (2, 2, 0), (2, 2, 1), (2, 3, 1)][(1, 0, 0), (1, 1, 0), (1, 2, 0), (0, 2, 0), (0, 3, 0)][(3, 3, 1), (3, 2, 1), (3, 1, 1), (2, 1, 1), (2, 0, 1)][(3, 4, 4), (3, 4, 3), (3, 4, 2), (4, 4, 2), (4, 4, 1)][(4, 3, 1), (4, 3, 2), (4, 3, 3), (4, 4, 3), (4, 4, 4)][(0, 1, 0), (0, 1, 1), (0, 1, 2), (0, 0, 2), (0, 0, 3)][(3, 3, 2), (3, 2, 2), (3, 1, 2), (2, 1, 2), (2, 0, 2)][(2, 4, 2), (2, 3, 2), (2, 2, 2), (1, 2, 2), (1, 1, 2)][(0, 4, 1), (0, 3, 1), (0, 2, 1), (1, 2, 1), (1, 1, 1)][(0, 4, 2), (0, 3, 2), (0, 2, 2), (0, 2, 3), (0, 1, 3)][(1, 4, 1), (1, 4, 2), (1, 4, 3), (0, 4, 3), (0, 4, 4)][(1, 3, 1), (1, 3, 2), (1, 3, 3), (0, 3, 3), (0, 3, 4)][(3, 3, 3), (3, 2, 3), (3, 1, 3), (2, 1, 3), (2, 0, 3)][(2, 4, 3), (2, 3, 3), (2, 2, 3), (1, 2, 3), (1, 1, 3)][(4, 3, 4), (3, 3, 4), (2, 3, 4), (2, 4, 4), (1, 4, 4)][(4, 2, 4), (3, 2, 4), (2, 2, 4), (2, 1, 4), (1, 1, 4)][(1, 0, 4), (2, 0, 4), (3, 0, 4), (3, 1, 4), (4, 1, 4)][(0, 0, 4), (0, 1, 4), (0, 2, 4), (1, 2, 4), (1, 3, 4)]
8
[(1, 3, 0), (2, 3, 0), (3, 3, 0), (3, 4, 0), (4, 4, 0)][(0, 4, 0), (1, 4, 0), (2, 4, 0), (2, 4, 1), (3, 4, 1)][(3, 1, 0), (2, 1, 0), (1, 1, 0), (1, 0, 0), (0, 0, 0)][(4, 0, 0), (4, 0, 1), (4, 0, 2), (4, 1, 2), (4, 1, 3)][(4, 1, 0), (4, 2, 0), (4, 3, 0), (4, 3, 1), (4, 4, 1)][(0, 0, 1), (1, 0, 1), (2, 0, 1), (2, 0, 0), (3, 0, 0)][(4, 4, 2), (4, 3, 2), (4, 2, 2), (4, 2, 1), (4, 1, 1)][(1, 4, 3), (2, 4, 3), (3, 4, 3), (3, 4, 4), (4, 4, 4)][(4, 4, 3), (4, 3, 3), (4, 2, 3), (4, 2, 4), (4, 1, 4)][(4, 3, 4), (3, 3, 4), (2, 3, 4), (2, 4, 4), (1, 4, 4)][(1, 1, 4), (2, 1, 4), (3, 1, 4), (3, 0, 4), (4, 0, 4)][(0, 1, 3), (0, 2, 3), (0, 3, 3), (0, 3, 4), (0, 4, 4)][(0, 0, 4), (0, 1, 4), (0, 2, 4), (1, 2, 4), (1, 3, 4)][(0, 3, 0), (0, 3, 1), (0, 3, 2), (0, 4, 2), (0, 4, 3)][(3, 4, 2), (2, 4, 2), (1, 4, 2), (1, 4, 1), (0, 4, 1)][(0, 1, 0), (0, 1, 1), (0, 1, 2), (0, 0, 2), (0, 0, 3)][(1, 0, 4), (1, 0, 3), (1, 0, 2), (1, 1, 2), (1, 1, 1)][(1, 3, 3), (1, 3, 2), (1, 3, 1), (1, 2, 1), (1, 2, 0)][(0, 2, 0), (0, 2, 1), (0, 2, 2), (1, 2, 2), (1, 2, 3)][(1, 1, 3), (2, 1, 3), (3, 1, 3), (3, 0, 3), (4, 0, 3)][(2, 0, 4), (2, 0, 3), (2, 0, 2), (3, 0, 2), (3, 0, 1)][(3, 2, 4), (3, 2, 3), (3, 2, 2), (3, 1, 2), (3, 1, 1)][(3, 3, 3), (3, 3, 2), (3, 3, 1), (3, 2, 1), (3, 2, 0)][(2, 2, 4), (2, 2, 3), (2, 2, 2), (2, 1, 2), (2, 1, 1)][(2, 3, 3), (2, 3, 2), (2, 3, 1), (2, 2, 1), (2, 2, 0)]
9
[(1, 3, 0), (2, 3, 0), (3, 3, 0), (3, 4, 0), (4, 4, 0)][(0, 4, 0), (1, 4, 0), (2, 4, 0), (2, 4, 1), (3, 4, 1)][(3, 1, 0), (2, 1, 0), (1, 1, 0), (1, 0, 0), (0, 0, 0)][(4, 0, 0), (3, 0, 0), (2, 0, 0), (2, 0, 1), (1, 0, 1)][(4, 3, 0), (4, 2, 0), (4, 1, 0), (4, 1, 1), (4, 0, 1)][(3, 4, 4), (3, 4, 3), (3, 4, 2), (4, 4, 2), (4, 4, 1)][(4, 3, 1), (4, 3, 2), (4, 3, 3), (4, 4, 3), (4, 4, 4)][(4, 0, 4), (4, 0, 3), (4, 0, 2), (3, 0, 2), (3, 0, 1)][(4, 3, 4), (3, 3, 4), (2, 3, 4), (2, 4, 4), (1, 4, 4)][(4, 2, 4), (3, 2, 4), (2, 2, 4), (2, 1, 4), (1, 1, 4)][(1, 0, 4), (2, 0, 4), (3, 0, 4), (3, 1, 4), (4, 1, 4)][(0, 0, 4), (0, 1, 4), (0, 2, 4), (1, 2, 4), (1, 3, 4)][(0, 1, 3), (0, 2, 3), (0, 3, 3), (0, 3, 4), (0, 4, 4)][(0, 0, 3), (0, 0, 2), (0, 0, 1), (0, 1, 1), (0, 1, 0)][(0, 2, 0), (0, 2, 1), (0, 2, 2), (1, 2, 2), (1, 2, 3)][(1, 0, 3), (2, 0, 3), (3, 0, 3), (3, 1, 3), (4, 1, 3)][(3, 1, 1), (2, 1, 1), (1, 1, 1), (1, 1, 2), (0, 1, 2)][(3, 3, 1), (2, 3, 1), (1, 3, 1), (1, 4, 1), (0, 4, 1)][(4, 1, 2), (3, 1, 2), (2, 1, 2), (2, 0, 2), (1, 0, 2)][(0, 4, 3), (1, 4, 3), (2, 4, 3), (2, 3, 3), (3, 3, 3)][(0, 3, 0), (0, 3, 1), (0, 3, 2), (1, 3, 2), (1, 3, 3)][(0, 4, 2), (1, 4, 2), (2, 4, 2), (2, 3, 2), (3, 3, 2)][(4, 2, 3), (3, 2, 3), (2, 2, 3), (2, 1, 3), (1, 1, 3)][(1, 2, 0), (2, 2, 0), (3, 2, 0), (3, 2, 1), (4, 2, 1)][(4, 2, 2), (3, 2, 2), (2, 2, 2), (2, 2, 1), (1, 2, 1)]
10
[(1, 3, 0), (2, 3, 0), (3, 3, 0), (3, 4, 0), (4, 4, 0)][(0, 4, 0), (1, 4, 0), (2, 4, 0), (2, 4, 1), (3, 4, 1)][(3, 1, 0), (2, 1, 0), (1, 1, 0), (1, 0, 0), (0, 0, 0)][(4, 0, 0), (3, 0, 0), (2, 0, 0), (2, 0, 1), (1, 0, 1)][(4, 4, 3), (4, 4, 2), (4, 4, 1), (4, 3, 1), (4, 3, 0)][(4, 1, 0), (4, 1, 1), (4, 1, 2), (3, 1, 2), (3, 1, 3)][(1, 1, 1), (2, 1, 1), (3, 1, 1), (3, 0, 1), (4, 0, 1)][(4, 0, 2), (3, 0, 2), (2, 0, 2), (2, 1, 2), (1, 1, 2)][(1, 0, 4), (1, 0, 3), (1, 0, 2), (0, 0, 2), (0, 0, 1)][(4, 0, 3), (3, 0, 3), (2, 0, 3), (2, 1, 3), (1, 1, 3)][(0, 1, 0), (0, 2, 0), (0, 3, 0), (0, 3, 1), (0, 4, 1)][(0, 1, 1), (0, 1, 2), (0, 1, 3), (0, 0, 3), (0, 0, 4)][(0, 4, 4), (0, 4, 3), (0, 4, 2), (1, 4, 2), (1, 4, 1)][(0, 3, 2), (1, 3, 2), (2, 3, 2), (2, 4, 2), (3, 4, 2)][(1, 3, 1), (2, 3, 1), (3, 3, 1), (3, 3, 2), (4, 3, 2)][(4, 2, 0), (4, 2, 1), (4, 2, 2), (3, 2, 2), (3, 2, 3)][(3, 2, 0), (2, 2, 0), (1, 2, 0), (1, 2, 1), (0, 2, 1)][(0, 2, 2), (1, 2, 2), (2, 2, 2), (2, 2, 1), (3, 2, 1)][(0, 2, 3), (1, 2, 3), (2, 2, 3), (2, 3, 3), (3, 3, 3)][(3, 4, 3), (2, 4, 3), (1, 4, 3), (1, 3, 3), (0, 3, 3)][(4, 3, 3), (4, 2, 3), (4, 1, 3), (4, 1, 4), (4, 0, 4)][(0, 1, 4), (1, 1, 4), (2, 1, 4), (2, 0, 4), (3, 0, 4)][(0, 2, 4), (1, 2, 4), (2, 2, 4), (2, 3, 4), (3, 3, 4)][(3, 4, 4), (2, 4, 4), (1, 4, 4), (1, 3, 4), (0, 3, 4)][(4, 4, 4), (4, 3, 4), (4, 2, 4), (3, 2, 4), (3, 1, 4)]
11
[(1, 3, 0), (2, 3, 0), (3, 3, 0), (3, 4, 0), (4, 4, 0)][(2, 4, 0), (2, 4, 1), (2, 4, 2), (3, 4, 2), (3, 4, 3)][(1, 4, 0), (1, 4, 1), (1, 4, 2), (1, 3, 2), (1, 3, 3)][(0, 4, 0), (0, 3, 0), (0, 2, 0), (1, 2, 0), (1, 1, 0)][(0, 4, 3), (1, 4, 3), (2, 4, 3), (2, 4, 4), (3, 4, 4)][(3, 3, 4), (2, 3, 4), (1, 3, 4), (1, 4, 4), (0, 4, 4)][(0, 3, 4), (0, 3, 3), (0, 3, 2), (0, 4, 2), (0, 4, 1)][(4, 4, 4), (4, 4, 3), (4, 4, 2), (4, 3, 2), (4, 3, 1)][(1, 3, 1), (2, 3, 1), (3, 3, 1), (3, 4, 1), (4, 4, 1)][(4, 0, 1), (4, 1, 1), (4, 2, 1), (4, 2, 0), (4, 3, 0)][(1, 0, 1), (2, 0, 1), (3, 0, 1), (3, 0, 0), (4, 0, 0)][(4, 1, 0), (3, 1, 0), (2, 1, 0), (2, 0, 0), (1, 0, 0)][(0, 3, 1), (0, 2, 1), (0, 1, 1), (0, 1, 0), (0, 0, 0)][(4, 3, 4), (4, 2, 4), (4, 1, 4), (4, 1, 3), (4, 0, 3)][(1, 1, 4), (2, 1, 4), (3, 1, 4), (3, 0, 4), (4, 0, 4)][(0, 0, 4), (1, 0, 4), (2, 0, 4), (2, 0, 3), (3, 0, 3)][(0, 1, 4), (0, 1, 3), (0, 1, 2), (0, 0, 2), (0, 0, 1)][(3, 0, 2), (2, 0, 2), (1, 0, 2), (1, 0, 3), (0, 0, 3)][(2, 2, 0), (2, 2, 1), (2, 2, 2), (2, 3, 2), (2, 3, 3)][(3, 2, 0), (3, 2, 1), (3, 2, 2), (3, 3, 2), (3, 3, 3)][(4, 0, 2), (4, 1, 2), (4, 2, 2), (4, 2, 3), (4, 3, 3)][(2, 1, 1), (2, 1, 2), (2, 1, 3), (2, 2, 3), (2, 2, 4)][(3, 1, 1), (3, 1, 2), (3, 1, 3), (3, 2, 3), (3, 2, 4)][(0, 2, 4), (0, 2, 3), (0, 2, 2), (1, 2, 2), (1, 2, 1)][(1, 1, 1), (1, 1, 2), (1, 1, 3), (1, 2, 3), (1, 2, 4)]
12
[(1, 3, 0), (2, 3, 0), (3, 3, 0), (3, 4, 0), (4, 4, 0)][(4, 4, 1), (3, 4, 1), (2, 4, 1), (2, 4, 0), (1, 4, 0)][(0, 4, 0), (0, 3, 0), (0, 2, 0), (1, 2, 0), (1, 1, 0)][(0, 0, 3), (0, 0, 2), (0, 0, 1), (0, 1, 1), (0, 1, 0)][(0, 0, 0), (1, 0, 0), (2, 0, 0), (2, 1, 0), (3, 1, 0)][(4, 3, 0), (4, 3, 1), (4, 3, 2), (4, 4, 2), (4, 4, 3)][(1, 0, 1), (2, 0, 1), (3, 0, 1), (3, 0, 0), (4, 0, 0)][(4, 0, 3), (4, 0, 2), (4, 0, 1), (4, 1, 1), (4, 1, 0)][(4, 2, 0), (3, 2, 0), (2, 2, 0), (2, 2, 1), (1, 2, 1)][(0, 1, 4), (0, 1, 3), (0, 1, 2), (0, 2, 2), (0, 2, 1)][(0, 0, 4), (1, 0, 4), (2, 0, 4), (2, 0, 3), (3, 0, 3)][(4, 0, 4), (4, 1, 4), (4, 2, 4), (3, 2, 4), (3, 3, 4)][(2, 3, 4), (2, 2, 4), (2, 1, 4), (3, 1, 4), (3, 0, 4)][(4, 1, 3), (4, 2, 3), (4, 3, 3), (4, 3, 4), (4, 4, 4)][(1, 1, 1), (2, 1, 1), (3, 1, 1), (3, 2, 1), (4, 2, 1)][(0, 4, 4), (0, 3, 4), (0, 2, 4), (1, 2, 4), (1, 1, 4)][(1, 3, 4), (1, 3, 3), (1, 3, 2), (0, 3, 2), (0, 3, 1)][(3, 3, 1), (2, 3, 1), (1, 3, 1), (1, 4, 1), (0, 4, 1)][(3, 4, 4), (2, 4, 4), (1, 4, 4), (1, 4, 3), (0, 4, 3)][(1, 0, 3), (1, 1, 3), (1, 2, 3), (0, 2, 3), (0, 3, 3)][(0, 4, 2), (1, 4, 2), (2, 4, 2), (2, 4, 3), (3, 4, 3)][(2, 3, 3), (2, 2, 3), (2, 1, 3), (2, 1, 2), (2, 0, 2)][(3, 4, 2), (3, 3, 2), (3, 2, 2), (4, 2, 2), (4, 1, 2)][(3, 3, 3), (3, 2, 3), (3, 1, 3), (3, 1, 2), (3, 0, 2)][(1, 0, 2), (1, 1, 2), (1, 2, 2), (2, 2, 2), (2, 3, 2)]
13
[(1, 3, 0), (2, 3, 0), (3, 3, 0), (3, 4, 0), (4, 4, 0)][(4, 4, 1), (3, 4, 1), (2, 4, 1), (2, 4, 0), (1, 4, 0)][(0, 4, 0), (0, 4, 1), (0, 4, 2), (0, 3, 2), (0, 3, 3)][(0, 3, 0), (0, 2, 0), (0, 1, 0), (0, 1, 1), (0, 0, 1)][(3, 1, 0), (2, 1, 0), (1, 1, 0), (1, 0, 0), (0, 0, 0)][(0, 0, 2), (0, 1, 2), (0, 2, 2), (0, 2, 1), (0, 3, 1)][(4, 3, 0), (4, 3, 1), (4, 3, 2), (4, 4, 2), (4, 4, 3)][(4, 0, 0), (3, 0, 0), (2, 0, 0), (2, 0, 1), (1, 0, 1)][(4, 1, 0), (4, 1, 1), (4, 1, 2), (4, 0, 2), (4, 0, 3)][(1, 0, 2), (2, 0, 2), (3, 0, 2), (3, 0, 1), (4, 0, 1)][(4, 2, 0), (4, 2, 1), (4, 2, 2), (3, 2, 2), (3, 2, 3)][(3, 1, 3), (3, 1, 2), (3, 1, 1), (3, 2, 1), (3, 2, 0)][(4, 3, 3), (4, 2, 3), (4, 1, 3), (4, 1, 4), (4, 0, 4)][(3, 0, 3), (2, 0, 3), (1, 0, 3), (1, 0, 4), (0, 0, 4)][(3, 4, 4), (3, 4, 3), (3, 4, 2), (3, 3, 2), (3, 3, 1)][(4, 4, 4), (4, 3, 4), (4, 2, 4), (3, 2, 4), (3, 1, 4)][(0, 1, 4), (1, 1, 4), (2, 1, 4), (2, 0, 4), (3, 0, 4)][(0, 0, 3), (0, 1, 3), (0, 2, 3), (0, 2, 4), (0, 3, 4)][(3, 3, 4), (2, 3, 4), (1, 3, 4), (1, 4, 4), (0, 4, 4)][(3, 3, 3), (2, 3, 3), (1, 3, 3), (1, 4, 3), (0, 4, 3)][(2, 4, 4), (2, 4, 3), (2, 4, 2), (1, 4, 2), (1, 4, 1)][(1, 2, 4), (1, 2, 3), (1, 2, 2), (1, 3, 2), (1, 3, 1)][(2, 2, 4), (2, 2, 3), (2, 2, 2), (2, 3, 2), (2, 3, 1)][(1, 1, 3), (1, 1, 2), (1, 1, 1), (1, 2, 1), (1, 2, 0)][(2, 1, 3), (2, 1, 2), (2, 1, 1), (2, 2, 1), (2, 2, 0)]
14
[(1, 3, 0), (2, 3, 0), (3, 3, 0), (3, 4, 0), (4, 4, 0)][(4, 4, 1), (3, 4, 1), (2, 4, 1), (2, 4, 0), (1, 4, 0)][(0, 3, 3), (0, 3, 2), (0, 3, 1), (0, 4, 1), (0, 4, 0)][(0, 3, 0), (0, 2, 0), (0, 1, 0), (0, 1, 1), (0, 0, 1)][(0, 0, 0), (1, 0, 0), (2, 0, 0), (2, 0, 1), (3, 0, 1)][(0, 4, 4), (0, 4, 3), (0, 4, 2), (1, 4, 2), (1, 4, 1)][(1, 1, 0), (2, 1, 0), (3, 1, 0), (3, 0, 0), (4, 0, 0)][(4, 3, 0), (4, 3, 1), (4, 3, 2), (4, 4, 2), (4, 4, 3)][(4, 0, 3), (4, 0, 2), (4, 0, 1), (4, 1, 1), (4, 1, 0)][(4, 2, 0), (4, 2, 1), (4, 2, 2), (3, 2, 2), (3, 2, 3)][(3, 4, 4), (3, 4, 3), (3, 4, 2), (3, 3, 2), (3, 3, 1)][(3, 2, 0), (2, 2, 0), (1, 2, 0), (1, 2, 1), (0, 2, 1)][(0, 2, 2), (1, 2, 2), (2, 2, 2), (2, 2, 1), (3, 2, 1)][(2, 4, 4), (2, 4, 3), (2, 4, 2), (2, 3, 2), (2, 3, 1)][(1, 3, 1), (1, 3, 2), (1, 3, 3), (1, 4, 3), (1, 4, 4)][(4, 1, 3), (4, 2, 3), (4, 3, 3), (4, 3, 4), (4, 4, 4)][(0, 3, 4), (1, 3, 4), (2, 3, 4), (2, 3, 3), (3, 3, 3)][(0, 2, 4), (1, 2, 4), (2, 2, 4), (2, 1, 4), (3, 1, 4)][(4, 0, 4), (4, 1, 4), (4, 2, 4), (3, 2, 4), (3, 3, 4)][(0, 2, 3), (1, 2, 3), (2, 2, 3), (2, 1, 3), (3, 1, 3)][(3, 0, 4), (2, 0, 4), (1, 0, 4), (1, 1, 4), (0, 1, 4)][(0, 0, 4), (0, 0, 3), (0, 0, 2), (1, 0, 2), (1, 0, 1)][(3, 0, 3), (2, 0, 3), (1, 0, 3), (1, 1, 3), (0, 1, 3)][(0, 1, 2), (1, 1, 2), (2, 1, 2), (2, 0, 2), (3, 0, 2)][(1, 1, 1), (2, 1, 1), (3, 1, 1), (3, 1, 2), (4, 1, 2)]
15
[(1, 3, 0), (2, 3, 0), (3, 3, 0), (3, 4, 0), (4, 4, 0)][(4, 4, 1), (3, 4, 1), (2, 4, 1), (2, 4, 0), (1, 4, 0)][(0, 3, 3), (0, 3, 2), (0, 3, 1), (0, 4, 1), (0, 4, 0)][(0, 3, 0), (0, 2, 0), (0, 1, 0), (1, 1, 0), (1, 0, 0)][(0, 0, 0), (0, 0, 1), (0, 0, 2), (1, 0, 2), (1, 0, 3)][(0, 4, 4), (0, 4, 3), (0, 4, 2), (1, 4, 2), (1, 4, 1)][(0, 1, 1), (0, 1, 2), (0, 1, 3), (0, 0, 3), (0, 0, 4)][(4, 0, 0), (3, 0, 0), (2, 0, 0), (2, 0, 1), (1, 0, 1)][(4, 3, 0), (4, 3, 1), (4, 3, 2), (4, 4, 2), (4, 4, 3)][(4, 2, 0), (4, 2, 1), (4, 2, 2), (4, 1, 2), (4, 1, 3)][(4, 0, 3), (4, 0, 2), (4, 0, 1), (4, 1, 1), (4, 1, 0)][(4, 0, 4), (4, 1, 4), (4, 2, 4), (4, 2, 3), (4, 3, 3)][(3, 1, 4), (3, 2, 4), (3, 3, 4), (4, 3, 4), (4, 4, 4)][(3, 0, 4), (2, 0, 4), (1, 0, 4), (1, 1, 4), (0, 1, 4)][(0, 2, 4), (1, 2, 4), (2, 2, 4), (2, 2, 3), (3, 2, 3)][(3, 0, 3), (3, 0, 2), (3, 0, 1), (3, 1, 1), (3, 1, 0)][(1, 3, 1), (1, 3, 2), (1, 3, 3), (1, 4, 3), (1, 4, 4)][(2, 1, 0), (2, 1, 1), (2, 1, 2), (2, 0, 2), (2, 0, 3)][(3, 4, 4), (3, 4, 3), (3, 4, 2), (3, 3, 2), (3, 3, 1)][(0, 3, 4), (1, 3, 4), (2, 3, 4), (2, 3, 3), (3, 3, 3)][(2, 4, 4), (2, 4, 3), (2, 4, 2), (2, 3, 2), (2, 3, 1)][(3, 2, 0), (3, 2, 1), (3, 2, 2), (3, 1, 2), (3, 1, 3)][(0, 2, 3), (0, 2, 2), (0, 2, 1), (1, 2, 1), (1, 2, 0)][(2, 2, 0), (2, 2, 1), (2, 2, 2), (1, 2, 2), (1, 2, 3)][(1, 1, 1), (1, 1, 2), (1, 1, 3), (2, 1, 3), (2, 1, 4)]
16
[(1, 3, 0), (2, 3, 0), (3, 3, 0), (3, 4, 0), (4, 4, 0)][(4, 4, 1), (3, 4, 1), (2, 4, 1), (2, 4, 0), (1, 4, 0)][(0, 3, 3), (0, 3, 2), (0, 3, 1), (0, 4, 1), (0, 4, 0)][(0, 0, 1), (0, 1, 1), (0, 2, 1), (0, 2, 0), (0, 3, 0)][(0, 0, 0), (1, 0, 0), (2, 0, 0), (2, 1, 0), (3, 1, 0)][(3, 2, 0), (2, 2, 0), (1, 2, 0), (1, 1, 0), (0, 1, 0)][(0, 4, 4), (0, 4, 3), (0, 4, 2), (1, 4, 2), (1, 4, 1)][(4, 3, 0), (4, 3, 1), (4, 3, 2), (4, 4, 2), (4, 4, 3)][(4, 2, 0), (4, 2, 1), (4, 2, 2), (4, 1, 2), (4, 1, 3)][(4, 0, 3), (4, 0, 2), (4, 0, 1), (4, 1, 1), (4, 1, 0)][(1, 0, 1), (2, 0, 1), (3, 0, 1), (3, 0, 0), (4, 0, 0)][(3, 0, 3), (2, 0, 3), (1, 0, 3), (1, 0, 4), (0, 0, 4)][(0, 0, 3), (0, 1, 3), (0, 2, 3), (0, 2, 4), (0, 3, 4)][(0, 0, 2), (0, 1, 2), (0, 2, 2), (1, 2, 2), (1, 3, 2)][(1, 3, 1), (1, 2, 1), (1, 1, 1), (1, 1, 2), (1, 0, 2)][(0, 1, 4), (1, 1, 4), (2, 1, 4), (2, 0, 4), (3, 0, 4)][(4, 0, 4), (4, 1, 4), (4, 2, 4), (4, 2, 3), (4, 3, 3)][(1, 4, 4), (1, 3, 4), (1, 2, 4), (1, 2, 3), (1, 1, 3)][(1, 3, 3), (2, 3, 3), (3, 3, 3), (3, 3, 4), (4, 3, 4)][(2, 4, 4), (2, 3, 4), (2, 2, 4), (3, 2, 4), (3, 1, 4)][(2, 4, 2), (2, 3, 2), (2, 2, 2), (2, 2, 3), (2, 1, 3)][(2, 3, 1), (2, 2, 1), (2, 1, 1), (2, 1, 2), (2, 0, 2)][(1, 4, 3), (2, 4, 3), (3, 4, 3), (3, 4, 4), (4, 4, 4)][(3, 4, 2), (3, 3, 2), (3, 2, 2), (3, 2, 3), (3, 1, 3)][(3, 3, 1), (3, 2, 1), (3, 1, 1), (3, 1, 2), (3, 0, 2)]
17
[(4, 1, 1), (4, 2, 1), (4, 3, 1), (4, 3, 0), (4, 4, 0)][(4, 2, 0), (3, 2, 0), (2, 2, 0), (2, 3, 0), (1, 3, 0)][(4, 1, 0), (3, 1, 0), (2, 1, 0), (2, 1, 1), (1, 1, 1)][(4, 0, 0), (4, 0, 1), (4, 0, 2), (4, 1, 2), (4, 1, 3)][(1, 0, 0), (1, 1, 0), (1, 2, 0), (0, 2, 0), (0, 3, 0)][(0, 0, 1), (1, 0, 1), (2, 0, 1), (2, 0, 0), (3, 0, 0)][(0, 3, 1), (0, 2, 1), (0, 1, 1), (0, 1, 0), (0, 0, 0)][(0, 4, 0), (1, 4, 0), (2, 4, 0), (2, 4, 1), (3, 4, 1)][(3, 1, 1), (3, 2, 1), (3, 3, 1), (3, 3, 0), (3, 4, 0)][(3, 4, 4), (3, 4, 3), (3, 4, 2), (4, 4, 2), (4, 4, 1)][(3, 1, 4), (3, 2, 4), (3, 3, 4), (4, 3, 4), (4, 4, 4)][(4, 4, 3), (4, 3, 3), (4, 2, 3), (4, 2, 4), (4, 1, 4)][(3, 0, 1), (3, 0, 2), (3, 0, 3), (4, 0, 3), (4, 0, 4)][(0, 0, 3), (1, 0, 3), (2, 0, 3), (2, 0, 4), (3, 0, 4)][(0, 4, 1), (0, 4, 2), (0, 4, 3), (1, 4, 3), (1, 4, 4)][(0, 1, 3), (0, 2, 3), (0, 3, 3), (0, 3, 4), (0, 4, 4)][(0, 0, 4), (0, 1, 4), (0, 2, 4), (1, 2, 4), (1, 3, 4)][(2, 3, 4), (2, 2, 4), (2, 1, 4), (1, 1, 4), (1, 0, 4)][(4, 2, 2), (3, 2, 2), (2, 2, 2), (2, 2, 1), (1, 2, 1)][(4, 3, 2), (3, 3, 2), (2, 3, 2), (2, 3, 1), (1, 3, 1)][(2, 4, 4), (2, 4, 3), (2, 4, 2), (1, 4, 2), (1, 4, 1)][(3, 3, 3), (2, 3, 3), (1, 3, 3), (1, 3, 2), (0, 3, 2)][(3, 2, 3), (2, 2, 3), (1, 2, 3), (1, 2, 2), (0, 2, 2)][(0, 0, 2), (1, 0, 2), (2, 0, 2), (2, 1, 2), (3, 1, 2)][(3, 1, 3), (2, 1, 3), (1, 1, 3), (1, 1, 2), (0, 1, 2)]
18
[(4, 1, 1), (4, 2, 1), (4, 3, 1), (4, 3, 0), (4, 4, 0)][(3, 4, 0), (3, 3, 0), (3, 2, 0), (4, 2, 0), (4, 1, 0)][(4, 0, 0), (3, 0, 0), (2, 0, 0), (2, 0, 1), (1, 0, 1)][(4, 0, 1), (4, 0, 2), (4, 0, 3), (3, 0, 3), (3, 0, 4)][(4, 3, 3), (4, 2, 3), (4, 1, 3), (4, 1, 4), (4, 0, 4)][(2, 0, 4), (2, 0, 3), (2, 0, 2), (3, 0, 2), (3, 0, 1)][(4, 4, 1), (3, 4, 1), (2, 4, 1), (2, 4, 0), (1, 4, 0)][(4, 4, 3), (3, 4, 3), (2, 4, 3), (2, 4, 4), (1, 4, 4)][(4, 4, 4), (4, 3, 4), (4, 2, 4), (3, 2, 4), (3, 1, 4)][(2, 1, 4), (2, 2, 4), (2, 3, 4), (3, 3, 4), (3, 4, 4)][(4, 4, 2), (3, 4, 2), (2, 4, 2), (2, 3, 2), (1, 3, 2)][(1, 3, 3), (2, 3, 3), (3, 3, 3), (3, 3, 2), (4, 3, 2)][(0, 3, 0), (1, 3, 0), (2, 3, 0), (2, 3, 1), (3, 3, 1)][(1, 4, 1), (1, 4, 2), (1, 4, 3), (0, 4, 3), (0, 4, 4)][(0, 4, 0), (0, 4, 1), (0, 4, 2), (0, 3, 2), (0, 3, 3)][(1, 3, 1), (1, 2, 1), (1, 1, 1), (1, 1, 0), (1, 0, 0)][(0, 2, 0), (1, 2, 0), (2, 2, 0), (2, 1, 0), (3, 1, 0)][(0, 1, 2), (1, 1, 2), (2, 1, 2), (2, 1, 1), (3, 1, 1)][(0, 3, 1), (0, 2, 1), (0, 1, 1), (0, 1, 0), (0, 0, 0)][(0, 2, 2), (1, 2, 2), (2, 2, 2), (2, 2, 1), (3, 2, 1)][(1, 2, 3), (2, 2, 3), (3, 2, 3), (3, 2, 2), (4, 2, 2)][(0, 0, 3), (0, 1, 3), (0, 2, 3), (0, 2, 4), (0, 3, 4)][(1, 1, 3), (2, 1, 3), (3, 1, 3), (3, 1, 2), (4, 1, 2)][(1, 3, 4), (1, 2, 4), (1, 1, 4), (0, 1, 4), (0, 0, 4)][(1, 0, 4), (1, 0, 3), (1, 0, 2), (0, 0, 2), (0, 0, 1)]
19
[(4, 1, 1), (4, 2, 1), (4, 3, 1), (4, 3, 0), (4, 4, 0)][(3, 4, 0), (3, 3, 0), (3, 2, 0), (4, 2, 0), (4, 1, 0)][(4, 0, 0), (4, 0, 1), (4, 0, 2), (4, 1, 2), (4, 1, 3)][(1, 0, 4), (2, 0, 4), (3, 0, 4), (3, 0, 3), (4, 0, 3)][(4, 0, 4), (4, 1, 4), (4, 2, 4), (4, 2, 3), (4, 3, 3)][(3, 1, 4), (3, 2, 4), (3, 3, 4), (4, 3, 4), (4, 4, 4)][(1, 4, 4), (2, 4, 4), (3, 4, 4), (3, 4, 3), (4, 4, 3)][(4, 4, 1), (3, 4, 1), (2, 4, 1), (2, 4, 0), (1, 4, 0)][(4, 4, 2), (4, 3, 2), (4, 2, 2), (3, 2, 2), (3, 1, 2)][(0, 0, 3), (1, 0, 3), (2, 0, 3), (2, 0, 2), (3, 0, 2)][(0, 0, 4), (0, 1, 4), (0, 2, 4), (1, 2, 4), (1, 3, 4)][(0, 4, 4), (0, 4, 3), (0, 4, 2), (0, 3, 2), (0, 3, 1)][(0, 2, 1), (0, 2, 2), (0, 2, 3), (0, 3, 3), (0, 3, 4)][(1, 4, 3), (1, 4, 2), (1, 4, 1), (0, 4, 1), (0, 4, 0)][(3, 1, 3), (3, 2, 3), (3, 3, 3), (3, 3, 2), (3, 4, 2)][(0, 0, 0), (0, 0, 1), (0, 0, 2), (0, 1, 2), (0, 1, 3)][(0, 3, 0), (0, 2, 0), (0, 1, 0), (1, 1, 0), (1, 0, 0)][(3, 3, 1), (3, 2, 1), (3, 1, 1), (3, 1, 0), (3, 0, 0)][(0, 1, 1), (1, 1, 1), (2, 1, 1), (2, 0, 1), (3, 0, 1)][(1, 1, 4), (1, 1, 3), (1, 1, 2), (1, 0, 2), (1, 0, 1)][(2, 0, 0), (2, 1, 0), (2, 2, 0), (1, 2, 0), (1, 3, 0)][(1, 2, 1), (1, 2, 2), (1, 2, 3), (2, 2, 3), (2, 2, 4)][(2, 3, 0), (2, 3, 1), (2, 3, 2), (2, 4, 2), (2, 4, 3)][(1, 3, 1), (1, 3, 2), (1, 3, 3), (2, 3, 3), (2, 3, 4)][(2, 1, 4), (2, 1, 3), (2, 1, 2), (2, 2, 2), (2, 2, 1)]
20
[(4, 1, 1), (4, 2, 1), (4, 3, 1), (4, 3, 0), (4, 4, 0)][(3, 4, 0), (3, 3, 0), (3, 2, 0), (4, 2, 0), (4, 1, 0)][(1, 0, 1), (2, 0, 1), (3, 0, 1), (3, 0, 0), (4, 0, 0)][(4, 0, 1), (4, 0, 2), (4, 0, 3), (3, 0, 3), (3, 0, 4)][(4, 0, 4), (4, 1, 4), (4, 2, 4), (3, 2, 4), (3, 3, 4)][(4, 1, 3), (4, 2, 3), (4, 3, 3), (4, 3, 4), (4, 4, 4)][(0, 0, 0), (1, 0, 0), (2, 0, 0), (2, 1, 0), (3, 1, 0)][(1, 4, 4), (2, 4, 4), (3, 4, 4), (3, 4, 3), (4, 4, 3)][(4, 4, 1), (3, 4, 1), (2, 4, 1), (2, 4, 0), (1, 4, 0)][(4, 4, 2), (3, 4, 2), (2, 4, 2), (2, 3, 2), (1, 3, 2)][(0, 3, 0), (1, 3, 0), (2, 3, 0), (2, 3, 1), (3, 3, 1)][(1, 4, 3), (1, 4, 2), (1, 4, 1), (0, 4, 1), (0, 4, 0)][(4, 3, 2), (4, 2, 2), (4, 1, 2), (3, 1, 2), (3, 0, 2)][(2, 0, 2), (2, 1, 2), (2, 2, 2), (3, 2, 2), (3, 3, 2)][(0, 2, 0), (1, 2, 0), (2, 2, 0), (2, 2, 1), (3, 2, 1)][(3, 1, 1), (2, 1, 1), (1, 1, 1), (1, 1, 0), (0, 1, 0)][(0, 0, 1), (0, 1, 1), (0, 2, 1), (1, 2, 1), (1, 3, 1)][(0, 0, 2), (0, 1, 2), (0, 2, 2), (0, 2, 3), (0, 3, 3)][(1, 0, 2), (1, 1, 2), (1, 2, 2), (1, 2, 3), (1, 3, 3)][(0, 4, 4), (0, 4, 3), (0, 4, 2), (0, 3, 2), (0, 3, 1)][(0, 3, 4), (0, 2, 4), (0, 1, 4), (0, 1, 3), (0, 0, 3)][(0, 0, 4), (1, 0, 4), (2, 0, 4), (2, 1, 4), (3, 1, 4)][(2, 0, 3), (2, 1, 3), (2, 2, 3), (2, 2, 4), (2, 3, 4)][(1, 3, 4), (1, 2, 4), (1, 1, 4), (1, 1, 3), (1, 0, 3)][(3, 1, 3), (3, 2, 3), (3, 3, 3), (2, 3, 3), (2, 4, 3)]
21
[(4, 1, 1), (4, 2, 1), (4, 3, 1), (4, 3, 0), (4, 4, 0)][(3, 4, 0), (3, 3, 0), (3, 2, 0), (4, 2, 0), (4, 1, 0)][(1, 0, 1), (2, 0, 1), (3, 0, 1), (3, 0, 0), (4, 0, 0)][(4, 0, 1), (4, 0, 2), (4, 0, 3), (4, 1, 3), (4, 1, 4)][(4, 0, 4), (3, 0, 4), (2, 0, 4), (2, 1, 4), (1, 1, 4)][(0, 0, 0), (1, 0, 0), (2, 0, 0), (2, 1, 0), (3, 1, 0)][(3, 0, 3), (2, 0, 3), (1, 0, 3), (1, 0, 4), (0, 0, 4)][(4, 4, 4), (4, 3, 4), (4, 2, 4), (3, 2, 4), (3, 1, 4)][(4, 4, 1), (3, 4, 1), (2, 4, 1), (2, 4, 0), (1, 4, 0)][(4, 4, 2), (3, 4, 2), (2, 4, 2), (2, 4, 3), (1, 4, 3)][(1, 4, 4), (2, 4, 4), (3, 4, 4), (3, 4, 3), (4, 4, 3)][(0, 4, 4), (0, 4, 3), (0, 4, 2), (1, 4, 2), (1, 4, 1)][(0, 3, 3), (0, 3, 2), (0, 3, 1), (0, 4, 1), (0, 4, 0)][(0, 3, 0), (1, 3, 0), (2, 3, 0), (2, 3, 1), (3, 3, 1)][(0, 3, 4), (0, 2, 4), (0, 1, 4), (0, 1, 3), (0, 0, 3)][(0, 0, 1), (0, 1, 1), (0, 2, 1), (1, 2, 1), (1, 3, 1)][(0, 2, 0), (1, 2, 0), (2, 2, 0), (2, 2, 1), (3, 2, 1)][(3, 1, 1), (2, 1, 1), (1, 1, 1), (1, 1, 0), (0, 1, 0)][(4, 2, 3), (3, 2, 3), (2, 2, 3), (2, 2, 4), (1, 2, 4)][(1, 3, 4), (2, 3, 4), (3, 3, 4), (3, 3, 3), (4, 3, 3)][(4, 3, 2), (3, 3, 2), (2, 3, 2), (2, 3, 3), (1, 3, 3)][(4, 2, 2), (3, 2, 2), (2, 2, 2), (2, 1, 2), (1, 1, 2)][(3, 1, 3), (2, 1, 3), (1, 1, 3), (1, 2, 3), (0, 2, 3)][(1, 0, 2), (2, 0, 2), (3, 0, 2), (3, 1, 2), (4, 1, 2)][(0, 0, 2), (0, 1, 2), (0, 2, 2), (1, 2, 2), (1, 3, 2)]
22
[(4, 1, 1), (4, 2, 1), (4, 3, 1), (4, 3, 0), (4, 4, 0)][(3, 4, 0), (3, 3, 0), (3, 2, 0), (4, 2, 0), (4, 1, 0)][(1, 0, 1), (2, 0, 1), (3, 0, 1), (3, 0, 0), (4, 0, 0)][(3, 0, 4), (3, 0, 3), (3, 0, 2), (4, 0, 2), (4, 0, 1)][(4, 0, 4), (4, 1, 4), (4, 2, 4), (4, 2, 3), (4, 3, 3)][(4, 3, 2), (4, 2, 2), (4, 1, 2), (4, 1, 3), (4, 0, 3)][(0, 0, 0), (1, 0, 0), (2, 0, 0), (2, 1, 0), (3, 1, 0)][(3, 1, 4), (3, 2, 4), (3, 3, 4), (4, 3, 4), (4, 4, 4)][(2, 0, 4), (2, 0, 3), (2, 0, 2), (2, 1, 2), (2, 1, 1)][(3, 1, 1), (3, 1, 2), (3, 1, 3), (2, 1, 3), (2, 1, 4)][(1, 3, 4), (1, 2, 4), (1, 1, 4), (0, 1, 4), (0, 0, 4)][(1, 0, 4), (1, 0, 3), (1, 0, 2), (0, 0, 2), (0, 0, 1)][(0, 0, 3), (0, 1, 3), (0, 2, 3), (0, 2, 4), (0, 3, 4)][(3, 2, 1), (3, 2, 2), (3, 2, 3), (2, 2, 3), (2, 2, 4)][(2, 2, 0), (2, 2, 1), (2, 2, 2), (1, 2, 2), (1, 2, 3)][(0, 1, 0), (0, 1, 1), (0, 1, 2), (1, 1, 2), (1, 1, 3)][(0, 2, 0), (0, 2, 1), (0, 2, 2), (0, 3, 2), (0, 3, 3)][(0, 4, 4), (0, 4, 3), (0, 4, 2), (1, 4, 2), (1, 4, 1)][(1, 1, 1), (1, 2, 1), (1, 3, 1), (0, 3, 1), (0, 4, 1)][(4, 4, 1), (3, 4, 1), (2, 4, 1), (2, 4, 0), (1, 4, 0)][(1, 1, 0), (1, 2, 0), (1, 3, 0), (0, 3, 0), (0, 4, 0)][(1, 4, 4), (2, 4, 4), (3, 4, 4), (3, 4, 3), (4, 4, 3)][(2, 3, 0), (2, 3, 1), (2, 3, 2), (1, 3, 2), (1, 3, 3)][(3, 3, 1), (3, 3, 2), (3, 3, 3), (2, 3, 3), (2, 3, 4)][(4, 4, 2), (3, 4, 2), (2, 4, 2), (2, 4, 3), (1, 4, 3)]
23
[(4, 1, 1), (4, 2, 1), (4, 3, 1), (4, 3, 0), (4, 4, 0)][(4, 0, 0), (4, 1, 0), (4, 2, 0), (3, 2, 0), (3, 3, 0)][(0, 4, 0), (0, 4, 1), (0, 4, 2), (1, 4, 2), (1, 4, 3)][(0, 3, 1), (0, 3, 2), (0, 3, 3), (0, 4, 3), (0, 4, 4)][(1, 3, 4), (2, 3, 4), (3, 3, 4), (3, 4, 4), (4, 4, 4)][(4, 4, 3), (3, 4, 3), (2, 4, 3), (2, 4, 4), (1, 4, 4)][(0, 3, 4), (0, 2, 4), (0, 1, 4), (0, 1, 3), (0, 0, 3)][(0, 0, 4), (1, 0, 4), (2, 0, 4), (2, 0, 3), (3, 0, 3)][(1, 1, 4), (2, 1, 4), (3, 1, 4), (3, 0, 4), (4, 0, 4)][(4, 3, 4), (4, 3, 3), (4, 3, 2), (4, 4, 2), (4, 4, 1)][(4, 0, 1), (4, 0, 2), (4, 0, 3), (4, 1, 3), (4, 1, 4)][(3, 4, 0), (3, 4, 1), (3, 4, 2), (3, 3, 2), (3, 3, 3)][(4, 2, 4), (4, 2, 3), (4, 2, 2), (3, 2, 2), (3, 2, 1)][(3, 2, 4), (2, 2, 4), (1, 2, 4), (1, 2, 3), (0, 2, 3)][(0, 2, 2), (1, 2, 2), (2, 2, 2), (2, 2, 3), (3, 2, 3)][(2, 4, 0), (2, 4, 1), (2, 4, 2), (2, 3, 2), (2, 3, 3)][(1, 3, 3), (1, 3, 2), (1, 3, 1), (1, 4, 1), (1, 4, 0)][(0, 3, 0), (1, 3, 0), (2, 3, 0), (2, 3, 1), (3, 3, 1)][(0, 2, 1), (1, 2, 1), (2, 2, 1), (2, 1, 1), (3, 1, 1)][(0, 2, 0), (1, 2, 0), (2, 2, 0), (2, 1, 0), (3, 1, 0)][(3, 0, 0), (2, 0, 0), (1, 0, 0), (1, 1, 0), (0, 1, 0)][(0, 0, 0), (0, 0, 1), (0, 0, 2), (1, 0, 2), (1, 0, 3)][(3, 0, 1), (2, 0, 1), (1, 0, 1), (1, 1, 1), (0, 1, 1)][(0, 1, 2), (1, 1, 2), (2, 1, 2), (2, 0, 2), (3, 0, 2)][(1, 1, 3), (2, 1, 3), (3, 1, 3), (3, 1, 2), (4, 1, 2)]
24
[(4, 1, 1), (4, 2, 1), (4, 3, 1), (4, 3, 0), (4, 4, 0)][(4, 0, 0), (4, 1, 0), (4, 2, 0), (3, 2, 0), (3, 3, 0)][(0, 4, 0), (0, 4, 1), (0, 4, 2), (0, 3, 2), (0, 3, 3)][(1, 4, 1), (1, 4, 2), (1, 4, 3), (0, 4, 3), (0, 4, 4)][(4, 4, 4), (4, 3, 4), (4, 2, 4), (3, 2, 4), (3, 1, 4)][(4, 3, 3), (4, 2, 3), (4, 1, 3), (4, 1, 4), (4, 0, 4)][(4, 4, 3), (3, 4, 3), (2, 4, 3), (2, 3, 3), (1, 3, 3)][(1, 4, 0), (2, 4, 0), (3, 4, 0), (3, 4, 1), (4, 4, 1)][(3, 1, 3), (3, 2, 3), (3, 3, 3), (3, 3, 4), (3, 4, 4)][(2, 4, 4), (2, 3, 4), (2, 2, 4), (2, 2, 3), (2, 1, 3)][(0, 1, 4), (1, 1, 4), (2, 1, 4), (2, 0, 4), (3, 0, 4)][(1, 4, 4), (1, 3, 4), (1, 2, 4), (1, 2, 3), (1, 1, 3)][(0, 0, 3), (0, 1, 3), (0, 2, 3), (0, 2, 4), (0, 3, 4)][(3, 0, 3), (2, 0, 3), (1, 0, 3), (1, 0, 4), (0, 0, 4)][(4, 0, 3), (4, 0, 2), (4, 0, 1), (3, 0, 1), (3, 0, 0)][(4, 4, 2), (3, 4, 2), (2, 4, 2), (2, 3, 2), (1, 3, 2)][(4, 3, 2), (4, 2, 2), (4, 1, 2), (3, 1, 2), (3, 0, 2)][(2, 0, 2), (2, 1, 2), (2, 2, 2), (3, 2, 2), (3, 3, 2)][(1, 0, 2), (1, 1, 2), (1, 2, 2), (1, 2, 1), (1, 3, 1)][(0, 0, 2), (0, 1, 2), (0, 2, 2), (0, 2, 1), (0, 3, 1)][(0, 3, 0), (0, 2, 0), (0, 1, 0), (0, 1, 1), (0, 0, 1)][(0, 0, 0), (1, 0, 0), (2, 0, 0), (2, 1, 0), (3, 1, 0)][(1, 3, 0), (1, 2, 0), (1, 1, 0), (1, 1, 1), (1, 0, 1)][(2, 0, 1), (2, 1, 1), (2, 2, 1), (2, 2, 0), (2, 3, 0)][(3, 1, 1), (3, 2, 1), (3, 3, 1), (2, 3, 1), (2, 4, 1)]
25
[(4, 1, 1), (4, 2, 1), (4, 3, 1), (4, 3, 0), (4, 4, 0)][(4, 0, 0), (4, 1, 0), (4, 2, 0), (3, 2, 0), (3, 3, 0)][(0, 4, 0), (0, 4, 1), (0, 4, 2), (0, 3, 2), (0, 3, 3)][(1, 4, 1), (1, 4, 2), (1, 4, 3), (0, 4, 3), (0, 4, 4)][(4, 1, 3), (4, 2, 3), (4, 3, 3), (4, 3, 4), (4, 4, 4)][(4, 4, 3), (3, 4, 3), (2, 4, 3), (2, 4, 4), (1, 4, 4)][(1, 4, 0), (2, 4, 0), (3, 4, 0), (3, 4, 1), (4, 4, 1)][(4, 4, 2), (3, 4, 2), (2, 4, 2), (2, 3, 2), (1, 3, 2)][(4, 3, 2), (4, 2, 2), (4, 1, 2), (3, 1, 2), (3, 0, 2)][(4, 0, 3), (4, 0, 2), (4, 0, 1), (3, 0, 1), (3, 0, 0)][(3, 4, 4), (3, 3, 4), (3, 2, 4), (4, 2, 4), (4, 1, 4)][(1, 0, 3), (2, 0, 3), (3, 0, 3), (3, 0, 4), (4, 0, 4)][(2, 0, 2), (2, 1, 2), (2, 2, 2), (3, 2, 2), (3, 3, 2)][(0, 3, 4), (1, 3, 4), (2, 3, 4), (2, 3, 3), (3, 3, 3)][(0, 0, 4), (1, 0, 4), (2, 0, 4), (2, 1, 4), (3, 1, 4)][(0, 2, 4), (1, 2, 4), (2, 2, 4), (2, 2, 3), (3, 2, 3)][(3, 1, 3), (2, 1, 3), (1, 1, 3), (1, 1, 4), (0, 1, 4)][(0, 0, 3), (0, 1, 3), (0, 2, 3), (1, 2, 3), (1, 3, 3)][(1, 0, 2), (1, 1, 2), (1, 2, 2), (1, 2, 1), (1, 3, 1)][(0, 0, 2), (0, 1, 2), (0, 2, 2), (0, 2, 1), (0, 3, 1)][(0, 3, 0), (0, 2, 0), (0, 1, 0), (0, 1, 1), (0, 0, 1)][(0, 0, 0), (1, 0, 0), (2, 0, 0), (2, 1, 0), (3, 1, 0)][(1, 3, 0), (1, 2, 0), (1, 1, 0), (1, 1, 1), (1, 0, 1)][(2, 0, 1), (2, 1, 1), (2, 2, 1), (2, 2, 0), (2, 3, 0)][(3, 1, 1), (3, 2, 1), (3, 3, 1), (2, 3, 1), (2, 4, 1)]
26
[(4, 1, 1), (4, 2, 1), (4, 3, 1), (4, 3, 0), (4, 4, 0)][(4, 0, 0), (4, 1, 0), (4, 2, 0), (3, 2, 0), (3, 3, 0)][(0, 4, 0), (0, 3, 0), (0, 2, 0), (1, 2, 0), (1, 1, 0)][(0, 1, 0), (0, 1, 1), (0, 1, 2), (0, 2, 2), (0, 2, 3)][(0, 0, 0), (1, 0, 0), (2, 0, 0), (2, 0, 1), (3, 0, 1)][(2, 3, 0), (2, 2, 0), (2, 1, 0), (3, 1, 0), (3, 0, 0)][(4, 0, 1), (4, 0, 2), (4, 0, 3), (4, 1, 3), (4, 1, 4)][(1, 0, 3), (2, 0, 3), (3, 0, 3), (3, 0, 4), (4, 0, 4)][(0, 0, 1), (0, 0, 2), (0, 0, 3), (0, 1, 3), (0, 1, 4)][(0, 0, 4), (1, 0, 4), (2, 0, 4), (2, 1, 4), (3, 1, 4)][(0, 4, 4), (0, 3, 4), (0, 2, 4), (1, 2, 4), (1, 1, 4)][(1, 0, 1), (1, 1, 1), (1, 2, 1), (0, 2, 1), (0, 3, 1)][(1, 0, 2), (1, 1, 2), (1, 2, 2), (2, 2, 2), (2, 3, 2)][(2, 3, 1), (2, 2, 1), (2, 1, 1), (2, 1, 2), (2, 0, 2)][(1, 3, 0), (1, 3, 1), (1, 3, 2), (0, 3, 2), (0, 3, 3)][(4, 2, 4), (3, 2, 4), (2, 2, 4), (2, 2, 3), (1, 2, 3)][(1, 1, 3), (2, 1, 3), (3, 1, 3), (3, 2, 3), (4, 2, 3)][(3, 3, 1), (3, 2, 1), (3, 1, 1), (3, 1, 2), (3, 0, 2)][(3, 4, 2), (3, 3, 2), (3, 2, 2), (4, 2, 2), (4, 1, 2)][(4, 3, 4), (4, 3, 3), (4, 3, 2), (4, 4, 2), (4, 4, 1)][(1, 3, 4), (2, 3, 4), (3, 3, 4), (3, 4, 4), (4, 4, 4)][(3, 3, 3), (2, 3, 3), (1, 3, 3), (1, 4, 3), (0, 4, 3)][(4, 4, 3), (3, 4, 3), (2, 4, 3), (2, 4, 4), (1, 4, 4)][(3, 4, 0), (2, 4, 0), (1, 4, 0), (1, 4, 1), (0, 4, 1)][(0, 4, 2), (1, 4, 2), (2, 4, 2), (2, 4, 1), (3, 4, 1)]
27
[(4, 1, 1), (4, 2, 1), (4, 3, 1), (4, 3, 0), (4, 4, 0)][(4, 0, 0), (4, 1, 0), (4, 2, 0), (3, 2, 0), (3, 3, 0)][(3, 4, 1), (2, 4, 1), (1, 4, 1), (1, 4, 0), (0, 4, 0)][(0, 3, 0), (1, 3, 0), (2, 3, 0), (2, 4, 0), (3, 4, 0)][(4, 3, 4), (4, 3, 3), (4, 3, 2), (4, 4, 2), (4, 4, 1)][(4, 4, 4), (3, 4, 4), (2, 4, 4), (2, 4, 3), (1, 4, 3)][(1, 4, 2), (2, 4, 2), (3, 4, 2), (3, 4, 3), (4, 4, 3)][(3, 3, 4), (2, 3, 4), (1, 3, 4), (1, 4, 4), (0, 4, 4)][(1, 1, 4), (2, 1, 4), (3, 1, 4), (3, 0, 4), (4, 0, 4)][(4, 1, 4), (4, 1, 3), (4, 1, 2), (4, 0, 2), (4, 0, 1)][(4, 2, 4), (4, 2, 3), (4, 2, 2), (3, 2, 2), (3, 2, 1)][(3, 3, 1), (3, 3, 2), (3, 3, 3), (3, 2, 3), (3, 2, 4)][(4, 0, 3), (3, 0, 3), (2, 0, 3), (2, 0, 4), (1, 0, 4)][(2, 3, 1), (2, 3, 2), (2, 3, 3), (2, 2, 3), (2, 2, 4)][(2, 2, 0), (2, 2, 1), (2, 2, 2), (2, 1, 2), (2, 1, 3)][(3, 0, 0), (3, 0, 1), (3, 0, 2), (3, 1, 2), (3, 1, 3)][(2, 0, 0), (2, 0, 1), (2, 0, 2), (1, 0, 2), (1, 0, 3)][(3, 1, 0), (2, 1, 0), (1, 1, 0), (1, 0, 0), (0, 0, 0)][(3, 1, 1), (2, 1, 1), (1, 1, 1), (1, 0, 1), (0, 0, 1)][(1, 3, 1), (1, 3, 2), (1, 3, 3), (1, 2, 3), (1, 2, 4)][(1, 2, 0), (1, 2, 1), (1, 2, 2), (1, 1, 2), (1, 1, 3)][(0, 4, 1), (0, 3, 1), (0, 2, 1), (0, 2, 0), (0, 1, 0)][(0, 4, 2), (0, 3, 2), (0, 2, 2), (0, 2, 3), (0, 1, 3)][(0, 0, 4), (0, 0, 3), (0, 0, 2), (0, 1, 2), (0, 1, 1)][(0, 1, 4), (0, 2, 4), (0, 3, 4), (0, 3, 3), (0, 4, 3)]
28
[(4, 1, 1), (4, 2, 1), (4, 3, 1), (4, 3, 0), (4, 4, 0)][(4, 0, 0), (4, 1, 0), (4, 2, 0), (3, 2, 0), (3, 3, 0)][(3, 4, 1), (2, 4, 1), (1, 4, 1), (1, 4, 0), (0, 4, 0)][(0, 3, 0), (1, 3, 0), (2, 3, 0), (2, 4, 0), (3, 4, 0)][(4, 4, 1), (4, 4, 2), (4, 4, 3), (3, 4, 3), (3, 4, 4)][(4, 4, 4), (4, 3, 4), (4, 2, 4), (3, 2, 4), (3, 1, 4)][(4, 3, 3), (4, 2, 3), (4, 1, 3), (4, 1, 4), (4, 0, 4)][(0, 4, 4), (1, 4, 4), (2, 4, 4), (2, 3, 4), (3, 3, 4)][(0, 4, 1), (0, 3, 1), (0, 2, 1), (0, 2, 0), (0, 1, 0)][(0, 4, 2), (0, 3, 2), (0, 2, 2), (0, 2, 3), (0, 1, 3)][(0, 1, 4), (0, 2, 4), (0, 3, 4), (0, 3, 3), (0, 4, 3)][(0, 0, 4), (0, 0, 3), (0, 0, 2), (0, 1, 2), (0, 1, 1)][(1, 0, 3), (1, 0, 2), (1, 0, 1), (0, 0, 1), (0, 0, 0)][(1, 0, 0), (1, 1, 0), (1, 2, 0), (1, 2, 1), (1, 3, 1)][(1, 0, 4), (2, 0, 4), (3, 0, 4), (3, 0, 3), (4, 0, 3)][(4, 0, 1), (3, 0, 1), (2, 0, 1), (2, 1, 1), (1, 1, 1)][(3, 3, 1), (3, 2, 1), (3, 1, 1), (3, 1, 0), (3, 0, 0)][(2, 0, 0), (2, 1, 0), (2, 2, 0), (2, 2, 1), (2, 3, 1)][(2, 4, 3), (2, 3, 3), (2, 2, 3), (2, 2, 4), (2, 1, 4)][(1, 1, 4), (1, 2, 4), (1, 3, 4), (1, 3, 3), (1, 4, 3)][(1, 4, 2), (1, 3, 2), (1, 2, 2), (1, 2, 3), (1, 1, 3)][(3, 3, 3), (3, 2, 3), (3, 1, 3), (2, 1, 3), (2, 0, 3)][(2, 4, 2), (2, 3, 2), (2, 2, 2), (3, 2, 2), (3, 1, 2)][(4, 1, 2), (4, 2, 2), (4, 3, 2), (3, 3, 2), (3, 4, 2)][(4, 0, 2), (3, 0, 2), (2, 0, 2), (2, 1, 2), (1, 1, 2)]
29
[(4, 1, 1), (4, 2, 1), (4, 3, 1), (4, 3, 0), (4, 4, 0)][(4, 0, 0), (4, 1, 0), (4, 2, 0), (3, 2, 0), (3, 3, 0)][(3, 4, 1), (2, 4, 1), (1, 4, 1), (1, 4, 0), (0, 4, 0)][(0, 3, 0), (1, 3, 0), (2, 3, 0), (2, 4, 0), (3, 4, 0)][(4, 4, 1), (4, 4, 2), (4, 4, 3), (4, 3, 3), (4, 3, 4)][(4, 4, 4), (3, 4, 4), (2, 4, 4), (2, 3, 4), (1, 3, 4)][(3, 4, 3), (2, 4, 3), (1, 4, 3), (1, 4, 4), (0, 4, 4)][(0, 1, 4), (0, 2, 4), (0, 3, 4), (0, 3, 3), (0, 4, 3)][(0, 4, 1), (0, 3, 1), (0, 2, 1), (0, 2, 0), (0, 1, 0)][(0, 4, 2), (0, 3, 2), (0, 2, 2), (1, 2, 2), (1, 1, 2)][(1, 0, 0), (1, 1, 0), (1, 2, 0), (1, 2, 1), (1, 3, 1)][(1, 4, 2), (2, 4, 2), (3, 4, 2), (3, 3, 2), (4, 3, 2)][(4, 2, 2), (3, 2, 2), (2, 2, 2), (2, 3, 2), (1, 3, 2)][(2, 0, 0), (2, 1, 0), (2, 2, 0), (2, 2, 1), (2, 3, 1)][(3, 3, 1), (3, 2, 1), (3, 1, 1), (3, 1, 0), (3, 0, 0)][(0, 1, 3), (0, 1, 2), (0, 1, 1), (0, 0, 1), (0, 0, 0)][(4, 0, 1), (3, 0, 1), (2, 0, 1), (2, 1, 1), (1, 1, 1)][(4, 0, 2), (3, 0, 2), (2, 0, 2), (2, 0, 3), (1, 0, 3)][(0, 0, 4), (0, 0, 3), (0, 0, 2), (1, 0, 2), (1, 0, 1)][(4, 1, 2), (3, 1, 2), (2, 1, 2), (2, 1, 3), (1, 1, 3)][(1, 0, 4), (2, 0, 4), (3, 0, 4), (3, 0, 3), (4, 0, 3)][(1, 1, 4), (2, 1, 4), (3, 1, 4), (3, 1, 3), (4, 1, 3)][(4, 0, 4), (4, 1, 4), (4, 2, 4), (3, 2, 4), (3, 3, 4)][(4, 2, 3), (3, 2, 3), (2, 2, 3), (2, 2, 4), (1, 2, 4)][(3, 3, 3), (2, 3, 3), (1, 3, 3), (1, 2, 3), (0, 2, 3)]
30
[(4, 1, 1), (4, 2, 1), (4, 3, 1), (4, 3, 0), (4, 4, 0)][(4, 0, 0), (4, 1, 0), (4, 2, 0), (3, 2, 0), (3, 3, 0)][(0, 3, 3), (0, 3, 2), (0, 3, 1), (0, 4, 1), (0, 4, 0)][(1, 4, 0), (1, 4, 1), (1, 4, 2), (0, 4, 2), (0, 4, 3)][(3, 3, 4), (2, 3, 4), (1, 3, 4), (1, 4, 4), (0, 4, 4)][(0, 3, 4), (0, 2, 4), (0, 1, 4), (0, 1, 3), (0, 0, 3)][(0, 0, 4), (1, 0, 4), (2, 0, 4), (2, 0, 3), (3, 0, 3)][(1, 1, 4), (2, 1, 4), (3, 1, 4), (3, 0, 4), (4, 0, 4)][(4, 4, 4), (3, 4, 4), (2, 4, 4), (2, 4, 3), (1, 4, 3)][(4, 4, 1), (3, 4, 1), (2, 4, 1), (2, 3, 1), (1, 3, 1)][(0, 3, 0), (1, 3, 0), (2, 3, 0), (2, 4, 0), (3, 4, 0)][(4, 3, 4), (4, 3, 3), (4, 3, 2), (3, 3, 2), (3, 3, 1)][(1, 3, 3), (2, 3, 3), (3, 3, 3), (3, 4, 3), (4, 4, 3)][(4, 4, 2), (3, 4, 2), (2, 4, 2), (2, 3, 2), (1, 3, 2)][(4, 0, 1), (4, 0, 2), (4, 0, 3), (4, 1, 3), (4, 1, 4)][(4, 2, 4), (4, 2, 3), (4, 2, 2), (3, 2, 2), (3, 2, 1)][(3, 2, 4), (2, 2, 4), (1, 2, 4), (1, 2, 3), (0, 2, 3)][(0, 2, 2), (1, 2, 2), (2, 2, 2), (2, 2, 3), (3, 2, 3)][(0, 2, 1), (1, 2, 1), (2, 2, 1), (2, 1, 1), (3, 1, 1)][(0, 2, 0), (1, 2, 0), (2, 2, 0), (2, 1, 0), (3, 1, 0)][(3, 0, 0), (2, 0, 0), (1, 0, 0), (1, 1, 0), (0, 1, 0)][(0, 0, 0), (0, 0, 1), (0, 0, 2), (1, 0, 2), (1, 0, 3)][(3, 0, 1), (2, 0, 1), (1, 0, 1), (1, 1, 1), (0, 1, 1)][(0, 1, 2), (1, 1, 2), (2, 1, 2), (2, 0, 2), (3, 0, 2)][(1, 1, 3), (2, 1, 3), (3, 1, 3), (3, 1, 2), (4, 1, 2)]
31
[(4, 1, 1), (4, 2, 1), (4, 3, 1), (4, 3, 0), (4, 4, 0)][(4, 0, 0), (4, 1, 0), (4, 2, 0), (3, 2, 0), (3, 3, 0)][(1, 1, 0), (1, 2, 0), (1, 3, 0), (0, 3, 0), (0, 4, 0)][(0, 4, 1), (0, 3, 1), (0, 2, 1), (0, 2, 0), (0, 1, 0)][(1, 4, 0), (1, 4, 1), (1, 4, 2), (0, 4, 2), (0, 4, 3)][(2, 4, 0), (2, 4, 1), (2, 4, 2), (3, 4, 2), (3, 4, 3)][(4, 4, 3), (4, 4, 2), (4, 4, 1), (3, 4, 1), (3, 4, 0)][(0, 1, 3), (0, 2, 3), (0, 3, 3), (0, 3, 4), (0, 4, 4)][(1, 0, 3), (1, 0, 2), (1, 0, 1), (0, 0, 1), (0, 0, 0)][(0, 0, 4), (0, 0, 3), (0, 0, 2), (0, 1, 2), (0, 1, 1)][(4, 0, 1), (3, 0, 1), (2, 0, 1), (2, 0, 0), (1, 0, 0)][(2, 3, 0), (2, 2, 0), (2, 1, 0), (3, 1, 0), (3, 0, 0)][(4, 0, 2), (3, 0, 2), (2, 0, 2), (2, 1, 2), (1, 1, 2)][(1, 1, 1), (2, 1, 1), (3, 1, 1), (3, 1, 2), (4, 1, 2)][(4, 3, 3), (4, 2, 3), (4, 1, 3), (4, 1, 4), (4, 0, 4)][(4, 0, 3), (3, 0, 3), (2, 0, 3), (2, 0, 4), (1, 0, 4)][(0, 1, 4), (1, 1, 4), (2, 1, 4), (2, 1, 3), (3, 1, 3)][(4, 4, 4), (3, 4, 4), (2, 4, 4), (2, 4, 3), (1, 4, 3)][(1, 1, 3), (1, 2, 3), (1, 3, 3), (1, 3, 4), (1, 4, 4)][(3, 0, 4), (3, 1, 4), (3, 2, 4), (4, 2, 4), (4, 3, 4)][(0, 2, 4), (1, 2, 4), (2, 2, 4), (2, 3, 4), (3, 3, 4)][(0, 3, 2), (1, 3, 2), (2, 3, 2), (2, 3, 3), (3, 3, 3)][(1, 3, 1), (2, 3, 1), (3, 3, 1), (3, 3, 2), (4, 3, 2)][(0, 2, 2), (1, 2, 2), (2, 2, 2), (2, 2, 3), (3, 2, 3)][(1, 2, 1), (2, 2, 1), (3, 2, 1), (3, 2, 2), (4, 2, 2)]
32
[(4, 1, 1), (4, 2, 1), (4, 3, 1), (4, 3, 0), (4, 4, 0)][(4, 0, 0), (4, 1, 0), (4, 2, 0), (3, 2, 0), (3, 3, 0)][(1, 1, 0), (1, 2, 0), (1, 3, 0), (0, 3, 0), (0, 4, 0)][(0, 4, 1), (0, 3, 1), (0, 2, 1), (0, 2, 0), (0, 1, 0)][(1, 4, 0), (1, 4, 1), (1, 4, 2), (0, 4, 2), (0, 4, 3)][(2, 4, 0), (2, 3, 0), (2, 2, 0), (2, 2, 1), (2, 1, 1)][(0, 0, 0), (1, 0, 0), (2, 0, 0), (2, 1, 0), (3, 1, 0)][(4, 0, 3), (4, 0, 2), (4, 0, 1), (3, 0, 1), (3, 0, 0)][(4, 4, 3), (4, 4, 2), (4, 4, 1), (3, 4, 1), (3, 4, 0)][(3, 0, 4), (3, 0, 3), (3, 0, 2), (2, 0, 2), (2, 0, 1)][(4, 0, 4), (4, 1, 4), (4, 2, 4), (4, 2, 3), (4, 3, 3)][(4, 4, 4), (3, 4, 4), (2, 4, 4), (2, 3, 4), (1, 3, 4)][(1, 2, 4), (2, 2, 4), (3, 2, 4), (3, 3, 4), (4, 3, 4)][(3, 4, 3), (2, 4, 3), (1, 4, 3), (1, 4, 4), (0, 4, 4)][(0, 0, 4), (1, 0, 4), (2, 0, 4), (2, 1, 4), (3, 1, 4)][(3, 1, 1), (3, 2, 1), (3, 3, 1), (2, 3, 1), (2, 4, 1)][(1, 1, 4), (1, 1, 3), (1, 1, 2), (1, 0, 2), (1, 0, 1)][(1, 3, 1), (1, 2, 1), (1, 1, 1), (0, 1, 1), (0, 0, 1)][(0, 3, 4), (0, 2, 4), (0, 1, 4), (0, 1, 3), (0, 0, 3)][(4, 1, 3), (3, 1, 3), (2, 1, 3), (2, 0, 3), (1, 0, 3)][(0, 0, 2), (0, 1, 2), (0, 2, 2), (0, 2, 3), (0, 3, 3)][(1, 2, 3), (2, 2, 3), (3, 2, 3), (3, 2, 2), (4, 2, 2)][(4, 1, 2), (3, 1, 2), (2, 1, 2), (2, 2, 2), (1, 2, 2)][(0, 3, 2), (1, 3, 2), (2, 3, 2), (2, 4, 2), (3, 4, 2)][(1, 3, 3), (2, 3, 3), (3, 3, 3), (3, 3, 2), (4, 3, 2)]
33
[(3, 4, 3), (3, 4, 2), (3, 4, 1), (4, 4, 1), (4, 4, 0)][(4, 4, 4), (4, 4, 3), (4, 4, 2), (4, 3, 2), (4, 3, 1)][(0, 1, 1), (0, 2, 1), (0, 3, 1), (0, 3, 0), (0, 4, 0)][(0, 1, 3), (0, 2, 3), (0, 3, 3), (0, 3, 4), (0, 4, 4)][(3, 4, 4), (2, 4, 4), (1, 4, 4), (1, 4, 3), (0, 4, 3)][(0, 4, 2), (1, 4, 2), (2, 4, 2), (2, 3, 2), (3, 3, 2)][(0, 4, 1), (1, 4, 1), (2, 4, 1), (2, 4, 0), (3, 4, 0)][(1, 4, 0), (1, 3, 0), (1, 2, 0), (0, 2, 0), (0, 1, 0)][(0, 3, 2), (0, 2, 2), (0, 1, 2), (1, 1, 2), (1, 0, 2)][(0, 0, 1), (0, 0, 2), (0, 0, 3), (1, 0, 3), (1, 0, 4)][(0, 0, 4), (0, 1, 4), (0, 2, 4), (1, 2, 4), (1, 3, 4)][(2, 0, 2), (2, 1, 2), (2, 2, 2), (1, 2, 2), (1, 3, 2)][(3, 0, 1), (2, 0, 1), (1, 0, 1), (1, 0, 0), (0, 0, 0)][(4, 3, 0), (3, 3, 0), (2, 3, 0), (2, 3, 1), (1, 3, 1)][(4, 0, 0), (3, 0, 0), (2, 0, 0), (2, 1, 0), (1, 1, 0)][(4, 2, 0), (3, 2, 0), (2, 2, 0), (2, 2, 1), (1, 2, 1)][(1, 1, 1), (2, 1, 1), (3, 1, 1), (3, 1, 0), (4, 1, 0)][(4, 0, 1), (4, 1, 1), (4, 2, 1), (3, 2, 1), (3, 3, 1)][(4, 0, 2), (4, 1, 2), (4, 2, 2), (4, 2, 3), (4, 3, 3)][(3, 0, 2), (3, 1, 2), (3, 2, 2), (3, 2, 3), (3, 3, 3)][(4, 3, 4), (4, 2, 4), (4, 1, 4), (4, 1, 3), (4, 0, 3)][(3, 3, 4), (3, 2, 4), (3, 1, 4), (3, 1, 3), (3, 0, 3)][(4, 0, 4), (3, 0, 4), (2, 0, 4), (2, 1, 4), (1, 1, 4)][(2, 0, 3), (2, 1, 3), (2, 2, 3), (2, 2, 4), (2, 3, 4)][(1, 1, 3), (1, 2, 3), (1, 3, 3), (2, 3, 3), (2, 4, 3)]
34
[(3, 4, 3), (3, 4, 2), (3, 4, 1), (4, 4, 1), (4, 4, 0)][(4, 4, 4), (4, 4, 3), (4, 4, 2), (4, 3, 2), (4, 3, 1)][(0, 1, 1), (0, 2, 1), (0, 3, 1), (0, 3, 0), (0, 4, 0)][(1, 1, 4), (1, 2, 4), (1, 3, 4), (0, 3, 4), (0, 4, 4)][(0, 0, 4), (0, 1, 4), (0, 2, 4), (0, 2, 3), (0, 3, 3)][(3, 4, 4), (2, 4, 4), (1, 4, 4), (1, 4, 3), (0, 4, 3)][(0, 4, 2), (0, 3, 2), (0, 2, 2), (1, 2, 2), (1, 1, 2)][(0, 0, 0), (0, 0, 1), (0, 0, 2), (0, 1, 2), (0, 1, 3)][(0, 4, 1), (1, 4, 1), (2, 4, 1), (2, 4, 0), (3, 4, 0)][(1, 1, 3), (1, 2, 3), (1, 3, 3), (1, 3, 2), (1, 4, 2)][(1, 4, 0), (1, 3, 0), (1, 2, 0), (0, 2, 0), (0, 1, 0)][(3, 0, 4), (2, 0, 4), (1, 0, 4), (1, 0, 3), (0, 0, 3)][(4, 2, 1), (4, 2, 2), (4, 2, 3), (4, 3, 3), (4, 3, 4)][(4, 0, 4), (4, 1, 4), (4, 2, 4), (3, 2, 4), (3, 3, 4)][(1, 3, 1), (1, 2, 1), (1, 1, 1), (1, 1, 0), (1, 0, 0)][(4, 3, 0), (4, 2, 0), (4, 1, 0), (3, 1, 0), (3, 0, 0)][(4, 0, 3), (3, 0, 3), (2, 0, 3), (2, 0, 2), (1, 0, 2)][(4, 0, 0), (4, 0, 1), (4, 0, 2), (4, 1, 2), (4, 1, 3)][(4, 1, 1), (3, 1, 1), (2, 1, 1), (2, 0, 1), (1, 0, 1)][(3, 1, 4), (3, 1, 3), (3, 1, 2), (3, 0, 2), (3, 0, 1)][(2, 0, 0), (2, 1, 0), (2, 2, 0), (3, 2, 0), (3, 3, 0)][(3, 2, 1), (3, 2, 2), (3, 2, 3), (2, 2, 3), (2, 2, 4)][(2, 3, 0), (2, 3, 1), (2, 3, 2), (2, 4, 2), (2, 4, 3)][(3, 3, 1), (3, 3, 2), (3, 3, 3), (2, 3, 3), (2, 3, 4)][(2, 1, 4), (2, 1, 3), (2, 1, 2), (2, 2, 2), (2, 2, 1)]
35
[(3, 4, 3), (3, 4, 2), (3, 4, 1), (4, 4, 1), (4, 4, 0)][(4, 4, 4), (4, 4, 3), (4, 4, 2), (4, 3, 2), (4, 3, 1)][(0, 4, 0), (0, 3, 0), (0, 2, 0), (0, 2, 1), (0, 1, 1)][(1, 3, 0), (1, 2, 0), (1, 1, 0), (0, 1, 0), (0, 0, 0)][(4, 1, 3), (4, 1, 2), (4, 1, 1), (4, 0, 1), (4, 0, 0)][(1, 4, 0), (2, 4, 0), (3, 4, 0), (3, 3, 0), (4, 3, 0)][(4, 1, 0), (3, 1, 0), (2, 1, 0), (2, 0, 0), (1, 0, 0)][(4, 2, 0), (4, 2, 1), (4, 2, 2), (3, 2, 2), (3, 2, 3)][(4, 0, 4), (4, 1, 4), (4, 2, 4), (4, 2, 3), (4, 3, 3)][(3, 3, 3), (3, 3, 2), (3, 3, 1), (3, 2, 1), (3, 2, 0)][(1, 4, 4), (2, 4, 4), (3, 4, 4), (3, 3, 4), (4, 3, 4)][(0, 1, 2), (0, 2, 2), (0, 3, 2), (0, 3, 1), (0, 4, 1)][(0, 4, 4), (0, 4, 3), (0, 4, 2), (1, 4, 2), (1, 4, 1)][(3, 0, 0), (3, 0, 1), (3, 0, 2), (4, 0, 2), (4, 0, 3)][(0, 0, 1), (0, 0, 2), (0, 0, 3), (1, 0, 3), (1, 0, 4)][(3, 1, 1), (3, 1, 2), (3, 1, 3), (3, 0, 3), (3, 0, 4)][(0, 3, 4), (1, 3, 4), (2, 3, 4), (2, 2, 4), (3, 2, 4)][(0, 0, 4), (0, 1, 4), (0, 2, 4), (0, 2, 3), (0, 3, 3)][(0, 1, 3), (1, 1, 3), (2, 1, 3), (2, 1, 4), (3, 1, 4)][(1, 4, 3), (1, 3, 3), (1, 2, 3), (1, 2, 4), (1, 1, 4)][(2, 0, 4), (2, 0, 3), (2, 0, 2), (1, 0, 2), (1, 0, 1)][(1, 1, 2), (1, 2, 2), (1, 3, 2), (2, 3, 2), (2, 4, 2)][(2, 4, 3), (2, 3, 3), (2, 2, 3), (2, 2, 2), (2, 1, 2)][(2, 0, 1), (2, 1, 1), (2, 2, 1), (2, 2, 0), (2, 3, 0)][(1, 1, 1), (1, 2, 1), (1, 3, 1), (2, 3, 1), (2, 4, 1)]
36
[(3, 4, 3), (3, 4, 2), (3, 4, 1), (4, 4, 1), (4, 4, 0)][(4, 4, 4), (4, 4, 3), (4, 4, 2), (4, 3, 2), (4, 3, 1)][(0, 4, 0), (0, 3, 0), (0, 2, 0), (0, 2, 1), (0, 1, 1)][(1, 3, 0), (1, 2, 0), (1, 1, 0), (0, 1, 0), (0, 0, 0)][(3, 3, 0), (3, 2, 0), (3, 1, 0), (4, 1, 0), (4, 0, 0)][(4, 0, 1), (4, 1, 1), (4, 2, 1), (4, 2, 0), (4, 3, 0)][(3, 4, 0), (2, 4, 0), (1, 4, 0), (1, 4, 1), (0, 4, 1)][(0, 4, 4), (0, 4, 3), (0, 4, 2), (0, 3, 2), (0, 3, 1)][(3, 0, 0), (3, 0, 1), (3, 0, 2), (4, 0, 2), (4, 0, 3)][(2, 0, 0), (2, 0, 1), (2, 0, 2), (2, 1, 2), (2, 1, 3)][(4, 1, 4), (4, 1, 3), (4, 1, 2), (3, 1, 2), (3, 1, 1)][(1, 0, 3), (2, 0, 3), (3, 0, 3), (3, 0, 4), (4, 0, 4)][(0, 0, 3), (0, 0, 2), (0, 0, 1), (1, 0, 1), (1, 0, 0)][(1, 4, 2), (1, 3, 2), (1, 2, 2), (0, 2, 2), (0, 1, 2)][(1, 3, 1), (1, 2, 1), (1, 1, 1), (1, 1, 2), (1, 0, 2)][(4, 2, 4), (4, 2, 3), (4, 2, 2), (3, 2, 2), (3, 2, 1)][(2, 4, 2), (2, 3, 2), (2, 2, 2), (2, 2, 1), (2, 1, 1)][(2, 1, 0), (2, 2, 0), (2, 3, 0), (2, 3, 1), (2, 4, 1)][(3, 3, 1), (3, 3, 2), (3, 3, 3), (4, 3, 3), (4, 3, 4)][(3, 4, 4), (3, 3, 4), (3, 2, 4), (3, 2, 3), (3, 1, 3)][(2, 4, 4), (2, 3, 4), (2, 2, 4), (1, 2, 4), (1, 1, 4)][(0, 0, 4), (1, 0, 4), (2, 0, 4), (2, 1, 4), (3, 1, 4)][(0, 1, 3), (0, 2, 3), (0, 3, 3), (1, 3, 3), (1, 4, 3)][(0, 1, 4), (0, 2, 4), (0, 3, 4), (1, 3, 4), (1, 4, 4)][(2, 4, 3), (2, 3, 3), (2, 2, 3), (1, 2, 3), (1, 1, 3)]
37
[(3, 4, 3), (3, 4, 2), (3, 4, 1), (4, 4, 1), (4, 4, 0)][(4, 4, 4), (4, 4, 3), (4, 4, 2), (4, 3, 2), (4, 3, 1)][(0, 4, 0), (0, 3, 0), (0, 2, 0), (1, 2, 0), (1, 1, 0)][(0, 3, 1), (0, 2, 1), (0, 1, 1), (0, 1, 0), (0, 0, 0)][(0, 1, 3), (0, 2, 3), (0, 3, 3), (0, 3, 4), (0, 4, 4)][(3, 4, 4), (2, 4, 4), (1, 4, 4), (1, 4, 3), (0, 4, 3)][(0, 4, 2), (1, 4, 2), (2, 4, 2), (2, 3, 2), (3, 3, 2)][(0, 4, 1), (1, 4, 1), (2, 4, 1), (2, 3, 1), (3, 3, 1)][(1, 1, 1), (1, 2, 1), (1, 3, 1), (1, 3, 0), (1, 4, 0)][(2, 4, 0), (2, 3, 0), (2, 2, 0), (2, 2, 1), (2, 1, 1)][(4, 1, 0), (3, 1, 0), (2, 1, 0), (2, 0, 0), (1, 0, 0)][(4, 0, 1), (4, 1, 1), (4, 2, 1), (4, 2, 0), (4, 3, 0)][(1, 0, 1), (2, 0, 1), (3, 0, 1), (3, 0, 0), (4, 0, 0)][(3, 4, 0), (3, 3, 0), (3, 2, 0), (3, 2, 1), (3, 1, 1)][(0, 0, 1), (0, 0, 2), (0, 0, 3), (1, 0, 3), (1, 0, 4)][(0, 0, 4), (0, 1, 4), (0, 2, 4), (1, 2, 4), (1, 3, 4)][(4, 0, 2), (4, 1, 2), (4, 2, 2), (4, 2, 3), (4, 3, 3)][(3, 0, 2), (3, 1, 2), (3, 2, 2), (3, 2, 3), (3, 3, 3)][(0, 3, 2), (0, 2, 2), (0, 1, 2), (1, 1, 2), (1, 0, 2)][(2, 0, 2), (2, 1, 2), (2, 2, 2), (1, 2, 2), (1, 3, 2)][(4, 3, 4), (4, 2, 4), (4, 1, 4), (4, 1, 3), (4, 0, 3)][(3, 3, 4), (3, 2, 4), (3, 1, 4), (3, 1, 3), (3, 0, 3)][(4, 0, 4), (3, 0, 4), (2, 0, 4), (2, 1, 4), (1, 1, 4)][(2, 0, 3), (2, 1, 3), (2, 2, 3), (2, 2, 4), (2, 3, 4)][(1, 1, 3), (1, 2, 3), (1, 3, 3), (2, 3, 3), (2, 4, 3)]
38
[(3, 4, 3), (3, 4, 2), (3, 4, 1), (4, 4, 1), (4, 4, 0)][(4, 4, 4), (4, 4, 3), (4, 4, 2), (4, 3, 2), (4, 3, 1)][(0, 4, 0), (0, 3, 0), (0, 2, 0), (1, 2, 0), (1, 1, 0)][(0, 3, 1), (0, 2, 1), (0, 1, 1), (0, 1, 0), (0, 0, 0)][(0, 1, 3), (0, 2, 3), (0, 3, 3), (0, 3, 4), (0, 4, 4)][(0, 4, 3), (1, 4, 3), (2, 4, 3), (2, 4, 4), (3, 4, 4)][(0, 4, 2), (1, 4, 2), (2, 4, 2), (2, 3, 2), (3, 3, 2)][(0, 4, 1), (1, 4, 1), (2, 4, 1), (2, 4, 0), (3, 4, 0)][(2, 1, 0), (2, 2, 0), (2, 3, 0), (1, 3, 0), (1, 4, 0)][(1, 4, 4), (1, 3, 4), (1, 2, 4), (0, 2, 4), (0, 1, 4)][(4, 0, 1), (4, 1, 1), (4, 2, 1), (4, 2, 0), (4, 3, 0)][(3, 3, 0), (3, 2, 0), (3, 1, 0), (4, 1, 0), (4, 0, 0)][(3, 3, 1), (2, 3, 1), (1, 3, 1), (1, 3, 2), (0, 3, 2)][(4, 3, 4), (3, 3, 4), (2, 3, 4), (2, 3, 3), (1, 3, 3)][(3, 2, 1), (2, 2, 1), (1, 2, 1), (1, 2, 2), (0, 2, 2)][(4, 2, 4), (3, 2, 4), (2, 2, 4), (2, 1, 4), (1, 1, 4)][(4, 2, 2), (3, 2, 2), (2, 2, 2), (2, 2, 3), (1, 2, 3)][(4, 3, 3), (4, 2, 3), (4, 1, 3), (4, 1, 4), (4, 0, 4)][(3, 3, 3), (3, 2, 3), (3, 1, 3), (3, 1, 4), (3, 0, 4)][(3, 1, 1), (2, 1, 1), (1, 1, 1), (1, 1, 2), (0, 1, 2)][(4, 1, 2), (3, 1, 2), (2, 1, 2), (2, 1, 3), (1, 1, 3)][(3, 0, 0), (3, 0, 1), (3, 0, 2), (4, 0, 2), (4, 0, 3)][(2, 0, 0), (2, 0, 1), (2, 0, 2), (1, 0, 2), (1, 0, 3)][(0, 0, 4), (1, 0, 4), (2, 0, 4), (2, 0, 3), (3, 0, 3)][(0, 0, 3), (0, 0, 2), (0, 0, 1), (1, 0, 1), (1, 0, 0)]
39
[(3, 4, 3), (3, 4, 2), (3, 4, 1), (4, 4, 1), (4, 4, 0)][(4, 4, 4), (4, 4, 3), (4, 4, 2), (4, 3, 2), (4, 3, 1)][(0, 4, 0), (0, 3, 0), (0, 2, 0), (1, 2, 0), (1, 1, 0)][(1, 1, 3), (1, 1, 2), (1, 1, 1), (0, 1, 1), (0, 1, 0)][(1, 0, 3), (1, 0, 2), (1, 0, 1), (0, 0, 1), (0, 0, 0)][(4, 1, 0), (3, 1, 0), (2, 1, 0), (2, 0, 0), (1, 0, 0)][(4, 1, 3), (4, 1, 2), (4, 1, 1), (4, 0, 1), (4, 0, 0)][(3, 0, 0), (3, 0, 1), (3, 0, 2), (4, 0, 2), (4, 0, 3)][(1, 4, 0), (2, 4, 0), (3, 4, 0), (3, 3, 0), (4, 3, 0)][(0, 0, 2), (0, 1, 2), (0, 2, 2), (0, 2, 1), (0, 3, 1)][(0, 0, 3), (0, 1, 3), (0, 2, 3), (1, 2, 3), (1, 3, 3)][(0, 3, 4), (0, 3, 3), (0, 3, 2), (0, 4, 2), (0, 4, 1)][(1, 4, 1), (1, 4, 2), (1, 4, 3), (0, 4, 3), (0, 4, 4)][(4, 2, 0), (3, 2, 0), (2, 2, 0), (2, 3, 0), (1, 3, 0)][(2, 0, 1), (2, 1, 1), (2, 2, 1), (1, 2, 1), (1, 3, 1)][(2, 0, 2), (2, 1, 2), (2, 2, 2), (1, 2, 2), (1, 3, 2)][(4, 2, 1), (4, 2, 2), (4, 2, 3), (4, 3, 3), (4, 3, 4)][(1, 4, 4), (1, 3, 4), (1, 2, 4), (0, 2, 4), (0, 1, 4)][(3, 1, 1), (3, 2, 1), (3, 3, 1), (2, 3, 1), (2, 4, 1)][(3, 1, 2), (3, 2, 2), (3, 3, 2), (2, 3, 2), (2, 4, 2)][(0, 0, 4), (1, 0, 4), (2, 0, 4), (2, 0, 3), (3, 0, 3)][(2, 4, 4), (2, 3, 4), (2, 2, 4), (2, 2, 3), (2, 1, 3)][(3, 1, 3), (3, 2, 3), (3, 3, 3), (2, 3, 3), (2, 4, 3)][(1, 1, 4), (2, 1, 4), (3, 1, 4), (3, 0, 4), (4, 0, 4)][(3, 4, 4), (3, 3, 4), (3, 2, 4), (4, 2, 4), (4, 1, 4)]
40
[(3, 4, 3), (3, 4, 2), (3, 4, 1), (4, 4, 1), (4, 4, 0)][(4, 4, 4), (4, 4, 3), (4, 4, 2), (4, 3, 2), (4, 3, 1)][(0, 4, 0), (0, 4, 1), (0, 4, 2), (0, 3, 2), (0, 3, 3)][(1, 4, 1), (1, 4, 2), (1, 4, 3), (0, 4, 3), (0, 4, 4)][(1, 4, 4), (2, 4, 4), (3, 4, 4), (3, 3, 4), (4, 3, 4)][(0, 0, 3), (0, 1, 3), (0, 2, 3), (0, 2, 4), (0, 3, 4)][(1, 3, 4), (1, 2, 4), (1, 1, 4), (0, 1, 4), (0, 0, 4)][(4, 0, 4), (4, 1, 4), (4, 2, 4), (4, 2, 3), (4, 3, 3)][(1, 0, 4), (1, 0, 3), (1, 0, 2), (0, 0, 2), (0, 0, 1)][(2, 0, 4), (2, 0, 3), (2, 0, 2), (3, 0, 2), (3, 0, 1)][(4, 0, 1), (4, 0, 2), (4, 0, 3), (3, 0, 3), (3, 0, 4)][(4, 0, 0), (3, 0, 0), (2, 0, 0), (2, 0, 1), (1, 0, 1)][(3, 1, 0), (2, 1, 0), (1, 1, 0), (1, 0, 0), (0, 0, 0)][(0, 1, 0), (0, 1, 1), (0, 1, 2), (1, 1, 2), (1, 1, 3)][(4, 1, 0), (4, 2, 0), (4, 3, 0), (3, 3, 0), (3, 4, 0)][(1, 4, 0), (1, 3, 0), (1, 2, 0), (1, 2, 1), (1, 1, 1)][(0, 2, 0), (0, 2, 1), (0, 2, 2), (1, 2, 2), (1, 2, 3)][(4, 1, 1), (4, 1, 2), (4, 1, 3), (3, 1, 3), (3, 1, 4)][(1, 3, 3), (1, 3, 2), (1, 3, 1), (0, 3, 1), (0, 3, 0)][(3, 2, 4), (3, 2, 3), (3, 2, 2), (4, 2, 2), (4, 2, 1)][(2, 1, 4), (2, 1, 3), (2, 1, 2), (3, 1, 2), (3, 1, 1)][(2, 2, 4), (2, 2, 3), (2, 2, 2), (2, 3, 2), (2, 3, 1)][(3, 3, 3), (3, 3, 2), (3, 3, 1), (3, 2, 1), (3, 2, 0)][(2, 4, 1), (2, 4, 2), (2, 4, 3), (2, 3, 3), (2, 3, 4)][(2, 4, 0), (2, 3, 0), (2, 2, 0), (2, 2, 1), (2, 1, 1)]
41
[(3, 4, 3), (3, 4, 2), (3, 4, 1), (4, 4, 1), (4, 4, 0)][(4, 4, 4), (4, 4, 3), (4, 4, 2), (4, 3, 2), (4, 3, 1)][(0, 4, 0), (0, 4, 1), (0, 4, 2), (0, 3, 2), (0, 3, 3)][(1, 4, 1), (1, 4, 2), (1, 4, 3), (0, 4, 3), (0, 4, 4)][(0, 1, 4), (0, 2, 4), (0, 3, 4), (1, 3, 4), (1, 4, 4)][(3, 4, 4), (3, 3, 4), (3, 2, 4), (3, 2, 3), (3, 1, 3)][(3, 3, 1), (3, 3, 2), (3, 3, 3), (4, 3, 3), (4, 3, 4)][(4, 2, 4), (4, 2, 3), (4, 2, 2), (3, 2, 2), (3, 2, 1)][(4, 0, 1), (4, 1, 1), (4, 2, 1), (4, 2, 0), (4, 3, 0)][(4, 1, 4), (4, 1, 3), (4, 1, 2), (3, 1, 2), (3, 1, 1)][(3, 4, 0), (2, 4, 0), (1, 4, 0), (1, 3, 0), (0, 3, 0)][(3, 3, 0), (3, 2, 0), (3, 1, 0), (4, 1, 0), (4, 0, 0)][(2, 4, 4), (2, 3, 4), (2, 2, 4), (2, 2, 3), (2, 1, 3)][(1, 1, 4), (2, 1, 4), (3, 1, 4), (3, 0, 4), (4, 0, 4)][(3, 0, 0), (3, 0, 1), (3, 0, 2), (4, 0, 2), (4, 0, 3)][(0, 0, 4), (1, 0, 4), (2, 0, 4), (2, 0, 3), (3, 0, 3)][(2, 0, 0), (2, 0, 1), (2, 0, 2), (1, 0, 2), (1, 0, 3)][(2, 4, 3), (2, 4, 2), (2, 4, 1), (2, 3, 1), (2, 3, 0)][(2, 2, 0), (2, 2, 1), (2, 2, 2), (2, 3, 2), (2, 3, 3)][(2, 1, 0), (2, 1, 1), (2, 1, 2), (1, 1, 2), (1, 1, 3)][(0, 0, 3), (0, 0, 2), (0, 0, 1), (1, 0, 1), (1, 0, 0)][(0, 0, 0), (0, 1, 0), (0, 2, 0), (0, 2, 1), (0, 3, 1)][(1, 2, 0), (1, 2, 1), (1, 2, 2), (0, 2, 2), (0, 2, 3)][(1, 3, 1), (1, 3, 2), (1, 3, 3), (1, 2, 3), (1, 2, 4)][(0, 1, 3), (0, 1, 2), (0, 1, 1), (1, 1, 1), (1, 1, 0)]
42
[(3, 4, 3), (3, 4, 2), (3, 4, 1), (4, 4, 1), (4, 4, 0)][(4, 4, 4), (4, 4, 3), (4, 4, 2), (4, 3, 2), (4, 3, 1)][(1, 4, 3), (1, 4, 2), (1, 4, 1), (0, 4, 1), (0, 4, 0)][(0, 3, 0), (0, 3, 1), (0, 3, 2), (0, 4, 2), (0, 4, 3)][(1, 1, 4), (1, 2, 4), (1, 3, 4), (0, 3, 4), (0, 4, 4)][(1, 4, 4), (2, 4, 4), (3, 4, 4), (3, 3, 4), (4, 3, 4)][(0, 0, 4), (0, 1, 4), (0, 2, 4), (0, 2, 3), (0, 3, 3)][(1, 4, 0), (1, 3, 0), (1, 2, 0), (0, 2, 0), (0, 1, 0)][(2, 4, 0), (2, 3, 0), (2, 2, 0), (2, 2, 1), (2, 1, 1)][(0, 0, 1), (0, 1, 1), (0, 2, 1), (1, 2, 1), (1, 3, 1)][(4, 1, 0), (4, 2, 0), (4, 3, 0), (3, 3, 0), (3, 4, 0)][(2, 4, 1), (2, 4, 2), (2, 4, 3), (2, 3, 3), (2, 3, 4)][(2, 2, 4), (2, 2, 3), (2, 2, 2), (2, 3, 2), (2, 3, 1)][(0, 0, 2), (0, 1, 2), (0, 2, 2), (1, 2, 2), (1, 3, 2)][(1, 3, 3), (1, 2, 3), (1, 1, 3), (0, 1, 3), (0, 0, 3)][(3, 1, 0), (2, 1, 0), (1, 1, 0), (1, 0, 0), (0, 0, 0)][(1, 0, 4), (1, 0, 3), (1, 0, 2), (1, 1, 2), (1, 1, 1)][(2, 0, 4), (2, 0, 3), (2, 0, 2), (3, 0, 2), (3, 0, 1)][(4, 0, 0), (3, 0, 0), (2, 0, 0), (2, 0, 1), (1, 0, 1)][(2, 1, 4), (2, 1, 3), (2, 1, 2), (3, 1, 2), (3, 1, 1)][(4, 0, 1), (4, 0, 2), (4, 0, 3), (3, 0, 3), (3, 0, 4)][(4, 1, 1), (4, 1, 2), (4, 1, 3), (3, 1, 3), (3, 1, 4)][(4, 0, 4), (4, 1, 4), (4, 2, 4), (4, 2, 3), (4, 3, 3)][(3, 2, 4), (3, 2, 3), (3, 2, 2), (4, 2, 2), (4, 2, 1)][(3, 3, 3), (3, 3, 2), (3, 3, 1), (3, 2, 1), (3, 2, 0)]
43
[(3, 4, 3), (3, 4, 2), (3, 4, 1), (4, 4, 1), (4, 4, 0)][(4, 3, 0), (4, 3, 1), (4, 3, 2), (4, 4, 2), (4, 4, 3)][(3, 1, 4), (3, 2, 4), (3, 3, 4), (4, 3, 4), (4, 4, 4)][(3, 4, 4), (2, 4, 4), (1, 4, 4), (1, 4, 3), (0, 4, 3)][(0, 4, 4), (0, 3, 4), (0, 2, 4), (0, 2, 3), (0, 1, 3)][(1, 3, 4), (1, 2, 4), (1, 1, 4), (0, 1, 4), (0, 0, 4)][(4, 0, 4), (4, 1, 4), (4, 2, 4), (4, 2, 3), (4, 3, 3)][(0, 4, 0), (0, 4, 1), (0, 4, 2), (0, 3, 2), (0, 3, 3)][(3, 4, 0), (3, 3, 0), (3, 2, 0), (4, 2, 0), (4, 1, 0)][(2, 4, 0), (2, 3, 0), (2, 2, 0), (1, 2, 0), (1, 1, 0)][(0, 1, 0), (0, 2, 0), (0, 3, 0), (1, 3, 0), (1, 4, 0)][(0, 0, 0), (1, 0, 0), (2, 0, 0), (2, 1, 0), (3, 1, 0)][(1, 0, 1), (2, 0, 1), (3, 0, 1), (3, 0, 0), (4, 0, 0)][(0, 0, 1), (0, 0, 2), (0, 0, 3), (1, 0, 3), (1, 0, 4)][(3, 0, 4), (3, 0, 3), (3, 0, 2), (3, 1, 2), (3, 1, 1)][(4, 0, 1), (4, 1, 1), (4, 2, 1), (3, 2, 1), (3, 3, 1)][(4, 0, 2), (4, 1, 2), (4, 2, 2), (3, 2, 2), (3, 3, 2)][(0, 1, 1), (0, 2, 1), (0, 3, 1), (1, 3, 1), (1, 4, 1)][(3, 3, 3), (3, 2, 3), (3, 1, 3), (4, 1, 3), (4, 0, 3)][(1, 4, 2), (1, 3, 2), (1, 2, 2), (0, 2, 2), (0, 1, 2)][(2, 4, 1), (2, 3, 1), (2, 2, 1), (1, 2, 1), (1, 1, 1)][(2, 4, 2), (2, 3, 2), (2, 2, 2), (2, 2, 3), (2, 1, 3)][(2, 1, 4), (2, 2, 4), (2, 3, 4), (2, 3, 3), (2, 4, 3)][(2, 0, 4), (2, 0, 3), (2, 0, 2), (2, 1, 2), (2, 1, 1)][(1, 3, 3), (1, 2, 3), (1, 1, 3), (1, 1, 2), (1, 0, 2)]
44
[(3, 4, 3), (3, 4, 2), (3, 4, 1), (4, 4, 1), (4, 4, 0)][(4, 3, 0), (4, 3, 1), (4, 3, 2), (4, 4, 2), (4, 4, 3)][(3, 1, 4), (3, 2, 4), (3, 3, 4), (4, 3, 4), (4, 4, 4)][(3, 4, 4), (2, 4, 4), (1, 4, 4), (1, 3, 4), (0, 3, 4)][(0, 4, 4), (0, 4, 3), (0, 4, 2), (0, 3, 2), (0, 3, 1)][(1, 4, 3), (1, 4, 2), (1, 4, 1), (0, 4, 1), (0, 4, 0)][(4, 0, 4), (4, 1, 4), (4, 2, 4), (4, 2, 3), (4, 3, 3)][(0, 1, 0), (0, 2, 0), (0, 3, 0), (1, 3, 0), (1, 4, 0)][(3, 4, 0), (3, 3, 0), (3, 2, 0), (4, 2, 0), (4, 1, 0)][(2, 4, 0), (2, 3, 0), (2, 2, 0), (2, 2, 1), (2, 1, 1)][(4, 0, 1), (4, 1, 1), (4, 2, 1), (3, 2, 1), (3, 3, 1)][(1, 1, 0), (2, 1, 0), (3, 1, 0), (3, 0, 0), (4, 0, 0)][(2, 4, 1), (2, 4, 2), (2, 4, 3), (2, 3, 3), (2, 3, 4)][(2, 2, 4), (2, 2, 3), (2, 2, 2), (2, 3, 2), (2, 3, 1)][(4, 0, 2), (4, 1, 2), (4, 2, 2), (3, 2, 2), (3, 3, 2)][(3, 3, 3), (3, 2, 3), (3, 1, 3), (4, 1, 3), (4, 0, 3)][(3, 0, 4), (3, 0, 3), (3, 0, 2), (3, 1, 2), (3, 1, 1)][(2, 0, 4), (2, 0, 3), (2, 0, 2), (1, 0, 2), (1, 0, 1)][(0, 0, 0), (1, 0, 0), (2, 0, 0), (2, 0, 1), (3, 0, 1)][(2, 1, 4), (2, 1, 3), (2, 1, 2), (1, 1, 2), (1, 1, 1)][(0, 0, 1), (0, 0, 2), (0, 0, 3), (1, 0, 3), (1, 0, 4)][(0, 0, 4), (0, 1, 4), (0, 2, 4), (0, 2, 3), (0, 3, 3)][(1, 2, 4), (1, 2, 3), (1, 2, 2), (0, 2, 2), (0, 2, 1)][(1, 3, 3), (1, 3, 2), (1, 3, 1), (1, 2, 1), (1, 2, 0)][(0, 1, 1), (0, 1, 2), (0, 1, 3), (1, 1, 3), (1, 1, 4)]
45
[(3, 4, 3), (3, 4, 2), (3, 4, 1), (4, 4, 1), (4, 4, 0)][(4, 3, 0), (4, 3, 1), (4, 3, 2), (4, 4, 2), (4, 4, 3)][(3, 1, 4), (3, 2, 4), (3, 3, 4), (4, 3, 4), (4, 4, 4)][(0, 3, 4), (1, 3, 4), (2, 3, 4), (2, 4, 4), (3, 4, 4)][(0, 4, 4), (0, 4, 3), (0, 4, 2), (1, 4, 2), (1, 4, 1)][(2, 4, 1), (2, 4, 2), (2, 4, 3), (1, 4, 3), (1, 4, 4)][(4, 0, 4), (4, 1, 4), (4, 2, 4), (4, 2, 3), (4, 3, 3)][(0, 3, 3), (0, 3, 2), (0, 3, 1), (0, 4, 1), (0, 4, 0)][(0, 2, 4), (1, 2, 4), (2, 2, 4), (2, 2, 3), (3, 2, 3)][(3, 3, 3), (2, 3, 3), (1, 3, 3), (1, 2, 3), (0, 2, 3)][(0, 1, 1), (0, 1, 2), (0, 1, 3), (0, 0, 3), (0, 0, 4)][(0, 1, 4), (1, 1, 4), (2, 1, 4), (2, 0, 4), (3, 0, 4)][(1, 0, 4), (1, 0, 3), (1, 0, 2), (0, 0, 2), (0, 0, 1)][(3, 3, 2), (2, 3, 2), (1, 3, 2), (1, 2, 2), (0, 2, 2)][(4, 2, 2), (3, 2, 2), (2, 2, 2), (2, 1, 2), (1, 1, 2)][(4, 0, 3), (3, 0, 3), (2, 0, 3), (2, 1, 3), (1, 1, 3)][(4, 0, 2), (3, 0, 2), (2, 0, 2), (2, 0, 1), (1, 0, 1)][(4, 1, 3), (4, 1, 2), (4, 1, 1), (4, 0, 1), (4, 0, 0)][(3, 1, 3), (3, 1, 2), (3, 1, 1), (3, 0, 1), (3, 0, 0)][(3, 3, 1), (2, 3, 1), (1, 3, 1), (1, 2, 1), (0, 2, 1)][(4, 2, 1), (3, 2, 1), (2, 2, 1), (2, 1, 1), (1, 1, 1)][(3, 4, 0), (3, 3, 0), (3, 2, 0), (4, 2, 0), (4, 1, 0)][(2, 4, 0), (2, 3, 0), (2, 2, 0), (1, 2, 0), (1, 1, 0)][(0, 1, 0), (0, 2, 0), (0, 3, 0), (1, 3, 0), (1, 4, 0)][(0, 0, 0), (1, 0, 0), (2, 0, 0), (2, 1, 0), (3, 1, 0)]
46
[(3, 4, 3), (3, 4, 2), (3, 4, 1), (4, 4, 1), (4, 4, 0)][(4, 3, 0), (4, 3, 1), (4, 3, 2), (4, 4, 2), (4, 4, 3)][(4, 4, 4), (3, 4, 4), (2, 4, 4), (2, 4, 3), (1, 4, 3)][(0, 1, 4), (0, 2, 4), (0, 3, 4), (1, 3, 4), (1, 4, 4)][(0, 4, 4), (0, 4, 3), (0, 4, 2), (1, 4, 2), (1, 4, 1)][(0, 3, 3), (0, 3, 2), (0, 3, 1), (0, 4, 1), (0, 4, 0)][(0, 1, 0), (0, 2, 0), (0, 3, 0), (1, 3, 0), (1, 4, 0)][(3, 4, 0), (3, 3, 0), (3, 2, 0), (4, 2, 0), (4, 1, 0)][(2, 4, 0), (2, 4, 1), (2, 4, 2), (2, 3, 2), (2, 3, 3)][(1, 0, 4), (1, 1, 4), (1, 2, 4), (2, 2, 4), (2, 3, 4)][(0, 0, 4), (0, 0, 3), (0, 0, 2), (0, 1, 2), (0, 1, 1)][(0, 0, 0), (1, 0, 0), (2, 0, 0), (2, 0, 1), (3, 0, 1)][(3, 0, 2), (2, 0, 2), (1, 0, 2), (1, 0, 1), (0, 0, 1)][(1, 1, 0), (2, 1, 0), (3, 1, 0), (3, 0, 0), (4, 0, 0)][(1, 3, 3), (1, 3, 2), (1, 3, 1), (2, 3, 1), (2, 3, 0)][(4, 0, 4), (3, 0, 4), (2, 0, 4), (2, 0, 3), (1, 0, 3)][(3, 3, 1), (3, 3, 2), (3, 3, 3), (4, 3, 3), (4, 3, 4)][(4, 0, 1), (4, 0, 2), (4, 0, 3), (4, 1, 3), (4, 1, 4)][(3, 0, 3), (3, 1, 3), (3, 2, 3), (3, 2, 4), (3, 3, 4)][(0, 1, 3), (1, 1, 3), (2, 1, 3), (2, 1, 4), (3, 1, 4)][(4, 2, 4), (4, 2, 3), (4, 2, 2), (4, 1, 2), (4, 1, 1)][(3, 1, 2), (2, 1, 2), (1, 1, 2), (1, 2, 2), (0, 2, 2)][(0, 2, 3), (1, 2, 3), (2, 2, 3), (2, 2, 2), (3, 2, 2)][(4, 2, 1), (3, 2, 1), (2, 2, 1), (2, 2, 0), (1, 2, 0)][(3, 1, 1), (2, 1, 1), (1, 1, 1), (1, 2, 1), (0, 2, 1)]
47
[(3, 4, 3), (3, 4, 2), (3, 4, 1), (4, 4, 1), (4, 4, 0)][(4, 3, 0), (4, 3, 1), (4, 3, 2), (4, 4, 2), (4, 4, 3)][(4, 4, 4), (4, 3, 4), (4, 2, 4), (3, 2, 4), (3, 1, 4)][(3, 4, 4), (2, 4, 4), (1, 4, 4), (1, 3, 4), (0, 3, 4)][(1, 4, 1), (1, 4, 2), (1, 4, 3), (0, 4, 3), (0, 4, 4)][(0, 2, 4), (1, 2, 4), (2, 2, 4), (2, 3, 4), (3, 3, 4)][(0, 4, 0), (0, 4, 1), (0, 4, 2), (0, 3, 2), (0, 3, 3)][(0, 1, 1), (0, 1, 2), (0, 1, 3), (0, 0, 3), (0, 0, 4)][(0, 1, 4), (1, 1, 4), (2, 1, 4), (2, 0, 4), (3, 0, 4)][(3, 0, 1), (3, 0, 2), (3, 0, 3), (4, 0, 3), (4, 0, 4)][(1, 0, 4), (1, 0, 3), (1, 0, 2), (0, 0, 2), (0, 0, 1)][(3, 1, 1), (3, 1, 2), (3, 1, 3), (4, 1, 3), (4, 1, 4)][(4, 0, 1), (4, 1, 1), (4, 2, 1), (3, 2, 1), (3, 3, 1)][(4, 0, 2), (4, 1, 2), (4, 2, 2), (4, 2, 3), (4, 3, 3)][(2, 0, 3), (2, 1, 3), (2, 2, 3), (3, 2, 3), (3, 3, 3)][(0, 2, 3), (0, 2, 2), (0, 2, 1), (0, 3, 1), (0, 3, 0)][(2, 0, 2), (2, 1, 2), (2, 2, 2), (3, 2, 2), (3, 3, 2)][(3, 4, 0), (3, 3, 0), (3, 2, 0), (4, 2, 0), (4, 1, 0)][(4, 0, 0), (3, 0, 0), (2, 0, 0), (2, 0, 1), (1, 0, 1)][(3, 1, 0), (2, 1, 0), (1, 1, 0), (1, 0, 0), (0, 0, 0)][(1, 4, 0), (1, 3, 0), (1, 2, 0), (0, 2, 0), (0, 1, 0)][(1, 1, 2), (1, 2, 2), (1, 3, 2), (2, 3, 2), (2, 4, 2)][(1, 1, 3), (1, 2, 3), (1, 3, 3), (2, 3, 3), (2, 4, 3)][(1, 1, 1), (1, 2, 1), (1, 3, 1), (2, 3, 1), (2, 4, 1)][(2, 4, 0), (2, 3, 0), (2, 2, 0), (2, 2, 1), (2, 1, 1)]
48
[(3, 4, 3), (3, 4, 2), (3, 4, 1), (4, 4, 1), (4, 4, 0)][(4, 4, 2), (4, 3, 2), (4, 2, 2), (4, 2, 1), (4, 1, 1)][(4, 4, 3), (4, 3, 3), (4, 2, 3), (3, 2, 3), (3, 1, 3)][(4, 4, 4), (3, 4, 4), (2, 4, 4), (2, 4, 3), (1, 4, 3)][(4, 1, 4), (4, 1, 3), (4, 1, 2), (4, 0, 2), (4, 0, 1)][(3, 0, 4), (3, 1, 4), (3, 2, 4), (4, 2, 4), (4, 3, 4)][(3, 0, 1), (3, 0, 2), (3, 0, 3), (4, 0, 3), (4, 0, 4)][(4, 0, 0), (4, 1, 0), (4, 2, 0), (3, 2, 0), (3, 3, 0)][(3, 3, 3), (3, 3, 2), (3, 3, 1), (4, 3, 1), (4, 3, 0)][(0, 3, 0), (1, 3, 0), (2, 3, 0), (2, 4, 0), (3, 4, 0)][(0, 3, 3), (0, 3, 2), (0, 3, 1), (0, 4, 1), (0, 4, 0)][(1, 4, 0), (1, 4, 1), (1, 4, 2), (0, 4, 2), (0, 4, 3)][(3, 3, 4), (2, 3, 4), (1, 3, 4), (1, 4, 4), (0, 4, 4)][(3, 0, 0), (2, 0, 0), (1, 0, 0), (1, 1, 0), (0, 1, 0)][(0, 2, 0), (1, 2, 0), (2, 2, 0), (2, 1, 0), (3, 1, 0)][(0, 0, 4), (0, 0, 3), (0, 0, 2), (0, 1, 2), (0, 1, 1)][(1, 0, 3), (1, 0, 2), (1, 0, 1), (0, 0, 1), (0, 0, 0)][(1, 0, 4), (1, 1, 4), (1, 2, 4), (0, 2, 4), (0, 3, 4)][(1, 3, 3), (1, 2, 3), (1, 1, 3), (2, 1, 3), (2, 0, 3)][(0, 2, 1), (0, 2, 2), (0, 2, 3), (0, 1, 3), (0, 1, 4)][(2, 4, 2), (2, 3, 2), (2, 2, 2), (3, 2, 2), (3, 1, 2)][(2, 0, 4), (2, 1, 4), (2, 2, 4), (2, 2, 3), (2, 3, 3)][(1, 3, 2), (1, 2, 2), (1, 1, 2), (2, 1, 2), (2, 0, 2)][(2, 4, 1), (2, 3, 1), (2, 2, 1), (3, 2, 1), (3, 1, 1)][(1, 3, 1), (1, 2, 1), (1, 1, 1), (2, 1, 1), (2, 0, 1)]
49
[(4, 3, 3), (4, 3, 2), (4, 3, 1), (4, 4, 1), (4, 4, 0)][(4, 4, 4), (4, 4, 3), (4, 4, 2), (3, 4, 2), (3, 4, 1)][(0, 1, 1), (0, 2, 1), (0, 3, 1), (0, 3, 0), (0, 4, 0)][(1, 4, 0), (1, 3, 0), (1, 2, 0), (0, 2, 0), (0, 1, 0)][(4, 3, 0), (3, 3, 0), (2, 3, 0), (2, 3, 1), (1, 3, 1)][(0, 4, 1), (1, 4, 1), (2, 4, 1), (2, 4, 0), (3, 4, 0)][(3, 0, 1), (2, 0, 1), (1, 0, 1), (1, 0, 0), (0, 0, 0)][(4, 0, 0), (3, 0, 0), (2, 0, 0), (2, 1, 0), (1, 1, 0)][(0, 0, 1), (0, 0, 2), (0, 0, 3), (0, 1, 3), (0, 1, 4)][(0, 0, 4), (1, 0, 4), (2, 0, 4), (2, 1, 4), (3, 1, 4)][(1, 0, 3), (2, 0, 3), (3, 0, 3), (3, 0, 4), (4, 0, 4)][(4, 0, 1), (4, 1, 1), (4, 2, 1), (3, 2, 1), (3, 3, 1)][(4, 2, 0), (3, 2, 0), (2, 2, 0), (2, 2, 1), (1, 2, 1)][(1, 1, 1), (2, 1, 1), (3, 1, 1), (3, 1, 0), (4, 1, 0)][(4, 3, 4), (4, 2, 4), (4, 1, 4), (4, 1, 3), (4, 0, 3)][(4, 0, 2), (4, 1, 2), (4, 2, 2), (3, 2, 2), (3, 3, 2)][(0, 2, 2), (1, 2, 2), (2, 2, 2), (2, 1, 2), (3, 1, 2)][(3, 0, 2), (2, 0, 2), (1, 0, 2), (1, 1, 2), (0, 1, 2)][(0, 4, 2), (1, 4, 2), (2, 4, 2), (2, 4, 3), (3, 4, 3)][(0, 3, 2), (1, 3, 2), (2, 3, 2), (2, 3, 3), (3, 3, 3)][(3, 4, 4), (2, 4, 4), (1, 4, 4), (1, 4, 3), (0, 4, 3)][(3, 3, 4), (2, 3, 4), (1, 3, 4), (1, 3, 3), (0, 3, 3)][(0, 4, 4), (0, 3, 4), (0, 2, 4), (1, 2, 4), (1, 1, 4)][(0, 2, 3), (1, 2, 3), (2, 2, 3), (2, 2, 4), (3, 2, 4)][(1, 1, 3), (2, 1, 3), (3, 1, 3), (3, 2, 3), (4, 2, 3)]
50
[(4, 3, 3), (4, 3, 2), (4, 3, 1), (4, 4, 1), (4, 4, 0)][(4, 4, 4), (4, 4, 3), (4, 4, 2), (3, 4, 2), (3, 4, 1)][(0, 4, 0), (0, 3, 0), (0, 2, 0), (0, 2, 1), (0, 1, 1)][(1, 3, 0), (1, 2, 0), (1, 1, 0), (0, 1, 0), (0, 0, 0)][(4, 1, 3), (4, 1, 2), (4, 1, 1), (4, 0, 1), (4, 0, 0)][(1, 4, 0), (2, 4, 0), (3, 4, 0), (3, 3, 0), (4, 3, 0)][(4, 1, 0), (3, 1, 0), (2, 1, 0), (2, 0, 0), (1, 0, 0)][(4, 2, 0), (3, 2, 0), (2, 2, 0), (2, 2, 1), (1, 2, 1)][(4, 2, 1), (4, 2, 2), (4, 2, 3), (3, 2, 3), (3, 2, 4)][(4, 1, 4), (4, 2, 4), (4, 3, 4), (3, 3, 4), (3, 4, 4)][(3, 0, 0), (3, 0, 1), (3, 0, 2), (4, 0, 2), (4, 0, 3)][(1, 1, 4), (2, 1, 4), (3, 1, 4), (3, 0, 4), (4, 0, 4)][(2, 2, 4), (2, 2, 3), (2, 2, 2), (3, 2, 2), (3, 2, 1)][(0, 0, 1), (1, 0, 1), (2, 0, 1), (2, 1, 1), (3, 1, 1)][(0, 0, 4), (1, 0, 4), (2, 0, 4), (2, 0, 3), (3, 0, 3)][(0, 0, 2), (1, 0, 2), (2, 0, 2), (2, 1, 2), (3, 1, 2)][(3, 1, 3), (2, 1, 3), (1, 1, 3), (1, 0, 3), (0, 0, 3)][(0, 1, 4), (0, 1, 3), (0, 1, 2), (1, 1, 2), (1, 1, 1)][(1, 2, 4), (1, 2, 3), (1, 2, 2), (1, 3, 2), (1, 3, 1)][(0, 2, 4), (0, 2, 3), (0, 2, 2), (0, 3, 2), (0, 3, 1)][(0, 4, 1), (0, 4, 2), (0, 4, 3), (0, 3, 3), (0, 3, 4)][(1, 4, 1), (1, 4, 2), (1, 4, 3), (1, 3, 3), (1, 3, 4)][(0, 4, 4), (1, 4, 4), (2, 4, 4), (2, 4, 3), (3, 4, 3)][(2, 3, 4), (2, 3, 3), (2, 3, 2), (2, 4, 2), (2, 4, 1)][(3, 3, 3), (3, 3, 2), (3, 3, 1), (2, 3, 1), (2, 3, 0)]
51
[(4, 3, 3), (4, 3, 2), (4, 3, 1), (4, 4, 1), (4, 4, 0)][(4, 4, 4), (4, 4, 3), (4, 4, 2), (3, 4, 2), (3, 4, 1)][(0, 4, 0), (0, 3, 0), (0, 2, 0), (0, 2, 1), (0, 1, 1)][(1, 3, 0), (1, 2, 0), (1, 1, 0), (0, 1, 0), (0, 0, 0)][(4, 0, 0), (4, 0, 1), (4, 0, 2), (3, 0, 2), (3, 0, 3)][(4, 1, 1), (4, 1, 2), (4, 1, 3), (4, 0, 3), (4, 0, 4)][(1, 4, 0), (2, 4, 0), (3, 4, 0), (3, 3, 0), (4, 3, 0)][(4, 1, 0), (3, 1, 0), (2, 1, 0), (2, 1, 1), (1, 1, 1)][(3, 1, 3), (3, 1, 2), (3, 1, 1), (3, 0, 1), (3, 0, 0)][(2, 0, 0), (2, 0, 1), (2, 0, 2), (2, 1, 2), (2, 1, 3)][(0, 0, 3), (1, 0, 3), (2, 0, 3), (2, 0, 4), (3, 0, 4)][(0, 1, 4), (0, 1, 3), (0, 1, 2), (0, 0, 2), (0, 0, 1)][(1, 0, 0), (1, 0, 1), (1, 0, 2), (1, 1, 2), (1, 1, 3)][(3, 1, 4), (2, 1, 4), (1, 1, 4), (1, 0, 4), (0, 0, 4)][(4, 1, 4), (4, 2, 4), (4, 3, 4), (3, 3, 4), (3, 4, 4)][(4, 2, 0), (3, 2, 0), (2, 2, 0), (2, 2, 1), (1, 2, 1)][(4, 2, 1), (4, 2, 2), (4, 2, 3), (3, 2, 3), (3, 2, 4)][(2, 2, 4), (2, 2, 3), (2, 2, 2), (3, 2, 2), (3, 2, 1)][(1, 2, 4), (1, 2, 3), (1, 2, 2), (1, 3, 2), (1, 3, 1)][(0, 2, 4), (0, 2, 3), (0, 2, 2), (0, 3, 2), (0, 3, 1)][(0, 4, 1), (0, 4, 2), (0, 4, 3), (0, 3, 3), (0, 3, 4)][(1, 4, 1), (1, 4, 2), (1, 4, 3), (1, 3, 3), (1, 3, 4)][(0, 4, 4), (1, 4, 4), (2, 4, 4), (2, 4, 3), (3, 4, 3)][(2, 3, 4), (2, 3, 3), (2, 3, 2), (2, 4, 2), (2, 4, 1)][(3, 3, 3), (3, 3, 2), (3, 3, 1), (2, 3, 1), (2, 3, 0)]
52
[(4, 3, 3), (4, 3, 2), (4, 3, 1), (4, 4, 1), (4, 4, 0)][(4, 4, 4), (4, 4, 3), (4, 4, 2), (3, 4, 2), (3, 4, 1)][(0, 4, 0), (0, 3, 0), (0, 2, 0), (1, 2, 0), (1, 1, 0)][(0, 3, 1), (0, 2, 1), (0, 1, 1), (0, 1, 0), (0, 0, 0)][(1, 0, 1), (2, 0, 1), (3, 0, 1), (3, 0, 0), (4, 0, 0)][(4, 1, 0), (3, 1, 0), (2, 1, 0), (2, 0, 0), (1, 0, 0)][(0, 0, 1), (0, 0, 2), (0, 0, 3), (0, 1, 3), (0, 1, 4)][(0, 0, 4), (1, 0, 4), (2, 0, 4), (2, 1, 4), (3, 1, 4)][(1, 0, 3), (2, 0, 3), (3, 0, 3), (3, 0, 4), (4, 0, 4)][(4, 0, 1), (4, 1, 1), (4, 2, 1), (4, 2, 0), (4, 3, 0)][(4, 0, 2), (4, 1, 2), (4, 2, 2), (3, 2, 2), (3, 3, 2)][(3, 4, 0), (3, 3, 0), (3, 2, 0), (3, 2, 1), (3, 1, 1)][(4, 3, 4), (4, 2, 4), (4, 1, 4), (4, 1, 3), (4, 0, 3)][(0, 2, 2), (1, 2, 2), (2, 2, 2), (2, 1, 2), (3, 1, 2)][(3, 0, 2), (2, 0, 2), (1, 0, 2), (1, 1, 2), (0, 1, 2)][(2, 4, 0), (2, 3, 0), (2, 2, 0), (2, 2, 1), (2, 1, 1)][(1, 1, 1), (1, 2, 1), (1, 3, 1), (1, 3, 0), (1, 4, 0)][(0, 4, 1), (1, 4, 1), (2, 4, 1), (2, 3, 1), (3, 3, 1)][(0, 4, 2), (1, 4, 2), (2, 4, 2), (2, 4, 3), (3, 4, 3)][(0, 3, 2), (1, 3, 2), (2, 3, 2), (2, 3, 3), (3, 3, 3)][(3, 4, 4), (2, 4, 4), (1, 4, 4), (1, 4, 3), (0, 4, 3)][(3, 3, 4), (2, 3, 4), (1, 3, 4), (1, 3, 3), (0, 3, 3)][(0, 4, 4), (0, 3, 4), (0, 2, 4), (1, 2, 4), (1, 1, 4)][(0, 2, 3), (1, 2, 3), (2, 2, 3), (2, 2, 4), (3, 2, 4)][(1, 1, 3), (2, 1, 3), (3, 1, 3), (3, 2, 3), (4, 2, 3)]
53
[(4, 3, 3), (4, 3, 2), (4, 3, 1), (4, 4, 1), (4, 4, 0)][(4, 4, 4), (4, 4, 3), (4, 4, 2), (3, 4, 2), (3, 4, 1)][(0, 4, 0), (0, 4, 1), (0, 4, 2), (1, 4, 2), (1, 4, 3)][(0, 4, 3), (0, 3, 3), (0, 2, 3), (0, 2, 2), (0, 1, 2)][(0, 4, 4), (1, 4, 4), (2, 4, 4), (2, 3, 4), (3, 3, 4)][(2, 4, 1), (2, 4, 2), (2, 4, 3), (3, 4, 3), (3, 4, 4)][(4, 3, 4), (4, 2, 4), (4, 1, 4), (4, 1, 3), (4, 0, 3)][(1, 1, 4), (2, 1, 4), (3, 1, 4), (3, 0, 4), (4, 0, 4)][(0, 3, 4), (0, 2, 4), (0, 1, 4), (0, 1, 3), (0, 0, 3)][(0, 0, 4), (1, 0, 4), (2, 0, 4), (2, 0, 3), (3, 0, 3)][(0, 0, 0), (0, 0, 1), (0, 0, 2), (1, 0, 2), (1, 0, 3)][(1, 3, 4), (1, 3, 3), (1, 3, 2), (0, 3, 2), (0, 3, 1)][(1, 2, 4), (1, 2, 3), (1, 2, 2), (2, 2, 2), (2, 2, 1)][(2, 3, 1), (2, 3, 2), (2, 3, 3), (2, 2, 3), (2, 2, 4)][(1, 4, 1), (1, 3, 1), (1, 2, 1), (0, 2, 1), (0, 1, 1)][(4, 0, 2), (3, 0, 2), (2, 0, 2), (2, 1, 2), (1, 1, 2)][(1, 1, 3), (2, 1, 3), (3, 1, 3), (3, 1, 2), (4, 1, 2)][(3, 3, 1), (3, 3, 2), (3, 3, 3), (3, 2, 3), (3, 2, 4)][(3, 2, 0), (3, 2, 1), (3, 2, 2), (4, 2, 2), (4, 2, 3)][(4, 0, 1), (4, 1, 1), (4, 2, 1), (4, 2, 0), (4, 3, 0)][(1, 0, 1), (2, 0, 1), (3, 0, 1), (3, 0, 0), (4, 0, 0)][(4, 1, 0), (3, 1, 0), (2, 1, 0), (2, 0, 0), (1, 0, 0)][(3, 1, 1), (2, 1, 1), (1, 1, 1), (1, 1, 0), (0, 1, 0)][(3, 4, 0), (2, 4, 0), (1, 4, 0), (1, 3, 0), (0, 3, 0)][(0, 2, 0), (1, 2, 0), (2, 2, 0), (2, 3, 0), (3, 3, 0)]
54
[(4, 3, 3), (4, 3, 2), (4, 3, 1), (4, 4, 1), (4, 4, 0)][(4, 4, 4), (4, 4, 3), (4, 4, 2), (3, 4, 2), (3, 4, 1)][(3, 3, 0), (2, 3, 0), (1, 3, 0), (1, 4, 0), (0, 4, 0)][(0, 4, 1), (1, 4, 1), (2, 4, 1), (2, 4, 0), (3, 4, 0)][(4, 0, 1), (4, 1, 1), (4, 2, 1), (4, 2, 0), (4, 3, 0)][(4, 0, 0), (3, 0, 0), (2, 0, 0), (2, 1, 0), (1, 1, 0)][(1, 2, 0), (2, 2, 0), (3, 2, 0), (3, 1, 0), (4, 1, 0)][(0, 3, 0), (0, 3, 1), (0, 3, 2), (0, 4, 2), (0, 4, 3)][(0, 2, 0), (0, 2, 1), (0, 2, 2), (0, 1, 2), (0, 1, 3)][(0, 0, 3), (0, 0, 2), (0, 0, 1), (0, 1, 1), (0, 1, 0)][(3, 0, 1), (2, 0, 1), (1, 0, 1), (1, 0, 0), (0, 0, 0)][(3, 4, 3), (2, 4, 3), (1, 4, 3), (1, 4, 4), (0, 4, 4)][(1, 4, 2), (1, 3, 2), (1, 2, 2), (1, 2, 3), (1, 1, 3)][(0, 0, 4), (0, 1, 4), (0, 2, 4), (0, 2, 3), (0, 3, 3)][(1, 3, 1), (1, 2, 1), (1, 1, 1), (1, 1, 2), (1, 0, 2)][(4, 0, 2), (4, 1, 2), (4, 2, 2), (3, 2, 2), (3, 3, 2)][(3, 3, 1), (3, 2, 1), (3, 1, 1), (3, 1, 2), (3, 0, 2)][(1, 0, 3), (2, 0, 3), (3, 0, 3), (3, 0, 4), (4, 0, 4)][(4, 1, 4), (3, 1, 4), (2, 1, 4), (2, 0, 4), (1, 0, 4)][(2, 4, 4), (2, 3, 4), (2, 2, 4), (1, 2, 4), (1, 1, 4)][(4, 0, 3), (4, 1, 3), (4, 2, 3), (4, 2, 4), (4, 3, 4)][(3, 3, 3), (2, 3, 3), (1, 3, 3), (1, 3, 4), (0, 3, 4)][(2, 4, 2), (2, 3, 2), (2, 2, 2), (2, 2, 3), (2, 1, 3)][(3, 4, 4), (3, 3, 4), (3, 2, 4), (3, 2, 3), (3, 1, 3)][(2, 3, 1), (2, 2, 1), (2, 1, 1), (2, 1, 2), (2, 0, 2)]
55
[(4, 3, 3), (4, 3, 2), (4, 3, 1), (4, 4, 1), (4, 4, 0)][(4, 4, 4), (4, 4, 3), (4, 4, 2), (3, 4, 2), (3, 4, 1)][(3, 3, 0), (2, 3, 0), (1, 3, 0), (1, 4, 0), (0, 4, 0)][(0, 4, 1), (1, 4, 1), (2, 4, 1), (2, 4, 0), (3, 4, 0)][(4, 3, 0), (4, 2, 0), (4, 1, 0), (4, 1, 1), (4, 0, 1)][(4, 0, 0), (3, 0, 0), (2, 0, 0), (2, 0, 1), (1, 0, 1)][(3, 1, 0), (2, 1, 0), (1, 1, 0), (1, 0, 0), (0, 0, 0)][(4, 0, 4), (4, 0, 3), (4, 0, 2), (3, 0, 2), (3, 0, 1)][(0, 3, 0), (0, 3, 1), (0, 3, 2), (0, 4, 2), (0, 4, 3)][(0, 2, 0), (0, 2, 1), (0, 2, 2), (1, 2, 2), (1, 2, 3)][(1, 4, 4), (1, 4, 3), (1, 4, 2), (1, 3, 2), (1, 3, 1)][(1, 2, 0), (2, 2, 0), (3, 2, 0), (3, 2, 1), (4, 2, 1)][(4, 2, 2), (3, 2, 2), (2, 2, 2), (2, 2, 1), (1, 2, 1)][(2, 4, 4), (2, 4, 3), (2, 4, 2), (2, 3, 2), (2, 3, 1)][(3, 3, 1), (3, 3, 2), (3, 3, 3), (3, 4, 3), (3, 4, 4)][(0, 1, 3), (0, 2, 3), (0, 3, 3), (0, 3, 4), (0, 4, 4)][(4, 3, 4), (3, 3, 4), (2, 3, 4), (2, 3, 3), (1, 3, 3)][(4, 2, 4), (3, 2, 4), (2, 2, 4), (2, 1, 4), (1, 1, 4)][(0, 0, 4), (0, 1, 4), (0, 2, 4), (1, 2, 4), (1, 3, 4)][(4, 2, 3), (3, 2, 3), (2, 2, 3), (2, 1, 3), (1, 1, 3)][(1, 0, 4), (2, 0, 4), (3, 0, 4), (3, 1, 4), (4, 1, 4)][(0, 0, 3), (0, 0, 2), (0, 0, 1), (0, 1, 1), (0, 1, 0)][(1, 0, 3), (2, 0, 3), (3, 0, 3), (3, 1, 3), (4, 1, 3)][(4, 1, 2), (3, 1, 2), (2, 1, 2), (2, 0, 2), (1, 0, 2)][(3, 1, 1), (2, 1, 1), (1, 1, 1), (1, 1, 2), (0, 1, 2)]
56
[(4, 3, 3), (4, 3, 2), (4, 3, 1), (4, 4, 1), (4, 4, 0)][(4, 4, 4), (4, 4, 3), (4, 4, 2), (3, 4, 2), (3, 4, 1)][(3, 3, 0), (2, 3, 0), (1, 3, 0), (1, 4, 0), (0, 4, 0)][(0, 4, 1), (1, 4, 1), (2, 4, 1), (2, 4, 0), (3, 4, 0)][(4, 3, 0), (4, 2, 0), (4, 1, 0), (3, 1, 0), (3, 0, 0)][(4, 0, 0), (4, 0, 1), (4, 0, 2), (3, 0, 2), (3, 0, 3)][(4, 1, 1), (4, 1, 2), (4, 1, 3), (4, 0, 3), (4, 0, 4)][(0, 0, 0), (1, 0, 0), (2, 0, 0), (2, 0, 1), (3, 0, 1)][(0, 3, 0), (0, 3, 1), (0, 3, 2), (0, 4, 2), (0, 4, 3)][(0, 2, 0), (0, 2, 1), (0, 2, 2), (0, 1, 2), (0, 1, 3)][(0, 0, 3), (0, 0, 2), (0, 0, 1), (0, 1, 1), (0, 1, 0)][(0, 0, 4), (0, 1, 4), (0, 2, 4), (0, 2, 3), (0, 3, 3)][(1, 1, 4), (1, 2, 4), (1, 3, 4), (0, 3, 4), (0, 4, 4)][(1, 4, 4), (1, 4, 3), (1, 4, 2), (1, 3, 2), (1, 3, 1)][(1, 0, 4), (2, 0, 4), (3, 0, 4), (3, 1, 4), (4, 1, 4)][(4, 3, 4), (3, 3, 4), (2, 3, 4), (2, 3, 3), (1, 3, 3)][(2, 4, 4), (2, 4, 3), (2, 4, 2), (2, 3, 2), (2, 3, 1)][(1, 0, 3), (1, 0, 2), (1, 0, 1), (1, 1, 1), (1, 1, 0)][(3, 3, 1), (3, 3, 2), (3, 3, 3), (3, 4, 3), (3, 4, 4)][(2, 1, 0), (2, 1, 1), (2, 1, 2), (2, 0, 2), (2, 0, 3)][(1, 2, 0), (1, 2, 1), (1, 2, 2), (1, 1, 2), (1, 1, 3)][(3, 1, 1), (3, 1, 2), (3, 1, 3), (2, 1, 3), (2, 1, 4)][(2, 2, 0), (2, 2, 1), (2, 2, 2), (3, 2, 2), (3, 2, 3)][(4, 2, 3), (4, 2, 2), (4, 2, 1), (3, 2, 1), (3, 2, 0)][(4, 2, 4), (3, 2, 4), (2, 2, 4), (2, 2, 3), (1, 2, 3)]
57
[(4, 3, 3), (4, 3, 2), (4, 3, 1), (4, 4, 1), (4, 4, 0)][(4, 4, 4), (4, 4, 3), (4, 4, 2), (3, 4, 2), (3, 4, 1)][(1, 4, 3), (1, 4, 2), (1, 4, 1), (0, 4, 1), (0, 4, 0)][(0, 3, 0), (0, 3, 1), (0, 3, 2), (0, 4, 2), (0, 4, 3)][(1, 4, 0), (1, 3, 0), (1, 2, 0), (0, 2, 0), (0, 1, 0)][(2, 4, 0), (2, 3, 0), (2, 2, 0), (3, 2, 0), (3, 1, 0)][(4, 1, 0), (4, 2, 0), (4, 3, 0), (3, 3, 0), (3, 4, 0)][(0, 1, 3), (0, 1, 2), (0, 1, 1), (0, 0, 1), (0, 0, 0)][(1, 1, 4), (1, 2, 4), (1, 3, 4), (0, 3, 4), (0, 4, 4)][(0, 0, 4), (0, 1, 4), (0, 2, 4), (0, 2, 3), (0, 3, 3)][(4, 3, 4), (3, 3, 4), (2, 3, 4), (2, 4, 4), (1, 4, 4)][(2, 4, 1), (2, 4, 2), (2, 4, 3), (3, 4, 3), (3, 4, 4)][(0, 2, 1), (1, 2, 1), (2, 2, 1), (2, 1, 1), (3, 1, 1)][(1, 3, 1), (2, 3, 1), (3, 3, 1), (3, 2, 1), (4, 2, 1)][(4, 0, 0), (3, 0, 0), (2, 0, 0), (2, 1, 0), (1, 1, 0)][(4, 2, 4), (3, 2, 4), (2, 2, 4), (2, 2, 3), (1, 2, 3)][(1, 3, 3), (2, 3, 3), (3, 3, 3), (3, 2, 3), (4, 2, 3)][(4, 1, 1), (4, 1, 2), (4, 1, 3), (4, 0, 3), (4, 0, 4)][(3, 0, 4), (3, 0, 3), (3, 0, 2), (4, 0, 2), (4, 0, 1)][(0, 0, 2), (1, 0, 2), (2, 0, 2), (2, 0, 1), (3, 0, 1)][(4, 1, 4), (3, 1, 4), (2, 1, 4), (2, 0, 4), (1, 0, 4)][(1, 1, 3), (1, 1, 2), (1, 1, 1), (1, 0, 1), (1, 0, 0)][(0, 2, 2), (1, 2, 2), (2, 2, 2), (2, 1, 2), (3, 1, 2)][(1, 3, 2), (2, 3, 2), (3, 3, 2), (3, 2, 2), (4, 2, 2)][(0, 0, 3), (1, 0, 3), (2, 0, 3), (2, 1, 3), (3, 1, 3)]
58
[(4, 3, 3), (4, 3, 2), (4, 3, 1), (4, 4, 1), (4, 4, 0)][(4, 4, 4), (4, 4, 3), (4, 4, 2), (3, 4, 2), (3, 4, 1)][(1, 4, 3), (1, 4, 2), (1, 4, 1), (0, 4, 1), (0, 4, 0)][(0, 3, 0), (0, 3, 1), (0, 3, 2), (0, 4, 2), (0, 4, 3)][(1, 4, 0), (1, 3, 0), (1, 2, 0), (0, 2, 0), (0, 1, 0)][(2, 4, 0), (2, 4, 1), (2, 4, 2), (2, 3, 2), (2, 3, 3)][(0, 4, 4), (1, 4, 4), (2, 4, 4), (2, 4, 3), (3, 4, 3)][(4, 1, 4), (4, 2, 4), (4, 3, 4), (3, 3, 4), (3, 4, 4)][(4, 1, 0), (4, 2, 0), (4, 3, 0), (3, 3, 0), (3, 4, 0)][(3, 0, 4), (3, 1, 4), (3, 2, 4), (2, 2, 4), (2, 3, 4)][(4, 0, 4), (4, 0, 3), (4, 0, 2), (4, 1, 2), (4, 1, 1)][(4, 0, 0), (3, 0, 0), (2, 0, 0), (2, 0, 1), (1, 0, 1)][(1, 0, 2), (2, 0, 2), (3, 0, 2), (3, 0, 1), (4, 0, 1)][(0, 0, 4), (1, 0, 4), (2, 0, 4), (2, 0, 3), (3, 0, 3)][(3, 3, 3), (3, 3, 2), (3, 3, 1), (2, 3, 1), (2, 3, 0)][(3, 1, 0), (2, 1, 0), (1, 1, 0), (1, 0, 0), (0, 0, 0)][(0, 0, 1), (0, 0, 2), (0, 0, 3), (0, 1, 3), (0, 1, 4)][(1, 3, 1), (1, 3, 2), (1, 3, 3), (0, 3, 3), (0, 3, 4)][(1, 0, 3), (1, 1, 3), (1, 2, 3), (1, 2, 4), (1, 3, 4)][(4, 1, 3), (3, 1, 3), (2, 1, 3), (2, 1, 4), (1, 1, 4)][(0, 2, 4), (0, 2, 3), (0, 2, 2), (0, 1, 2), (0, 1, 1)][(1, 1, 2), (2, 1, 2), (3, 1, 2), (3, 2, 2), (4, 2, 2)][(4, 2, 3), (3, 2, 3), (2, 2, 3), (2, 2, 2), (1, 2, 2)][(0, 2, 1), (1, 2, 1), (2, 2, 1), (2, 2, 0), (3, 2, 0)][(1, 1, 1), (2, 1, 1), (3, 1, 1), (3, 2, 1), (4, 2, 1)]
59
[(4, 3, 3), (4, 3, 2), (4, 3, 1), (4, 4, 1), (4, 4, 0)][(4, 4, 2), (3, 4, 2), (2, 4, 2), (2, 4, 1), (1, 4, 1)][(4, 4, 3), (3, 4, 3), (2, 4, 3), (2, 3, 3), (1, 3, 3)][(4, 4, 4), (4, 3, 4), (4, 2, 4), (4, 2, 3), (4, 1, 3)][(1, 4, 4), (1, 4, 3), (1, 4, 2), (0, 4, 2), (0, 4, 1)][(0, 3, 1), (0, 3, 2), (0, 3, 3), (0, 4, 3), (0, 4, 4)][(0, 4, 0), (1, 4, 0), (2, 4, 0), (2, 3, 0), (3, 3, 0)][(3, 3, 3), (3, 3, 2), (3, 3, 1), (3, 4, 1), (3, 4, 0)][(3, 0, 0), (3, 1, 0), (3, 2, 0), (4, 2, 0), (4, 3, 0)][(3, 0, 3), (3, 0, 2), (3, 0, 1), (4, 0, 1), (4, 0, 0)][(4, 1, 0), (4, 1, 1), (4, 1, 2), (4, 0, 2), (4, 0, 3)][(0, 3, 0), (0, 2, 0), (0, 1, 0), (1, 1, 0), (1, 0, 0)][(3, 3, 4), (3, 2, 4), (3, 1, 4), (4, 1, 4), (4, 0, 4)][(0, 3, 4), (1, 3, 4), (2, 3, 4), (2, 4, 4), (3, 4, 4)][(0, 1, 4), (1, 1, 4), (2, 1, 4), (2, 0, 4), (3, 0, 4)][(2, 0, 0), (2, 1, 0), (2, 2, 0), (1, 2, 0), (1, 3, 0)][(2, 0, 1), (2, 0, 2), (2, 0, 3), (1, 0, 3), (1, 0, 4)][(0, 1, 3), (0, 1, 2), (0, 1, 1), (0, 0, 1), (0, 0, 0)][(0, 0, 4), (0, 0, 3), (0, 0, 2), (1, 0, 2), (1, 0, 1)][(4, 2, 1), (3, 2, 1), (2, 2, 1), (2, 3, 1), (1, 3, 1)][(4, 2, 2), (3, 2, 2), (2, 2, 2), (2, 3, 2), (1, 3, 2)][(3, 1, 2), (2, 1, 2), (1, 1, 2), (1, 2, 2), (0, 2, 2)][(0, 2, 4), (1, 2, 4), (2, 2, 4), (2, 2, 3), (3, 2, 3)][(3, 1, 1), (2, 1, 1), (1, 1, 1), (1, 2, 1), (0, 2, 1)][(3, 1, 3), (2, 1, 3), (1, 1, 3), (1, 2, 3), (0, 2, 3)]
60
[(4, 3, 3), (4, 3, 2), (4, 3, 1), (4, 4, 1), (4, 4, 0)][(3, 4, 0), (3, 4, 1), (3, 4, 2), (4, 4, 2), (4, 4, 3)][(4, 4, 4), (4, 3, 4), (4, 2, 4), (4, 2, 3), (4, 1, 3)][(1, 0, 4), (2, 0, 4), (3, 0, 4), (3, 1, 4), (4, 1, 4)][(4, 0, 4), (4, 0, 3), (4, 0, 2), (4, 1, 2), (4, 1, 1)][(4, 3, 0), (3, 3, 0), (2, 3, 0), (2, 4, 0), (1, 4, 0)][(3, 0, 3), (3, 0, 2), (3, 0, 1), (4, 0, 1), (4, 0, 0)][(1, 0, 0), (2, 0, 0), (3, 0, 0), (3, 1, 0), (4, 1, 0)][(4, 2, 0), (4, 2, 1), (4, 2, 2), (3, 2, 2), (3, 2, 3)][(0, 1, 4), (1, 1, 4), (2, 1, 4), (2, 2, 4), (3, 2, 4)][(0, 0, 4), (0, 0, 3), (0, 0, 2), (1, 0, 2), (1, 0, 1)][(0, 0, 0), (0, 1, 0), (0, 2, 0), (0, 2, 1), (0, 3, 1)][(0, 3, 2), (0, 2, 2), (0, 1, 2), (0, 1, 1), (0, 0, 1)][(1, 1, 0), (1, 2, 0), (1, 3, 0), (0, 3, 0), (0, 4, 0)][(3, 1, 3), (3, 1, 2), (3, 1, 1), (3, 2, 1), (3, 2, 0)][(0, 4, 4), (0, 3, 4), (0, 2, 4), (0, 2, 3), (0, 1, 3)][(0, 4, 1), (0, 4, 2), (0, 4, 3), (1, 4, 3), (1, 4, 4)][(3, 3, 1), (3, 3, 2), (3, 3, 3), (3, 4, 3), (3, 4, 4)][(0, 3, 3), (1, 3, 3), (2, 3, 3), (2, 3, 4), (3, 3, 4)][(1, 0, 3), (1, 1, 3), (1, 2, 3), (1, 2, 4), (1, 3, 4)][(2, 4, 4), (2, 4, 3), (2, 4, 2), (1, 4, 2), (1, 4, 1)][(1, 3, 2), (1, 2, 2), (1, 1, 2), (2, 1, 2), (2, 0, 2)][(2, 0, 3), (2, 1, 3), (2, 2, 3), (2, 2, 2), (2, 3, 2)][(2, 4, 1), (2, 3, 1), (2, 2, 1), (2, 2, 0), (2, 1, 0)][(1, 3, 1), (1, 2, 1), (1, 1, 1), (2, 1, 1), (2, 0, 1)]
61
[(4, 3, 3), (4, 3, 2), (4, 3, 1), (4, 4, 1), (4, 4, 0)][(3, 4, 0), (3, 4, 1), (3, 4, 2), (4, 4, 2), (4, 4, 3)][(4, 4, 4), (3, 4, 4), (2, 4, 4), (2, 3, 4), (1, 3, 4)][(4, 3, 4), (4, 2, 4), (4, 1, 4), (3, 1, 4), (3, 0, 4)][(4, 1, 1), (4, 1, 2), (4, 1, 3), (4, 0, 3), (4, 0, 4)][(2, 0, 4), (2, 1, 4), (2, 2, 4), (3, 2, 4), (3, 3, 4)][(1, 3, 1), (1, 3, 2), (1, 3, 3), (1, 4, 3), (1, 4, 4)][(0, 4, 2), (1, 4, 2), (2, 4, 2), (2, 4, 3), (3, 4, 3)][(0, 4, 1), (1, 4, 1), (2, 4, 1), (2, 3, 1), (3, 3, 1)][(0, 3, 1), (0, 3, 2), (0, 3, 3), (0, 4, 3), (0, 4, 4)][(1, 0, 4), (1, 1, 4), (1, 2, 4), (0, 2, 4), (0, 3, 4)][(1, 0, 1), (1, 0, 2), (1, 0, 3), (0, 0, 3), (0, 0, 4)][(0, 1, 4), (0, 1, 3), (0, 1, 2), (0, 0, 2), (0, 0, 1)][(4, 0, 0), (4, 0, 1), (4, 0, 2), (3, 0, 2), (3, 0, 3)][(0, 2, 3), (1, 2, 3), (2, 2, 3), (2, 3, 3), (3, 3, 3)][(2, 0, 3), (2, 0, 2), (2, 0, 1), (3, 0, 1), (3, 0, 0)][(0, 2, 2), (1, 2, 2), (2, 2, 2), (2, 3, 2), (3, 3, 2)][(4, 3, 0), (3, 3, 0), (2, 3, 0), (2, 4, 0), (1, 4, 0)][(0, 4, 0), (0, 3, 0), (0, 2, 0), (0, 2, 1), (0, 1, 1)][(1, 1, 3), (2, 1, 3), (3, 1, 3), (3, 2, 3), (4, 2, 3)][(1, 1, 2), (2, 1, 2), (3, 1, 2), (3, 2, 2), (4, 2, 2)][(4, 2, 0), (3, 2, 0), (2, 2, 0), (2, 2, 1), (1, 2, 1)][(1, 1, 1), (2, 1, 1), (3, 1, 1), (3, 2, 1), (4, 2, 1)][(1, 3, 0), (1, 2, 0), (1, 1, 0), (0, 1, 0), (0, 0, 0)][(4, 1, 0), (3, 1, 0), (2, 1, 0), (2, 0, 0), (1, 0, 0)]
62
[(4, 3, 3), (4, 3, 2), (4, 3, 1), (4, 4, 1), (4, 4, 0)][(3, 4, 0), (3, 4, 1), (3, 4, 2), (4, 4, 2), (4, 4, 3)][(1, 3, 4), (2, 3, 4), (3, 3, 4), (3, 4, 4), (4, 4, 4)][(4, 3, 4), (4, 2, 4), (4, 1, 4), (3, 1, 4), (3, 0, 4)][(4, 0, 4), (4, 0, 3), (4, 0, 2), (3, 0, 2), (3, 0, 1)][(0, 4, 4), (1, 4, 4), (2, 4, 4), (2, 4, 3), (3, 4, 3)][(4, 1, 3), (4, 1, 2), (4, 1, 1), (4, 0, 1), (4, 0, 0)][(4, 3, 0), (3, 3, 0), (2, 3, 0), (2, 4, 0), (1, 4, 0)][(1, 0, 0), (2, 0, 0), (3, 0, 0), (3, 1, 0), (4, 1, 0)][(4, 2, 0), (3, 2, 0), (2, 2, 0), (2, 2, 1), (1, 2, 1)][(0, 4, 1), (1, 4, 1), (2, 4, 1), (2, 3, 1), (3, 3, 1)][(1, 1, 0), (1, 2, 0), (1, 3, 0), (0, 3, 0), (0, 4, 0)][(4, 2, 1), (4, 2, 2), (4, 2, 3), (3, 2, 3), (3, 2, 4)][(2, 2, 4), (2, 2, 3), (2, 2, 2), (3, 2, 2), (3, 2, 1)][(0, 4, 2), (1, 4, 2), (2, 4, 2), (2, 3, 2), (3, 3, 2)][(3, 3, 3), (2, 3, 3), (1, 3, 3), (1, 4, 3), (0, 4, 3)][(0, 3, 4), (0, 3, 3), (0, 3, 2), (1, 3, 2), (1, 3, 1)][(0, 2, 4), (0, 2, 3), (0, 2, 2), (0, 1, 2), (0, 1, 1)][(0, 0, 0), (0, 1, 0), (0, 2, 0), (0, 2, 1), (0, 3, 1)][(1, 2, 4), (1, 2, 3), (1, 2, 2), (1, 1, 2), (1, 1, 1)][(0, 0, 1), (0, 0, 2), (0, 0, 3), (0, 1, 3), (0, 1, 4)][(0, 0, 4), (1, 0, 4), (2, 0, 4), (2, 0, 3), (3, 0, 3)][(2, 1, 4), (2, 1, 3), (2, 1, 2), (2, 0, 2), (2, 0, 1)][(3, 1, 3), (3, 1, 2), (3, 1, 1), (2, 1, 1), (2, 1, 0)][(1, 0, 1), (1, 0, 2), (1, 0, 3), (1, 1, 3), (1, 1, 4)]
63
[(4, 3, 3), (4, 3, 2), (4, 3, 1), (4, 4, 1), (4, 4, 0)][(3, 4, 0), (3, 4, 1), (3, 4, 2), (4, 4, 2), (4, 4, 3)][(1, 3, 4), (2, 3, 4), (3, 3, 4), (3, 4, 4), (4, 4, 4)][(4, 3, 4), (4, 2, 4), (4, 1, 4), (4, 1, 3), (4, 0, 3)][(4, 0, 4), (3, 0, 4), (2, 0, 4), (2, 0, 3), (1, 0, 3)][(0, 4, 4), (1, 4, 4), (2, 4, 4), (2, 4, 3), (3, 4, 3)][(3, 1, 4), (2, 1, 4), (1, 1, 4), (1, 0, 4), (0, 0, 4)][(4, 0, 0), (4, 0, 1), (4, 0, 2), (3, 0, 2), (3, 0, 3)][(4, 3, 0), (3, 3, 0), (2, 3, 0), (2, 4, 0), (1, 4, 0)][(4, 2, 0), (3, 2, 0), (2, 2, 0), (2, 1, 0), (1, 1, 0)][(1, 0, 0), (2, 0, 0), (3, 0, 0), (3, 1, 0), (4, 1, 0)][(0, 0, 0), (0, 1, 0), (0, 2, 0), (1, 2, 0), (1, 3, 0)][(0, 1, 1), (0, 2, 1), (0, 3, 1), (0, 3, 0), (0, 4, 0)][(0, 0, 1), (0, 0, 2), (0, 0, 3), (0, 1, 3), (0, 1, 4)][(0, 2, 4), (0, 2, 3), (0, 2, 2), (1, 2, 2), (1, 2, 1)][(1, 0, 1), (2, 0, 1), (3, 0, 1), (3, 1, 1), (4, 1, 1)][(3, 1, 3), (2, 1, 3), (1, 1, 3), (1, 1, 2), (0, 1, 2)][(3, 3, 3), (2, 3, 3), (1, 3, 3), (1, 4, 3), (0, 4, 3)][(4, 1, 2), (3, 1, 2), (2, 1, 2), (2, 0, 2), (1, 0, 2)][(0, 4, 1), (1, 4, 1), (2, 4, 1), (2, 3, 1), (3, 3, 1)][(0, 3, 4), (0, 3, 3), (0, 3, 2), (1, 3, 2), (1, 3, 1)][(0, 4, 2), (1, 4, 2), (2, 4, 2), (2, 3, 2), (3, 3, 2)][(4, 2, 1), (3, 2, 1), (2, 2, 1), (2, 1, 1), (1, 1, 1)][(1, 2, 4), (2, 2, 4), (3, 2, 4), (3, 2, 3), (4, 2, 3)][(4, 2, 2), (3, 2, 2), (2, 2, 2), (2, 2, 3), (1, 2, 3)]
64
[(4, 3, 3), (4, 3, 2), (4, 3, 1), (4, 4, 1), (4, 4, 0)][(3, 4, 0), (3, 4, 1), (3, 4, 2), (4, 4, 2), (4, 4, 3)][(1, 3, 4), (2, 3, 4), (3, 3, 4), (3, 4, 4), (4, 4, 4)][(3, 0, 4), (3, 1, 4), (3, 2, 4), (4, 2, 4), (4, 3, 4)][(4, 0, 4), (4, 0, 3), (4, 0, 2), (4, 1, 2), (4, 1, 1)][(4, 2, 1), (4, 2, 2), (4, 2, 3), (4, 1, 3), (4, 1, 4)][(0, 4, 4), (1, 4, 4), (2, 4, 4), (2, 4, 3), (3, 4, 3)][(4, 3, 0), (3, 3, 0), (2, 3, 0), (2, 4, 0), (1, 4, 0)][(4, 2, 0), (3, 2, 0), (2, 2, 0), (2, 1, 0), (1, 1, 0)][(1, 0, 0), (2, 0, 0), (3, 0, 0), (3, 1, 0), (4, 1, 0)][(3, 0, 3), (3, 0, 2), (3, 0, 1), (4, 0, 1), (4, 0, 0)][(1, 4, 3), (1, 4, 2), (1, 4, 1), (0, 4, 1), (0, 4, 0)][(3, 3, 3), (3, 2, 3), (3, 1, 3), (2, 1, 3), (2, 0, 3)][(2, 0, 4), (2, 1, 4), (2, 2, 4), (2, 2, 3), (2, 3, 3)][(2, 4, 2), (2, 3, 2), (2, 2, 2), (1, 2, 2), (1, 1, 2)][(3, 3, 2), (3, 2, 2), (3, 1, 2), (2, 1, 2), (2, 0, 2)][(1, 0, 4), (1, 1, 4), (1, 2, 4), (0, 2, 4), (0, 3, 4)][(1, 0, 1), (1, 0, 2), (1, 0, 3), (0, 0, 3), (0, 0, 4)][(0, 4, 3), (0, 3, 3), (0, 2, 3), (1, 2, 3), (1, 1, 3)][(0, 4, 2), (0, 3, 2), (0, 2, 2), (0, 2, 1), (0, 1, 1)][(0, 0, 0), (0, 1, 0), (0, 2, 0), (1, 2, 0), (1, 3, 0)][(1, 3, 3), (1, 3, 2), (1, 3, 1), (0, 3, 1), (0, 3, 0)][(0, 1, 4), (0, 1, 3), (0, 1, 2), (0, 0, 2), (0, 0, 1)][(2, 4, 1), (2, 3, 1), (2, 2, 1), (1, 2, 1), (1, 1, 1)][(3, 3, 1), (3, 2, 1), (3, 1, 1), (2, 1, 1), (2, 0, 1)]
65
[(1, 4, 1), (2, 4, 1), (3, 4, 1), (3, 4, 0), (4, 4, 0)][(0, 4, 0), (1, 4, 0), (2, 4, 0), (2, 3, 0), (3, 3, 0)][(0, 4, 4), (1, 4, 4), (2, 4, 4), (2, 4, 3), (3, 4, 3)][(2, 1, 4), (2, 2, 4), (2, 3, 4), (3, 3, 4), (3, 4, 4)][(4, 4, 4), (4, 3, 4), (4, 2, 4), (3, 2, 4), (3, 1, 4)][(4, 4, 3), (4, 4, 2), (4, 4, 1), (4, 3, 1), (4, 3, 0)][(4, 3, 3), (4, 2, 3), (4, 1, 3), (4, 1, 4), (4, 0, 4)][(1, 1, 0), (2, 1, 0), (3, 1, 0), (3, 0, 0), (4, 0, 0)][(4, 1, 0), (4, 1, 1), (4, 1, 2), (4, 0, 2), (4, 0, 3)][(4, 2, 0), (3, 2, 0), (2, 2, 0), (2, 2, 1), (1, 2, 1)][(0, 0, 0), (0, 1, 0), (0, 2, 0), (1, 2, 0), (1, 3, 0)][(1, 3, 1), (2, 3, 1), (3, 3, 1), (3, 2, 1), (4, 2, 1)][(0, 4, 3), (0, 4, 2), (0, 4, 1), (0, 3, 1), (0, 3, 0)][(4, 0, 1), (3, 0, 1), (2, 0, 1), (2, 0, 0), (1, 0, 0)][(3, 0, 4), (2, 0, 4), (1, 0, 4), (1, 0, 3), (0, 0, 3)][(3, 1, 1), (2, 1, 1), (1, 1, 1), (1, 0, 1), (0, 0, 1)][(0, 3, 4), (0, 3, 3), (0, 3, 2), (0, 2, 2), (0, 2, 1)][(0, 0, 4), (0, 1, 4), (0, 2, 4), (1, 2, 4), (1, 3, 4)][(1, 1, 4), (1, 1, 3), (1, 1, 2), (0, 1, 2), (0, 1, 1)][(1, 4, 3), (1, 3, 3), (1, 2, 3), (0, 2, 3), (0, 1, 3)][(0, 0, 2), (1, 0, 2), (2, 0, 2), (2, 0, 3), (3, 0, 3)][(2, 1, 3), (2, 2, 3), (2, 3, 3), (2, 3, 2), (2, 4, 2)][(3, 0, 2), (3, 1, 2), (3, 2, 2), (4, 2, 2), (4, 3, 2)][(1, 4, 2), (1, 3, 2), (1, 2, 2), (2, 2, 2), (2, 1, 2)][(3, 1, 3), (3, 2, 3), (3, 3, 3), (3, 3, 2), (3, 4, 2)]
66
[(1, 4, 1), (2, 4, 1), (3, 4, 1), (3, 4, 0), (4, 4, 0)][(0, 4, 0), (1, 4, 0), (2, 4, 0), (2, 3, 0), (3, 3, 0)][(0, 4, 4), (1, 4, 4), (2, 4, 4), (2, 3, 4), (3, 3, 4)][(4, 4, 1), (4, 4, 2), (4, 4, 3), (3, 4, 3), (3, 4, 4)][(4, 4, 4), (4, 3, 4), (4, 2, 4), (3, 2, 4), (3, 1, 4)][(4, 3, 3), (4, 2, 3), (4, 1, 3), (4, 1, 4), (4, 0, 4)][(3, 0, 0), (3, 1, 0), (3, 2, 0), (4, 2, 0), (4, 3, 0)][(4, 3, 1), (4, 2, 1), (4, 1, 1), (4, 1, 0), (4, 0, 0)][(1, 0, 4), (2, 0, 4), (3, 0, 4), (3, 0, 3), (4, 0, 3)][(4, 0, 1), (3, 0, 1), (2, 0, 1), (2, 0, 0), (1, 0, 0)][(4, 0, 2), (3, 0, 2), (2, 0, 2), (2, 1, 2), (1, 1, 2)][(0, 1, 0), (1, 1, 0), (2, 1, 0), (2, 1, 1), (3, 1, 1)][(2, 4, 3), (2, 3, 3), (2, 2, 3), (2, 2, 4), (2, 1, 4)][(3, 3, 3), (3, 2, 3), (3, 1, 3), (2, 1, 3), (2, 0, 3)][(2, 4, 2), (2, 3, 2), (2, 2, 2), (3, 2, 2), (3, 1, 2)][(4, 1, 2), (4, 2, 2), (4, 3, 2), (3, 3, 2), (3, 4, 2)][(0, 2, 0), (1, 2, 0), (2, 2, 0), (2, 2, 1), (3, 2, 1)][(3, 3, 1), (2, 3, 1), (1, 3, 1), (1, 3, 0), (0, 3, 0)][(1, 1, 4), (1, 2, 4), (1, 3, 4), (1, 3, 3), (1, 4, 3)][(1, 4, 2), (1, 3, 2), (1, 2, 2), (1, 2, 3), (1, 1, 3)][(0, 4, 1), (0, 3, 1), (0, 2, 1), (1, 2, 1), (1, 1, 1)][(0, 4, 2), (0, 3, 2), (0, 2, 2), (0, 2, 3), (0, 1, 3)][(0, 0, 4), (0, 0, 3), (0, 0, 2), (0, 1, 2), (0, 1, 1)][(1, 0, 3), (1, 0, 2), (1, 0, 1), (0, 0, 1), (0, 0, 0)][(0, 1, 4), (0, 2, 4), (0, 3, 4), (0, 3, 3), (0, 4, 3)]
67
[(1, 4, 1), (2, 4, 1), (3, 4, 1), (3, 4, 0), (4, 4, 0)][(0, 4, 0), (1, 4, 0), (2, 4, 0), (2, 3, 0), (3, 3, 0)][(0, 1, 3), (0, 2, 3), (0, 3, 3), (0, 3, 4), (0, 4, 4)][(0, 0, 4), (0, 1, 4), (0, 2, 4), (1, 2, 4), (1, 3, 4)][(3, 1, 4), (3, 2, 4), (3, 3, 4), (4, 3, 4), (4, 4, 4)][(0, 4, 1), (0, 4, 2), (0, 4, 3), (1, 4, 3), (1, 4, 4)][(2, 4, 4), (2, 3, 4), (2, 2, 4), (2, 2, 3), (2, 1, 3)][(4, 0, 4), (3, 0, 4), (2, 0, 4), (2, 1, 4), (1, 1, 4)][(3, 4, 4), (3, 4, 3), (3, 4, 2), (4, 4, 2), (4, 4, 1)][(1, 1, 3), (1, 2, 3), (1, 3, 3), (2, 3, 3), (2, 4, 3)][(4, 4, 3), (4, 3, 3), (4, 2, 3), (4, 2, 4), (4, 1, 4)][(0, 0, 1), (0, 0, 2), (0, 0, 3), (1, 0, 3), (1, 0, 4)][(3, 2, 0), (2, 2, 0), (1, 2, 0), (1, 3, 0), (0, 3, 0)][(0, 0, 0), (0, 1, 0), (0, 2, 0), (0, 2, 1), (0, 3, 1)][(4, 3, 0), (4, 2, 0), (4, 1, 0), (4, 1, 1), (4, 0, 1)][(3, 3, 3), (3, 2, 3), (3, 1, 3), (4, 1, 3), (4, 0, 3)][(1, 0, 0), (1, 0, 1), (1, 0, 2), (2, 0, 2), (2, 0, 3)][(4, 0, 0), (3, 0, 0), (2, 0, 0), (2, 1, 0), (1, 1, 0)][(3, 1, 0), (3, 1, 1), (3, 1, 2), (3, 0, 2), (3, 0, 3)][(0, 1, 1), (1, 1, 1), (2, 1, 1), (2, 0, 1), (3, 0, 1)][(4, 0, 2), (4, 1, 2), (4, 2, 2), (4, 2, 1), (4, 3, 1)][(3, 2, 1), (2, 2, 1), (1, 2, 1), (1, 2, 2), (0, 2, 2)][(0, 1, 2), (1, 1, 2), (2, 1, 2), (2, 2, 2), (3, 2, 2)][(4, 3, 2), (3, 3, 2), (2, 3, 2), (2, 4, 2), (1, 4, 2)][(3, 3, 1), (2, 3, 1), (1, 3, 1), (1, 3, 2), (0, 3, 2)]
68
[(1, 4, 1), (2, 4, 1), (3, 4, 1), (3, 4, 0), (4, 4, 0)][(0, 4, 0), (1, 4, 0), (2, 4, 0), (2, 3, 0), (3, 3, 0)][(0, 1, 3), (0, 2, 3), (0, 3, 3), (0, 3, 4), (0, 4, 4)][(0, 0, 4), (0, 1, 4), (0, 2, 4), (1, 2, 4), (1, 3, 4)][(1, 4, 3), (2, 4, 3), (3, 4, 3), (3, 4, 4), (4, 4, 4)][(4, 3, 4), (3, 3, 4), (2, 3, 4), (2, 4, 4), (1, 4, 4)][(0, 4, 3), (0, 4, 2), (0, 4, 1), (0, 3, 1), (0, 3, 0)][(4, 4, 3), (4, 3, 3), (4, 2, 3), (4, 2, 4), (4, 1, 4)][(4, 1, 0), (4, 2, 0), (4, 3, 0), (4, 3, 1), (4, 4, 1)][(4, 4, 2), (4, 3, 2), (4, 2, 2), (3, 2, 2), (3, 1, 2)][(3, 0, 4), (3, 1, 4), (3, 2, 4), (3, 2, 3), (3, 3, 3)][(4, 1, 1), (4, 1, 2), (4, 1, 3), (4, 0, 3), (4, 0, 4)][(3, 4, 2), (2, 4, 2), (1, 4, 2), (1, 3, 2), (0, 3, 2)][(0, 2, 2), (1, 2, 2), (2, 2, 2), (2, 3, 2), (3, 3, 2)][(2, 0, 4), (2, 1, 4), (2, 2, 4), (2, 2, 3), (2, 3, 3)][(1, 3, 3), (1, 2, 3), (1, 1, 3), (1, 1, 4), (1, 0, 4)][(0, 0, 3), (1, 0, 3), (2, 0, 3), (2, 1, 3), (3, 1, 3)][(0, 0, 2), (1, 0, 2), (2, 0, 2), (2, 0, 1), (3, 0, 1)][(4, 0, 0), (4, 0, 1), (4, 0, 2), (3, 0, 2), (3, 0, 3)][(0, 1, 2), (1, 1, 2), (2, 1, 2), (2, 1, 1), (3, 1, 1)][(3, 0, 0), (2, 0, 0), (1, 0, 0), (1, 0, 1), (0, 0, 1)][(3, 1, 0), (2, 1, 0), (1, 1, 0), (1, 1, 1), (0, 1, 1)][(0, 0, 0), (0, 1, 0), (0, 2, 0), (1, 2, 0), (1, 3, 0)][(0, 2, 1), (1, 2, 1), (2, 2, 1), (2, 2, 0), (3, 2, 0)][(1, 3, 1), (2, 3, 1), (3, 3, 1), (3, 2, 1), (4, 2, 1)]
69
[(1, 4, 1), (2, 4, 1), (3, 4, 1), (3, 4, 0), (4, 4, 0)][(0, 4, 0), (1, 4, 0), (2, 4, 0), (2, 3, 0), (3, 3, 0)][(3, 4, 3), (2, 4, 3), (1, 4, 3), (1, 4, 4), (0, 4, 4)][(0, 3, 4), (1, 3, 4), (2, 3, 4), (2, 4, 4), (3, 4, 4)][(4, 4, 4), (4, 3, 4), (4, 2, 4), (4, 2, 3), (4, 1, 3)][(4, 4, 3), (4, 4, 2), (4, 4, 1), (4, 3, 1), (4, 3, 0)][(4, 2, 0), (4, 2, 1), (4, 2, 2), (4, 3, 2), (4, 3, 3)][(1, 1, 0), (2, 1, 0), (3, 1, 0), (3, 0, 0), (4, 0, 0)][(4, 1, 0), (4, 1, 1), (4, 1, 2), (4, 0, 2), (4, 0, 3)][(1, 0, 3), (2, 0, 3), (3, 0, 3), (3, 0, 4), (4, 0, 4)][(4, 0, 1), (3, 0, 1), (2, 0, 1), (2, 0, 0), (1, 0, 0)][(1, 1, 3), (2, 1, 3), (3, 1, 3), (3, 1, 4), (4, 1, 4)][(1, 0, 4), (1, 1, 4), (1, 2, 4), (1, 2, 3), (1, 3, 3)][(2, 0, 4), (2, 1, 4), (2, 2, 4), (3, 2, 4), (3, 3, 4)][(3, 0, 2), (3, 1, 2), (3, 2, 2), (3, 2, 3), (3, 3, 3)][(3, 2, 0), (2, 2, 0), (1, 2, 0), (1, 3, 0), (0, 3, 0)][(2, 0, 2), (2, 1, 2), (2, 2, 2), (2, 2, 3), (2, 3, 3)][(0, 4, 3), (0, 3, 3), (0, 2, 3), (0, 2, 4), (0, 1, 4)][(3, 1, 1), (3, 2, 1), (3, 3, 1), (3, 3, 2), (3, 4, 2)][(2, 1, 1), (2, 2, 1), (2, 3, 1), (2, 3, 2), (2, 4, 2)][(0, 0, 4), (0, 0, 3), (0, 0, 2), (1, 0, 2), (1, 0, 1)][(0, 4, 2), (0, 3, 2), (0, 2, 2), (1, 2, 2), (1, 1, 2)][(1, 1, 1), (1, 2, 1), (1, 3, 1), (1, 3, 2), (1, 4, 2)][(0, 1, 3), (0, 1, 2), (0, 1, 1), (0, 0, 1), (0, 0, 0)][(0, 4, 1), (0, 3, 1), (0, 2, 1), (0, 2, 0), (0, 1, 0)]
70
[(1, 4, 1), (2, 4, 1), (3, 4, 1), (3, 4, 0), (4, 4, 0)][(0, 4, 0), (1, 4, 0), (2, 4, 0), (2, 3, 0), (3, 3, 0)][(3, 4, 3), (2, 4, 3), (1, 4, 3), (1, 4, 4), (0, 4, 4)][(4, 4, 4), (3, 4, 4), (2, 4, 4), (2, 3, 4), (1, 3, 4)][(4, 4, 3), (4, 3, 3), (4, 2, 3), (3, 2, 3), (3, 1, 3)][(1, 3, 3), (2, 3, 3), (3, 3, 3), (3, 3, 4), (4, 3, 4)][(4, 2, 4), (3, 2, 4), (2, 2, 4), (2, 2, 3), (1, 2, 3)][(1, 0, 4), (1, 1, 4), (1, 2, 4), (0, 2, 4), (0, 3, 4)][(4, 1, 4), (3, 1, 4), (2, 1, 4), (2, 1, 3), (1, 1, 3)][(0, 4, 3), (0, 4, 2), (0, 4, 1), (0, 3, 1), (0, 3, 0)][(4, 1, 0), (4, 2, 0), (4, 3, 0), (4, 3, 1), (4, 4, 1)][(0, 3, 3), (0, 2, 3), (0, 1, 3), (0, 1, 4), (0, 0, 4)][(0, 0, 0), (0, 1, 0), (0, 2, 0), (1, 2, 0), (1, 3, 0)][(0, 2, 1), (1, 2, 1), (2, 2, 1), (2, 2, 0), (3, 2, 0)][(1, 3, 1), (2, 3, 1), (3, 3, 1), (3, 2, 1), (4, 2, 1)][(4, 4, 2), (4, 3, 2), (4, 2, 2), (3, 2, 2), (3, 1, 2)][(3, 4, 2), (2, 4, 2), (1, 4, 2), (1, 3, 2), (0, 3, 2)][(0, 2, 2), (1, 2, 2), (2, 2, 2), (2, 3, 2), (3, 3, 2)][(4, 1, 1), (4, 1, 2), (4, 1, 3), (4, 0, 3), (4, 0, 4)][(3, 1, 0), (2, 1, 0), (1, 1, 0), (1, 1, 1), (0, 1, 1)][(0, 1, 2), (1, 1, 2), (2, 1, 2), (2, 1, 1), (3, 1, 1)][(4, 0, 0), (4, 0, 1), (4, 0, 2), (3, 0, 2), (3, 0, 3)][(0, 0, 3), (1, 0, 3), (2, 0, 3), (2, 0, 4), (3, 0, 4)][(0, 0, 2), (1, 0, 2), (2, 0, 2), (2, 0, 1), (3, 0, 1)][(3, 0, 0), (2, 0, 0), (1, 0, 0), (1, 0, 1), (0, 0, 1)]
71
[(1, 4, 1), (2, 4, 1), (3, 4, 1), (3, 4, 0), (4, 4, 0)][(0, 4, 0), (1, 4, 0), (2, 4, 0), (2, 3, 0), (3, 3, 0)][(3, 4, 3), (2, 4, 3), (1, 4, 3), (1, 4, 4), (0, 4, 4)][(4, 4, 4), (3, 4, 4), (2, 4, 4), (2, 3, 4), (1, 3, 4)][(4, 4, 1), (4, 4, 2), (4, 4, 3), (4, 3, 3), (4, 3, 4)][(3, 0, 0), (3, 1, 0), (3, 2, 0), (4, 2, 0), (4, 3, 0)][(4, 3, 1), (4, 2, 1), (4, 1, 1), (4, 1, 0), (4, 0, 0)][(4, 0, 4), (4, 1, 4), (4, 2, 4), (3, 2, 4), (3, 3, 4)][(4, 0, 1), (3, 0, 1), (2, 0, 1), (2, 0, 0), (1, 0, 0)][(4, 0, 2), (3, 0, 2), (2, 0, 2), (2, 0, 3), (1, 0, 3)][(1, 0, 4), (2, 0, 4), (3, 0, 4), (3, 0, 3), (4, 0, 3)][(0, 0, 4), (0, 0, 3), (0, 0, 2), (1, 0, 2), (1, 0, 1)][(0, 1, 3), (0, 1, 2), (0, 1, 1), (0, 0, 1), (0, 0, 0)][(0, 1, 0), (1, 1, 0), (2, 1, 0), (2, 1, 1), (3, 1, 1)][(0, 1, 4), (0, 2, 4), (0, 3, 4), (0, 3, 3), (0, 4, 3)][(0, 4, 1), (0, 3, 1), (0, 2, 1), (1, 2, 1), (1, 1, 1)][(0, 2, 0), (1, 2, 0), (2, 2, 0), (2, 2, 1), (3, 2, 1)][(1, 1, 4), (2, 1, 4), (3, 1, 4), (3, 1, 3), (4, 1, 3)][(3, 3, 1), (2, 3, 1), (1, 3, 1), (1, 3, 0), (0, 3, 0)][(4, 2, 3), (3, 2, 3), (2, 2, 3), (2, 2, 4), (1, 2, 4)][(4, 1, 2), (3, 1, 2), (2, 1, 2), (2, 1, 3), (1, 1, 3)][(4, 2, 2), (3, 2, 2), (2, 2, 2), (2, 3, 2), (1, 3, 2)][(1, 4, 2), (2, 4, 2), (3, 4, 2), (3, 3, 2), (4, 3, 2)][(3, 3, 3), (2, 3, 3), (1, 3, 3), (1, 2, 3), (0, 2, 3)][(0, 4, 2), (0, 3, 2), (0, 2, 2), (1, 2, 2), (1, 1, 2)]
72
[(1, 4, 1), (2, 4, 1), (3, 4, 1), (3, 4, 0), (4, 4, 0)][(0, 4, 0), (1, 4, 0), (2, 4, 0), (2, 3, 0), (3, 3, 0)][(1, 1, 4), (1, 2, 4), (1, 3, 4), (0, 3, 4), (0, 4, 4)][(0, 0, 4), (0, 1, 4), (0, 2, 4), (0, 2, 3), (0, 3, 3)][(3, 1, 4), (3, 2, 4), (3, 3, 4), (4, 3, 4), (4, 4, 4)][(0, 4, 1), (0, 4, 2), (0, 4, 3), (1, 4, 3), (1, 4, 4)][(2, 4, 4), (2, 4, 3), (2, 4, 2), (2, 3, 2), (2, 3, 1)][(3, 4, 4), (3, 4, 3), (3, 4, 2), (4, 4, 2), (4, 4, 1)][(2, 3, 4), (2, 2, 4), (2, 1, 4), (2, 1, 3), (2, 0, 3)][(3, 0, 4), (2, 0, 4), (1, 0, 4), (1, 0, 3), (0, 0, 3)][(4, 4, 3), (4, 3, 3), (4, 2, 3), (4, 2, 4), (4, 1, 4)][(3, 0, 1), (3, 0, 2), (3, 0, 3), (4, 0, 3), (4, 0, 4)][(2, 0, 2), (2, 1, 2), (2, 2, 2), (2, 2, 3), (2, 3, 3)][(4, 3, 0), (4, 3, 1), (4, 3, 2), (3, 3, 2), (3, 3, 3)][(4, 0, 0), (4, 0, 1), (4, 0, 2), (4, 1, 2), (4, 1, 3)][(4, 2, 0), (4, 2, 1), (4, 2, 2), (3, 2, 2), (3, 2, 3)][(3, 1, 3), (3, 1, 2), (3, 1, 1), (4, 1, 1), (4, 1, 0)][(3, 0, 0), (3, 1, 0), (3, 2, 0), (3, 2, 1), (3, 3, 1)][(2, 0, 1), (2, 1, 1), (2, 2, 1), (1, 2, 1), (1, 3, 1)][(2, 0, 0), (2, 1, 0), (2, 2, 0), (1, 2, 0), (1, 3, 0)][(0, 3, 0), (0, 2, 0), (0, 1, 0), (1, 1, 0), (1, 0, 0)][(0, 3, 1), (0, 2, 1), (0, 1, 1), (1, 1, 1), (1, 0, 1)][(0, 0, 0), (0, 0, 1), (0, 0, 2), (0, 1, 2), (0, 1, 3)][(1, 0, 2), (1, 1, 2), (1, 2, 2), (0, 2, 2), (0, 3, 2)][(1, 1, 3), (1, 2, 3), (1, 3, 3), (1, 3, 2), (1, 4, 2)]
73
[(1, 4, 1), (2, 4, 1), (3, 4, 1), (3, 4, 0), (4, 4, 0)][(0, 4, 0), (1, 4, 0), (2, 4, 0), (2, 3, 0), (3, 3, 0)][(1, 1, 4), (1, 2, 4), (1, 3, 4), (0, 3, 4), (0, 4, 4)][(0, 0, 4), (0, 1, 4), (0, 2, 4), (0, 2, 3), (0, 3, 3)][(4, 4, 4), (4, 3, 4), (4, 2, 4), (4, 2, 3), (4, 1, 3)][(3, 3, 4), (3, 2, 4), (3, 1, 4), (4, 1, 4), (4, 0, 4)][(0, 4, 1), (0, 4, 2), (0, 4, 3), (1, 4, 3), (1, 4, 4)][(2, 4, 4), (2, 4, 3), (2, 4, 2), (2, 3, 2), (2, 3, 1)][(3, 4, 4), (3, 4, 3), (3, 4, 2), (3, 3, 2), (3, 3, 1)][(2, 3, 4), (2, 2, 4), (2, 1, 4), (2, 1, 3), (2, 0, 3)][(3, 0, 4), (2, 0, 4), (1, 0, 4), (1, 0, 3), (0, 0, 3)][(3, 1, 3), (3, 2, 3), (3, 3, 3), (4, 3, 3), (4, 4, 3)][(2, 0, 2), (2, 1, 2), (2, 2, 2), (2, 2, 3), (2, 3, 3)][(4, 4, 2), (4, 3, 2), (4, 2, 2), (3, 2, 2), (3, 1, 2)][(4, 1, 0), (4, 1, 1), (4, 1, 2), (4, 0, 2), (4, 0, 3)][(3, 0, 0), (3, 1, 0), (3, 2, 0), (4, 2, 0), (4, 3, 0)][(3, 0, 3), (3, 0, 2), (3, 0, 1), (4, 0, 1), (4, 0, 0)][(4, 4, 1), (4, 3, 1), (4, 2, 1), (3, 2, 1), (3, 1, 1)][(2, 0, 1), (2, 1, 1), (2, 2, 1), (1, 2, 1), (1, 3, 1)][(2, 0, 0), (2, 1, 0), (2, 2, 0), (1, 2, 0), (1, 3, 0)][(0, 3, 0), (0, 2, 0), (0, 1, 0), (1, 1, 0), (1, 0, 0)][(0, 3, 1), (0, 2, 1), (0, 1, 1), (1, 1, 1), (1, 0, 1)][(0, 0, 0), (0, 0, 1), (0, 0, 2), (0, 1, 2), (0, 1, 3)][(1, 0, 2), (1, 1, 2), (1, 2, 2), (0, 2, 2), (0, 3, 2)][(1, 1, 3), (1, 2, 3), (1, 3, 3), (1, 3, 2), (1, 4, 2)]
74
[(1, 4, 1), (2, 4, 1), (3, 4, 1), (3, 4, 0), (4, 4, 0)][(0, 4, 0), (1, 4, 0), (2, 4, 0), (2, 3, 0), (3, 3, 0)][(1, 1, 4), (1, 2, 4), (1, 3, 4), (0, 3, 4), (0, 4, 4)][(0, 4, 3), (0, 3, 3), (0, 2, 3), (0, 2, 4), (0, 1, 4)][(1, 4, 4), (1, 4, 3), (1, 4, 2), (0, 4, 2), (0, 4, 1)][(2, 4, 4), (2, 4, 3), (2, 4, 2), (2, 3, 2), (2, 3, 1)][(4, 4, 4), (4, 3, 4), (4, 2, 4), (4, 2, 3), (4, 1, 3)][(3, 3, 4), (3, 2, 4), (3, 1, 4), (4, 1, 4), (4, 0, 4)][(3, 4, 4), (3, 4, 3), (3, 4, 2), (4, 4, 2), (4, 4, 1)][(4, 1, 2), (4, 2, 2), (4, 3, 2), (4, 3, 3), (4, 4, 3)][(3, 0, 0), (3, 1, 0), (3, 2, 0), (4, 2, 0), (4, 3, 0)][(4, 3, 1), (4, 2, 1), (4, 1, 1), (4, 1, 0), (4, 0, 0)][(3, 3, 1), (3, 3, 2), (3, 3, 3), (2, 3, 3), (2, 3, 4)][(3, 2, 1), (3, 2, 2), (3, 2, 3), (2, 2, 3), (2, 2, 4)][(2, 2, 0), (2, 2, 1), (2, 2, 2), (1, 2, 2), (1, 2, 3)][(0, 3, 0), (0, 3, 1), (0, 3, 2), (1, 3, 2), (1, 3, 3)][(0, 2, 0), (0, 2, 1), (0, 2, 2), (0, 1, 2), (0, 1, 3)][(1, 3, 0), (1, 2, 0), (1, 1, 0), (0, 1, 0), (0, 0, 0)][(1, 3, 1), (1, 2, 1), (1, 1, 1), (0, 1, 1), (0, 0, 1)][(3, 1, 1), (3, 1, 2), (3, 1, 3), (2, 1, 3), (2, 1, 4)][(2, 1, 0), (2, 1, 1), (2, 1, 2), (1, 1, 2), (1, 1, 3)][(4, 0, 1), (3, 0, 1), (2, 0, 1), (2, 0, 0), (1, 0, 0)][(4, 0, 2), (3, 0, 2), (2, 0, 2), (2, 0, 3), (1, 0, 3)][(1, 0, 4), (2, 0, 4), (3, 0, 4), (3, 0, 3), (4, 0, 3)][(0, 0, 4), (0, 0, 3), (0, 0, 2), (1, 0, 2), (1, 0, 1)]
75
[(1, 4, 1), (2, 4, 1), (3, 4, 1), (3, 4, 0), (4, 4, 0)][(4, 3, 0), (3, 3, 0), (2, 3, 0), (2, 4, 0), (1, 4, 0)][(0, 4, 0), (0, 4, 1), (0, 4, 2), (1, 4, 2), (1, 4, 3)][(0, 1, 4), (0, 2, 4), (0, 3, 4), (0, 3, 3), (0, 4, 3)][(0, 4, 4), (1, 4, 4), (2, 4, 4), (2, 4, 3), (3, 4, 3)][(4, 4, 1), (4, 3, 1), (4, 2, 1), (4, 2, 0), (4, 1, 0)][(1, 3, 4), (2, 3, 4), (3, 3, 4), (3, 4, 4), (4, 4, 4)][(4, 1, 4), (4, 2, 4), (4, 3, 4), (4, 3, 3), (4, 4, 3)][(4, 4, 2), (3, 4, 2), (2, 4, 2), (2, 3, 2), (1, 3, 2)][(0, 0, 3), (0, 1, 3), (0, 2, 3), (0, 2, 2), (0, 3, 2)][(0, 0, 4), (1, 0, 4), (2, 0, 4), (2, 1, 4), (3, 1, 4)][(4, 0, 4), (4, 0, 3), (4, 0, 2), (3, 0, 2), (3, 0, 1)][(2, 0, 1), (2, 0, 2), (2, 0, 3), (3, 0, 3), (3, 0, 4)][(4, 1, 3), (4, 1, 2), (4, 1, 1), (4, 0, 1), (4, 0, 0)][(1, 3, 3), (2, 3, 3), (3, 3, 3), (3, 3, 2), (4, 3, 2)][(0, 0, 0), (0, 0, 1), (0, 0, 2), (1, 0, 2), (1, 0, 3)][(1, 0, 1), (1, 1, 1), (1, 2, 1), (0, 2, 1), (0, 3, 1)][(3, 3, 1), (2, 3, 1), (1, 3, 1), (1, 3, 0), (0, 3, 0)][(3, 0, 0), (2, 0, 0), (1, 0, 0), (1, 1, 0), (0, 1, 0)][(1, 1, 4), (1, 1, 3), (1, 1, 2), (0, 1, 2), (0, 1, 1)][(0, 2, 0), (1, 2, 0), (2, 2, 0), (2, 1, 0), (3, 1, 0)][(2, 1, 1), (2, 1, 2), (2, 1, 3), (2, 2, 3), (2, 2, 4)][(3, 2, 0), (3, 2, 1), (3, 2, 2), (4, 2, 2), (4, 2, 3)][(3, 1, 1), (3, 1, 2), (3, 1, 3), (3, 2, 3), (3, 2, 4)][(1, 2, 4), (1, 2, 3), (1, 2, 2), (2, 2, 2), (2, 2, 1)]
76
[(1, 4, 1), (2, 4, 1), (3, 4, 1), (3, 4, 0), (4, 4, 0)][(4, 3, 0), (3, 3, 0), (2, 3, 0), (2, 4, 0), (1, 4, 0)][(0, 1, 1), (0, 2, 1), (0, 3, 1), (0, 3, 0), (0, 4, 0)][(0, 4, 1), (0, 4, 2), (0, 4, 3), (1, 4, 3), (1, 4, 4)][(0, 4, 4), (0, 3, 4), (0, 2, 4), (1, 2, 4), (1, 1, 4)][(0, 3, 3), (0, 2, 3), (0, 1, 3), (0, 1, 4), (0, 0, 4)][(0, 0, 0), (0, 1, 0), (0, 2, 0), (1, 2, 0), (1, 3, 0)][(4, 4, 4), (3, 4, 4), (2, 4, 4), (2, 3, 4), (1, 3, 4)][(4, 4, 1), (4, 3, 1), (4, 2, 1), (4, 2, 0), (4, 1, 0)][(4, 4, 2), (4, 3, 2), (4, 2, 2), (4, 2, 3), (4, 1, 3)][(4, 1, 4), (4, 2, 4), (4, 3, 4), (4, 3, 3), (4, 4, 3)][(4, 0, 4), (4, 0, 3), (4, 0, 2), (4, 1, 2), (4, 1, 1)][(3, 0, 3), (3, 0, 2), (3, 0, 1), (4, 0, 1), (4, 0, 0)][(3, 0, 0), (3, 1, 0), (3, 2, 0), (3, 2, 1), (3, 3, 1)][(3, 0, 4), (2, 0, 4), (1, 0, 4), (1, 0, 3), (0, 0, 3)][(0, 0, 1), (1, 0, 1), (2, 0, 1), (2, 1, 1), (3, 1, 1)][(2, 0, 0), (2, 1, 0), (2, 2, 0), (2, 2, 1), (2, 3, 1)][(1, 3, 1), (1, 2, 1), (1, 1, 1), (1, 1, 0), (1, 0, 0)][(2, 4, 3), (2, 3, 3), (2, 2, 3), (2, 2, 4), (2, 1, 4)][(3, 1, 4), (3, 2, 4), (3, 3, 4), (3, 3, 3), (3, 4, 3)][(3, 4, 2), (3, 3, 2), (3, 2, 2), (3, 2, 3), (3, 1, 3)][(1, 3, 3), (1, 2, 3), (1, 1, 3), (2, 1, 3), (2, 0, 3)][(2, 4, 2), (2, 3, 2), (2, 2, 2), (1, 2, 2), (1, 1, 2)][(0, 1, 2), (0, 2, 2), (0, 3, 2), (1, 3, 2), (1, 4, 2)][(0, 0, 2), (1, 0, 2), (2, 0, 2), (2, 1, 2), (3, 1, 2)]
77
[(1, 4, 1), (2, 4, 1), (3, 4, 1), (3, 4, 0), (4, 4, 0)][(4, 3, 0), (3, 3, 0), (2, 3, 0), (2, 4, 0), (1, 4, 0)][(0, 1, 1), (0, 2, 1), (0, 3, 1), (0, 3, 0), (0, 4, 0)][(0, 4, 1), (0, 4, 2), (0, 4, 3), (0, 3, 3), (0, 3, 4)][(0, 4, 4), (1, 4, 4), (2, 4, 4), (2, 3, 4), (3, 3, 4)][(0, 0, 0), (0, 1, 0), (0, 2, 0), (1, 2, 0), (1, 3, 0)][(1, 4, 3), (2, 4, 3), (3, 4, 3), (3, 4, 4), (4, 4, 4)][(4, 1, 4), (4, 2, 4), (4, 3, 4), (4, 3, 3), (4, 4, 3)][(4, 4, 1), (4, 3, 1), (4, 2, 1), (4, 2, 0), (4, 1, 0)][(4, 4, 2), (4, 3, 2), (4, 2, 2), (3, 2, 2), (3, 1, 2)][(3, 0, 0), (3, 1, 0), (3, 2, 0), (3, 2, 1), (3, 3, 1)][(4, 1, 3), (4, 1, 2), (4, 1, 1), (4, 0, 1), (4, 0, 0)][(3, 4, 2), (2, 4, 2), (1, 4, 2), (1, 3, 2), (0, 3, 2)][(0, 2, 2), (1, 2, 2), (2, 2, 2), (2, 3, 2), (3, 3, 2)][(2, 0, 0), (2, 1, 0), (2, 2, 0), (2, 2, 1), (2, 3, 1)][(1, 3, 1), (1, 2, 1), (1, 1, 1), (1, 1, 0), (1, 0, 0)][(0, 0, 1), (1, 0, 1), (2, 0, 1), (2, 1, 1), (3, 1, 1)][(0, 0, 2), (1, 0, 2), (2, 0, 2), (2, 0, 3), (3, 0, 3)][(4, 0, 4), (4, 0, 3), (4, 0, 2), (3, 0, 2), (3, 0, 1)][(0, 1, 2), (1, 1, 2), (2, 1, 2), (2, 1, 3), (3, 1, 3)][(3, 0, 4), (2, 0, 4), (1, 0, 4), (1, 0, 3), (0, 0, 3)][(0, 0, 4), (0, 1, 4), (0, 2, 4), (1, 2, 4), (1, 3, 4)][(0, 2, 3), (1, 2, 3), (2, 2, 3), (2, 2, 4), (3, 2, 4)][(3, 1, 4), (2, 1, 4), (1, 1, 4), (1, 1, 3), (0, 1, 3)][(1, 3, 3), (2, 3, 3), (3, 3, 3), (3, 2, 3), (4, 2, 3)]
78
[(1, 4, 1), (2, 4, 1), (3, 4, 1), (3, 4, 0), (4, 4, 0)][(4, 3, 0), (3, 3, 0), (2, 3, 0), (2, 4, 0), (1, 4, 0)][(0, 1, 1), (0, 2, 1), (0, 3, 1), (0, 3, 0), (0, 4, 0)][(0, 3, 4), (0, 3, 3), (0, 3, 2), (0, 4, 2), (0, 4, 1)][(0, 4, 4), (1, 4, 4), (2, 4, 4), (2, 4, 3), (3, 4, 3)][(3, 4, 2), (2, 4, 2), (1, 4, 2), (1, 4, 3), (0, 4, 3)][(0, 0, 0), (0, 1, 0), (0, 2, 0), (1, 2, 0), (1, 3, 0)][(4, 4, 1), (4, 3, 1), (4, 2, 1), (4, 2, 0), (4, 1, 0)][(4, 4, 2), (4, 3, 2), (4, 2, 2), (4, 2, 3), (4, 1, 3)][(4, 1, 4), (4, 2, 4), (4, 3, 4), (4, 3, 3), (4, 4, 3)][(1, 3, 4), (2, 3, 4), (3, 3, 4), (3, 4, 4), (4, 4, 4)][(1, 1, 0), (2, 1, 0), (3, 1, 0), (3, 0, 0), (4, 0, 0)][(3, 2, 0), (3, 2, 1), (3, 2, 2), (3, 1, 2), (3, 1, 3)][(3, 3, 1), (3, 3, 2), (3, 3, 3), (3, 2, 3), (3, 2, 4)][(4, 0, 4), (4, 0, 3), (4, 0, 2), (4, 1, 2), (4, 1, 1)][(0, 2, 4), (0, 2, 3), (0, 2, 2), (1, 2, 2), (1, 2, 1)][(1, 3, 1), (1, 3, 2), (1, 3, 3), (1, 2, 3), (1, 2, 4)][(3, 1, 4), (2, 1, 4), (1, 1, 4), (1, 0, 4), (0, 0, 4)][(0, 0, 3), (1, 0, 3), (2, 0, 3), (2, 0, 4), (3, 0, 4)][(2, 0, 0), (2, 0, 1), (2, 0, 2), (3, 0, 2), (3, 0, 3)][(1, 1, 1), (2, 1, 1), (3, 1, 1), (3, 0, 1), (4, 0, 1)][(0, 1, 4), (0, 1, 3), (0, 1, 2), (0, 0, 2), (0, 0, 1)][(1, 0, 0), (1, 0, 1), (1, 0, 2), (1, 1, 2), (1, 1, 3)][(2, 2, 0), (2, 2, 1), (2, 2, 2), (2, 1, 2), (2, 1, 3)][(2, 3, 1), (2, 3, 2), (2, 3, 3), (2, 2, 3), (2, 2, 4)]
79
[(1, 4, 1), (2, 4, 1), (3, 4, 1), (3, 4, 0), (4, 4, 0)][(4, 3, 0), (3, 3, 0), (2, 3, 0), (2, 4, 0), (1, 4, 0)][(0, 4, 0), (0, 3, 0), (0, 2, 0), (0, 2, 1), (0, 1, 1)][(0, 4, 1), (0, 4, 2), (0, 4, 3), (0, 3, 3), (0, 3, 4)][(3, 4, 3), (2, 4, 3), (1, 4, 3), (1, 4, 4), (0, 4, 4)][(0, 2, 4), (0, 2, 3), (0, 2, 2), (0, 3, 2), (0, 3, 1)][(4, 4, 4), (3, 4, 4), (2, 4, 4), (2, 3, 4), (1, 3, 4)][(3, 1, 4), (2, 1, 4), (1, 1, 4), (1, 0, 4), (0, 0, 4)][(0, 1, 4), (0, 1, 3), (0, 1, 2), (0, 0, 2), (0, 0, 1)][(0, 0, 3), (1, 0, 3), (2, 0, 3), (2, 0, 4), (3, 0, 4)][(3, 0, 1), (2, 0, 1), (1, 0, 1), (1, 0, 0), (0, 0, 0)][(3, 1, 1), (2, 1, 1), (1, 1, 1), (1, 1, 0), (0, 1, 0)][(3, 0, 0), (3, 1, 0), (3, 2, 0), (3, 2, 1), (3, 3, 1)][(2, 0, 0), (2, 1, 0), (2, 2, 0), (1, 2, 0), (1, 3, 0)][(1, 0, 2), (1, 1, 2), (1, 2, 2), (1, 2, 1), (1, 3, 1)][(1, 1, 3), (1, 2, 3), (1, 3, 3), (1, 3, 2), (1, 4, 2)][(1, 2, 4), (2, 2, 4), (3, 2, 4), (3, 3, 4), (4, 3, 4)][(2, 0, 2), (2, 1, 2), (2, 2, 2), (2, 2, 1), (2, 3, 1)][(2, 1, 3), (2, 2, 3), (2, 3, 3), (2, 3, 2), (2, 4, 2)][(4, 4, 1), (4, 3, 1), (4, 2, 1), (4, 2, 0), (4, 1, 0)][(4, 0, 0), (4, 0, 1), (4, 0, 2), (3, 0, 2), (3, 0, 3)][(4, 4, 2), (4, 3, 2), (4, 2, 2), (3, 2, 2), (3, 1, 2)][(3, 1, 3), (3, 2, 3), (3, 3, 3), (3, 3, 2), (3, 4, 2)][(4, 4, 3), (4, 3, 3), (4, 2, 3), (4, 2, 4), (4, 1, 4)][(4, 1, 1), (4, 1, 2), (4, 1, 3), (4, 0, 3), (4, 0, 4)]
80
[(1, 4, 1), (2, 4, 1), (3, 4, 1), (3, 4, 0), (4, 4, 0)][(2, 4, 0), (2, 3, 0), (2, 2, 0), (3, 2, 0), (3, 1, 0)][(1, 4, 0), (1, 3, 0), (1, 2, 0), (1, 2, 1), (1, 1, 1)][(0, 4, 0), (0, 4, 1), (0, 4, 2), (1, 4, 2), (1, 4, 3)][(0, 1, 0), (1, 1, 0), (2, 1, 0), (2, 0, 0), (3, 0, 0)][(0, 0, 1), (0, 1, 1), (0, 2, 1), (0, 2, 0), (0, 3, 0)][(3, 0, 1), (2, 0, 1), (1, 0, 1), (1, 0, 0), (0, 0, 0)][(4, 0, 0), (4, 1, 0), (4, 2, 0), (4, 2, 1), (4, 3, 1)][(1, 3, 1), (2, 3, 1), (3, 3, 1), (3, 3, 0), (4, 3, 0)][(4, 3, 4), (4, 3, 3), (4, 3, 2), (4, 4, 2), (4, 4, 1)][(1, 3, 4), (2, 3, 4), (3, 3, 4), (3, 4, 4), (4, 4, 4)][(4, 4, 3), (3, 4, 3), (2, 4, 3), (2, 4, 4), (1, 4, 4)][(0, 3, 1), (0, 3, 2), (0, 3, 3), (0, 4, 3), (0, 4, 4)][(4, 0, 1), (4, 0, 2), (4, 0, 3), (4, 1, 3), (4, 1, 4)][(4, 2, 4), (4, 2, 3), (4, 2, 2), (4, 1, 2), (4, 1, 1)][(1, 0, 3), (2, 0, 3), (3, 0, 3), (3, 0, 4), (4, 0, 4)][(0, 0, 4), (1, 0, 4), (2, 0, 4), (2, 1, 4), (3, 1, 4)][(0, 0, 3), (0, 1, 3), (0, 2, 3), (0, 2, 4), (0, 3, 4)][(1, 3, 3), (1, 2, 3), (1, 1, 3), (1, 1, 2), (1, 0, 2)][(3, 2, 4), (2, 2, 4), (1, 2, 4), (1, 1, 4), (0, 1, 4)][(0, 0, 2), (0, 1, 2), (0, 2, 2), (1, 2, 2), (1, 3, 2)][(2, 4, 2), (2, 3, 2), (2, 2, 2), (2, 2, 1), (2, 1, 1)][(2, 3, 3), (2, 2, 3), (2, 1, 3), (2, 1, 2), (2, 0, 2)][(3, 4, 2), (3, 3, 2), (3, 2, 2), (3, 2, 1), (3, 1, 1)][(3, 3, 3), (3, 2, 3), (3, 1, 3), (3, 1, 2), (3, 0, 2)]
81
[(4, 4, 0), (4, 4, 1), (4, 4, 2), (3, 4, 2), (3, 4, 3)][(4, 3, 1), (4, 3, 2), (4, 3, 3), (4, 4, 3), (4, 4, 4)][(0, 4, 4), (0, 3, 4), (0, 2, 4), (0, 2, 3), (0, 1, 3)][(1, 3, 4), (1, 2, 4), (1, 1, 4), (0, 1, 4), (0, 0, 4)][(4, 1, 1), (4, 1, 2), (4, 1, 3), (4, 0, 3), (4, 0, 4)][(1, 4, 4), (2, 4, 4), (3, 4, 4), (3, 3, 4), (4, 3, 4)][(4, 1, 4), (3, 1, 4), (2, 1, 4), (2, 0, 4), (1, 0, 4)][(4, 2, 4), (3, 2, 4), (2, 2, 4), (2, 2, 3), (1, 2, 3)][(4, 2, 3), (4, 2, 2), (4, 2, 1), (3, 2, 1), (3, 2, 0)][(4, 1, 0), (4, 2, 0), (4, 3, 0), (3, 3, 0), (3, 4, 0)][(3, 0, 4), (3, 0, 3), (3, 0, 2), (4, 0, 2), (4, 0, 1)][(1, 1, 0), (2, 1, 0), (3, 1, 0), (3, 0, 0), (4, 0, 0)][(2, 2, 0), (2, 2, 1), (2, 2, 2), (3, 2, 2), (3, 2, 3)][(0, 0, 3), (1, 0, 3), (2, 0, 3), (2, 1, 3), (3, 1, 3)][(0, 0, 0), (1, 0, 0), (2, 0, 0), (2, 0, 1), (3, 0, 1)][(0, 0, 2), (1, 0, 2), (2, 0, 2), (2, 1, 2), (3, 1, 2)][(3, 1, 1), (2, 1, 1), (1, 1, 1), (1, 0, 1), (0, 0, 1)][(0, 1, 0), (0, 1, 1), (0, 1, 2), (1, 1, 2), (1, 1, 3)][(1, 2, 0), (1, 2, 1), (1, 2, 2), (1, 3, 2), (1, 3, 3)][(0, 2, 0), (0, 2, 1), (0, 2, 2), (0, 3, 2), (0, 3, 3)][(0, 4, 3), (0, 4, 2), (0, 4, 1), (0, 3, 1), (0, 3, 0)][(0, 4, 0), (1, 4, 0), (2, 4, 0), (2, 4, 1), (3, 4, 1)][(1, 4, 3), (1, 4, 2), (1, 4, 1), (1, 3, 1), (1, 3, 0)][(2, 3, 0), (2, 3, 1), (2, 3, 2), (2, 4, 2), (2, 4, 3)][(3, 3, 1), (3, 3, 2), (3, 3, 3), (2, 3, 3), (2, 3, 4)]
82
[(4, 4, 0), (4, 4, 1), (4, 4, 2), (3, 4, 2), (3, 4, 3)][(4, 3, 1), (4, 3, 2), (4, 3, 3), (4, 4, 3), (4, 4, 4)][(0, 4, 4), (0, 3, 4), (0, 2, 4), (0, 2, 3), (0, 1, 3)][(1, 3, 4), (1, 2, 4), (1, 1, 4), (0, 1, 4), (0, 0, 4)][(4, 0, 4), (4, 0, 3), (4, 0, 2), (3, 0, 2), (3, 0, 1)][(4, 1, 3), (4, 1, 2), (4, 1, 1), (4, 0, 1), (4, 0, 0)][(1, 4, 4), (2, 4, 4), (3, 4, 4), (3, 3, 4), (4, 3, 4)][(4, 1, 4), (3, 1, 4), (2, 1, 4), (2, 1, 3), (1, 1, 3)][(3, 1, 1), (3, 1, 2), (3, 1, 3), (3, 0, 3), (3, 0, 4)][(2, 0, 4), (2, 0, 3), (2, 0, 2), (2, 1, 2), (2, 1, 1)][(0, 0, 1), (1, 0, 1), (2, 0, 1), (2, 0, 0), (3, 0, 0)][(0, 1, 0), (0, 1, 1), (0, 1, 2), (0, 0, 2), (0, 0, 3)][(1, 0, 4), (1, 0, 3), (1, 0, 2), (1, 1, 2), (1, 1, 1)][(3, 1, 0), (2, 1, 0), (1, 1, 0), (1, 0, 0), (0, 0, 0)][(4, 1, 0), (4, 2, 0), (4, 3, 0), (3, 3, 0), (3, 4, 0)][(4, 2, 4), (3, 2, 4), (2, 2, 4), (2, 2, 3), (1, 2, 3)][(4, 2, 3), (4, 2, 2), (4, 2, 1), (3, 2, 1), (3, 2, 0)][(2, 2, 0), (2, 2, 1), (2, 2, 2), (3, 2, 2), (3, 2, 3)][(1, 2, 0), (1, 2, 1), (1, 2, 2), (1, 3, 2), (1, 3, 3)][(0, 2, 0), (0, 2, 1), (0, 2, 2), (0, 3, 2), (0, 3, 3)][(0, 4, 3), (0, 4, 2), (0, 4, 1), (0, 3, 1), (0, 3, 0)][(0, 4, 0), (1, 4, 0), (2, 4, 0), (2, 4, 1), (3, 4, 1)][(1, 4, 3), (1, 4, 2), (1, 4, 1), (1, 3, 1), (1, 3, 0)][(2, 3, 0), (2, 3, 1), (2, 3, 2), (2, 4, 2), (2, 4, 3)][(3, 3, 1), (3, 3, 2), (3, 3, 3), (2, 3, 3), (2, 3, 4)]
83
[(4, 4, 0), (4, 4, 1), (4, 4, 2), (3, 4, 2), (3, 4, 3)][(4, 3, 1), (4, 3, 2), (4, 3, 3), (4, 4, 3), (4, 4, 4)][(0, 4, 4), (0, 3, 4), (0, 2, 4), (1, 2, 4), (1, 1, 4)][(0, 3, 3), (0, 2, 3), (0, 1, 3), (0, 1, 4), (0, 0, 4)][(1, 0, 3), (2, 0, 3), (3, 0, 3), (3, 0, 4), (4, 0, 4)][(4, 1, 4), (3, 1, 4), (2, 1, 4), (2, 0, 4), (1, 0, 4)][(0, 0, 3), (0, 0, 2), (0, 0, 1), (0, 1, 1), (0, 1, 0)][(0, 0, 0), (1, 0, 0), (2, 0, 0), (2, 1, 0), (3, 1, 0)][(1, 0, 1), (2, 0, 1), (3, 0, 1), (3, 0, 0), (4, 0, 0)][(4, 0, 3), (4, 1, 3), (4, 2, 3), (4, 2, 4), (4, 3, 4)][(4, 0, 2), (4, 1, 2), (4, 2, 2), (3, 2, 2), (3, 3, 2)][(3, 4, 4), (3, 3, 4), (3, 2, 4), (3, 2, 3), (3, 1, 3)][(4, 3, 0), (4, 2, 0), (4, 1, 0), (4, 1, 1), (4, 0, 1)][(0, 2, 2), (1, 2, 2), (2, 2, 2), (2, 1, 2), (3, 1, 2)][(3, 0, 2), (2, 0, 2), (1, 0, 2), (1, 1, 2), (0, 1, 2)][(2, 4, 4), (2, 3, 4), (2, 2, 4), (2, 2, 3), (2, 1, 3)][(1, 1, 3), (1, 2, 3), (1, 3, 3), (1, 3, 4), (1, 4, 4)][(0, 4, 3), (1, 4, 3), (2, 4, 3), (2, 3, 3), (3, 3, 3)][(0, 4, 2), (1, 4, 2), (2, 4, 2), (2, 4, 1), (3, 4, 1)][(0, 3, 2), (1, 3, 2), (2, 3, 2), (2, 3, 1), (3, 3, 1)][(3, 4, 0), (2, 4, 0), (1, 4, 0), (1, 4, 1), (0, 4, 1)][(0, 4, 0), (0, 3, 0), (0, 2, 0), (1, 2, 0), (1, 1, 0)][(0, 2, 1), (1, 2, 1), (2, 2, 1), (2, 2, 0), (3, 2, 0)][(3, 3, 0), (2, 3, 0), (1, 3, 0), (1, 3, 1), (0, 3, 1)][(1, 1, 1), (2, 1, 1), (3, 1, 1), (3, 2, 1), (4, 2, 1)]
84
[(4, 4, 0), (4, 4, 1), (4, 4, 2), (3, 4, 2), (3, 4, 3)][(4, 3, 1), (4, 3, 2), (4, 3, 3), (4, 4, 3), (4, 4, 4)][(3, 3, 4), (2, 3, 4), (1, 3, 4), (1, 4, 4), (0, 4, 4)][(0, 4, 3), (1, 4, 3), (2, 4, 3), (2, 4, 4), (3, 4, 4)][(4, 3, 4), (4, 2, 4), (4, 1, 4), (3, 1, 4), (3, 0, 4)][(4, 0, 4), (4, 0, 3), (4, 0, 2), (3, 0, 2), (3, 0, 1)][(4, 1, 3), (4, 1, 2), (4, 1, 1), (4, 0, 1), (4, 0, 0)][(0, 0, 4), (1, 0, 4), (2, 0, 4), (2, 0, 3), (3, 0, 3)][(0, 3, 4), (0, 3, 3), (0, 3, 2), (0, 4, 2), (0, 4, 1)][(0, 2, 4), (0, 2, 3), (0, 2, 2), (0, 1, 2), (0, 1, 1)][(0, 0, 1), (0, 0, 2), (0, 0, 3), (0, 1, 3), (0, 1, 4)][(0, 0, 0), (0, 1, 0), (0, 2, 0), (0, 2, 1), (0, 3, 1)][(1, 1, 0), (1, 2, 0), (1, 3, 0), (0, 3, 0), (0, 4, 0)][(1, 4, 0), (1, 4, 1), (1, 4, 2), (1, 3, 2), (1, 3, 3)][(1, 0, 0), (2, 0, 0), (3, 0, 0), (3, 1, 0), (4, 1, 0)][(4, 3, 0), (3, 3, 0), (2, 3, 0), (2, 3, 1), (1, 3, 1)][(2, 4, 0), (2, 4, 1), (2, 4, 2), (2, 3, 2), (2, 3, 3)][(1, 0, 1), (1, 0, 2), (1, 0, 3), (1, 1, 3), (1, 1, 4)][(3, 3, 3), (3, 3, 2), (3, 3, 1), (3, 4, 1), (3, 4, 0)][(2, 1, 4), (2, 1, 3), (2, 1, 2), (2, 0, 2), (2, 0, 1)][(1, 2, 4), (1, 2, 3), (1, 2, 2), (1, 1, 2), (1, 1, 1)][(2, 2, 4), (2, 2, 3), (2, 2, 2), (3, 2, 2), (3, 2, 1)][(4, 2, 1), (4, 2, 2), (4, 2, 3), (3, 2, 3), (3, 2, 4)][(3, 1, 3), (3, 1, 2), (3, 1, 1), (2, 1, 1), (2, 1, 0)][(4, 2, 0), (3, 2, 0), (2, 2, 0), (2, 2, 1), (1, 2, 1)]
85
[(4, 4, 0), (4, 4, 1), (4, 4, 2), (3, 4, 2), (3, 4, 3)][(4, 3, 1), (4, 3, 2), (4, 3, 3), (4, 4, 3), (4, 4, 4)][(3, 3, 4), (2, 3, 4), (1, 3, 4), (1, 4, 4), (0, 4, 4)][(0, 4, 3), (1, 4, 3), (2, 4, 3), (2, 4, 4), (3, 4, 4)][(4, 3, 4), (4, 2, 4), (4, 1, 4), (4, 1, 3), (4, 0, 3)][(4, 0, 4), (3, 0, 4), (2, 0, 4), (2, 0, 3), (1, 0, 3)][(3, 1, 4), (2, 1, 4), (1, 1, 4), (1, 0, 4), (0, 0, 4)][(4, 0, 0), (4, 0, 1), (4, 0, 2), (3, 0, 2), (3, 0, 3)][(0, 0, 1), (0, 0, 2), (0, 0, 3), (0, 1, 3), (0, 1, 4)][(0, 3, 4), (0, 3, 3), (0, 3, 2), (0, 4, 2), (0, 4, 1)][(0, 2, 4), (0, 2, 3), (0, 2, 2), (1, 2, 2), (1, 2, 1)][(1, 4, 0), (1, 4, 1), (1, 4, 2), (1, 3, 2), (1, 3, 3)][(4, 1, 2), (3, 1, 2), (2, 1, 2), (2, 0, 2), (1, 0, 2)][(3, 1, 3), (2, 1, 3), (1, 1, 3), (1, 1, 2), (0, 1, 2)][(1, 2, 4), (2, 2, 4), (3, 2, 4), (3, 2, 3), (4, 2, 3)][(4, 2, 2), (3, 2, 2), (2, 2, 2), (2, 2, 3), (1, 2, 3)][(2, 4, 0), (2, 4, 1), (2, 4, 2), (2, 3, 2), (2, 3, 3)][(3, 3, 3), (3, 3, 2), (3, 3, 1), (3, 4, 1), (3, 4, 0)][(1, 0, 1), (2, 0, 1), (3, 0, 1), (3, 1, 1), (4, 1, 1)][(0, 1, 1), (0, 2, 1), (0, 3, 1), (0, 3, 0), (0, 4, 0)][(4, 3, 0), (3, 3, 0), (2, 3, 0), (2, 3, 1), (1, 3, 1)][(4, 2, 1), (3, 2, 1), (2, 2, 1), (2, 1, 1), (1, 1, 1)][(4, 2, 0), (3, 2, 0), (2, 2, 0), (2, 1, 0), (1, 1, 0)][(0, 0, 0), (0, 1, 0), (0, 2, 0), (1, 2, 0), (1, 3, 0)][(1, 0, 0), (2, 0, 0), (3, 0, 0), (3, 1, 0), (4, 1, 0)]
86
[(4, 4, 0), (4, 4, 1), (4, 4, 2), (3, 4, 2), (3, 4, 3)][(4, 3, 1), (4, 3, 2), (4, 3, 3), (4, 4, 3), (4, 4, 4)][(3, 3, 4), (2, 3, 4), (1, 3, 4), (1, 4, 4), (0, 4, 4)][(0, 4, 3), (1, 4, 3), (2, 4, 3), (2, 4, 4), (3, 4, 4)][(4, 0, 3), (4, 1, 3), (4, 2, 3), (4, 2, 4), (4, 3, 4)][(4, 0, 4), (3, 0, 4), (2, 0, 4), (2, 1, 4), (1, 1, 4)][(1, 2, 4), (2, 2, 4), (3, 2, 4), (3, 1, 4), (4, 1, 4)][(0, 3, 4), (0, 3, 3), (0, 3, 2), (0, 4, 2), (0, 4, 1)][(0, 2, 4), (0, 2, 3), (0, 2, 2), (0, 1, 2), (0, 1, 1)][(0, 0, 1), (0, 0, 2), (0, 0, 3), (0, 1, 3), (0, 1, 4)][(3, 0, 3), (2, 0, 3), (1, 0, 3), (1, 0, 4), (0, 0, 4)][(3, 4, 1), (2, 4, 1), (1, 4, 1), (1, 4, 0), (0, 4, 0)][(1, 4, 2), (1, 3, 2), (1, 2, 2), (1, 2, 1), (1, 1, 1)][(0, 0, 0), (0, 1, 0), (0, 2, 0), (0, 2, 1), (0, 3, 1)][(1, 3, 3), (1, 2, 3), (1, 1, 3), (1, 1, 2), (1, 0, 2)][(4, 0, 2), (4, 1, 2), (4, 2, 2), (3, 2, 2), (3, 3, 2)][(3, 3, 3), (3, 2, 3), (3, 1, 3), (3, 1, 2), (3, 0, 2)][(1, 0, 1), (2, 0, 1), (3, 0, 1), (3, 0, 0), (4, 0, 0)][(4, 1, 0), (3, 1, 0), (2, 1, 0), (2, 0, 0), (1, 0, 0)][(2, 4, 0), (2, 3, 0), (2, 2, 0), (1, 2, 0), (1, 1, 0)][(3, 3, 1), (2, 3, 1), (1, 3, 1), (1, 3, 0), (0, 3, 0)][(4, 0, 1), (4, 1, 1), (4, 2, 1), (4, 2, 0), (4, 3, 0)][(2, 4, 2), (2, 3, 2), (2, 2, 2), (2, 2, 1), (2, 1, 1)][(3, 4, 0), (3, 3, 0), (3, 2, 0), (3, 2, 1), (3, 1, 1)][(2, 3, 3), (2, 2, 3), (2, 1, 3), (2, 1, 2), (2, 0, 2)]
87
[(4, 4, 0), (4, 4, 1), (4, 4, 2), (3, 4, 2), (3, 4, 3)][(4, 3, 1), (4, 3, 2), (4, 3, 3), (4, 4, 3), (4, 4, 4)][(0, 1, 3), (0, 2, 3), (0, 3, 3), (0, 3, 4), (0, 4, 4)][(1, 4, 4), (1, 3, 4), (1, 2, 4), (0, 2, 4), (0, 1, 4)][(4, 3, 4), (3, 3, 4), (2, 3, 4), (2, 3, 3), (1, 3, 3)][(0, 4, 3), (1, 4, 3), (2, 4, 3), (2, 4, 4), (3, 4, 4)][(3, 0, 3), (2, 0, 3), (1, 0, 3), (1, 0, 4), (0, 0, 4)][(4, 0, 4), (3, 0, 4), (2, 0, 4), (2, 1, 4), (1, 1, 4)][(0, 0, 3), (0, 0, 2), (0, 0, 1), (0, 1, 1), (0, 1, 0)][(0, 0, 0), (1, 0, 0), (2, 0, 0), (2, 1, 0), (3, 1, 0)][(1, 0, 1), (2, 0, 1), (3, 0, 1), (3, 0, 0), (4, 0, 0)][(4, 0, 3), (4, 1, 3), (4, 2, 3), (3, 2, 3), (3, 3, 3)][(4, 2, 4), (3, 2, 4), (2, 2, 4), (2, 2, 3), (1, 2, 3)][(1, 1, 3), (2, 1, 3), (3, 1, 3), (3, 1, 4), (4, 1, 4)][(4, 3, 0), (4, 2, 0), (4, 1, 0), (4, 1, 1), (4, 0, 1)][(4, 0, 2), (4, 1, 2), (4, 2, 2), (3, 2, 2), (3, 3, 2)][(0, 2, 2), (1, 2, 2), (2, 2, 2), (2, 1, 2), (3, 1, 2)][(3, 0, 2), (2, 0, 2), (1, 0, 2), (1, 1, 2), (0, 1, 2)][(0, 4, 2), (1, 4, 2), (2, 4, 2), (2, 4, 1), (3, 4, 1)][(0, 3, 2), (1, 3, 2), (2, 3, 2), (2, 3, 1), (3, 3, 1)][(3, 4, 0), (2, 4, 0), (1, 4, 0), (1, 4, 1), (0, 4, 1)][(0, 4, 0), (0, 3, 0), (0, 2, 0), (1, 2, 0), (1, 1, 0)][(0, 2, 1), (1, 2, 1), (2, 2, 1), (2, 2, 0), (3, 2, 0)][(3, 3, 0), (2, 3, 0), (1, 3, 0), (1, 3, 1), (0, 3, 1)][(1, 1, 1), (2, 1, 1), (3, 1, 1), (3, 2, 1), (4, 2, 1)]
88
[(4, 4, 0), (4, 4, 1), (4, 4, 2), (3, 4, 2), (3, 4, 3)][(4, 3, 1), (4, 3, 2), (4, 3, 3), (4, 4, 3), (4, 4, 4)][(1, 4, 1), (1, 4, 2), (1, 4, 3), (0, 4, 3), (0, 4, 4)][(0, 3, 4), (0, 3, 3), (0, 3, 2), (0, 4, 2), (0, 4, 1)][(1, 4, 4), (1, 3, 4), (1, 2, 4), (0, 2, 4), (0, 1, 4)][(2, 4, 4), (2, 3, 4), (2, 2, 4), (3, 2, 4), (3, 1, 4)][(4, 1, 4), (4, 2, 4), (4, 3, 4), (3, 3, 4), (3, 4, 4)][(0, 1, 1), (0, 1, 2), (0, 1, 3), (0, 0, 3), (0, 0, 4)][(1, 1, 0), (1, 2, 0), (1, 3, 0), (0, 3, 0), (0, 4, 0)][(0, 0, 0), (0, 1, 0), (0, 2, 0), (0, 2, 1), (0, 3, 1)][(4, 3, 0), (3, 3, 0), (2, 3, 0), (2, 4, 0), (1, 4, 0)][(2, 4, 3), (2, 4, 2), (2, 4, 1), (3, 4, 1), (3, 4, 0)][(0, 2, 3), (1, 2, 3), (2, 2, 3), (2, 1, 3), (3, 1, 3)][(1, 3, 3), (2, 3, 3), (3, 3, 3), (3, 2, 3), (4, 2, 3)][(4, 0, 4), (3, 0, 4), (2, 0, 4), (2, 1, 4), (1, 1, 4)][(4, 2, 0), (3, 2, 0), (2, 2, 0), (2, 2, 1), (1, 2, 1)][(1, 3, 1), (2, 3, 1), (3, 3, 1), (3, 2, 1), (4, 2, 1)][(4, 1, 3), (4, 1, 2), (4, 1, 1), (4, 0, 1), (4, 0, 0)][(3, 0, 0), (3, 0, 1), (3, 0, 2), (4, 0, 2), (4, 0, 3)][(0, 0, 2), (1, 0, 2), (2, 0, 2), (2, 0, 3), (3, 0, 3)][(4, 1, 0), (3, 1, 0), (2, 1, 0), (2, 0, 0), (1, 0, 0)][(1, 1, 1), (1, 1, 2), (1, 1, 3), (1, 0, 3), (1, 0, 4)][(0, 2, 2), (1, 2, 2), (2, 2, 2), (2, 1, 2), (3, 1, 2)][(1, 3, 2), (2, 3, 2), (3, 3, 2), (3, 2, 2), (4, 2, 2)][(0, 0, 1), (1, 0, 1), (2, 0, 1), (2, 1, 1), (3, 1, 1)]
89
[(4, 4, 0), (4, 4, 1), (4, 4, 2), (3, 4, 2), (3, 4, 3)][(4, 3, 1), (4, 3, 2), (4, 3, 3), (4, 4, 3), (4, 4, 4)][(1, 4, 1), (1, 4, 2), (1, 4, 3), (0, 4, 3), (0, 4, 4)][(0, 3, 4), (0, 3, 3), (0, 3, 2), (0, 4, 2), (0, 4, 1)][(1, 4, 4), (1, 3, 4), (1, 2, 4), (0, 2, 4), (0, 1, 4)][(2, 4, 4), (2, 4, 3), (2, 4, 2), (2, 3, 2), (2, 3, 1)][(0, 4, 0), (1, 4, 0), (2, 4, 0), (2, 4, 1), (3, 4, 1)][(4, 1, 4), (4, 2, 4), (4, 3, 4), (3, 3, 4), (3, 4, 4)][(4, 1, 0), (4, 2, 0), (4, 3, 0), (3, 3, 0), (3, 4, 0)][(3, 0, 0), (3, 1, 0), (3, 2, 0), (2, 2, 0), (2, 3, 0)][(4, 0, 0), (4, 0, 1), (4, 0, 2), (4, 1, 2), (4, 1, 3)][(4, 0, 4), (3, 0, 4), (2, 0, 4), (2, 0, 3), (1, 0, 3)][(1, 0, 2), (2, 0, 2), (3, 0, 2), (3, 0, 3), (4, 0, 3)][(0, 0, 0), (1, 0, 0), (2, 0, 0), (2, 0, 1), (3, 0, 1)][(3, 3, 1), (3, 3, 2), (3, 3, 3), (2, 3, 3), (2, 3, 4)][(3, 1, 4), (2, 1, 4), (1, 1, 4), (1, 0, 4), (0, 0, 4)][(0, 0, 3), (0, 0, 2), (0, 0, 1), (0, 1, 1), (0, 1, 0)][(1, 3, 3), (1, 3, 2), (1, 3, 1), (0, 3, 1), (0, 3, 0)][(1, 0, 1), (1, 1, 1), (1, 2, 1), (1, 2, 0), (1, 3, 0)][(4, 1, 1), (3, 1, 1), (2, 1, 1), (2, 1, 0), (1, 1, 0)][(0, 2, 0), (0, 2, 1), (0, 2, 2), (0, 1, 2), (0, 1, 3)][(1, 1, 2), (2, 1, 2), (3, 1, 2), (3, 2, 2), (4, 2, 2)][(0, 2, 3), (1, 2, 3), (2, 2, 3), (2, 2, 4), (3, 2, 4)][(4, 2, 1), (3, 2, 1), (2, 2, 1), (2, 2, 2), (1, 2, 2)][(1, 1, 3), (2, 1, 3), (3, 1, 3), (3, 2, 3), (4, 2, 3)]
90
[(4, 4, 0), (4, 4, 1), (4, 4, 2), (3, 4, 2), (3, 4, 3)][(4, 3, 1), (4, 3, 2), (4, 3, 3), (4, 4, 3), (4, 4, 4)][(0, 4, 4), (0, 4, 3), (0, 4, 2), (1, 4, 2), (1, 4, 1)][(0, 4, 1), (0, 3, 1), (0, 2, 1), (0, 2, 2), (0, 1, 2)][(0, 4, 0), (1, 4, 0), (2, 4, 0), (2, 3, 0), (3, 3, 0)][(2, 4, 3), (2, 4, 2), (2, 4, 1), (3, 4, 1), (3, 4, 0)][(4, 3, 0), (4, 2, 0), (4, 1, 0), (4, 1, 1), (4, 0, 1)][(1, 1, 0), (2, 1, 0), (3, 1, 0), (3, 0, 0), (4, 0, 0)][(0, 3, 0), (0, 2, 0), (0, 1, 0), (0, 1, 1), (0, 0, 1)][(0, 0, 0), (1, 0, 0), (2, 0, 0), (2, 0, 1), (3, 0, 1)][(0, 0, 4), (0, 0, 3), (0, 0, 2), (1, 0, 2), (1, 0, 1)][(1, 3, 0), (1, 3, 1), (1, 3, 2), (0, 3, 2), (0, 3, 3)][(1, 2, 0), (1, 2, 1), (1, 2, 2), (2, 2, 2), (2, 2, 3)][(1, 4, 3), (1, 3, 3), (1, 2, 3), (0, 2, 3), (0, 1, 3)][(2, 3, 3), (2, 3, 2), (2, 3, 1), (2, 2, 1), (2, 2, 0)][(4, 0, 2), (3, 0, 2), (2, 0, 2), (2, 1, 2), (1, 1, 2)][(1, 1, 1), (2, 1, 1), (3, 1, 1), (3, 1, 2), (4, 1, 2)][(3, 3, 3), (3, 3, 2), (3, 3, 1), (3, 2, 1), (3, 2, 0)][(3, 2, 4), (3, 2, 3), (3, 2, 2), (4, 2, 2), (4, 2, 1)][(4, 0, 3), (4, 1, 3), (4, 2, 3), (4, 2, 4), (4, 3, 4)][(1, 0, 3), (2, 0, 3), (3, 0, 3), (3, 0, 4), (4, 0, 4)][(4, 1, 4), (3, 1, 4), (2, 1, 4), (2, 0, 4), (1, 0, 4)][(3, 1, 3), (2, 1, 3), (1, 1, 3), (1, 1, 4), (0, 1, 4)][(3, 4, 4), (2, 4, 4), (1, 4, 4), (1, 3, 4), (0, 3, 4)][(0, 2, 4), (1, 2, 4), (2, 2, 4), (2, 3, 4), (3, 3, 4)]
91
[(4, 4, 0), (4, 4, 1), (4, 4, 2), (3, 4, 2), (3, 4, 3)][(4, 1, 4), (4, 2, 4), (4, 3, 4), (4, 3, 3), (4, 4, 3)][(4, 4, 4), (3, 4, 4), (2, 4, 4), (2, 4, 3), (1, 4, 3)][(3, 3, 4), (2, 3, 4), (1, 3, 4), (1, 4, 4), (0, 4, 4)][(4, 1, 1), (4, 1, 2), (4, 1, 3), (4, 0, 3), (4, 0, 4)][(4, 0, 0), (4, 0, 1), (4, 0, 2), (3, 0, 2), (3, 0, 3)][(0, 0, 3), (1, 0, 3), (2, 0, 3), (2, 0, 4), (3, 0, 4)][(3, 1, 4), (2, 1, 4), (1, 1, 4), (1, 0, 4), (0, 0, 4)][(0, 1, 4), (0, 1, 3), (0, 1, 2), (0, 0, 2), (0, 0, 1)][(0, 4, 1), (0, 4, 2), (0, 4, 3), (0, 3, 3), (0, 3, 4)][(0, 2, 4), (0, 2, 3), (0, 2, 2), (1, 2, 2), (1, 2, 1)][(1, 0, 0), (1, 0, 1), (1, 0, 2), (1, 1, 2), (1, 1, 3)][(4, 3, 2), (3, 3, 2), (2, 3, 2), (2, 4, 2), (1, 4, 2)][(3, 3, 3), (2, 3, 3), (1, 3, 3), (1, 3, 2), (0, 3, 2)][(1, 2, 4), (2, 2, 4), (3, 2, 4), (3, 2, 3), (4, 2, 3)][(4, 2, 2), (3, 2, 2), (2, 2, 2), (2, 2, 3), (1, 2, 3)][(2, 0, 0), (2, 0, 1), (2, 0, 2), (2, 1, 2), (2, 1, 3)][(3, 1, 3), (3, 1, 2), (3, 1, 1), (3, 0, 1), (3, 0, 0)][(1, 4, 1), (2, 4, 1), (3, 4, 1), (3, 3, 1), (4, 3, 1)][(0, 3, 1), (0, 2, 1), (0, 1, 1), (0, 1, 0), (0, 0, 0)][(4, 2, 1), (3, 2, 1), (2, 2, 1), (2, 3, 1), (1, 3, 1)][(4, 1, 0), (3, 1, 0), (2, 1, 0), (2, 1, 1), (1, 1, 1)][(4, 2, 0), (3, 2, 0), (2, 2, 0), (2, 3, 0), (1, 3, 0)][(1, 4, 0), (2, 4, 0), (3, 4, 0), (3, 3, 0), (4, 3, 0)][(0, 4, 0), (0, 3, 0), (0, 2, 0), (1, 2, 0), (1, 1, 0)]
92
[(4, 4, 0), (4, 4, 1), (4, 4, 2), (3, 4, 2), (3, 4, 3)][(4, 1, 4), (4, 2, 4), (4, 3, 4), (4, 3, 3), (4, 4, 3)][(4, 4, 4), (3, 4, 4), (2, 4, 4), (2, 4, 3), (1, 4, 3)][(3, 3, 4), (2, 3, 4), (1, 3, 4), (1, 4, 4), (0, 4, 4)][(4, 0, 4), (3, 0, 4), (2, 0, 4), (2, 1, 4), (1, 1, 4)][(2, 0, 1), (2, 0, 2), (2, 0, 3), (1, 0, 3), (1, 0, 4)][(0, 0, 4), (0, 0, 3), (0, 0, 2), (1, 0, 2), (1, 0, 1)][(0, 1, 4), (0, 2, 4), (0, 3, 4), (0, 3, 3), (0, 4, 3)][(0, 1, 3), (0, 1, 2), (0, 1, 1), (0, 0, 1), (0, 0, 0)][(0, 4, 2), (1, 4, 2), (2, 4, 2), (2, 3, 2), (3, 3, 2)][(3, 3, 3), (2, 3, 3), (1, 3, 3), (1, 3, 2), (0, 3, 2)][(4, 0, 0), (4, 0, 1), (4, 0, 2), (3, 0, 2), (3, 0, 3)][(4, 0, 3), (4, 1, 3), (4, 2, 3), (4, 2, 2), (4, 3, 2)][(3, 1, 4), (3, 1, 3), (3, 1, 2), (4, 1, 2), (4, 1, 1)][(3, 2, 4), (3, 2, 3), (3, 2, 2), (2, 2, 2), (2, 2, 1)][(2, 1, 1), (2, 1, 2), (2, 1, 3), (2, 2, 3), (2, 2, 4)][(3, 0, 1), (3, 1, 1), (3, 2, 1), (4, 2, 1), (4, 3, 1)][(1, 1, 1), (1, 1, 2), (1, 1, 3), (1, 2, 3), (1, 2, 4)][(1, 2, 0), (1, 2, 1), (1, 2, 2), (0, 2, 2), (0, 2, 3)][(0, 4, 1), (0, 3, 1), (0, 2, 1), (0, 2, 0), (0, 1, 0)][(3, 4, 1), (2, 4, 1), (1, 4, 1), (1, 4, 0), (0, 4, 0)][(1, 3, 1), (2, 3, 1), (3, 3, 1), (3, 3, 0), (4, 3, 0)][(0, 3, 0), (1, 3, 0), (2, 3, 0), (2, 4, 0), (3, 4, 0)][(1, 0, 0), (2, 0, 0), (3, 0, 0), (3, 1, 0), (4, 1, 0)][(4, 2, 0), (3, 2, 0), (2, 2, 0), (2, 1, 0), (1, 1, 0)]
93
[(4, 4, 0), (4, 4, 1), (4, 4, 2), (3, 4, 2), (3, 4, 3)][(4, 1, 4), (4, 2, 4), (4, 3, 4), (4, 3, 3), (4, 4, 3)][(4, 4, 4), (3, 4, 4), (2, 4, 4), (2, 4, 3), (1, 4, 3)][(3, 3, 4), (2, 3, 4), (1, 3, 4), (1, 4, 4), (0, 4, 4)][(1, 1, 4), (2, 1, 4), (3, 1, 4), (3, 0, 4), (4, 0, 4)][(0, 0, 4), (1, 0, 4), (2, 0, 4), (2, 0, 3), (3, 0, 3)][(3, 0, 0), (3, 0, 1), (3, 0, 2), (4, 0, 2), (4, 0, 3)][(4, 1, 3), (4, 1, 2), (4, 1, 1), (4, 0, 1), (4, 0, 0)][(4, 1, 0), (3, 1, 0), (2, 1, 0), (2, 0, 0), (1, 0, 0)][(4, 2, 0), (3, 2, 0), (2, 2, 0), (2, 3, 0), (1, 3, 0)][(1, 4, 0), (2, 4, 0), (3, 4, 0), (3, 3, 0), (4, 3, 0)][(0, 4, 0), (0, 3, 0), (0, 2, 0), (1, 2, 0), (1, 1, 0)][(0, 3, 1), (0, 2, 1), (0, 1, 1), (0, 1, 0), (0, 0, 0)][(0, 0, 1), (1, 0, 1), (2, 0, 1), (2, 1, 1), (3, 1, 1)][(0, 4, 1), (0, 4, 2), (0, 4, 3), (0, 3, 3), (0, 3, 4)][(0, 1, 4), (0, 1, 3), (0, 1, 2), (1, 1, 2), (1, 1, 1)][(3, 1, 3), (2, 1, 3), (1, 1, 3), (1, 0, 3), (0, 0, 3)][(0, 0, 2), (1, 0, 2), (2, 0, 2), (2, 1, 2), (3, 1, 2)][(4, 3, 2), (3, 3, 2), (2, 3, 2), (2, 4, 2), (1, 4, 2)][(1, 4, 1), (2, 4, 1), (3, 4, 1), (3, 3, 1), (4, 3, 1)][(4, 2, 1), (3, 2, 1), (2, 2, 1), (2, 3, 1), (1, 3, 1)][(4, 2, 2), (3, 2, 2), (2, 2, 2), (2, 2, 3), (1, 2, 3)][(1, 2, 4), (2, 2, 4), (3, 2, 4), (3, 2, 3), (4, 2, 3)][(0, 2, 4), (0, 2, 3), (0, 2, 2), (1, 2, 2), (1, 2, 1)][(3, 3, 3), (2, 3, 3), (1, 3, 3), (1, 3, 2), (0, 3, 2)]
94
[(4, 4, 0), (4, 4, 1), (4, 4, 2), (3, 4, 2), (3, 4, 3)][(3, 1, 3), (3, 2, 3), (3, 3, 3), (4, 3, 3), (4, 4, 3)][(3, 1, 4), (3, 2, 4), (3, 3, 4), (4, 3, 4), (4, 4, 4)][(0, 4, 3), (1, 4, 3), (2, 4, 3), (2, 4, 4), (3, 4, 4)][(0, 1, 3), (0, 2, 3), (0, 3, 3), (0, 3, 4), (0, 4, 4)][(1, 4, 4), (1, 3, 4), (1, 2, 4), (0, 2, 4), (0, 1, 4)][(4, 2, 4), (4, 2, 3), (4, 2, 2), (4, 3, 2), (4, 3, 1)][(4, 1, 4), (4, 1, 3), (4, 1, 2), (3, 1, 2), (3, 1, 1)][(4, 0, 1), (4, 1, 1), (4, 2, 1), (4, 2, 0), (4, 3, 0)][(3, 3, 0), (3, 2, 0), (3, 1, 0), (4, 1, 0), (4, 0, 0)][(3, 4, 0), (2, 4, 0), (1, 4, 0), (1, 4, 1), (0, 4, 1)][(1, 1, 0), (1, 2, 0), (1, 3, 0), (0, 3, 0), (0, 4, 0)][(0, 0, 0), (0, 1, 0), (0, 2, 0), (0, 2, 1), (0, 3, 1)][(0, 4, 2), (1, 4, 2), (2, 4, 2), (2, 4, 1), (3, 4, 1)][(2, 3, 4), (2, 3, 3), (2, 3, 2), (3, 3, 2), (3, 3, 1)][(2, 2, 4), (2, 2, 3), (2, 2, 2), (3, 2, 2), (3, 2, 1)][(1, 3, 3), (1, 3, 2), (1, 3, 1), (2, 3, 1), (2, 3, 0)][(1, 2, 3), (1, 2, 2), (1, 2, 1), (2, 2, 1), (2, 2, 0)][(0, 3, 2), (0, 2, 2), (0, 1, 2), (0, 1, 1), (0, 0, 1)][(3, 0, 0), (3, 0, 1), (3, 0, 2), (4, 0, 2), (4, 0, 3)][(4, 0, 4), (3, 0, 4), (2, 0, 4), (2, 1, 4), (1, 1, 4)][(2, 0, 0), (2, 0, 1), (2, 0, 2), (2, 1, 2), (2, 1, 3)][(1, 1, 3), (1, 1, 2), (1, 1, 1), (2, 1, 1), (2, 1, 0)][(1, 0, 0), (1, 0, 1), (1, 0, 2), (0, 0, 2), (0, 0, 3)][(3, 0, 3), (2, 0, 3), (1, 0, 3), (1, 0, 4), (0, 0, 4)]
95
[(4, 4, 0), (4, 4, 1), (4, 4, 2), (3, 4, 2), (3, 4, 3)][(4, 4, 3), (4, 3, 3), (4, 2, 3), (4, 2, 2), (4, 1, 2)][(4, 4, 4), (3, 4, 4), (2, 4, 4), (2, 3, 4), (1, 3, 4)][(4, 3, 4), (4, 2, 4), (4, 1, 4), (4, 1, 3), (4, 0, 3)][(4, 0, 4), (3, 0, 4), (2, 0, 4), (2, 0, 3), (1, 0, 3)][(4, 0, 0), (4, 0, 1), (4, 0, 2), (3, 0, 2), (3, 0, 3)][(3, 1, 4), (2, 1, 4), (1, 1, 4), (1, 0, 4), (0, 0, 4)][(3, 3, 4), (3, 3, 3), (3, 3, 2), (4, 3, 2), (4, 3, 1)][(2, 4, 1), (2, 4, 2), (2, 4, 3), (1, 4, 3), (1, 4, 4)][(0, 4, 4), (0, 4, 3), (0, 4, 2), (1, 4, 2), (1, 4, 1)][(3, 2, 4), (3, 2, 3), (3, 2, 2), (2, 2, 2), (2, 2, 1)][(2, 3, 1), (2, 3, 2), (2, 3, 3), (2, 2, 3), (2, 2, 4)][(3, 4, 1), (3, 3, 1), (3, 2, 1), (4, 2, 1), (4, 1, 1)][(0, 0, 2), (1, 0, 2), (2, 0, 2), (2, 1, 2), (3, 1, 2)][(3, 1, 3), (2, 1, 3), (1, 1, 3), (1, 1, 2), (0, 1, 2)][(0, 3, 4), (0, 2, 4), (0, 1, 4), (0, 1, 3), (0, 0, 3)][(1, 3, 1), (1, 3, 2), (1, 3, 3), (1, 2, 3), (1, 2, 4)][(1, 2, 0), (1, 2, 1), (1, 2, 2), (0, 2, 2), (0, 2, 3)][(0, 3, 3), (0, 3, 2), (0, 3, 1), (0, 4, 1), (0, 4, 0)][(0, 0, 1), (0, 1, 1), (0, 2, 1), (0, 2, 0), (0, 3, 0)][(3, 0, 1), (2, 0, 1), (1, 0, 1), (1, 0, 0), (0, 0, 0)][(1, 4, 0), (2, 4, 0), (3, 4, 0), (3, 3, 0), (4, 3, 0)][(0, 1, 0), (1, 1, 0), (2, 1, 0), (2, 0, 0), (3, 0, 0)][(4, 2, 0), (3, 2, 0), (2, 2, 0), (2, 3, 0), (1, 3, 0)][(1, 1, 1), (2, 1, 1), (3, 1, 1), (3, 1, 0), (4, 1, 0)]
96
[(4, 4, 0), (4, 4, 1), (4, 4, 2), (3, 4, 2), (3, 4, 3)][(4, 1, 2), (4, 2, 2), (4, 3, 2), (4, 3, 3), (4, 4, 3)][(4, 4, 4), (4, 3, 4), (4, 2, 4), (4, 2, 3), (4, 1, 3)][(3, 3, 4), (3, 2, 4), (3, 1, 4), (4, 1, 4), (4, 0, 4)][(3, 4, 4), (2, 4, 4), (1, 4, 4), (1, 3, 4), (0, 3, 4)][(1, 4, 1), (1, 4, 2), (1, 4, 3), (0, 4, 3), (0, 4, 4)][(0, 4, 0), (0, 4, 1), (0, 4, 2), (0, 3, 2), (0, 3, 3)][(0, 2, 4), (0, 2, 3), (0, 2, 2), (1, 2, 2), (1, 2, 1)][(1, 3, 1), (1, 3, 2), (1, 3, 3), (1, 2, 3), (1, 2, 4)][(0, 0, 0), (0, 1, 0), (0, 2, 0), (0, 2, 1), (0, 3, 1)][(3, 4, 0), (2, 4, 0), (1, 4, 0), (1, 3, 0), (0, 3, 0)][(4, 0, 0), (4, 1, 0), (4, 2, 0), (4, 2, 1), (4, 3, 1)][(4, 3, 0), (3, 3, 0), (2, 3, 0), (2, 2, 0), (1, 2, 0)][(3, 4, 1), (3, 3, 1), (3, 2, 1), (3, 2, 0), (3, 1, 0)][(2, 4, 1), (2, 3, 1), (2, 2, 1), (2, 2, 2), (2, 1, 2)][(3, 1, 2), (3, 2, 2), (3, 3, 2), (2, 3, 2), (2, 4, 2)][(4, 1, 1), (3, 1, 1), (2, 1, 1), (2, 1, 0), (1, 1, 0)][(3, 1, 3), (3, 2, 3), (3, 3, 3), (2, 3, 3), (2, 4, 3)][(2, 0, 3), (2, 1, 3), (2, 2, 3), (2, 2, 4), (2, 3, 4)][(0, 1, 4), (1, 1, 4), (2, 1, 4), (2, 0, 4), (3, 0, 4)][(0, 1, 1), (0, 1, 2), (0, 1, 3), (0, 0, 3), (0, 0, 4)][(2, 0, 0), (2, 0, 1), (2, 0, 2), (3, 0, 2), (3, 0, 3)][(4, 0, 3), (4, 0, 2), (4, 0, 1), (3, 0, 1), (3, 0, 0)][(1, 0, 4), (1, 0, 3), (1, 0, 2), (0, 0, 2), (0, 0, 1)][(1, 1, 3), (1, 1, 2), (1, 1, 1), (1, 0, 1), (1, 0, 0)]
97
[(4, 4, 0), (3, 4, 0), (2, 4, 0), (2, 4, 1), (1, 4, 1)][(2, 1, 0), (2, 2, 0), (2, 3, 0), (1, 3, 0), (1, 4, 0)][(0, 4, 0), (0, 3, 0), (0, 2, 0), (1, 2, 0), (1, 1, 0)][(0, 3, 1), (0, 2, 1), (0, 1, 1), (0, 1, 0), (0, 0, 0)][(0, 4, 1), (0, 4, 2), (0, 4, 3), (0, 3, 3), (0, 3, 4)][(3, 4, 3), (2, 4, 3), (1, 4, 3), (1, 4, 4), (0, 4, 4)][(4, 4, 4), (3, 4, 4), (2, 4, 4), (2, 3, 4), (1, 3, 4)][(0, 2, 4), (1, 2, 4), (2, 2, 4), (2, 2, 3), (3, 2, 3)][(3, 3, 3), (2, 3, 3), (1, 3, 3), (1, 2, 3), (0, 2, 3)][(4, 0, 4), (4, 1, 4), (4, 2, 4), (3, 2, 4), (3, 3, 4)][(4, 4, 1), (4, 4, 2), (4, 4, 3), (4, 3, 3), (4, 3, 4)][(4, 0, 0), (4, 1, 0), (4, 2, 0), (3, 2, 0), (3, 3, 0)][(4, 3, 0), (4, 3, 1), (4, 3, 2), (4, 2, 2), (4, 2, 3)][(3, 4, 1), (3, 3, 1), (3, 2, 1), (4, 2, 1), (4, 1, 1)][(3, 4, 2), (3, 3, 2), (3, 2, 2), (2, 2, 2), (2, 1, 2)][(2, 1, 1), (2, 2, 1), (2, 3, 1), (2, 3, 2), (2, 4, 2)][(3, 1, 0), (3, 1, 1), (3, 1, 2), (4, 1, 2), (4, 1, 3)][(1, 1, 1), (1, 2, 1), (1, 3, 1), (1, 3, 2), (1, 4, 2)][(1, 0, 2), (1, 1, 2), (1, 2, 2), (0, 2, 2), (0, 3, 2)][(0, 1, 4), (0, 1, 3), (0, 1, 2), (0, 0, 2), (0, 0, 1)][(3, 1, 4), (2, 1, 4), (1, 1, 4), (1, 0, 4), (0, 0, 4)][(4, 0, 2), (3, 0, 2), (2, 0, 2), (2, 0, 1), (1, 0, 1)][(1, 0, 0), (2, 0, 0), (3, 0, 0), (3, 0, 1), (4, 0, 1)][(0, 0, 3), (1, 0, 3), (2, 0, 3), (2, 0, 4), (3, 0, 4)][(1, 1, 3), (2, 1, 3), (3, 1, 3), (3, 0, 3), (4, 0, 3)]
98
[(4, 4, 0), (3, 4, 0), (2, 4, 0), (2, 4, 1), (1, 4, 1)][(0, 1, 0), (0, 2, 0), (0, 3, 0), (1, 3, 0), (1, 4, 0)][(0, 4, 0), (0, 4, 1), (0, 4, 2), (1, 4, 2), (1, 4, 3)][(0, 3, 1), (0, 3, 2), (0, 3, 3), (0, 4, 3), (0, 4, 4)][(0, 1, 3), (0, 1, 2), (0, 1, 1), (0, 0, 1), (0, 0, 0)][(0, 0, 4), (0, 0, 3), (0, 0, 2), (1, 0, 2), (1, 0, 1)][(4, 0, 1), (3, 0, 1), (2, 0, 1), (2, 0, 0), (1, 0, 0)][(1, 1, 0), (2, 1, 0), (3, 1, 0), (3, 0, 0), (4, 0, 0)][(4, 1, 0), (4, 1, 1), (4, 1, 2), (4, 0, 2), (4, 0, 3)][(4, 2, 0), (4, 2, 1), (4, 2, 2), (4, 3, 2), (4, 3, 3)][(4, 4, 3), (4, 4, 2), (4, 4, 1), (4, 3, 1), (4, 3, 0)][(4, 4, 4), (4, 3, 4), (4, 2, 4), (4, 2, 3), (4, 1, 3)][(3, 3, 4), (3, 2, 4), (3, 1, 4), (4, 1, 4), (4, 0, 4)][(3, 0, 4), (3, 0, 3), (3, 0, 2), (3, 1, 2), (3, 1, 1)][(3, 4, 4), (2, 4, 4), (1, 4, 4), (1, 3, 4), (0, 3, 4)][(0, 1, 4), (1, 1, 4), (2, 1, 4), (2, 1, 3), (3, 1, 3)][(2, 0, 4), (2, 0, 3), (2, 0, 2), (2, 1, 2), (2, 1, 1)][(3, 4, 3), (3, 4, 2), (3, 4, 1), (3, 3, 1), (3, 3, 0)][(1, 1, 1), (1, 1, 2), (1, 1, 3), (1, 0, 3), (1, 0, 4)][(2, 3, 0), (2, 3, 1), (2, 3, 2), (2, 4, 2), (2, 4, 3)][(3, 2, 0), (3, 2, 1), (3, 2, 2), (3, 3, 2), (3, 3, 3)][(1, 3, 1), (1, 3, 2), (1, 3, 3), (2, 3, 3), (2, 3, 4)][(2, 2, 0), (2, 2, 1), (2, 2, 2), (1, 2, 2), (1, 2, 3)][(0, 2, 4), (1, 2, 4), (2, 2, 4), (2, 2, 3), (3, 2, 3)][(0, 2, 3), (0, 2, 2), (0, 2, 1), (1, 2, 1), (1, 2, 0)]
99
[(4, 4, 0), (3, 4, 0), (2, 4, 0), (2, 4, 1), (1, 4, 1)][(0, 1, 0), (0, 2, 0), (0, 3, 0), (1, 3, 0), (1, 4, 0)][(0, 4, 0), (0, 4, 1), (0, 4, 2), (1, 4, 2), (1, 4, 3)][(0, 3, 1), (0, 3, 2), (0, 3, 3), (0, 4, 3), (0, 4, 4)][(0, 0, 0), (0, 0, 1), (0, 0, 2), (0, 1, 2), (0, 1, 3)][(3, 0, 2), (2, 0, 2), (1, 0, 2), (1, 0, 3), (0, 0, 3)][(0, 0, 4), (1, 0, 4), (2, 0, 4), (2, 0, 3), (3, 0, 3)][(0, 1, 4), (0, 2, 4), (0, 3, 4), (1, 3, 4), (1, 4, 4)][(1, 1, 4), (2, 1, 4), (3, 1, 4), (3, 0, 4), (4, 0, 4)][(2, 4, 4), (2, 4, 3), (2, 4, 2), (2, 3, 2), (2, 3, 1)][(1, 3, 1), (1, 3, 2), (1, 3, 3), (2, 3, 3), (2, 3, 4)][(4, 0, 0), (3, 0, 0), (2, 0, 0), (2, 0, 1), (1, 0, 1)][(1, 0, 0), (1, 1, 0), (1, 2, 0), (2, 2, 0), (2, 3, 0)][(0, 1, 1), (1, 1, 1), (2, 1, 1), (2, 1, 0), (3, 1, 0)][(0, 2, 1), (1, 2, 1), (2, 2, 1), (2, 2, 2), (3, 2, 2)][(3, 1, 2), (2, 1, 2), (1, 1, 2), (1, 2, 2), (0, 2, 2)][(3, 0, 1), (3, 1, 1), (3, 2, 1), (3, 2, 0), (3, 3, 0)][(3, 1, 3), (2, 1, 3), (1, 1, 3), (1, 2, 3), (0, 2, 3)][(4, 2, 3), (3, 2, 3), (2, 2, 3), (2, 2, 4), (1, 2, 4)][(3, 4, 4), (3, 3, 4), (3, 2, 4), (4, 2, 4), (4, 1, 4)][(3, 4, 1), (3, 4, 2), (3, 4, 3), (4, 4, 3), (4, 4, 4)][(4, 2, 0), (4, 2, 1), (4, 2, 2), (4, 1, 2), (4, 1, 3)][(4, 0, 3), (4, 0, 2), (4, 0, 1), (4, 1, 1), (4, 1, 0)][(4, 3, 4), (4, 3, 3), (4, 3, 2), (4, 4, 2), (4, 4, 1)][(3, 3, 3), (3, 3, 2), (3, 3, 1), (4, 3, 1), (4, 3, 0)]
100
[(4, 4, 0), (3, 4, 0), (2, 4, 0), (2, 4, 1), (1, 4, 1)][(0, 1, 0), (0, 2, 0), (0, 3, 0), (1, 3, 0), (1, 4, 0)][(0, 4, 0), (0, 4, 1), (0, 4, 2), (1, 4, 2), (1, 4, 3)][(0, 3, 1), (0, 3, 2), (0, 3, 3), (0, 4, 3), (0, 4, 4)][(3, 1, 0), (2, 1, 0), (1, 1, 0), (1, 0, 0), (0, 0, 0)][(4, 0, 0), (3, 0, 0), (2, 0, 0), (2, 0, 1), (1, 0, 1)][(1, 0, 4), (1, 0, 3), (1, 0, 2), (0, 0, 2), (0, 0, 1)][(0, 1, 1), (0, 1, 2), (0, 1, 3), (0, 0, 3), (0, 0, 4)][(0, 1, 4), (1, 1, 4), (2, 1, 4), (2, 0, 4), (3, 0, 4)][(0, 2, 4), (1, 2, 4), (2, 2, 4), (2, 2, 3), (3, 2, 3)][(4, 0, 3), (3, 0, 3), (2, 0, 3), (2, 1, 3), (1, 1, 3)][(0, 2, 3), (0, 2, 2), (0, 2, 1), (1, 2, 1), (1, 2, 0)][(2, 2, 0), (2, 2, 1), (2, 2, 2), (1, 2, 2), (1, 2, 3)][(4, 0, 2), (3, 0, 2), (2, 0, 2), (2, 1, 2), (1, 1, 2)][(1, 1, 1), (2, 1, 1), (3, 1, 1), (3, 0, 1), (4, 0, 1)][(3, 3, 4), (3, 2, 4), (3, 1, 4), (4, 1, 4), (4, 0, 4)][(4, 1, 0), (4, 1, 1), (4, 1, 2), (3, 1, 2), (3, 1, 3)][(4, 2, 0), (4, 2, 1), (4, 2, 2), (4, 3, 2), (4, 3, 3)][(3, 2, 0), (3, 2, 1), (3, 2, 2), (3, 3, 2), (3, 3, 3)][(4, 4, 4), (4, 3, 4), (4, 2, 4), (4, 2, 3), (4, 1, 3)][(4, 4, 3), (4, 4, 2), (4, 4, 1), (4, 3, 1), (4, 3, 0)][(3, 4, 4), (2, 4, 4), (1, 4, 4), (1, 3, 4), (0, 3, 4)][(3, 4, 3), (3, 4, 2), (3, 4, 1), (3, 3, 1), (3, 3, 0)][(2, 3, 0), (2, 3, 1), (2, 3, 2), (2, 4, 2), (2, 4, 3)][(1, 3, 1), (1, 3, 2), (1, 3, 3), (2, 3, 3), (2, 3, 4)]
101
[(4, 4, 0), (3, 4, 0), (2, 4, 0), (2, 4, 1), (1, 4, 1)][(1, 4, 0), (1, 3, 0), (1, 2, 0), (2, 2, 0), (2, 1, 0)][(0, 4, 0), (0, 4, 1), (0, 4, 2), (0, 3, 2), (0, 3, 3)][(0, 3, 0), (0, 2, 0), (0, 1, 0), (1, 1, 0), (1, 0, 0)][(0, 0, 0), (0, 0, 1), (0, 0, 2), (1, 0, 2), (1, 0, 3)][(0, 1, 1), (0, 1, 2), (0, 1, 3), (0, 0, 3), (0, 0, 4)][(4, 0, 0), (3, 0, 0), (2, 0, 0), (2, 0, 1), (1, 0, 1)][(0, 3, 1), (1, 3, 1), (2, 3, 1), (2, 3, 0), (3, 3, 0)][(0, 2, 1), (1, 2, 1), (2, 2, 1), (2, 2, 2), (3, 2, 2)][(3, 3, 2), (2, 3, 2), (1, 3, 2), (1, 2, 2), (0, 2, 2)][(3, 4, 1), (3, 3, 1), (3, 2, 1), (3, 2, 0), (3, 1, 0)][(3, 4, 2), (2, 4, 2), (1, 4, 2), (1, 4, 3), (0, 4, 3)][(2, 0, 4), (2, 0, 3), (2, 0, 2), (2, 1, 2), (2, 1, 1)][(1, 1, 1), (1, 1, 2), (1, 1, 3), (2, 1, 3), (2, 1, 4)][(3, 3, 3), (2, 3, 3), (1, 3, 3), (1, 2, 3), (0, 2, 3)][(4, 2, 3), (3, 2, 3), (2, 2, 3), (2, 2, 4), (1, 2, 4)][(0, 3, 4), (0, 2, 4), (0, 1, 4), (1, 1, 4), (1, 0, 4)][(0, 4, 4), (1, 4, 4), (2, 4, 4), (2, 4, 3), (3, 4, 3)][(1, 3, 4), (2, 3, 4), (3, 3, 4), (3, 4, 4), (4, 4, 4)][(3, 0, 4), (3, 1, 4), (3, 2, 4), (4, 2, 4), (4, 3, 4)][(3, 0, 1), (3, 0, 2), (3, 0, 3), (4, 0, 3), (4, 0, 4)][(4, 1, 4), (4, 1, 3), (4, 1, 2), (4, 0, 2), (4, 0, 1)][(3, 1, 3), (3, 1, 2), (3, 1, 1), (4, 1, 1), (4, 1, 0)][(4, 2, 0), (4, 2, 1), (4, 2, 2), (4, 3, 2), (4, 3, 3)][(4, 4, 3), (4, 4, 2), (4, 4, 1), (4, 3, 1), (4, 3, 0)]
102
[(4, 4, 0), (3, 4, 0), (2, 4, 0), (2, 4, 1), (1, 4, 1)][(3, 3, 0), (2, 3, 0), (1, 3, 0), (1, 4, 0), (0, 4, 0)][(0, 4, 4), (1, 4, 4), (2, 4, 4), (2, 4, 3), (3, 4, 3)][(3, 4, 4), (3, 3, 4), (3, 2, 4), (2, 2, 4), (2, 1, 4)][(4, 4, 4), (4, 4, 3), (4, 4, 2), (4, 3, 2), (4, 3, 1)][(1, 4, 2), (2, 4, 2), (3, 4, 2), (3, 4, 1), (4, 4, 1)][(4, 3, 0), (4, 2, 0), (4, 1, 0), (3, 1, 0), (3, 0, 0)][(4, 1, 3), (4, 1, 2), (4, 1, 1), (4, 0, 1), (4, 0, 0)][(4, 3, 4), (4, 2, 4), (4, 1, 4), (3, 1, 4), (3, 0, 4)][(4, 0, 4), (4, 0, 3), (4, 0, 2), (3, 0, 2), (3, 0, 1)][(0, 0, 4), (1, 0, 4), (2, 0, 4), (2, 0, 3), (3, 0, 3)][(4, 3, 3), (3, 3, 3), (2, 3, 3), (2, 3, 4), (1, 3, 4)][(4, 2, 3), (3, 2, 3), (2, 2, 3), (2, 2, 2), (1, 2, 2)][(1, 3, 2), (2, 3, 2), (3, 3, 2), (3, 2, 2), (4, 2, 2)][(1, 4, 3), (1, 3, 3), (1, 2, 3), (1, 2, 4), (1, 1, 4)][(2, 0, 0), (2, 0, 1), (2, 0, 2), (2, 1, 2), (2, 1, 3)][(3, 1, 3), (3, 1, 2), (3, 1, 1), (2, 1, 1), (2, 1, 0)][(1, 3, 1), (2, 3, 1), (3, 3, 1), (3, 2, 1), (4, 2, 1)][(0, 2, 1), (1, 2, 1), (2, 2, 1), (2, 2, 0), (3, 2, 0)][(1, 0, 0), (1, 1, 0), (1, 2, 0), (0, 2, 0), (0, 3, 0)][(1, 0, 3), (1, 0, 2), (1, 0, 1), (0, 0, 1), (0, 0, 0)][(0, 2, 4), (0, 2, 3), (0, 2, 2), (0, 3, 2), (0, 3, 1)][(0, 4, 1), (0, 4, 2), (0, 4, 3), (0, 3, 3), (0, 3, 4)][(0, 1, 0), (0, 1, 1), (0, 1, 2), (0, 0, 2), (0, 0, 3)][(1, 1, 1), (1, 1, 2), (1, 1, 3), (0, 1, 3), (0, 1, 4)]
103
[(4, 4, 0), (3, 4, 0), (2, 4, 0), (2, 4, 1), (1, 4, 1)][(3, 3, 0), (2, 3, 0), (1, 3, 0), (1, 4, 0), (0, 4, 0)][(0, 4, 4), (0, 3, 4), (0, 2, 4), (0, 2, 3), (0, 1, 3)][(1, 3, 4), (1, 2, 4), (1, 1, 4), (0, 1, 4), (0, 0, 4)][(1, 0, 3), (1, 0, 2), (1, 0, 1), (0, 0, 1), (0, 0, 0)][(0, 1, 0), (0, 1, 1), (0, 1, 2), (0, 0, 2), (0, 0, 3)][(1, 0, 4), (2, 0, 4), (3, 0, 4), (3, 1, 4), (4, 1, 4)][(4, 0, 4), (4, 0, 3), (4, 0, 2), (4, 1, 2), (4, 1, 1)][(3, 0, 3), (3, 0, 2), (3, 0, 1), (4, 0, 1), (4, 0, 0)][(1, 0, 0), (1, 1, 0), (1, 2, 0), (0, 2, 0), (0, 3, 0)][(4, 3, 0), (4, 2, 0), (4, 1, 0), (3, 1, 0), (3, 0, 0)][(2, 0, 0), (2, 1, 0), (2, 2, 0), (2, 2, 1), (2, 3, 1)][(0, 4, 1), (0, 3, 1), (0, 2, 1), (1, 2, 1), (1, 1, 1)][(2, 0, 1), (2, 0, 2), (2, 0, 3), (2, 1, 3), (2, 1, 4)][(2, 2, 4), (2, 2, 3), (2, 2, 2), (2, 1, 2), (2, 1, 1)][(0, 4, 2), (0, 3, 2), (0, 2, 2), (1, 2, 2), (1, 1, 2)][(1, 1, 3), (1, 2, 3), (1, 3, 3), (0, 3, 3), (0, 4, 3)][(1, 4, 4), (1, 4, 3), (1, 4, 2), (1, 3, 2), (1, 3, 1)][(2, 3, 4), (2, 3, 3), (2, 3, 2), (3, 3, 2), (3, 3, 1)][(2, 4, 4), (2, 4, 3), (2, 4, 2), (3, 4, 2), (3, 4, 1)][(4, 4, 1), (4, 4, 2), (4, 4, 3), (3, 4, 3), (3, 4, 4)][(4, 4, 4), (4, 3, 4), (4, 2, 4), (4, 2, 3), (4, 1, 3)][(3, 2, 4), (3, 2, 3), (3, 2, 2), (4, 2, 2), (4, 2, 1)][(3, 1, 3), (3, 1, 2), (3, 1, 1), (3, 2, 1), (3, 2, 0)][(4, 3, 1), (4, 3, 2), (4, 3, 3), (3, 3, 3), (3, 3, 4)]
104
[(4, 4, 0), (3, 4, 0), (2, 4, 0), (2, 4, 1), (1, 4, 1)][(3, 3, 0), (2, 3, 0), (1, 3, 0), (1, 4, 0), (0, 4, 0)][(0, 4, 4), (0, 3, 4), (0, 2, 4), (1, 2, 4), (1, 1, 4)][(0, 3, 3), (0, 2, 3), (0, 1, 3), (0, 1, 4), (0, 0, 4)][(0, 0, 0), (1, 0, 0), (2, 0, 0), (2, 0, 1), (3, 0, 1)][(1, 1, 0), (2, 1, 0), (3, 1, 0), (3, 0, 0), (4, 0, 0)][(0, 4, 3), (0, 4, 2), (0, 4, 1), (0, 3, 1), (0, 3, 0)][(0, 2, 0), (0, 2, 1), (0, 2, 2), (1, 2, 2), (1, 2, 3)][(0, 1, 0), (0, 1, 1), (0, 1, 2), (1, 1, 2), (1, 1, 3)][(1, 2, 0), (2, 2, 0), (3, 2, 0), (3, 2, 1), (4, 2, 1)][(4, 1, 0), (4, 2, 0), (4, 3, 0), (4, 3, 1), (4, 4, 1)][(3, 1, 1), (2, 1, 1), (1, 1, 1), (1, 0, 1), (0, 0, 1)][(4, 2, 2), (3, 2, 2), (2, 2, 2), (2, 2, 1), (1, 2, 1)][(0, 0, 2), (1, 0, 2), (2, 0, 2), (2, 1, 2), (3, 1, 2)][(3, 0, 4), (3, 0, 3), (3, 0, 2), (4, 0, 2), (4, 0, 1)][(0, 0, 3), (1, 0, 3), (2, 0, 3), (2, 1, 3), (3, 1, 3)][(4, 1, 4), (3, 1, 4), (2, 1, 4), (2, 0, 4), (1, 0, 4)][(4, 1, 1), (4, 1, 2), (4, 1, 3), (4, 0, 3), (4, 0, 4)][(4, 2, 4), (3, 2, 4), (2, 2, 4), (2, 3, 4), (1, 3, 4)][(4, 2, 3), (3, 2, 3), (2, 2, 3), (2, 3, 3), (1, 3, 3)][(1, 4, 4), (2, 4, 4), (3, 4, 4), (3, 3, 4), (4, 3, 4)][(4, 4, 4), (4, 4, 3), (4, 4, 2), (3, 4, 2), (3, 4, 1)][(4, 3, 2), (3, 3, 2), (2, 3, 2), (2, 4, 2), (1, 4, 2)][(3, 3, 1), (2, 3, 1), (1, 3, 1), (1, 3, 2), (0, 3, 2)][(1, 4, 3), (2, 4, 3), (3, 4, 3), (3, 3, 3), (4, 3, 3)]
105
[(4, 4, 0), (3, 4, 0), (2, 4, 0), (2, 4, 1), (1, 4, 1)][(3, 3, 0), (2, 3, 0), (1, 3, 0), (1, 4, 0), (0, 4, 0)][(0, 4, 4), (0, 3, 4), (0, 2, 4), (1, 2, 4), (1, 1, 4)][(0, 3, 3), (0, 2, 3), (0, 1, 3), (0, 1, 4), (0, 0, 4)][(3, 1, 0), (2, 1, 0), (1, 1, 0), (1, 0, 0), (0, 0, 0)][(0, 4, 3), (0, 4, 2), (0, 4, 1), (0, 3, 1), (0, 3, 0)][(0, 2, 0), (0, 2, 1), (0, 2, 2), (1, 2, 2), (1, 2, 3)][(0, 1, 0), (0, 1, 1), (0, 1, 2), (0, 0, 2), (0, 0, 3)][(1, 2, 0), (2, 2, 0), (3, 2, 0), (3, 2, 1), (4, 2, 1)][(4, 1, 0), (4, 2, 0), (4, 3, 0), (4, 3, 1), (4, 4, 1)][(0, 0, 1), (1, 0, 1), (2, 0, 1), (2, 0, 0), (3, 0, 0)][(4, 1, 3), (4, 1, 2), (4, 1, 1), (4, 0, 1), (4, 0, 0)][(4, 2, 2), (3, 2, 2), (2, 2, 2), (2, 2, 1), (1, 2, 1)][(1, 0, 4), (1, 0, 3), (1, 0, 2), (1, 1, 2), (1, 1, 1)][(4, 0, 4), (4, 0, 3), (4, 0, 2), (3, 0, 2), (3, 0, 1)][(2, 0, 4), (2, 0, 3), (2, 0, 2), (2, 1, 2), (2, 1, 1)][(3, 1, 1), (3, 1, 2), (3, 1, 3), (3, 0, 3), (3, 0, 4)][(4, 1, 4), (3, 1, 4), (2, 1, 4), (2, 1, 3), (1, 1, 3)][(4, 2, 4), (3, 2, 4), (2, 2, 4), (2, 3, 4), (1, 3, 4)][(4, 2, 3), (3, 2, 3), (2, 2, 3), (2, 3, 3), (1, 3, 3)][(1, 4, 4), (2, 4, 4), (3, 4, 4), (3, 3, 4), (4, 3, 4)][(4, 4, 4), (4, 4, 3), (4, 4, 2), (3, 4, 2), (3, 4, 1)][(4, 3, 2), (3, 3, 2), (2, 3, 2), (2, 4, 2), (1, 4, 2)][(3, 3, 1), (2, 3, 1), (1, 3, 1), (1, 3, 2), (0, 3, 2)][(1, 4, 3), (2, 4, 3), (3, 4, 3), (3, 3, 3), (4, 3, 3)]
106
[(4, 4, 0), (3, 4, 0), (2, 4, 0), (2, 4, 1), (1, 4, 1)][(3, 3, 0), (2, 3, 0), (1, 3, 0), (1, 4, 0), (0, 4, 0)][(3, 4, 3), (2, 4, 3), (1, 4, 3), (1, 4, 4), (0, 4, 4)][(0, 3, 4), (1, 3, 4), (2, 3, 4), (2, 4, 4), (3, 4, 4)][(0, 4, 3), (0, 3, 3), (0, 2, 3), (0, 2, 4), (0, 1, 4)][(0, 4, 2), (0, 3, 2), (0, 2, 2), (0, 2, 1), (0, 1, 1)][(0, 1, 0), (0, 2, 0), (0, 3, 0), (0, 3, 1), (0, 4, 1)][(3, 1, 4), (2, 1, 4), (1, 1, 4), (1, 0, 4), (0, 0, 4)][(4, 1, 3), (4, 2, 3), (4, 3, 3), (4, 3, 4), (4, 4, 4)][(4, 0, 4), (4, 1, 4), (4, 2, 4), (3, 2, 4), (3, 3, 4)][(4, 3, 0), (4, 3, 1), (4, 3, 2), (4, 4, 2), (4, 4, 3)][(1, 4, 2), (2, 4, 2), (3, 4, 2), (3, 4, 1), (4, 4, 1)][(1, 2, 4), (1, 2, 3), (1, 2, 2), (1, 1, 2), (1, 1, 1)][(1, 3, 3), (1, 3, 2), (1, 3, 1), (1, 2, 1), (1, 2, 0)][(0, 0, 0), (0, 0, 1), (0, 0, 2), (0, 1, 2), (0, 1, 3)][(4, 2, 0), (4, 2, 1), (4, 2, 2), (3, 2, 2), (3, 2, 3)][(3, 3, 3), (3, 3, 2), (3, 3, 1), (3, 2, 1), (3, 2, 0)][(2, 2, 4), (2, 2, 3), (2, 2, 2), (2, 1, 2), (2, 1, 1)][(2, 3, 3), (2, 3, 2), (2, 3, 1), (2, 2, 1), (2, 2, 0)][(1, 1, 0), (2, 1, 0), (3, 1, 0), (3, 0, 0), (4, 0, 0)][(4, 0, 1), (3, 0, 1), (2, 0, 1), (2, 0, 0), (1, 0, 0)][(2, 0, 4), (2, 0, 3), (2, 0, 2), (1, 0, 2), (1, 0, 1)][(3, 1, 3), (2, 1, 3), (1, 1, 3), (1, 0, 3), (0, 0, 3)][(3, 0, 4), (3, 0, 3), (3, 0, 2), (3, 1, 2), (3, 1, 1)][(4, 1, 0), (4, 1, 1), (4, 1, 2), (4, 0, 2), (4, 0, 3)]
107
[(4, 4, 0), (3, 4, 0), (2, 4, 0), (2, 4, 1), (1, 4, 1)][(3, 3, 0), (2, 3, 0), (1, 3, 0), (1, 4, 0), (0, 4, 0)][(3, 4, 3), (2, 4, 3), (1, 4, 3), (1, 4, 4), (0, 4, 4)][(0, 3, 4), (1, 3, 4), (2, 3, 4), (2, 4, 4), (3, 4, 4)][(0, 4, 3), (0, 3, 3), (0, 2, 3), (0, 2, 4), (0, 1, 4)][(0, 4, 2), (1, 4, 2), (2, 4, 2), (2, 3, 2), (3, 3, 2)][(4, 4, 4), (4, 4, 3), (4, 4, 2), (3, 4, 2), (3, 4, 1)][(4, 1, 0), (4, 2, 0), (4, 3, 0), (4, 3, 1), (4, 4, 1)][(0, 1, 0), (0, 2, 0), (0, 3, 0), (0, 3, 1), (0, 4, 1)][(4, 0, 1), (4, 1, 1), (4, 2, 1), (4, 2, 2), (4, 3, 2)][(4, 0, 0), (3, 0, 0), (2, 0, 0), (2, 1, 0), (1, 1, 0)][(0, 0, 0), (0, 0, 1), (0, 0, 2), (1, 0, 2), (1, 0, 3)][(2, 0, 3), (2, 0, 2), (2, 0, 1), (1, 0, 1), (1, 0, 0)][(4, 0, 4), (4, 0, 3), (4, 0, 2), (3, 0, 2), (3, 0, 1)][(3, 3, 1), (2, 3, 1), (1, 3, 1), (1, 3, 2), (0, 3, 2)][(0, 1, 1), (0, 1, 2), (0, 1, 3), (0, 0, 3), (0, 0, 4)][(1, 3, 3), (2, 3, 3), (3, 3, 3), (3, 3, 4), (4, 3, 4)][(1, 0, 4), (2, 0, 4), (3, 0, 4), (3, 1, 4), (4, 1, 4)][(3, 0, 3), (3, 1, 3), (3, 2, 3), (4, 2, 3), (4, 3, 3)][(3, 1, 0), (3, 1, 1), (3, 1, 2), (4, 1, 2), (4, 1, 3)][(4, 2, 4), (3, 2, 4), (2, 2, 4), (2, 1, 4), (1, 1, 4)][(2, 1, 3), (2, 1, 2), (2, 1, 1), (2, 2, 1), (2, 2, 0)][(3, 2, 0), (3, 2, 1), (3, 2, 2), (2, 2, 2), (2, 2, 3)][(1, 2, 4), (1, 2, 3), (1, 2, 2), (0, 2, 2), (0, 2, 1)][(1, 1, 3), (1, 1, 2), (1, 1, 1), (1, 2, 1), (1, 2, 0)]
108
[(4, 4, 0), (3, 4, 0), (2, 4, 0), (2, 4, 1), (1, 4, 1)][(3, 3, 0), (2, 3, 0), (1, 3, 0), (1, 4, 0), (0, 4, 0)][(0, 3, 1), (0, 3, 2), (0, 3, 3), (0, 4, 3), (0, 4, 4)][(1, 4, 4), (1, 4, 3), (1, 4, 2), (0, 4, 2), (0, 4, 1)][(1, 0, 0), (1, 1, 0), (1, 2, 0), (0, 2, 0), (0, 3, 0)][(0, 0, 0), (0, 0, 1), (0, 0, 2), (0, 1, 2), (0, 1, 3)][(0, 2, 3), (0, 2, 2), (0, 2, 1), (0, 1, 1), (0, 1, 0)][(1, 0, 1), (1, 0, 2), (1, 0, 3), (0, 0, 3), (0, 0, 4)][(3, 0, 3), (3, 0, 2), (3, 0, 1), (4, 0, 1), (4, 0, 0)][(3, 0, 0), (3, 1, 0), (3, 2, 0), (4, 2, 0), (4, 3, 0)][(2, 0, 0), (2, 1, 0), (2, 2, 0), (2, 2, 1), (2, 3, 1)][(1, 3, 1), (1, 2, 1), (1, 1, 1), (2, 1, 1), (2, 0, 1)][(4, 1, 0), (4, 1, 1), (4, 1, 2), (4, 0, 2), (4, 0, 3)][(4, 0, 4), (4, 1, 4), (4, 2, 4), (3, 2, 4), (3, 3, 4)][(4, 4, 1), (4, 3, 1), (4, 2, 1), (3, 2, 1), (3, 1, 1)][(3, 3, 1), (3, 3, 2), (3, 3, 3), (4, 3, 3), (4, 3, 4)][(4, 4, 2), (4, 3, 2), (4, 2, 2), (4, 2, 3), (4, 1, 3)][(2, 4, 2), (2, 3, 2), (2, 2, 2), (3, 2, 2), (3, 1, 2)][(1, 3, 2), (1, 2, 2), (1, 1, 2), (2, 1, 2), (2, 0, 2)][(3, 4, 1), (3, 4, 2), (3, 4, 3), (4, 4, 3), (4, 4, 4)][(0, 3, 4), (1, 3, 4), (2, 3, 4), (2, 4, 4), (3, 4, 4)][(0, 2, 4), (1, 2, 4), (2, 2, 4), (2, 1, 4), (3, 1, 4)][(3, 0, 4), (2, 0, 4), (1, 0, 4), (1, 1, 4), (0, 1, 4)][(2, 4, 3), (2, 3, 3), (2, 2, 3), (3, 2, 3), (3, 1, 3)][(1, 3, 3), (1, 2, 3), (1, 1, 3), (2, 1, 3), (2, 0, 3)]
109
[(4, 4, 0), (3, 4, 0), (2, 4, 0), (2, 4, 1), (1, 4, 1)][(3, 3, 0), (2, 3, 0), (1, 3, 0), (1, 4, 0), (0, 4, 0)][(0, 3, 1), (0, 3, 2), (0, 3, 3), (0, 4, 3), (0, 4, 4)][(1, 4, 4), (1, 4, 3), (1, 4, 2), (0, 4, 2), (0, 4, 1)][(0, 3, 0), (0, 2, 0), (0, 1, 0), (0, 1, 1), (0, 0, 1)][(0, 0, 0), (1, 0, 0), (2, 0, 0), (2, 0, 1), (3, 0, 1)][(1, 1, 0), (2, 1, 0), (3, 1, 0), (3, 0, 0), (4, 0, 0)][(0, 0, 4), (0, 0, 3), (0, 0, 2), (1, 0, 2), (1, 0, 1)][(0, 3, 4), (1, 3, 4), (2, 3, 4), (2, 4, 4), (3, 4, 4)][(0, 2, 4), (1, 2, 4), (2, 2, 4), (2, 1, 4), (3, 1, 4)][(3, 0, 4), (2, 0, 4), (1, 0, 4), (1, 1, 4), (0, 1, 4)][(4, 0, 4), (4, 1, 4), (4, 2, 4), (3, 2, 4), (3, 3, 4)][(4, 1, 3), (4, 2, 3), (4, 3, 3), (4, 3, 4), (4, 4, 4)][(4, 4, 3), (3, 4, 3), (2, 4, 3), (2, 3, 3), (1, 3, 3)][(4, 0, 3), (4, 0, 2), (4, 0, 1), (4, 1, 1), (4, 1, 0)][(4, 3, 0), (4, 3, 1), (4, 3, 2), (3, 3, 2), (3, 3, 3)][(1, 3, 1), (2, 3, 1), (3, 3, 1), (3, 4, 1), (4, 4, 1)][(4, 4, 2), (3, 4, 2), (2, 4, 2), (2, 3, 2), (1, 3, 2)][(3, 0, 3), (2, 0, 3), (1, 0, 3), (1, 1, 3), (0, 1, 3)][(0, 1, 2), (1, 1, 2), (2, 1, 2), (2, 0, 2), (3, 0, 2)][(0, 2, 3), (1, 2, 3), (2, 2, 3), (2, 1, 3), (3, 1, 3)][(1, 1, 1), (2, 1, 1), (3, 1, 1), (3, 1, 2), (4, 1, 2)][(0, 2, 2), (1, 2, 2), (2, 2, 2), (2, 2, 1), (3, 2, 1)][(4, 2, 0), (4, 2, 1), (4, 2, 2), (3, 2, 2), (3, 2, 3)][(3, 2, 0), (2, 2, 0), (1, 2, 0), (1, 2, 1), (0, 2, 1)]
110
[(4, 4, 0), (3, 4, 0), (2, 4, 0), (2, 4, 1), (1, 4, 1)][(3, 3, 0), (2, 3, 0), (1, 3, 0), (1, 4, 0), (0, 4, 0)][(0, 3, 1), (0, 3, 2), (0, 3, 3), (0, 4, 3), (0, 4, 4)][(1, 4, 4), (1, 4, 3), (1, 4, 2), (0, 4, 2), (0, 4, 1)][(0, 3, 0), (0, 2, 0), (0, 1, 0), (1, 1, 0), (1, 0, 0)][(0, 0, 0), (0, 0, 1), (0, 0, 2), (1, 0, 2), (1, 0, 3)][(0, 1, 1), (0, 1, 2), (0, 1, 3), (0, 0, 3), (0, 0, 4)][(3, 0, 4), (2, 0, 4), (1, 0, 4), (1, 1, 4), (0, 1, 4)][(0, 3, 4), (1, 3, 4), (2, 3, 4), (2, 4, 4), (3, 4, 4)][(0, 2, 4), (1, 2, 4), (2, 2, 4), (2, 2, 3), (3, 2, 3)][(4, 4, 3), (3, 4, 3), (2, 4, 3), (2, 3, 3), (1, 3, 3)][(0, 2, 3), (0, 2, 2), (0, 2, 1), (1, 2, 1), (1, 2, 0)][(2, 2, 0), (2, 2, 1), (2, 2, 2), (1, 2, 2), (1, 2, 3)][(4, 4, 2), (3, 4, 2), (2, 4, 2), (2, 3, 2), (1, 3, 2)][(1, 3, 1), (2, 3, 1), (3, 3, 1), (3, 4, 1), (4, 4, 1)][(3, 1, 4), (3, 2, 4), (3, 3, 4), (4, 3, 4), (4, 4, 4)][(4, 3, 0), (4, 3, 1), (4, 3, 2), (3, 3, 2), (3, 3, 3)][(4, 2, 0), (4, 2, 1), (4, 2, 2), (4, 1, 2), (4, 1, 3)][(3, 2, 0), (3, 2, 1), (3, 2, 2), (3, 1, 2), (3, 1, 3)][(4, 0, 4), (4, 1, 4), (4, 2, 4), (4, 2, 3), (4, 3, 3)][(4, 0, 3), (4, 0, 2), (4, 0, 1), (4, 1, 1), (4, 1, 0)][(3, 0, 3), (3, 0, 2), (3, 0, 1), (3, 1, 1), (3, 1, 0)][(4, 0, 0), (3, 0, 0), (2, 0, 0), (2, 0, 1), (1, 0, 1)][(2, 1, 0), (2, 1, 1), (2, 1, 2), (2, 0, 2), (2, 0, 3)][(1, 1, 1), (1, 1, 2), (1, 1, 3), (2, 1, 3), (2, 1, 4)]
111
[(4, 4, 0), (3, 4, 0), (2, 4, 0), (2, 4, 1), (1, 4, 1)][(3, 3, 0), (2, 3, 0), (1, 3, 0), (1, 4, 0), (0, 4, 0)][(1, 1, 4), (1, 2, 4), (1, 3, 4), (0, 3, 4), (0, 4, 4)][(0, 4, 3), (0, 3, 3), (0, 2, 3), (0, 2, 4), (0, 1, 4)][(1, 4, 4), (1, 4, 3), (1, 4, 2), (0, 4, 2), (0, 4, 1)][(0, 3, 0), (0, 3, 1), (0, 3, 2), (1, 3, 2), (1, 3, 3)][(1, 0, 1), (1, 0, 2), (1, 0, 3), (0, 0, 3), (0, 0, 4)][(0, 0, 0), (0, 0, 1), (0, 0, 2), (0, 1, 2), (0, 1, 3)][(1, 0, 4), (2, 0, 4), (3, 0, 4), (3, 1, 4), (4, 1, 4)][(4, 0, 4), (4, 0, 3), (4, 0, 2), (4, 1, 2), (4, 1, 1)][(3, 0, 3), (3, 0, 2), (3, 0, 1), (4, 0, 1), (4, 0, 0)][(1, 0, 0), (1, 1, 0), (1, 2, 0), (1, 2, 1), (1, 3, 1)][(0, 2, 0), (0, 2, 1), (0, 2, 2), (1, 2, 2), (1, 2, 3)][(1, 1, 3), (1, 1, 2), (1, 1, 1), (0, 1, 1), (0, 1, 0)][(4, 3, 0), (4, 2, 0), (4, 1, 0), (3, 1, 0), (3, 0, 0)][(2, 0, 0), (2, 1, 0), (2, 2, 0), (2, 2, 1), (2, 3, 1)][(2, 0, 1), (2, 0, 2), (2, 0, 3), (2, 1, 3), (2, 1, 4)][(2, 2, 4), (2, 2, 3), (2, 2, 2), (2, 1, 2), (2, 1, 1)][(2, 3, 4), (2, 3, 3), (2, 3, 2), (3, 3, 2), (3, 3, 1)][(2, 4, 4), (2, 4, 3), (2, 4, 2), (3, 4, 2), (3, 4, 1)][(4, 4, 1), (4, 4, 2), (4, 4, 3), (3, 4, 3), (3, 4, 4)][(4, 4, 4), (4, 3, 4), (4, 2, 4), (4, 2, 3), (4, 1, 3)][(3, 2, 4), (3, 2, 3), (3, 2, 2), (4, 2, 2), (4, 2, 1)][(3, 1, 3), (3, 1, 2), (3, 1, 1), (3, 2, 1), (3, 2, 0)][(4, 3, 1), (4, 3, 2), (4, 3, 3), (3, 3, 3), (3, 3, 4)]
112
[(4, 4, 0), (3, 4, 0), (2, 4, 0), (2, 4, 1), (1, 4, 1)][(1, 1, 1), (1, 2, 1), (1, 3, 1), (1, 3, 0), (1, 4, 0)][(0, 1, 1), (0, 2, 1), (0, 3, 1), (0, 3, 0), (0, 4, 0)][(0, 2, 0), (1, 2, 0), (2, 2, 0), (2, 3, 0), (3, 3, 0)][(0, 1, 0), (1, 1, 0), (2, 1, 0), (2, 1, 1), (3, 1, 1)][(1, 4, 4), (1, 4, 3), (1, 4, 2), (0, 4, 2), (0, 4, 1)][(1, 1, 4), (1, 2, 4), (1, 3, 4), (0, 3, 4), (0, 4, 4)][(0, 4, 3), (0, 3, 3), (0, 2, 3), (0, 2, 4), (0, 1, 4)][(3, 0, 0), (3, 1, 0), (3, 2, 0), (4, 2, 0), (4, 3, 0)][(4, 3, 1), (4, 2, 1), (4, 1, 1), (4, 1, 0), (4, 0, 0)][(4, 4, 1), (4, 4, 2), (4, 4, 3), (3, 4, 3), (3, 4, 4)][(2, 4, 4), (2, 4, 3), (2, 4, 2), (3, 4, 2), (3, 4, 1)][(4, 1, 3), (4, 2, 3), (4, 3, 3), (4, 3, 4), (4, 4, 4)][(4, 0, 4), (4, 1, 4), (4, 2, 4), (3, 2, 4), (3, 3, 4)][(0, 3, 2), (1, 3, 2), (2, 3, 2), (2, 3, 1), (3, 3, 1)][(2, 3, 4), (2, 2, 4), (2, 1, 4), (3, 1, 4), (3, 0, 4)][(0, 2, 2), (1, 2, 2), (2, 2, 2), (2, 2, 1), (3, 2, 1)][(1, 3, 3), (2, 3, 3), (3, 3, 3), (3, 3, 2), (4, 3, 2)][(1, 2, 3), (2, 2, 3), (3, 2, 3), (3, 2, 2), (4, 2, 2)][(4, 0, 1), (3, 0, 1), (2, 0, 1), (2, 0, 0), (1, 0, 0)][(0, 0, 0), (0, 0, 1), (0, 0, 2), (0, 1, 2), (0, 1, 3)][(4, 0, 2), (3, 0, 2), (2, 0, 2), (2, 1, 2), (1, 1, 2)][(1, 1, 3), (2, 1, 3), (3, 1, 3), (3, 1, 2), (4, 1, 2)][(1, 0, 1), (1, 0, 2), (1, 0, 3), (0, 0, 3), (0, 0, 4)][(4, 0, 3), (3, 0, 3), (2, 0, 3), (2, 0, 4), (1, 0, 4)]
113
[(4, 4, 0), (4, 3, 0), (4, 2, 0), (4, 2, 1), (4, 1, 1)][(1, 0, 0), (2, 0, 0), (3, 0, 0), (3, 1, 0), (4, 1, 0)][(4, 0, 0), (4, 0, 1), (4, 0, 2), (4, 1, 2), (4, 1, 3)][(3, 0, 1), (3, 0, 2), (3, 0, 3), (4, 0, 3), (4, 0, 4)][(0, 0, 0), (0, 0, 1), (0, 0, 2), (1, 0, 2), (1, 0, 3)][(0, 3, 2), (0, 2, 2), (0, 1, 2), (0, 1, 3), (0, 0, 3)][(0, 0, 4), (0, 1, 4), (0, 2, 4), (0, 2, 3), (0, 3, 3)][(1, 0, 4), (2, 0, 4), (3, 0, 4), (3, 1, 4), (4, 1, 4)][(1, 1, 4), (1, 2, 4), (1, 3, 4), (0, 3, 4), (0, 4, 4)][(4, 2, 4), (4, 2, 3), (4, 2, 2), (3, 2, 2), (3, 2, 1)][(3, 1, 1), (3, 1, 2), (3, 1, 3), (3, 2, 3), (3, 2, 4)][(0, 4, 0), (0, 3, 0), (0, 2, 0), (0, 2, 1), (0, 1, 1)][(0, 1, 0), (1, 1, 0), (2, 1, 0), (2, 2, 0), (3, 2, 0)][(1, 0, 1), (1, 1, 1), (1, 2, 1), (1, 2, 0), (1, 3, 0)][(2, 0, 1), (2, 1, 1), (2, 2, 1), (2, 2, 2), (2, 3, 2)][(1, 3, 2), (1, 2, 2), (1, 1, 2), (2, 1, 2), (2, 0, 2)][(0, 3, 1), (1, 3, 1), (2, 3, 1), (2, 3, 0), (3, 3, 0)][(1, 3, 3), (1, 2, 3), (1, 1, 3), (2, 1, 3), (2, 0, 3)][(2, 4, 3), (2, 3, 3), (2, 2, 3), (2, 2, 4), (2, 1, 4)][(4, 3, 4), (3, 3, 4), (2, 3, 4), (2, 4, 4), (1, 4, 4)][(4, 3, 1), (4, 3, 2), (4, 3, 3), (4, 4, 3), (4, 4, 4)][(3, 3, 3), (3, 3, 2), (3, 3, 1), (3, 4, 1), (3, 4, 0)][(3, 4, 4), (3, 4, 3), (3, 4, 2), (4, 4, 2), (4, 4, 1)][(2, 4, 0), (2, 4, 1), (2, 4, 2), (1, 4, 2), (1, 4, 3)][(0, 4, 3), (0, 4, 2), (0, 4, 1), (1, 4, 1), (1, 4, 0)]
114
[(4, 4, 0), (4, 3, 0), (4, 2, 0), (4, 2, 1), (4, 1, 1)][(1, 0, 0), (2, 0, 0), (3, 0, 0), (3, 1, 0), (4, 1, 0)][(4, 0, 0), (4, 0, 1), (4, 0, 2), (4, 1, 2), (4, 1, 3)][(3, 0, 1), (3, 0, 2), (3, 0, 3), (4, 0, 3), (4, 0, 4)][(1, 0, 3), (1, 0, 2), (1, 0, 1), (0, 0, 1), (0, 0, 0)][(0, 0, 4), (0, 0, 3), (0, 0, 2), (0, 1, 2), (0, 1, 1)][(0, 4, 1), (0, 3, 1), (0, 2, 1), (0, 2, 0), (0, 1, 0)][(1, 1, 0), (1, 2, 0), (1, 3, 0), (0, 3, 0), (0, 4, 0)][(1, 4, 0), (1, 4, 1), (1, 4, 2), (0, 4, 2), (0, 4, 3)][(2, 4, 0), (2, 4, 1), (2, 4, 2), (3, 4, 2), (3, 4, 3)][(4, 4, 3), (4, 4, 2), (4, 4, 1), (3, 4, 1), (3, 4, 0)][(4, 4, 4), (3, 4, 4), (2, 4, 4), (2, 4, 3), (1, 4, 3)][(3, 3, 4), (2, 3, 4), (1, 3, 4), (1, 4, 4), (0, 4, 4)][(4, 3, 4), (4, 2, 4), (4, 1, 4), (3, 1, 4), (3, 0, 4)][(2, 0, 4), (2, 1, 4), (2, 2, 4), (2, 2, 3), (2, 3, 3)][(1, 1, 1), (1, 1, 2), (1, 1, 3), (0, 1, 3), (0, 1, 4)][(3, 2, 0), (3, 2, 1), (3, 2, 2), (4, 2, 2), (4, 2, 3)][(0, 2, 4), (0, 2, 3), (0, 2, 2), (1, 2, 2), (1, 2, 1)][(1, 0, 4), (1, 1, 4), (1, 2, 4), (1, 2, 3), (1, 3, 3)][(0, 3, 4), (0, 3, 3), (0, 3, 2), (1, 3, 2), (1, 3, 1)][(4, 3, 3), (4, 3, 2), (4, 3, 1), (3, 3, 1), (3, 3, 0)][(3, 1, 1), (3, 1, 2), (3, 1, 3), (3, 2, 3), (3, 2, 4)][(2, 3, 0), (2, 3, 1), (2, 3, 2), (3, 3, 2), (3, 3, 3)][(2, 0, 3), (2, 0, 2), (2, 0, 1), (2, 1, 1), (2, 1, 0)][(2, 2, 0), (2, 2, 1), (2, 2, 2), (2, 1, 2), (2, 1, 3)]
115
[(4, 4, 0), (4, 3, 0), (4, 2, 0), (4, 2, 1), (4, 1, 1)][(1, 0, 0), (2, 0, 0), (3, 0, 0), (3, 1, 0), (4, 1, 0)][(4, 0, 0), (4, 0, 1), (4, 0, 2), (4, 1, 2), (4, 1, 3)][(3, 0, 1), (3, 0, 2), (3, 0, 3), (4, 0, 3), (4, 0, 4)][(1, 3, 0), (1, 2, 0), (1, 1, 0), (0, 1, 0), (0, 0, 0)][(0, 4, 0), (0, 3, 0), (0, 2, 0), (0, 2, 1), (0, 1, 1)][(0, 1, 4), (0, 1, 3), (0, 1, 2), (0, 0, 2), (0, 0, 1)][(1, 0, 1), (1, 0, 2), (1, 0, 3), (0, 0, 3), (0, 0, 4)][(4, 3, 4), (4, 2, 4), (4, 1, 4), (3, 1, 4), (3, 0, 4)][(1, 0, 4), (1, 1, 4), (1, 2, 4), (0, 2, 4), (0, 3, 4)][(2, 0, 4), (2, 1, 4), (2, 2, 4), (2, 2, 3), (2, 3, 3)][(0, 4, 3), (0, 3, 3), (0, 2, 3), (1, 2, 3), (1, 1, 3)][(3, 2, 0), (3, 2, 1), (3, 2, 2), (4, 2, 2), (4, 2, 3)][(3, 1, 1), (3, 1, 2), (3, 1, 3), (3, 2, 3), (3, 2, 4)][(2, 0, 3), (2, 0, 2), (2, 0, 1), (2, 1, 1), (2, 1, 0)][(2, 2, 0), (2, 2, 1), (2, 2, 2), (2, 1, 2), (2, 1, 3)][(0, 4, 2), (0, 3, 2), (0, 2, 2), (1, 2, 2), (1, 1, 2)][(1, 1, 1), (1, 2, 1), (1, 3, 1), (0, 3, 1), (0, 4, 1)][(3, 3, 4), (2, 3, 4), (1, 3, 4), (1, 4, 4), (0, 4, 4)][(1, 4, 0), (1, 4, 1), (1, 4, 2), (1, 3, 2), (1, 3, 3)][(2, 4, 0), (2, 4, 1), (2, 4, 2), (3, 4, 2), (3, 4, 3)][(2, 3, 0), (2, 3, 1), (2, 3, 2), (3, 3, 2), (3, 3, 3)][(4, 3, 3), (4, 3, 2), (4, 3, 1), (3, 3, 1), (3, 3, 0)][(4, 4, 3), (4, 4, 2), (4, 4, 1), (3, 4, 1), (3, 4, 0)][(4, 4, 4), (3, 4, 4), (2, 4, 4), (2, 4, 3), (1, 4, 3)]
116
[(4, 4, 0), (4, 3, 0), (4, 2, 0), (4, 2, 1), (4, 1, 1)][(1, 2, 0), (2, 2, 0), (3, 2, 0), (3, 1, 0), (4, 1, 0)][(4, 0, 0), (3, 0, 0), (2, 0, 0), (2, 1, 0), (1, 1, 0)][(3, 0, 1), (2, 0, 1), (1, 0, 1), (1, 0, 0), (0, 0, 0)][(4, 0, 1), (4, 0, 2), (4, 0, 3), (3, 0, 3), (3, 0, 4)][(4, 3, 3), (4, 2, 3), (4, 1, 3), (4, 1, 4), (4, 0, 4)][(4, 4, 4), (4, 3, 4), (4, 2, 4), (3, 2, 4), (3, 1, 4)][(2, 0, 4), (2, 1, 4), (2, 2, 4), (2, 2, 3), (2, 3, 3)][(3, 3, 3), (3, 2, 3), (3, 1, 3), (2, 1, 3), (2, 0, 3)][(0, 4, 4), (1, 4, 4), (2, 4, 4), (2, 3, 4), (3, 3, 4)][(4, 4, 1), (4, 4, 2), (4, 4, 3), (3, 4, 3), (3, 4, 4)][(0, 4, 0), (1, 4, 0), (2, 4, 0), (2, 3, 0), (3, 3, 0)][(3, 4, 0), (3, 4, 1), (3, 4, 2), (2, 4, 2), (2, 4, 3)][(4, 3, 1), (3, 3, 1), (2, 3, 1), (2, 4, 1), (1, 4, 1)][(4, 3, 2), (3, 3, 2), (2, 3, 2), (2, 2, 2), (1, 2, 2)][(1, 2, 1), (2, 2, 1), (3, 2, 1), (3, 2, 2), (4, 2, 2)][(1, 3, 0), (1, 3, 1), (1, 3, 2), (1, 4, 2), (1, 4, 3)][(1, 1, 1), (2, 1, 1), (3, 1, 1), (3, 1, 2), (4, 1, 2)][(0, 1, 2), (1, 1, 2), (2, 1, 2), (2, 0, 2), (3, 0, 2)][(1, 0, 4), (1, 0, 3), (1, 0, 2), (0, 0, 2), (0, 0, 1)][(1, 3, 4), (1, 2, 4), (1, 1, 4), (0, 1, 4), (0, 0, 4)][(0, 1, 0), (0, 2, 0), (0, 3, 0), (0, 3, 1), (0, 4, 1)][(0, 0, 3), (0, 1, 3), (0, 2, 3), (0, 2, 4), (0, 3, 4)][(0, 4, 2), (0, 3, 2), (0, 2, 2), (0, 2, 1), (0, 1, 1)][(1, 1, 3), (1, 2, 3), (1, 3, 3), (0, 3, 3), (0, 4, 3)]
117
[(4, 4, 0), (4, 3, 0), (4, 2, 0), (4, 2, 1), (4, 1, 1)][(4, 1, 0), (3, 1, 0), (2, 1, 0), (2, 2, 0), (1, 2, 0)][(4, 0, 0), (4, 0, 1), (4, 0, 2), (3, 0, 2), (3, 0, 3)][(3, 0, 0), (2, 0, 0), (1, 0, 0), (1, 1, 0), (0, 1, 0)][(0, 0, 0), (0, 0, 1), (0, 0, 2), (0, 1, 2), (0, 1, 3)][(1, 0, 1), (1, 0, 2), (1, 0, 3), (0, 0, 3), (0, 0, 4)][(0, 4, 0), (0, 3, 0), (0, 2, 0), (0, 2, 1), (0, 1, 1)][(3, 0, 1), (3, 1, 1), (3, 2, 1), (3, 2, 0), (3, 3, 0)][(2, 0, 1), (2, 1, 1), (2, 2, 1), (2, 2, 2), (2, 3, 2)][(3, 3, 2), (3, 2, 2), (3, 1, 2), (2, 1, 2), (2, 0, 2)][(4, 3, 1), (3, 3, 1), (2, 3, 1), (2, 3, 0), (1, 3, 0)][(4, 3, 2), (4, 2, 2), (4, 1, 2), (4, 1, 3), (4, 0, 3)][(0, 2, 4), (0, 2, 3), (0, 2, 2), (1, 2, 2), (1, 2, 1)][(1, 1, 1), (1, 1, 2), (1, 1, 3), (1, 2, 3), (1, 2, 4)][(3, 3, 3), (3, 2, 3), (3, 1, 3), (2, 1, 3), (2, 0, 3)][(2, 4, 3), (2, 3, 3), (2, 2, 3), (2, 2, 4), (2, 1, 4)][(3, 0, 4), (2, 0, 4), (1, 0, 4), (1, 1, 4), (0, 1, 4)][(4, 0, 4), (4, 1, 4), (4, 2, 4), (4, 2, 3), (4, 3, 3)][(3, 1, 4), (3, 2, 4), (3, 3, 4), (4, 3, 4), (4, 4, 4)][(0, 3, 4), (1, 3, 4), (2, 3, 4), (2, 4, 4), (3, 4, 4)][(0, 3, 1), (0, 3, 2), (0, 3, 3), (0, 4, 3), (0, 4, 4)][(1, 4, 4), (1, 4, 3), (1, 4, 2), (0, 4, 2), (0, 4, 1)][(1, 3, 3), (1, 3, 2), (1, 3, 1), (1, 4, 1), (1, 4, 0)][(2, 4, 0), (2, 4, 1), (2, 4, 2), (3, 4, 2), (3, 4, 3)][(4, 4, 3), (4, 4, 2), (4, 4, 1), (3, 4, 1), (3, 4, 0)]
118
[(4, 4, 0), (4, 3, 0), (4, 2, 0), (4, 2, 1), (4, 1, 1)][(3, 3, 0), (3, 2, 0), (3, 1, 0), (4, 1, 0), (4, 0, 0)][(0, 4, 0), (0, 3, 0), (0, 2, 0), (0, 2, 1), (0, 1, 1)][(3, 0, 0), (2, 0, 0), (1, 0, 0), (1, 1, 0), (0, 1, 0)][(0, 0, 0), (0, 0, 1), (0, 0, 2), (0, 1, 2), (0, 1, 3)][(1, 0, 1), (1, 0, 2), (1, 0, 3), (0, 0, 3), (0, 0, 4)][(4, 1, 4), (4, 1, 3), (4, 1, 2), (4, 0, 2), (4, 0, 1)][(3, 0, 1), (3, 0, 2), (3, 0, 3), (4, 0, 3), (4, 0, 4)][(3, 0, 4), (3, 1, 4), (3, 2, 4), (4, 2, 4), (4, 3, 4)][(2, 0, 4), (2, 1, 4), (2, 2, 4), (2, 2, 3), (2, 3, 3)][(4, 4, 3), (4, 3, 3), (4, 2, 3), (3, 2, 3), (3, 1, 3)][(2, 0, 3), (2, 0, 2), (2, 0, 1), (2, 1, 1), (2, 1, 0)][(2, 2, 0), (2, 2, 1), (2, 2, 2), (2, 1, 2), (2, 1, 3)][(4, 4, 2), (4, 3, 2), (4, 2, 2), (3, 2, 2), (3, 1, 2)][(3, 1, 1), (3, 2, 1), (3, 3, 1), (4, 3, 1), (4, 4, 1)][(1, 3, 4), (2, 3, 4), (3, 3, 4), (3, 4, 4), (4, 4, 4)][(3, 4, 0), (3, 4, 1), (3, 4, 2), (3, 3, 2), (3, 3, 3)][(2, 4, 0), (2, 4, 1), (2, 4, 2), (1, 4, 2), (1, 4, 3)][(0, 4, 4), (1, 4, 4), (2, 4, 4), (2, 4, 3), (3, 4, 3)][(2, 3, 0), (2, 3, 1), (2, 3, 2), (1, 3, 2), (1, 3, 3)][(0, 4, 3), (0, 4, 2), (0, 4, 1), (1, 4, 1), (1, 4, 0)][(0, 3, 4), (0, 2, 4), (0, 1, 4), (1, 1, 4), (1, 0, 4)][(1, 2, 0), (1, 2, 1), (1, 2, 2), (0, 2, 2), (0, 2, 3)][(1, 1, 1), (1, 1, 2), (1, 1, 3), (1, 2, 3), (1, 2, 4)][(0, 3, 3), (0, 3, 2), (0, 3, 1), (1, 3, 1), (1, 3, 0)]
119
[(4, 4, 0), (4, 3, 0), (4, 2, 0), (4, 2, 1), (4, 1, 1)][(3, 3, 0), (3, 2, 0), (3, 1, 0), (4, 1, 0), (4, 0, 0)][(0, 4, 0), (0, 3, 0), (0, 2, 0), (1, 2, 0), (1, 1, 0)][(0, 2, 3), (0, 2, 2), (0, 2, 1), (0, 1, 1), (0, 1, 0)][(0, 0, 0), (0, 0, 1), (0, 0, 2), (0, 1, 2), (0, 1, 3)][(1, 0, 0), (2, 0, 0), (3, 0, 0), (3, 0, 1), (4, 0, 1)][(1, 0, 1), (1, 0, 2), (1, 0, 3), (0, 0, 3), (0, 0, 4)][(4, 0, 2), (4, 1, 2), (4, 2, 2), (3, 2, 2), (3, 3, 2)][(3, 3, 1), (3, 2, 1), (3, 1, 1), (3, 1, 2), (3, 0, 2)][(4, 4, 4), (4, 4, 3), (4, 4, 2), (4, 3, 2), (4, 3, 1)][(1, 4, 0), (2, 4, 0), (3, 4, 0), (3, 4, 1), (4, 4, 1)][(4, 3, 3), (4, 2, 3), (4, 1, 3), (4, 1, 4), (4, 0, 4)][(4, 0, 3), (3, 0, 3), (2, 0, 3), (2, 0, 4), (1, 0, 4)][(3, 0, 4), (3, 1, 4), (3, 2, 4), (4, 2, 4), (4, 3, 4)][(0, 1, 4), (0, 2, 4), (0, 3, 4), (1, 3, 4), (1, 4, 4)][(3, 1, 3), (3, 2, 3), (3, 3, 3), (3, 3, 4), (3, 4, 4)][(0, 4, 1), (1, 4, 1), (2, 4, 1), (2, 4, 2), (3, 4, 2)][(0, 4, 4), (0, 4, 3), (0, 4, 2), (0, 3, 2), (0, 3, 1)][(0, 3, 3), (1, 3, 3), (2, 3, 3), (2, 4, 3), (3, 4, 3)][(1, 3, 0), (1, 3, 1), (1, 3, 2), (1, 4, 2), (1, 4, 3)][(2, 4, 4), (2, 3, 4), (2, 2, 4), (1, 2, 4), (1, 1, 4)][(1, 2, 3), (1, 2, 2), (1, 2, 1), (2, 2, 1), (2, 2, 0)][(2, 3, 0), (2, 3, 1), (2, 3, 2), (2, 2, 2), (2, 2, 3)][(2, 1, 4), (2, 1, 3), (2, 1, 2), (2, 0, 2), (2, 0, 1)][(1, 1, 3), (1, 1, 2), (1, 1, 1), (2, 1, 1), (2, 1, 0)]
120
[(4, 4, 0), (4, 3, 0), (4, 2, 0), (4, 2, 1), (4, 1, 1)][(3, 3, 0), (3, 2, 0), (3, 1, 0), (4, 1, 0), (4, 0, 0)][(0, 3, 3), (0, 3, 2), (0, 3, 1), (0, 4, 1), (0, 4, 0)][(1, 4, 0), (1, 4, 1), (1, 4, 2), (0, 4, 2), (0, 4, 3)][(0, 4, 4), (1, 4, 4), (2, 4, 4), (2, 3, 4), (3, 3, 4)][(0, 3, 4), (0, 2, 4), (0, 1, 4), (1, 1, 4), (1, 0, 4)][(0, 1, 1), (0, 1, 2), (0, 1, 3), (0, 0, 3), (0, 0, 4)][(0, 3, 0), (1, 3, 0), (2, 3, 0), (2, 4, 0), (3, 4, 0)][(0, 1, 0), (1, 1, 0), (2, 1, 0), (2, 0, 0), (3, 0, 0)][(0, 0, 0), (0, 0, 1), (0, 0, 2), (1, 0, 2), (1, 0, 3)][(2, 0, 3), (2, 0, 2), (2, 0, 1), (1, 0, 1), (1, 0, 0)][(2, 0, 4), (2, 1, 4), (2, 2, 4), (1, 2, 4), (1, 3, 4)][(3, 0, 1), (3, 0, 2), (3, 0, 3), (4, 0, 3), (4, 0, 4)][(4, 1, 4), (4, 1, 3), (4, 1, 2), (4, 0, 2), (4, 0, 1)][(3, 0, 4), (3, 1, 4), (3, 2, 4), (4, 2, 4), (4, 3, 4)][(0, 2, 0), (1, 2, 0), (2, 2, 0), (2, 2, 1), (3, 2, 1)][(3, 1, 1), (2, 1, 1), (1, 1, 1), (1, 2, 1), (0, 2, 1)][(4, 4, 1), (3, 4, 1), (2, 4, 1), (2, 3, 1), (1, 3, 1)][(3, 3, 1), (3, 3, 2), (3, 3, 3), (3, 4, 3), (3, 4, 4)][(4, 3, 1), (4, 3, 2), (4, 3, 3), (4, 4, 3), (4, 4, 4)][(4, 4, 2), (3, 4, 2), (2, 4, 2), (2, 4, 3), (1, 4, 3)][(4, 2, 3), (3, 2, 3), (2, 2, 3), (2, 3, 3), (1, 3, 3)][(4, 2, 2), (3, 2, 2), (2, 2, 2), (2, 3, 2), (1, 3, 2)][(3, 1, 3), (2, 1, 3), (1, 1, 3), (1, 2, 3), (0, 2, 3)][(3, 1, 2), (2, 1, 2), (1, 1, 2), (1, 2, 2), (0, 2, 2)]
121
[(4, 4, 0), (4, 3, 0), (4, 2, 0), (4, 2, 1), (4, 1, 1)][(3, 3, 0), (3, 2, 0), (3, 1, 0), (4, 1, 0), (4, 0, 0)][(0, 3, 3), (0, 3, 2), (0, 3, 1), (0, 4, 1), (0, 4, 0)][(0, 4, 4), (0, 4, 3), (0, 4, 2), (1, 4, 2), (1, 4, 1)][(0, 0, 0), (0, 0, 1), (0, 0, 2), (1, 0, 2), (1, 0, 3)][(0, 1, 1), (0, 1, 2), (0, 1, 3), (0, 0, 3), (0, 0, 4)][(0, 1, 0), (1, 1, 0), (2, 1, 0), (2, 1, 1), (3, 1, 1)][(0, 2, 0), (1, 2, 0), (2, 2, 0), (2, 2, 1), (3, 2, 1)][(0, 2, 1), (0, 2, 2), (0, 2, 3), (1, 2, 3), (1, 2, 4)][(0, 1, 4), (0, 2, 4), (0, 3, 4), (1, 3, 4), (1, 4, 4)][(3, 4, 0), (2, 4, 0), (1, 4, 0), (1, 3, 0), (0, 3, 0)][(2, 2, 4), (2, 2, 3), (2, 2, 2), (1, 2, 2), (1, 2, 1)][(1, 1, 3), (1, 1, 2), (1, 1, 1), (1, 0, 1), (1, 0, 0)][(2, 0, 0), (2, 0, 1), (2, 0, 2), (2, 1, 2), (2, 1, 3)][(4, 0, 3), (3, 0, 3), (2, 0, 3), (2, 0, 4), (1, 0, 4)][(3, 0, 0), (3, 0, 1), (3, 0, 2), (3, 1, 2), (3, 1, 3)][(4, 1, 4), (4, 1, 3), (4, 1, 2), (4, 0, 2), (4, 0, 1)][(1, 1, 4), (2, 1, 4), (3, 1, 4), (3, 0, 4), (4, 0, 4)][(4, 2, 4), (4, 2, 3), (4, 2, 2), (4, 3, 2), (4, 3, 1)][(3, 2, 4), (3, 2, 3), (3, 2, 2), (3, 3, 2), (3, 3, 1)][(4, 4, 1), (4, 4, 2), (4, 4, 3), (4, 3, 3), (4, 3, 4)][(3, 4, 1), (3, 4, 2), (3, 4, 3), (3, 3, 3), (3, 3, 4)][(4, 4, 4), (3, 4, 4), (2, 4, 4), (2, 4, 3), (1, 4, 3)][(2, 3, 4), (2, 3, 3), (2, 3, 2), (2, 4, 2), (2, 4, 1)][(1, 3, 3), (1, 3, 2), (1, 3, 1), (2, 3, 1), (2, 3, 0)]
122
[(4, 4, 0), (4, 3, 0), (4, 2, 0), (4, 2, 1), (4, 1, 1)][(3, 3, 0), (3, 2, 0), (3, 1, 0), (4, 1, 0), (4, 0, 0)][(0, 3, 3), (0, 3, 2), (0, 3, 1), (0, 4, 1), (0, 4, 0)][(0, 4, 4), (0, 4, 3), (0, 4, 2), (1, 4, 2), (1, 4, 1)][(0, 1, 3), (0, 1, 2), (0, 1, 1), (0, 0, 1), (0, 0, 0)][(0, 1, 0), (1, 1, 0), (2, 1, 0), (2, 0, 0), (3, 0, 0)][(3, 4, 0), (2, 4, 0), (1, 4, 0), (1, 3, 0), (0, 3, 0)][(0, 2, 0), (1, 2, 0), (2, 2, 0), (2, 2, 1), (3, 2, 1)][(0, 2, 1), (0, 2, 2), (0, 2, 3), (1, 2, 3), (1, 2, 4)][(0, 1, 4), (0, 2, 4), (0, 3, 4), (1, 3, 4), (1, 4, 4)][(1, 0, 0), (1, 0, 1), (1, 0, 2), (0, 0, 2), (0, 0, 3)][(2, 2, 4), (2, 2, 3), (2, 2, 2), (1, 2, 2), (1, 2, 1)][(3, 1, 4), (2, 1, 4), (1, 1, 4), (1, 0, 4), (0, 0, 4)][(4, 0, 1), (3, 0, 1), (2, 0, 1), (2, 1, 1), (1, 1, 1)][(4, 0, 4), (3, 0, 4), (2, 0, 4), (2, 0, 3), (1, 0, 3)][(4, 0, 2), (3, 0, 2), (2, 0, 2), (2, 1, 2), (1, 1, 2)][(1, 1, 3), (2, 1, 3), (3, 1, 3), (3, 0, 3), (4, 0, 3)][(4, 1, 4), (4, 1, 3), (4, 1, 2), (3, 1, 2), (3, 1, 1)][(4, 2, 4), (4, 2, 3), (4, 2, 2), (4, 3, 2), (4, 3, 1)][(3, 2, 4), (3, 2, 3), (3, 2, 2), (3, 3, 2), (3, 3, 1)][(4, 4, 1), (4, 4, 2), (4, 4, 3), (4, 3, 3), (4, 3, 4)][(3, 4, 1), (3, 4, 2), (3, 4, 3), (3, 3, 3), (3, 3, 4)][(4, 4, 4), (3, 4, 4), (2, 4, 4), (2, 4, 3), (1, 4, 3)][(2, 3, 4), (2, 3, 3), (2, 3, 2), (2, 4, 2), (2, 4, 1)][(1, 3, 3), (1, 3, 2), (1, 3, 1), (2, 3, 1), (2, 3, 0)]
123
[(4, 4, 0), (4, 3, 0), (4, 2, 0), (4, 2, 1), (4, 1, 1)][(3, 3, 0), (3, 2, 0), (3, 1, 0), (4, 1, 0), (4, 0, 0)][(1, 4, 3), (1, 4, 2), (1, 4, 1), (0, 4, 1), (0, 4, 0)][(0, 4, 4), (0, 4, 3), (0, 4, 2), (0, 3, 2), (0, 3, 1)][(0, 1, 3), (0, 1, 2), (0, 1, 1), (0, 0, 1), (0, 0, 0)][(0, 1, 0), (1, 1, 0), (2, 1, 0), (2, 0, 0), (3, 0, 0)][(3, 4, 0), (2, 4, 0), (1, 4, 0), (1, 3, 0), (0, 3, 0)][(0, 2, 0), (0, 2, 1), (0, 2, 2), (1, 2, 2), (1, 2, 3)][(0, 0, 4), (0, 1, 4), (0, 2, 4), (0, 2, 3), (0, 3, 3)][(1, 3, 3), (1, 3, 2), (1, 3, 1), (1, 2, 1), (1, 2, 0)][(1, 0, 0), (1, 0, 1), (1, 0, 2), (0, 0, 2), (0, 0, 3)][(3, 4, 4), (2, 4, 4), (1, 4, 4), (1, 3, 4), (0, 3, 4)][(4, 1, 2), (4, 2, 2), (4, 3, 2), (4, 3, 1), (4, 4, 1)][(4, 4, 4), (4, 4, 3), (4, 4, 2), (3, 4, 2), (3, 4, 1)][(4, 0, 1), (4, 0, 2), (4, 0, 3), (3, 0, 3), (3, 0, 4)][(4, 3, 4), (3, 3, 4), (2, 3, 4), (2, 2, 4), (1, 2, 4)][(4, 0, 4), (4, 1, 4), (4, 2, 4), (4, 2, 3), (4, 3, 3)][(1, 1, 1), (1, 1, 2), (1, 1, 3), (1, 0, 3), (1, 0, 4)][(4, 1, 3), (3, 1, 3), (2, 1, 3), (2, 1, 4), (1, 1, 4)][(3, 4, 3), (3, 3, 3), (3, 2, 3), (3, 2, 4), (3, 1, 4)][(2, 0, 4), (2, 0, 3), (2, 0, 2), (3, 0, 2), (3, 0, 1)][(3, 1, 2), (3, 2, 2), (3, 3, 2), (2, 3, 2), (2, 4, 2)][(2, 4, 3), (2, 3, 3), (2, 2, 3), (2, 2, 2), (2, 1, 2)][(2, 0, 1), (2, 1, 1), (2, 2, 1), (2, 2, 0), (2, 3, 0)][(3, 1, 1), (3, 2, 1), (3, 3, 1), (2, 3, 1), (2, 4, 1)]
124
[(4, 4, 0), (4, 3, 0), (4, 2, 0), (4, 2, 1), (4, 1, 1)][(3, 3, 0), (3, 2, 0), (3, 1, 0), (4, 1, 0), (4, 0, 0)][(1, 4, 3), (1, 4, 2), (1, 4, 1), (0, 4, 1), (0, 4, 0)][(0, 4, 4), (0, 4, 3), (0, 4, 2), (0, 3, 2), (0, 3, 1)][(1, 3, 0), (1, 2, 0), (1, 1, 0), (0, 1, 0), (0, 0, 0)][(0, 0, 1), (0, 1, 1), (0, 2, 1), (0, 2, 0), (0, 3, 0)][(1, 4, 0), (2, 4, 0), (3, 4, 0), (3, 4, 1), (4, 4, 1)][(4, 0, 3), (4, 0, 2), (4, 0, 1), (3, 0, 1), (3, 0, 0)][(1, 0, 0), (1, 0, 1), (1, 0, 2), (0, 0, 2), (0, 0, 3)][(2, 0, 0), (2, 0, 1), (2, 0, 2), (2, 1, 2), (2, 1, 3)][(0, 1, 4), (0, 1, 3), (0, 1, 2), (1, 1, 2), (1, 1, 1)][(2, 4, 2), (2, 3, 2), (2, 2, 2), (2, 2, 1), (2, 1, 1)][(2, 1, 0), (2, 2, 0), (2, 3, 0), (2, 3, 1), (2, 4, 1)][(0, 2, 4), (0, 2, 3), (0, 2, 2), (1, 2, 2), (1, 2, 1)][(1, 3, 1), (1, 3, 2), (1, 3, 3), (0, 3, 3), (0, 3, 4)][(3, 0, 3), (2, 0, 3), (1, 0, 3), (1, 0, 4), (0, 0, 4)][(1, 4, 4), (1, 3, 4), (1, 2, 4), (1, 2, 3), (1, 1, 3)][(2, 4, 4), (2, 3, 4), (2, 2, 4), (3, 2, 4), (3, 1, 4)][(2, 4, 3), (2, 3, 3), (2, 2, 3), (3, 2, 3), (3, 1, 3)][(4, 0, 4), (3, 0, 4), (2, 0, 4), (2, 1, 4), (1, 1, 4)][(4, 1, 4), (4, 2, 4), (4, 3, 4), (3, 3, 4), (3, 4, 4)][(4, 1, 3), (4, 2, 3), (4, 3, 3), (3, 3, 3), (3, 4, 3)][(4, 4, 4), (4, 4, 3), (4, 4, 2), (4, 3, 2), (4, 3, 1)][(3, 4, 2), (3, 3, 2), (3, 2, 2), (4, 2, 2), (4, 1, 2)][(3, 3, 1), (3, 2, 1), (3, 1, 1), (3, 1, 2), (3, 0, 2)]
125
[(4, 4, 0), (4, 3, 0), (4, 2, 0), (4, 2, 1), (4, 1, 1)][(3, 3, 0), (3, 2, 0), (3, 1, 0), (4, 1, 0), (4, 0, 0)][(1, 1, 0), (1, 2, 0), (1, 3, 0), (0, 3, 0), (0, 4, 0)][(0, 4, 1), (0, 3, 1), (0, 2, 1), (0, 2, 0), (0, 1, 0)][(0, 0, 0), (0, 0, 1), (0, 0, 2), (1, 0, 2), (1, 0, 3)][(1, 0, 0), (2, 0, 0), (3, 0, 0), (3, 0, 1), (4, 0, 1)][(4, 0, 2), (3, 0, 2), (2, 0, 2), (2, 0, 1), (1, 0, 1)][(4, 3, 3), (4, 2, 3), (4, 1, 3), (4, 1, 4), (4, 0, 4)][(4, 0, 3), (3, 0, 3), (2, 0, 3), (2, 0, 4), (1, 0, 4)][(3, 0, 4), (3, 1, 4), (3, 2, 4), (4, 2, 4), (4, 3, 4)][(1, 3, 4), (1, 2, 4), (1, 1, 4), (0, 1, 4), (0, 0, 4)][(1, 3, 3), (1, 2, 3), (1, 1, 3), (0, 1, 3), (0, 0, 3)][(0, 3, 4), (0, 3, 3), (0, 3, 2), (1, 3, 2), (1, 3, 1)][(0, 2, 4), (0, 2, 3), (0, 2, 2), (0, 1, 2), (0, 1, 1)][(2, 1, 4), (2, 1, 3), (2, 1, 2), (1, 1, 2), (1, 1, 1)][(2, 2, 4), (2, 2, 3), (2, 2, 2), (1, 2, 2), (1, 2, 1)][(4, 1, 2), (4, 2, 2), (4, 3, 2), (4, 3, 1), (4, 4, 1)][(1, 4, 0), (1, 4, 1), (1, 4, 2), (0, 4, 2), (0, 4, 3)][(0, 4, 4), (1, 4, 4), (2, 4, 4), (2, 3, 4), (3, 3, 4)][(3, 4, 0), (3, 4, 1), (3, 4, 2), (4, 4, 2), (4, 4, 3)][(1, 4, 3), (2, 4, 3), (3, 4, 3), (3, 4, 4), (4, 4, 4)][(3, 1, 3), (3, 1, 2), (3, 1, 1), (2, 1, 1), (2, 1, 0)][(3, 2, 3), (3, 2, 2), (3, 2, 1), (2, 2, 1), (2, 2, 0)][(3, 3, 3), (3, 3, 2), (3, 3, 1), (2, 3, 1), (2, 3, 0)][(2, 4, 0), (2, 4, 1), (2, 4, 2), (2, 3, 2), (2, 3, 3)]
126
[(4, 4, 0), (4, 3, 0), (4, 2, 0), (4, 2, 1), (4, 1, 1)][(3, 3, 0), (3, 2, 0), (3, 1, 0), (4, 1, 0), (4, 0, 0)][(1, 1, 0), (1, 2, 0), (1, 3, 0), (0, 3, 0), (0, 4, 0)][(0, 0, 0), (0, 1, 0), (0, 2, 0), (0, 2, 1), (0, 3, 1)][(1, 4, 0), (2, 4, 0), (3, 4, 0), (3, 4, 1), (4, 4, 1)][(0, 3, 4), (0, 3, 3), (0, 3, 2), (0, 4, 2), (0, 4, 1)][(1, 4, 1), (1, 4, 2), (1, 4, 3), (0, 4, 3), (0, 4, 4)][(4, 4, 4), (4, 4, 3), (4, 4, 2), (4, 3, 2), (4, 3, 1)][(1, 4, 4), (1, 3, 4), (1, 2, 4), (0, 2, 4), (0, 1, 4)][(2, 4, 4), (2, 3, 4), (2, 2, 4), (3, 2, 4), (3, 1, 4)][(4, 1, 4), (4, 2, 4), (4, 3, 4), (3, 3, 4), (3, 4, 4)][(4, 0, 4), (3, 0, 4), (2, 0, 4), (2, 1, 4), (1, 1, 4)][(3, 0, 3), (2, 0, 3), (1, 0, 3), (1, 0, 4), (0, 0, 4)][(0, 0, 3), (0, 1, 3), (0, 2, 3), (1, 2, 3), (1, 3, 3)][(4, 0, 3), (4, 0, 2), (4, 0, 1), (3, 0, 1), (3, 0, 0)][(1, 0, 0), (1, 0, 1), (1, 0, 2), (1, 1, 2), (1, 1, 3)][(0, 0, 2), (0, 1, 2), (0, 2, 2), (1, 2, 2), (1, 3, 2)][(1, 3, 1), (1, 2, 1), (1, 1, 1), (0, 1, 1), (0, 0, 1)][(3, 4, 2), (3, 3, 2), (3, 2, 2), (4, 2, 2), (4, 1, 2)][(4, 1, 3), (4, 2, 3), (4, 3, 3), (3, 3, 3), (3, 4, 3)][(2, 4, 3), (2, 3, 3), (2, 2, 3), (3, 2, 3), (3, 1, 3)][(3, 3, 1), (3, 2, 1), (3, 1, 1), (3, 1, 2), (3, 0, 2)][(2, 4, 2), (2, 3, 2), (2, 2, 2), (2, 2, 1), (2, 1, 1)][(2, 0, 0), (2, 0, 1), (2, 0, 2), (2, 1, 2), (2, 1, 3)][(2, 1, 0), (2, 2, 0), (2, 3, 0), (2, 3, 1), (2, 4, 1)]
127
[(4, 4, 0), (4, 3, 0), (4, 2, 0), (4, 2, 1), (4, 1, 1)][(3, 3, 0), (3, 2, 0), (3, 1, 0), (4, 1, 0), (4, 0, 0)][(1, 1, 0), (1, 2, 0), (1, 3, 0), (0, 3, 0), (0, 4, 0)][(0, 0, 0), (0, 1, 0), (0, 2, 0), (0, 2, 1), (0, 3, 1)][(0, 4, 3), (0, 4, 2), (0, 4, 1), (1, 4, 1), (1, 4, 0)][(3, 4, 0), (3, 4, 1), (3, 4, 2), (3, 3, 2), (3, 3, 3)][(2, 4, 0), (2, 4, 1), (2, 4, 2), (2, 3, 2), (2, 3, 3)][(2, 3, 0), (2, 2, 0), (2, 1, 0), (2, 1, 1), (2, 0, 1)][(3, 0, 0), (2, 0, 0), (1, 0, 0), (1, 0, 1), (0, 0, 1)][(2, 0, 2), (2, 1, 2), (2, 2, 2), (2, 2, 1), (2, 3, 1)][(3, 1, 1), (3, 2, 1), (3, 3, 1), (4, 3, 1), (4, 4, 1)][(4, 4, 2), (4, 3, 2), (4, 2, 2), (3, 2, 2), (3, 1, 2)][(4, 1, 4), (4, 1, 3), (4, 1, 2), (4, 0, 2), (4, 0, 1)][(4, 4, 3), (4, 3, 3), (4, 2, 3), (3, 2, 3), (3, 1, 3)][(3, 0, 1), (3, 0, 2), (3, 0, 3), (4, 0, 3), (4, 0, 4)][(1, 4, 3), (2, 4, 3), (3, 4, 3), (3, 4, 4), (4, 4, 4)][(3, 0, 4), (3, 1, 4), (3, 2, 4), (4, 2, 4), (4, 3, 4)][(2, 0, 4), (2, 1, 4), (2, 2, 4), (1, 2, 4), (1, 3, 4)][(0, 4, 4), (1, 4, 4), (2, 4, 4), (2, 3, 4), (3, 3, 4)][(2, 0, 3), (2, 1, 3), (2, 2, 3), (1, 2, 3), (1, 3, 3)][(0, 3, 4), (0, 2, 4), (0, 1, 4), (1, 1, 4), (1, 0, 4)][(0, 3, 3), (0, 2, 3), (0, 1, 3), (1, 1, 3), (1, 0, 3)][(0, 0, 4), (0, 0, 3), (0, 0, 2), (0, 1, 2), (0, 1, 1)][(1, 0, 2), (1, 1, 2), (1, 2, 2), (0, 2, 2), (0, 3, 2)][(1, 1, 1), (1, 2, 1), (1, 3, 1), (1, 3, 2), (1, 4, 2)]
128
[(4, 4, 0), (4, 3, 0), (4, 2, 0), (4, 2, 1), (4, 1, 1)][(1, 1, 1), (2, 1, 1), (3, 1, 1), (3, 1, 0), (4, 1, 0)][(1, 0, 1), (2, 0, 1), (3, 0, 1), (3, 0, 0), (4, 0, 0)][(2, 0, 0), (2, 1, 0), (2, 2, 0), (3, 2, 0), (3, 3, 0)][(1, 0, 0), (1, 1, 0), (1, 2, 0), (1, 2, 1), (1, 3, 1)][(4, 1, 4), (4, 1, 3), (4, 1, 2), (4, 0, 2), (4, 0, 1)][(1, 1, 4), (2, 1, 4), (3, 1, 4), (3, 0, 4), (4, 0, 4)][(4, 0, 3), (3, 0, 3), (2, 0, 3), (2, 0, 4), (1, 0, 4)][(0, 3, 0), (1, 3, 0), (2, 3, 0), (2, 4, 0), (3, 4, 0)][(3, 4, 1), (2, 4, 1), (1, 4, 1), (1, 4, 0), (0, 4, 0)][(4, 4, 1), (4, 4, 2), (4, 4, 3), (4, 3, 3), (4, 3, 4)][(4, 2, 4), (4, 2, 3), (4, 2, 2), (4, 3, 2), (4, 3, 1)][(1, 4, 3), (2, 4, 3), (3, 4, 3), (3, 4, 4), (4, 4, 4)][(0, 4, 4), (1, 4, 4), (2, 4, 4), (2, 3, 4), (3, 3, 4)][(3, 0, 2), (3, 1, 2), (3, 2, 2), (3, 2, 1), (3, 3, 1)][(3, 2, 4), (2, 2, 4), (1, 2, 4), (1, 3, 4), (0, 3, 4)][(2, 0, 2), (2, 1, 2), (2, 2, 2), (2, 2, 1), (2, 3, 1)][(0, 4, 1), (0, 3, 1), (0, 2, 1), (0, 2, 0), (0, 1, 0)][(3, 1, 3), (3, 2, 3), (3, 3, 3), (3, 3, 2), (3, 4, 2)][(2, 1, 3), (2, 2, 3), (2, 3, 3), (2, 3, 2), (2, 4, 2)][(0, 0, 0), (0, 0, 1), (0, 0, 2), (1, 0, 2), (1, 0, 3)][(0, 4, 2), (0, 3, 2), (0, 2, 2), (1, 2, 2), (1, 1, 2)][(1, 1, 3), (1, 2, 3), (1, 3, 3), (1, 3, 2), (1, 4, 2)][(0, 1, 1), (0, 1, 2), (0, 1, 3), (0, 0, 3), (0, 0, 4)][(0, 4, 3), (0, 3, 3), (0, 2, 3), (0, 2, 4), (0, 1, 4)]
129
[(4, 4, 0), (4, 3, 0), (4, 2, 0), (3, 2, 0), (3, 1, 0)][(4, 3, 1), (4, 2, 1), (4, 1, 1), (4, 1, 0), (4, 0, 0)][(4, 3, 3), (4, 2, 3), (4, 1, 3), (4, 1, 4), (4, 0, 4)][(1, 4, 3), (2, 4, 3), (3, 4, 3), (3, 4, 4), (4, 4, 4)][(4, 4, 3), (4, 4, 2), (4, 4, 1), (3, 4, 1), (3, 4, 0)][(3, 0, 4), (3, 1, 4), (3, 2, 4), (4, 2, 4), (4, 3, 4)][(0, 4, 4), (1, 4, 4), (2, 4, 4), (2, 3, 4), (3, 3, 4)][(0, 4, 0), (1, 4, 0), (2, 4, 0), (2, 3, 0), (3, 3, 0)][(4, 0, 3), (3, 0, 3), (2, 0, 3), (2, 0, 4), (1, 0, 4)][(4, 0, 2), (3, 0, 2), (2, 0, 2), (2, 1, 2), (1, 1, 2)][(0, 1, 4), (1, 1, 4), (2, 1, 4), (2, 1, 3), (3, 1, 3)][(4, 1, 2), (4, 2, 2), (4, 3, 2), (3, 3, 2), (3, 4, 2)][(2, 4, 2), (2, 3, 2), (2, 2, 2), (3, 2, 2), (3, 1, 2)][(0, 2, 4), (1, 2, 4), (2, 2, 4), (2, 2, 3), (3, 2, 3)][(3, 3, 3), (2, 3, 3), (1, 3, 3), (1, 3, 4), (0, 3, 4)][(1, 0, 0), (2, 0, 0), (3, 0, 0), (3, 0, 1), (4, 0, 1)][(2, 4, 1), (2, 3, 1), (2, 2, 1), (2, 2, 0), (2, 1, 0)][(3, 3, 1), (3, 2, 1), (3, 1, 1), (2, 1, 1), (2, 0, 1)][(1, 1, 0), (1, 2, 0), (1, 3, 0), (1, 3, 1), (1, 4, 1)][(1, 4, 2), (1, 3, 2), (1, 2, 2), (1, 2, 1), (1, 1, 1)][(0, 4, 3), (0, 3, 3), (0, 2, 3), (1, 2, 3), (1, 1, 3)][(0, 4, 2), (0, 3, 2), (0, 2, 2), (0, 2, 1), (0, 1, 1)][(0, 1, 0), (0, 2, 0), (0, 3, 0), (0, 3, 1), (0, 4, 1)][(0, 0, 0), (0, 0, 1), (0, 0, 2), (0, 1, 2), (0, 1, 3)][(1, 0, 1), (1, 0, 2), (1, 0, 3), (0, 0, 3), (0, 0, 4)]
130
[(4, 4, 0), (4, 3, 0), (4, 2, 0), (3, 2, 0), (3, 1, 0)][(4, 3, 1), (4, 2, 1), (4, 1, 1), (4, 1, 0), (4, 0, 0)][(4, 0, 4), (3, 0, 4), (2, 0, 4), (2, 0, 3), (1, 0, 3)][(1, 3, 3), (1, 2, 3), (1, 1, 3), (1, 1, 4), (1, 0, 4)][(0, 3, 3), (0, 2, 3), (0, 1, 3), (0, 1, 4), (0, 0, 4)][(1, 0, 0), (1, 0, 1), (1, 0, 2), (0, 0, 2), (0, 0, 3)][(0, 2, 4), (1, 2, 4), (2, 2, 4), (2, 1, 4), (3, 1, 4)][(0, 3, 4), (1, 3, 4), (2, 3, 4), (2, 3, 3), (3, 3, 3)][(1, 3, 0), (1, 2, 0), (1, 1, 0), (0, 1, 0), (0, 0, 0)][(0, 0, 1), (0, 1, 1), (0, 2, 1), (0, 2, 0), (0, 3, 0)][(4, 0, 3), (4, 0, 2), (4, 0, 1), (3, 0, 1), (3, 0, 0)][(1, 4, 3), (1, 4, 2), (1, 4, 1), (0, 4, 1), (0, 4, 0)][(0, 4, 4), (0, 4, 3), (0, 4, 2), (0, 3, 2), (0, 3, 1)][(4, 4, 1), (3, 4, 1), (2, 4, 1), (2, 4, 0), (1, 4, 0)][(2, 1, 0), (2, 2, 0), (2, 3, 0), (3, 3, 0), (3, 4, 0)][(4, 4, 3), (3, 4, 3), (2, 4, 3), (2, 4, 4), (1, 4, 4)][(4, 1, 3), (4, 2, 3), (4, 3, 3), (4, 3, 4), (4, 4, 4)][(3, 4, 4), (3, 3, 4), (3, 2, 4), (4, 2, 4), (4, 1, 4)][(0, 2, 2), (1, 2, 2), (2, 2, 2), (2, 2, 3), (3, 2, 3)][(2, 0, 0), (2, 0, 1), (2, 0, 2), (3, 0, 2), (3, 0, 3)][(0, 1, 2), (1, 1, 2), (2, 1, 2), (2, 1, 3), (3, 1, 3)][(1, 2, 1), (2, 2, 1), (3, 2, 1), (3, 2, 2), (4, 2, 2)][(1, 1, 1), (2, 1, 1), (3, 1, 1), (3, 1, 2), (4, 1, 2)][(1, 3, 1), (2, 3, 1), (3, 3, 1), (3, 3, 2), (4, 3, 2)][(4, 4, 2), (3, 4, 2), (2, 4, 2), (2, 3, 2), (1, 3, 2)]
131
[(4, 4, 0), (4, 3, 0), (4, 2, 0), (3, 2, 0), (3, 1, 0)][(4, 3, 1), (4, 2, 1), (4, 1, 1), (4, 1, 0), (4, 0, 0)][(4, 0, 4), (3, 0, 4), (2, 0, 4), (2, 0, 3), (1, 0, 3)][(3, 1, 4), (2, 1, 4), (1, 1, 4), (1, 0, 4), (0, 0, 4)][(1, 3, 4), (2, 3, 4), (3, 3, 4), (3, 4, 4), (4, 4, 4)][(4, 3, 4), (4, 3, 3), (4, 3, 2), (4, 4, 2), (4, 4, 1)][(4, 1, 4), (4, 1, 3), (4, 1, 2), (4, 0, 2), (4, 0, 1)][(1, 0, 2), (2, 0, 2), (3, 0, 2), (3, 0, 3), (4, 0, 3)][(4, 2, 4), (4, 2, 3), (4, 2, 2), (3, 2, 2), (3, 2, 1)][(3, 1, 1), (3, 1, 2), (3, 1, 3), (3, 2, 3), (3, 2, 4)][(0, 1, 0), (1, 1, 0), (2, 1, 0), (2, 0, 0), (3, 0, 0)][(3, 0, 1), (2, 0, 1), (1, 0, 1), (1, 0, 0), (0, 0, 0)][(4, 4, 3), (3, 4, 3), (2, 4, 3), (2, 4, 4), (1, 4, 4)][(2, 1, 1), (2, 1, 2), (2, 1, 3), (2, 2, 3), (2, 2, 4)][(2, 2, 0), (2, 2, 1), (2, 2, 2), (2, 3, 2), (2, 3, 3)][(3, 4, 0), (3, 4, 1), (3, 4, 2), (3, 3, 2), (3, 3, 3)][(2, 4, 0), (2, 4, 1), (2, 4, 2), (1, 4, 2), (1, 4, 3)][(0, 4, 4), (0, 4, 3), (0, 4, 2), (0, 3, 2), (0, 3, 1)][(3, 3, 1), (2, 3, 1), (1, 3, 1), (1, 4, 1), (0, 4, 1)][(3, 3, 0), (2, 3, 0), (1, 3, 0), (1, 4, 0), (0, 4, 0)][(0, 0, 1), (0, 1, 1), (0, 2, 1), (0, 2, 0), (0, 3, 0)][(1, 1, 1), (1, 1, 2), (1, 1, 3), (1, 2, 3), (1, 2, 4)][(1, 2, 0), (1, 2, 1), (1, 2, 2), (1, 3, 2), (1, 3, 3)][(0, 3, 4), (0, 2, 4), (0, 1, 4), (0, 1, 3), (0, 0, 3)][(0, 0, 2), (0, 1, 2), (0, 2, 2), (0, 2, 3), (0, 3, 3)]
132
[(4, 4, 0), (4, 3, 0), (4, 2, 0), (3, 2, 0), (3, 1, 0)][(4, 3, 1), (4, 2, 1), (4, 1, 1), (4, 1, 0), (4, 0, 0)][(4, 0, 4), (3, 0, 4), (2, 0, 4), (2, 0, 3), (1, 0, 3)][(3, 1, 4), (2, 1, 4), (1, 1, 4), (1, 0, 4), (0, 0, 4)][(1, 3, 4), (2, 3, 4), (3, 3, 4), (3, 4, 4), (4, 4, 4)][(4, 4, 1), (4, 4, 2), (4, 4, 3), (4, 3, 3), (4, 3, 4)][(4, 1, 4), (4, 1, 3), (4, 1, 2), (3, 1, 2), (3, 1, 1)][(1, 1, 3), (2, 1, 3), (3, 1, 3), (3, 0, 3), (4, 0, 3)][(4, 0, 2), (3, 0, 2), (2, 0, 2), (2, 1, 2), (1, 1, 2)][(1, 0, 0), (1, 0, 1), (1, 0, 2), (0, 0, 2), (0, 0, 3)][(0, 1, 0), (1, 1, 0), (2, 1, 0), (2, 0, 0), (3, 0, 0)][(4, 0, 1), (3, 0, 1), (2, 0, 1), (2, 1, 1), (1, 1, 1)][(0, 1, 3), (0, 1, 2), (0, 1, 1), (0, 0, 1), (0, 0, 0)][(0, 1, 4), (0, 2, 4), (0, 3, 4), (0, 3, 3), (0, 4, 3)][(0, 4, 4), (1, 4, 4), (2, 4, 4), (2, 4, 3), (3, 4, 3)][(4, 2, 4), (4, 2, 3), (4, 2, 2), (3, 2, 2), (3, 2, 1)][(3, 2, 4), (2, 2, 4), (1, 2, 4), (1, 2, 3), (0, 2, 3)][(0, 2, 2), (1, 2, 2), (2, 2, 2), (2, 2, 3), (3, 2, 3)][(0, 2, 1), (1, 2, 1), (2, 2, 1), (2, 3, 1), (3, 3, 1)][(0, 2, 0), (1, 2, 0), (2, 2, 0), (2, 3, 0), (3, 3, 0)][(3, 4, 0), (2, 4, 0), (1, 4, 0), (1, 3, 0), (0, 3, 0)][(0, 4, 0), (0, 4, 1), (0, 4, 2), (1, 4, 2), (1, 4, 3)][(3, 4, 1), (2, 4, 1), (1, 4, 1), (1, 3, 1), (0, 3, 1)][(0, 3, 2), (1, 3, 2), (2, 3, 2), (2, 4, 2), (3, 4, 2)][(1, 3, 3), (2, 3, 3), (3, 3, 3), (3, 3, 2), (4, 3, 2)]
133
[(4, 4, 0), (4, 3, 0), (4, 2, 0), (3, 2, 0), (3, 1, 0)][(4, 3, 1), (4, 2, 1), (4, 1, 1), (4, 1, 0), (4, 0, 0)][(4, 0, 4), (4, 1, 4), (4, 2, 4), (3, 2, 4), (3, 3, 4)][(4, 1, 3), (4, 2, 3), (4, 3, 3), (4, 3, 4), (4, 4, 4)][(1, 4, 4), (2, 4, 4), (3, 4, 4), (3, 4, 3), (4, 4, 3)][(4, 4, 1), (3, 4, 1), (2, 4, 1), (2, 3, 1), (1, 3, 1)][(3, 1, 1), (3, 2, 1), (3, 3, 1), (3, 3, 0), (3, 4, 0)][(2, 4, 0), (2, 3, 0), (2, 2, 0), (2, 2, 1), (2, 1, 1)][(0, 1, 0), (1, 1, 0), (2, 1, 0), (2, 0, 0), (3, 0, 0)][(1, 4, 0), (1, 3, 0), (1, 2, 0), (1, 2, 1), (1, 1, 1)][(4, 0, 1), (4, 0, 2), (4, 0, 3), (3, 0, 3), (3, 0, 4)][(3, 0, 1), (2, 0, 1), (1, 0, 1), (1, 0, 0), (0, 0, 0)][(0, 0, 4), (1, 0, 4), (2, 0, 4), (2, 1, 4), (3, 1, 4)][(2, 0, 3), (2, 1, 3), (2, 2, 3), (2, 2, 4), (2, 3, 4)][(3, 1, 3), (3, 2, 3), (3, 3, 3), (2, 3, 3), (2, 4, 3)][(4, 4, 2), (3, 4, 2), (2, 4, 2), (2, 3, 2), (1, 3, 2)][(4, 3, 2), (4, 2, 2), (4, 1, 2), (3, 1, 2), (3, 0, 2)][(2, 0, 2), (2, 1, 2), (2, 2, 2), (3, 2, 2), (3, 3, 2)][(1, 3, 4), (1, 2, 4), (1, 1, 4), (1, 1, 3), (1, 0, 3)][(1, 4, 3), (1, 4, 2), (1, 4, 1), (0, 4, 1), (0, 4, 0)][(1, 0, 2), (1, 1, 2), (1, 2, 2), (1, 2, 3), (1, 3, 3)][(0, 4, 4), (0, 4, 3), (0, 4, 2), (0, 3, 2), (0, 3, 1)][(0, 0, 1), (0, 1, 1), (0, 2, 1), (0, 2, 0), (0, 3, 0)][(0, 3, 4), (0, 2, 4), (0, 1, 4), (0, 1, 3), (0, 0, 3)][(0, 0, 2), (0, 1, 2), (0, 2, 2), (0, 2, 3), (0, 3, 3)]
134
[(4, 4, 0), (4, 3, 0), (4, 2, 0), (3, 2, 0), (3, 1, 0)][(4, 3, 1), (4, 2, 1), (4, 1, 1), (4, 1, 0), (4, 0, 0)][(4, 0, 4), (4, 1, 4), (4, 2, 4), (3, 2, 4), (3, 3, 4)][(4, 1, 3), (4, 2, 3), (4, 3, 3), (4, 3, 4), (4, 4, 4)][(4, 4, 3), (4, 4, 2), (4, 4, 1), (3, 4, 1), (3, 4, 0)][(0, 3, 4), (1, 3, 4), (2, 3, 4), (2, 4, 4), (3, 4, 4)][(3, 4, 3), (2, 4, 3), (1, 4, 3), (1, 4, 4), (0, 4, 4)][(0, 4, 0), (1, 4, 0), (2, 4, 0), (2, 3, 0), (3, 3, 0)][(0, 4, 3), (0, 3, 3), (0, 2, 3), (0, 2, 4), (0, 1, 4)][(0, 4, 2), (0, 3, 2), (0, 2, 2), (0, 2, 1), (0, 1, 1)][(0, 1, 0), (0, 2, 0), (0, 3, 0), (0, 3, 1), (0, 4, 1)][(0, 0, 0), (0, 0, 1), (0, 0, 2), (0, 1, 2), (0, 1, 3)][(1, 0, 1), (1, 0, 2), (1, 0, 3), (0, 0, 3), (0, 0, 4)][(1, 0, 0), (2, 0, 0), (3, 0, 0), (3, 0, 1), (4, 0, 1)][(4, 0, 2), (3, 0, 2), (2, 0, 2), (2, 1, 2), (1, 1, 2)][(3, 3, 3), (3, 2, 3), (3, 1, 3), (3, 1, 4), (3, 0, 4)][(4, 0, 3), (3, 0, 3), (2, 0, 3), (2, 1, 3), (1, 1, 3)][(1, 0, 4), (1, 1, 4), (1, 2, 4), (1, 2, 3), (1, 3, 3)][(2, 0, 4), (2, 1, 4), (2, 2, 4), (2, 2, 3), (2, 3, 3)][(1, 1, 0), (1, 2, 0), (1, 3, 0), (1, 3, 1), (1, 4, 1)][(2, 4, 1), (2, 3, 1), (2, 2, 1), (2, 2, 0), (2, 1, 0)][(3, 3, 1), (3, 2, 1), (3, 1, 1), (2, 1, 1), (2, 0, 1)][(1, 4, 2), (1, 3, 2), (1, 2, 2), (1, 2, 1), (1, 1, 1)][(4, 1, 2), (4, 2, 2), (4, 3, 2), (3, 3, 2), (3, 4, 2)][(2, 4, 2), (2, 3, 2), (2, 2, 2), (3, 2, 2), (3, 1, 2)]
135
[(4, 4, 0), (4, 3, 0), (4, 2, 0), (3, 2, 0), (3, 1, 0)][(4, 3, 1), (4, 2, 1), (4, 1, 1), (4, 1, 0), (4, 0, 0)][(4, 0, 4), (3, 0, 4), (2, 0, 4), (2, 1, 4), (1, 1, 4)][(3, 0, 3), (2, 0, 3), (1, 0, 3), (1, 0, 4), (0, 0, 4)][(3, 0, 1), (2, 0, 1), (1, 0, 1), (1, 0, 0), (0, 0, 0)][(0, 1, 0), (1, 1, 0), (2, 1, 0), (2, 0, 0), (3, 0, 0)][(4, 0, 1), (4, 0, 2), (4, 0, 3), (4, 1, 3), (4, 1, 4)][(0, 3, 4), (0, 2, 4), (0, 1, 4), (0, 1, 3), (0, 0, 3)][(0, 0, 1), (0, 1, 1), (0, 2, 1), (0, 2, 0), (0, 3, 0)][(0, 0, 2), (0, 1, 2), (0, 2, 2), (1, 2, 2), (1, 3, 2)][(1, 4, 0), (1, 3, 0), (1, 2, 0), (1, 2, 1), (1, 1, 1)][(0, 3, 3), (0, 3, 2), (0, 3, 1), (0, 4, 1), (0, 4, 0)][(4, 2, 2), (3, 2, 2), (2, 2, 2), (2, 1, 2), (1, 1, 2)][(1, 0, 2), (2, 0, 2), (3, 0, 2), (3, 1, 2), (4, 1, 2)][(2, 4, 0), (2, 3, 0), (2, 2, 0), (2, 2, 1), (2, 1, 1)][(3, 1, 1), (3, 2, 1), (3, 3, 1), (3, 3, 0), (3, 4, 0)][(4, 4, 1), (3, 4, 1), (2, 4, 1), (2, 3, 1), (1, 3, 1)][(4, 4, 2), (3, 4, 2), (2, 4, 2), (2, 4, 3), (1, 4, 3)][(0, 4, 4), (0, 4, 3), (0, 4, 2), (1, 4, 2), (1, 4, 1)][(4, 3, 2), (3, 3, 2), (2, 3, 2), (2, 3, 3), (1, 3, 3)][(1, 4, 4), (2, 4, 4), (3, 4, 4), (3, 4, 3), (4, 4, 3)][(4, 4, 4), (4, 3, 4), (4, 2, 4), (3, 2, 4), (3, 1, 4)][(4, 2, 3), (3, 2, 3), (2, 2, 3), (2, 2, 4), (1, 2, 4)][(3, 1, 3), (2, 1, 3), (1, 1, 3), (1, 2, 3), (0, 2, 3)][(1, 3, 4), (2, 3, 4), (3, 3, 4), (3, 3, 3), (4, 3, 3)]
136
[(4, 4, 0), (4, 3, 0), (4, 2, 0), (3, 2, 0), (3, 1, 0)][(4, 3, 1), (4, 2, 1), (4, 1, 1), (4, 1, 0), (4, 0, 0)][(4, 0, 4), (3, 0, 4), (2, 0, 4), (2, 1, 4), (1, 1, 4)][(3, 0, 3), (2, 0, 3), (1, 0, 3), (1, 0, 4), (0, 0, 4)][(1, 3, 0), (1, 2, 0), (1, 1, 0), (0, 1, 0), (0, 0, 0)][(4, 0, 3), (4, 0, 2), (4, 0, 1), (3, 0, 1), (3, 0, 0)][(2, 0, 0), (2, 1, 0), (2, 2, 0), (2, 2, 1), (2, 3, 1)][(0, 4, 0), (1, 4, 0), (2, 4, 0), (2, 3, 0), (3, 3, 0)][(1, 0, 0), (1, 0, 1), (1, 0, 2), (0, 0, 2), (0, 0, 3)][(3, 3, 1), (3, 2, 1), (3, 1, 1), (2, 1, 1), (2, 0, 1)][(0, 0, 1), (0, 1, 1), (0, 2, 1), (0, 2, 0), (0, 3, 0)][(4, 4, 3), (4, 4, 2), (4, 4, 1), (3, 4, 1), (3, 4, 0)][(1, 2, 4), (2, 2, 4), (3, 2, 4), (3, 1, 4), (4, 1, 4)][(4, 4, 4), (4, 3, 4), (4, 2, 4), (4, 2, 3), (4, 1, 3)][(0, 1, 4), (0, 2, 4), (0, 3, 4), (0, 3, 3), (0, 4, 3)][(3, 4, 4), (3, 4, 3), (3, 4, 2), (2, 4, 2), (2, 4, 1)][(0, 4, 4), (1, 4, 4), (2, 4, 4), (2, 3, 4), (3, 3, 4)][(1, 1, 1), (1, 2, 1), (1, 3, 1), (0, 3, 1), (0, 4, 1)][(1, 3, 4), (1, 3, 3), (1, 3, 2), (1, 4, 2), (1, 4, 1)][(4, 3, 3), (3, 3, 3), (2, 3, 3), (2, 4, 3), (1, 4, 3)][(0, 4, 2), (0, 3, 2), (0, 2, 2), (0, 2, 3), (0, 1, 3)][(1, 2, 3), (2, 2, 3), (3, 2, 3), (3, 2, 2), (4, 2, 2)][(4, 3, 2), (3, 3, 2), (2, 3, 2), (2, 2, 2), (1, 2, 2)][(0, 1, 2), (1, 1, 2), (2, 1, 2), (2, 0, 2), (3, 0, 2)][(1, 1, 3), (2, 1, 3), (3, 1, 3), (3, 1, 2), (4, 1, 2)]
137
[(4, 4, 0), (4, 3, 0), (4, 2, 0), (3, 2, 0), (3, 1, 0)][(4, 3, 1), (4, 2, 1), (4, 1, 1), (4, 1, 0), (4, 0, 0)][(1, 1, 4), (2, 1, 4), (3, 1, 4), (3, 0, 4), (4, 0, 4)][(4, 0, 3), (3, 0, 3), (2, 0, 3), (2, 0, 4), (1, 0, 4)][(3, 0, 0), (2, 0, 0), (1, 0, 0), (1, 0, 1), (0, 0, 1)][(0, 0, 0), (0, 1, 0), (0, 2, 0), (1, 2, 0), (1, 3, 0)][(4, 1, 4), (4, 1, 3), (4, 1, 2), (4, 0, 2), (4, 0, 1)][(0, 0, 4), (0, 1, 4), (0, 2, 4), (1, 2, 4), (1, 3, 4)][(4, 2, 4), (3, 2, 4), (2, 2, 4), (2, 2, 3), (1, 2, 3)][(3, 1, 3), (2, 1, 3), (1, 1, 3), (1, 0, 3), (0, 0, 3)][(1, 1, 0), (1, 1, 1), (1, 1, 2), (0, 1, 2), (0, 1, 3)][(1, 3, 3), (2, 3, 3), (3, 3, 3), (3, 2, 3), (4, 2, 3)][(0, 4, 4), (1, 4, 4), (2, 4, 4), (2, 3, 4), (3, 3, 4)][(0, 0, 2), (1, 0, 2), (2, 0, 2), (2, 0, 1), (3, 0, 1)][(0, 3, 0), (0, 3, 1), (0, 3, 2), (0, 2, 2), (0, 2, 3)][(0, 4, 1), (0, 4, 2), (0, 4, 3), (0, 3, 3), (0, 3, 4)][(1, 4, 1), (1, 3, 1), (1, 2, 1), (0, 2, 1), (0, 1, 1)][(0, 4, 0), (1, 4, 0), (2, 4, 0), (2, 4, 1), (3, 4, 1)][(2, 1, 0), (2, 2, 0), (2, 3, 0), (3, 3, 0), (3, 4, 0)][(2, 1, 1), (2, 2, 1), (2, 3, 1), (2, 3, 2), (2, 4, 2)][(1, 4, 2), (1, 3, 2), (1, 2, 2), (2, 2, 2), (2, 1, 2)][(1, 4, 3), (2, 4, 3), (3, 4, 3), (3, 4, 4), (4, 4, 4)][(4, 4, 1), (4, 4, 2), (4, 4, 3), (4, 3, 3), (4, 3, 4)][(3, 0, 2), (3, 1, 2), (3, 2, 2), (4, 2, 2), (4, 3, 2)][(3, 1, 1), (3, 2, 1), (3, 3, 1), (3, 3, 2), (3, 4, 2)]
138
[(4, 4, 0), (4, 3, 0), (4, 2, 0), (3, 2, 0), (3, 1, 0)][(4, 3, 1), (4, 2, 1), (4, 1, 1), (4, 1, 0), (4, 0, 0)][(1, 1, 4), (2, 1, 4), (3, 1, 4), (3, 0, 4), (4, 0, 4)][(4, 0, 3), (3, 0, 3), (2, 0, 3), (2, 0, 4), (1, 0, 4)][(3, 0, 0), (3, 0, 1), (3, 0, 2), (3, 1, 2), (3, 1, 3)][(4, 1, 4), (4, 1, 3), (4, 1, 2), (4, 0, 2), (4, 0, 1)][(1, 3, 4), (2, 3, 4), (3, 3, 4), (3, 4, 4), (4, 4, 4)][(4, 4, 1), (4, 4, 2), (4, 4, 3), (4, 3, 3), (4, 3, 4)][(4, 2, 4), (4, 2, 3), (4, 2, 2), (3, 2, 2), (3, 2, 1)][(3, 2, 4), (2, 2, 4), (1, 2, 4), (1, 2, 3), (0, 2, 3)][(0, 1, 4), (0, 2, 4), (0, 3, 4), (0, 3, 3), (0, 4, 3)][(0, 4, 4), (1, 4, 4), (2, 4, 4), (2, 4, 3), (3, 4, 3)][(0, 2, 2), (1, 2, 2), (2, 2, 2), (2, 2, 3), (3, 2, 3)][(2, 0, 0), (2, 0, 1), (2, 0, 2), (2, 1, 2), (2, 1, 3)][(0, 1, 1), (0, 1, 2), (0, 1, 3), (0, 0, 3), (0, 0, 4)][(0, 0, 0), (0, 0, 1), (0, 0, 2), (1, 0, 2), (1, 0, 3)][(1, 1, 3), (1, 1, 2), (1, 1, 1), (1, 0, 1), (1, 0, 0)][(0, 1, 0), (1, 1, 0), (2, 1, 0), (2, 1, 1), (3, 1, 1)][(0, 2, 1), (1, 2, 1), (2, 2, 1), (2, 3, 1), (3, 3, 1)][(0, 2, 0), (1, 2, 0), (2, 2, 0), (2, 3, 0), (3, 3, 0)][(3, 4, 0), (2, 4, 0), (1, 4, 0), (1, 3, 0), (0, 3, 0)][(0, 4, 0), (0, 4, 1), (0, 4, 2), (1, 4, 2), (1, 4, 3)][(3, 4, 1), (2, 4, 1), (1, 4, 1), (1, 3, 1), (0, 3, 1)][(0, 3, 2), (1, 3, 2), (2, 3, 2), (2, 4, 2), (3, 4, 2)][(1, 3, 3), (2, 3, 3), (3, 3, 3), (3, 3, 2), (4, 3, 2)]
139
[(4, 4, 0), (4, 3, 0), (4, 2, 0), (3, 2, 0), (3, 1, 0)][(3, 1, 3), (3, 1, 2), (3, 1, 1), (4, 1, 1), (4, 1, 0)][(3, 0, 3), (3, 0, 2), (3, 0, 1), (4, 0, 1), (4, 0, 0)][(4, 0, 2), (4, 1, 2), (4, 2, 2), (4, 2, 1), (4, 3, 1)][(4, 0, 3), (4, 1, 3), (4, 2, 3), (3, 2, 3), (3, 3, 3)][(0, 1, 0), (1, 1, 0), (2, 1, 0), (2, 0, 0), (3, 0, 0)][(0, 1, 3), (0, 1, 2), (0, 1, 1), (0, 0, 1), (0, 0, 0)][(1, 0, 0), (1, 0, 1), (1, 0, 2), (0, 0, 2), (0, 0, 3)][(4, 0, 4), (3, 0, 4), (2, 0, 4), (2, 0, 3), (1, 0, 3)][(3, 1, 4), (2, 1, 4), (1, 1, 4), (1, 0, 4), (0, 0, 4)][(3, 4, 4), (3, 3, 4), (3, 2, 4), (4, 2, 4), (4, 1, 4)][(3, 4, 1), (3, 4, 2), (3, 4, 3), (4, 4, 3), (4, 4, 4)][(4, 3, 4), (4, 3, 3), (4, 3, 2), (4, 4, 2), (4, 4, 1)][(0, 4, 4), (0, 4, 3), (0, 4, 2), (0, 3, 2), (0, 3, 1)][(1, 4, 4), (1, 3, 4), (1, 2, 4), (0, 2, 4), (0, 1, 4)][(0, 2, 1), (0, 2, 2), (0, 2, 3), (0, 3, 3), (0, 3, 4)][(2, 0, 2), (2, 1, 2), (2, 2, 2), (3, 2, 2), (3, 3, 2)][(2, 4, 4), (2, 3, 4), (2, 2, 4), (2, 2, 3), (2, 1, 3)][(1, 4, 3), (1, 4, 2), (1, 4, 1), (0, 4, 1), (0, 4, 0)][(3, 4, 0), (2, 4, 0), (1, 4, 0), (1, 3, 0), (0, 3, 0)][(2, 0, 1), (2, 1, 1), (2, 2, 1), (3, 2, 1), (3, 3, 1)][(0, 2, 0), (1, 2, 0), (2, 2, 0), (2, 3, 0), (3, 3, 0)][(1, 1, 2), (1, 2, 2), (1, 3, 2), (2, 3, 2), (2, 4, 2)][(1, 1, 3), (1, 2, 3), (1, 3, 3), (2, 3, 3), (2, 4, 3)][(1, 1, 1), (1, 2, 1), (1, 3, 1), (2, 3, 1), (2, 4, 1)]
140
[(4, 4, 0), (4, 3, 0), (4, 2, 0), (3, 2, 0), (3, 1, 0)][(4, 2, 3), (4, 2, 2), (4, 2, 1), (4, 1, 1), (4, 1, 0)][(4, 0, 0), (4, 0, 1), (4, 0, 2), (4, 1, 2), (4, 1, 3)][(3, 0, 1), (3, 0, 2), (3, 0, 3), (4, 0, 3), (4, 0, 4)][(3, 0, 0), (2, 0, 0), (1, 0, 0), (1, 0, 1), (0, 0, 1)][(1, 3, 0), (1, 2, 0), (1, 1, 0), (0, 1, 0), (0, 0, 0)][(0, 4, 0), (0, 3, 0), (0, 2, 0), (0, 2, 1), (0, 1, 1)][(0, 3, 3), (0, 2, 3), (0, 1, 3), (0, 1, 4), (0, 0, 4)][(0, 0, 3), (1, 0, 3), (2, 0, 3), (2, 0, 4), (3, 0, 4)][(0, 0, 2), (0, 1, 2), (0, 2, 2), (1, 2, 2), (1, 3, 2)][(0, 4, 4), (0, 4, 3), (0, 4, 2), (0, 3, 2), (0, 3, 1)][(1, 3, 1), (1, 2, 1), (1, 1, 1), (1, 1, 2), (1, 0, 2)][(3, 4, 0), (2, 4, 0), (1, 4, 0), (1, 4, 1), (0, 4, 1)][(1, 0, 4), (1, 1, 4), (1, 2, 4), (0, 2, 4), (0, 3, 4)][(4, 1, 4), (4, 2, 4), (4, 3, 4), (3, 3, 4), (3, 4, 4)][(4, 4, 1), (3, 4, 1), (2, 4, 1), (2, 4, 2), (1, 4, 2)][(4, 4, 4), (4, 4, 3), (4, 4, 2), (4, 3, 2), (4, 3, 1)][(1, 1, 3), (1, 2, 3), (1, 3, 3), (1, 3, 4), (1, 4, 4)][(4, 3, 3), (3, 3, 3), (2, 3, 3), (2, 4, 3), (1, 4, 3)][(3, 3, 0), (3, 3, 1), (3, 3, 2), (3, 4, 2), (3, 4, 3)][(2, 4, 4), (2, 3, 4), (2, 2, 4), (3, 2, 4), (3, 1, 4)][(3, 2, 3), (3, 2, 2), (3, 2, 1), (2, 2, 1), (2, 2, 0)][(2, 3, 0), (2, 3, 1), (2, 3, 2), (2, 2, 2), (2, 2, 3)][(2, 1, 4), (2, 1, 3), (2, 1, 2), (2, 0, 2), (2, 0, 1)][(3, 1, 3), (3, 1, 2), (3, 1, 1), (2, 1, 1), (2, 1, 0)]
141
[(4, 4, 0), (4, 3, 0), (4, 2, 0), (3, 2, 0), (3, 1, 0)][(4, 0, 3), (4, 0, 2), (4, 0, 1), (4, 1, 1), (4, 1, 0)][(4, 0, 0), (3, 0, 0), (2, 0, 0), (2, 1, 0), (1, 1, 0)][(3, 0, 1), (2, 0, 1), (1, 0, 1), (1, 0, 0), (0, 0, 0)][(4, 3, 3), (4, 2, 3), (4, 1, 3), (4, 1, 4), (4, 0, 4)][(4, 4, 4), (4, 3, 4), (4, 2, 4), (3, 2, 4), (3, 1, 4)][(0, 1, 4), (1, 1, 4), (2, 1, 4), (2, 0, 4), (3, 0, 4)][(3, 0, 3), (2, 0, 3), (1, 0, 3), (1, 0, 4), (0, 0, 4)][(0, 0, 3), (0, 1, 3), (0, 2, 3), (0, 2, 4), (0, 3, 4)][(0, 3, 0), (0, 2, 0), (0, 1, 0), (0, 1, 1), (0, 0, 1)][(0, 0, 2), (0, 1, 2), (0, 2, 2), (1, 2, 2), (1, 3, 2)][(1, 4, 4), (1, 3, 4), (1, 2, 4), (1, 2, 3), (1, 1, 3)][(4, 2, 1), (3, 2, 1), (2, 2, 1), (2, 2, 0), (1, 2, 0)][(3, 1, 1), (2, 1, 1), (1, 1, 1), (1, 2, 1), (0, 2, 1)][(2, 4, 4), (2, 3, 4), (2, 2, 4), (2, 2, 3), (2, 1, 3)][(4, 2, 2), (3, 2, 2), (2, 2, 2), (2, 1, 2), (1, 1, 2)][(1, 0, 2), (2, 0, 2), (3, 0, 2), (3, 1, 2), (4, 1, 2)][(3, 1, 3), (3, 2, 3), (3, 3, 3), (3, 3, 4), (3, 4, 4)][(0, 3, 1), (0, 3, 2), (0, 3, 3), (0, 4, 3), (0, 4, 4)][(4, 4, 3), (3, 4, 3), (2, 4, 3), (2, 3, 3), (1, 3, 3)][(4, 4, 2), (3, 4, 2), (2, 4, 2), (2, 4, 1), (1, 4, 1)][(0, 4, 0), (0, 4, 1), (0, 4, 2), (1, 4, 2), (1, 4, 3)][(1, 4, 0), (2, 4, 0), (3, 4, 0), (3, 4, 1), (4, 4, 1)][(4, 3, 2), (3, 3, 2), (2, 3, 2), (2, 3, 1), (1, 3, 1)][(1, 3, 0), (2, 3, 0), (3, 3, 0), (3, 3, 1), (4, 3, 1)]
142
[(4, 4, 0), (4, 3, 0), (4, 2, 0), (3, 2, 0), (3, 1, 0)][(4, 0, 3), (4, 0, 2), (4, 0, 1), (4, 1, 1), (4, 1, 0)][(4, 0, 0), (3, 0, 0), (2, 0, 0), (2, 1, 0), (1, 1, 0)][(3, 0, 1), (2, 0, 1), (1, 0, 1), (1, 0, 0), (0, 0, 0)][(1, 0, 3), (2, 0, 3), (3, 0, 3), (3, 0, 4), (4, 0, 4)][(0, 0, 4), (1, 0, 4), (2, 0, 4), (2, 1, 4), (3, 1, 4)][(3, 4, 4), (3, 3, 4), (3, 2, 4), (4, 2, 4), (4, 1, 4)][(4, 1, 3), (4, 2, 3), (4, 3, 3), (4, 3, 4), (4, 4, 4)][(4, 4, 3), (3, 4, 3), (2, 4, 3), (2, 4, 4), (1, 4, 4)][(4, 4, 2), (3, 4, 2), (2, 4, 2), (2, 4, 1), (1, 4, 1)][(1, 4, 0), (2, 4, 0), (3, 4, 0), (3, 4, 1), (4, 4, 1)][(0, 4, 0), (0, 4, 1), (0, 4, 2), (1, 4, 2), (1, 4, 3)][(0, 3, 1), (0, 3, 2), (0, 3, 3), (0, 4, 3), (0, 4, 4)][(0, 3, 0), (0, 2, 0), (0, 1, 0), (0, 1, 1), (0, 0, 1)][(0, 0, 3), (0, 1, 3), (0, 2, 3), (1, 2, 3), (1, 3, 3)][(0, 2, 4), (1, 2, 4), (2, 2, 4), (2, 2, 3), (3, 2, 3)][(3, 1, 3), (2, 1, 3), (1, 1, 3), (1, 1, 4), (0, 1, 4)][(4, 2, 1), (3, 2, 1), (2, 2, 1), (2, 2, 0), (1, 2, 0)][(0, 3, 4), (1, 3, 4), (2, 3, 4), (2, 3, 3), (3, 3, 3)][(1, 3, 0), (2, 3, 0), (3, 3, 0), (3, 3, 1), (4, 3, 1)][(4, 3, 2), (3, 3, 2), (2, 3, 2), (2, 3, 1), (1, 3, 1)][(4, 2, 2), (3, 2, 2), (2, 2, 2), (2, 1, 2), (1, 1, 2)][(3, 1, 1), (2, 1, 1), (1, 1, 1), (1, 2, 1), (0, 2, 1)][(1, 0, 2), (2, 0, 2), (3, 0, 2), (3, 1, 2), (4, 1, 2)][(0, 0, 2), (0, 1, 2), (0, 2, 2), (1, 2, 2), (1, 3, 2)]
143
[(4, 4, 0), (4, 3, 0), (4, 2, 0), (3, 2, 0), (3, 1, 0)][(4, 0, 3), (4, 0, 2), (4, 0, 1), (4, 1, 1), (4, 1, 0)][(4, 0, 0), (3, 0, 0), (2, 0, 0), (2, 1, 0), (1, 1, 0)][(3, 0, 1), (2, 0, 1), (1, 0, 1), (1, 0, 0), (0, 0, 0)][(4, 0, 4), (3, 0, 4), (2, 0, 4), (2, 0, 3), (1, 0, 3)][(2, 3, 4), (2, 2, 4), (2, 1, 4), (1, 1, 4), (1, 0, 4)][(0, 0, 4), (0, 1, 4), (0, 2, 4), (1, 2, 4), (1, 3, 4)][(0, 0, 3), (0, 0, 2), (0, 0, 1), (0, 1, 1), (0, 1, 0)][(0, 1, 3), (0, 2, 3), (0, 3, 3), (0, 3, 4), (0, 4, 4)][(3, 3, 0), (2, 3, 0), (1, 3, 0), (1, 4, 0), (0, 4, 0)][(0, 2, 0), (1, 2, 0), (2, 2, 0), (2, 2, 1), (3, 2, 1)][(0, 3, 0), (0, 3, 1), (0, 3, 2), (0, 4, 2), (0, 4, 3)][(3, 1, 1), (2, 1, 1), (1, 1, 1), (1, 2, 1), (0, 2, 1)][(0, 4, 1), (1, 4, 1), (2, 4, 1), (2, 4, 0), (3, 4, 0)][(1, 4, 4), (2, 4, 4), (3, 4, 4), (3, 4, 3), (4, 4, 3)][(1, 3, 1), (2, 3, 1), (3, 3, 1), (3, 4, 1), (4, 4, 1)][(4, 1, 4), (4, 1, 3), (4, 1, 2), (4, 2, 2), (4, 2, 1)][(4, 4, 4), (4, 3, 4), (4, 2, 4), (3, 2, 4), (3, 1, 4)][(3, 3, 4), (3, 3, 3), (3, 3, 2), (4, 3, 2), (4, 3, 1)][(3, 0, 3), (3, 1, 3), (3, 2, 3), (4, 2, 3), (4, 3, 3)][(4, 4, 2), (3, 4, 2), (2, 4, 2), (2, 4, 3), (1, 4, 3)][(2, 3, 3), (2, 2, 3), (2, 1, 3), (2, 1, 2), (2, 0, 2)][(3, 0, 2), (3, 1, 2), (3, 2, 2), (2, 2, 2), (2, 3, 2)][(1, 4, 2), (1, 3, 2), (1, 2, 2), (0, 2, 2), (0, 1, 2)][(1, 3, 3), (1, 2, 3), (1, 1, 3), (1, 1, 2), (1, 0, 2)]
144
[(4, 4, 0), (4, 3, 0), (4, 2, 0), (3, 2, 0), (3, 1, 0)][(4, 1, 0), (4, 1, 1), (4, 1, 2), (4, 2, 2), (4, 2, 3)][(4, 0, 0), (3, 0, 0), (2, 0, 0), (2, 0, 1), (1, 0, 1)][(4, 0, 1), (4, 0, 2), (4, 0, 3), (4, 1, 3), (4, 1, 4)][(4, 0, 4), (3, 0, 4), (2, 0, 4), (2, 1, 4), (1, 1, 4)][(3, 0, 3), (2, 0, 3), (1, 0, 3), (1, 0, 4), (0, 0, 4)][(4, 4, 4), (4, 3, 4), (4, 2, 4), (3, 2, 4), (3, 1, 4)][(3, 0, 1), (3, 1, 1), (3, 2, 1), (4, 2, 1), (4, 3, 1)][(3, 0, 2), (3, 1, 2), (3, 2, 2), (2, 2, 2), (2, 3, 2)][(2, 3, 1), (2, 2, 1), (2, 1, 1), (2, 1, 2), (2, 0, 2)][(3, 3, 0), (3, 3, 1), (3, 3, 2), (4, 3, 2), (4, 3, 3)][(2, 3, 0), (2, 2, 0), (2, 1, 0), (1, 1, 0), (1, 0, 0)][(0, 2, 4), (1, 2, 4), (2, 2, 4), (2, 2, 3), (3, 2, 3)][(3, 1, 3), (2, 1, 3), (1, 1, 3), (1, 2, 3), (0, 2, 3)][(0, 0, 1), (0, 0, 2), (0, 0, 3), (0, 1, 3), (0, 1, 4)][(0, 0, 0), (0, 1, 0), (0, 2, 0), (1, 2, 0), (1, 3, 0)][(1, 3, 1), (1, 2, 1), (1, 1, 1), (1, 1, 2), (1, 0, 2)][(1, 4, 2), (1, 3, 2), (1, 2, 2), (0, 2, 2), (0, 1, 2)][(0, 1, 1), (0, 2, 1), (0, 3, 1), (0, 3, 0), (0, 4, 0)][(0, 3, 4), (0, 3, 3), (0, 3, 2), (0, 4, 2), (0, 4, 1)][(3, 3, 4), (2, 3, 4), (1, 3, 4), (1, 4, 4), (0, 4, 4)][(1, 4, 0), (2, 4, 0), (3, 4, 0), (3, 4, 1), (4, 4, 1)][(0, 4, 3), (1, 4, 3), (2, 4, 3), (2, 4, 4), (3, 4, 4)][(1, 3, 3), (2, 3, 3), (3, 3, 3), (3, 4, 3), (4, 4, 3)][(4, 4, 2), (3, 4, 2), (2, 4, 2), (2, 4, 1), (1, 4, 1)]
145
[(4, 4, 0), (4, 4, 1), (4, 4, 2), (4, 3, 2), (4, 3, 3)][(1, 4, 4), (2, 4, 4), (3, 4, 4), (3, 4, 3), (4, 4, 3)][(4, 4, 4), (4, 3, 4), (4, 2, 4), (4, 2, 3), (4, 1, 3)][(3, 3, 4), (3, 2, 4), (3, 1, 4), (4, 1, 4), (4, 0, 4)][(0, 4, 4), (0, 3, 4), (0, 2, 4), (1, 2, 4), (1, 1, 4)][(0, 2, 1), (0, 2, 2), (0, 2, 3), (0, 1, 3), (0, 1, 4)][(0, 0, 4), (0, 0, 3), (0, 0, 2), (0, 1, 2), (0, 1, 1)][(1, 0, 4), (2, 0, 4), (3, 0, 4), (3, 0, 3), (4, 0, 3)][(1, 0, 3), (1, 0, 2), (1, 0, 1), (0, 0, 1), (0, 0, 0)][(4, 0, 2), (4, 1, 2), (4, 2, 2), (3, 2, 2), (3, 3, 2)][(3, 3, 3), (3, 2, 3), (3, 1, 3), (3, 1, 2), (3, 0, 2)][(4, 3, 1), (4, 2, 1), (4, 1, 1), (4, 1, 0), (4, 0, 0)][(4, 0, 1), (3, 0, 1), (2, 0, 1), (2, 0, 0), (1, 0, 0)][(3, 0, 0), (3, 1, 0), (3, 2, 0), (4, 2, 0), (4, 3, 0)][(0, 1, 0), (0, 2, 0), (0, 3, 0), (1, 3, 0), (1, 4, 0)][(3, 1, 1), (3, 2, 1), (3, 3, 1), (3, 3, 0), (3, 4, 0)][(0, 4, 3), (1, 4, 3), (2, 4, 3), (2, 4, 2), (3, 4, 2)][(0, 4, 0), (0, 4, 1), (0, 4, 2), (0, 3, 2), (0, 3, 3)][(0, 3, 1), (1, 3, 1), (2, 3, 1), (2, 4, 1), (3, 4, 1)][(1, 3, 4), (1, 3, 3), (1, 3, 2), (1, 4, 2), (1, 4, 1)][(2, 4, 0), (2, 3, 0), (2, 2, 0), (1, 2, 0), (1, 1, 0)][(1, 2, 1), (1, 2, 2), (1, 2, 3), (2, 2, 3), (2, 2, 4)][(2, 3, 4), (2, 3, 3), (2, 3, 2), (2, 2, 2), (2, 2, 1)][(2, 1, 0), (2, 1, 1), (2, 1, 2), (2, 0, 2), (2, 0, 3)][(1, 1, 1), (1, 1, 2), (1, 1, 3), (2, 1, 3), (2, 1, 4)]
146
[(4, 4, 0), (4, 4, 1), (4, 4, 2), (4, 3, 2), (4, 3, 3)][(1, 4, 4), (2, 4, 4), (3, 4, 4), (3, 4, 3), (4, 4, 3)][(4, 4, 4), (4, 3, 4), (4, 2, 4), (4, 2, 3), (4, 1, 3)][(3, 3, 4), (3, 2, 4), (3, 1, 4), (4, 1, 4), (4, 0, 4)][(1, 4, 1), (1, 4, 2), (1, 4, 3), (0, 4, 3), (0, 4, 4)][(0, 4, 0), (0, 4, 1), (0, 4, 2), (0, 3, 2), (0, 3, 3)][(0, 0, 3), (0, 1, 3), (0, 2, 3), (0, 2, 4), (0, 3, 4)][(1, 3, 4), (1, 2, 4), (1, 1, 4), (0, 1, 4), (0, 0, 4)][(4, 0, 1), (4, 0, 2), (4, 0, 3), (3, 0, 3), (3, 0, 4)][(1, 0, 4), (1, 0, 3), (1, 0, 2), (0, 0, 2), (0, 0, 1)][(2, 0, 4), (2, 0, 3), (2, 0, 2), (2, 1, 2), (2, 1, 1)][(0, 1, 0), (0, 1, 1), (0, 1, 2), (1, 1, 2), (1, 1, 3)][(3, 4, 2), (3, 3, 2), (3, 2, 2), (4, 2, 2), (4, 1, 2)][(3, 3, 3), (3, 2, 3), (3, 1, 3), (3, 1, 2), (3, 0, 2)][(2, 4, 2), (2, 3, 2), (2, 2, 2), (2, 2, 3), (2, 1, 3)][(2, 1, 4), (2, 2, 4), (2, 3, 4), (2, 3, 3), (2, 4, 3)][(0, 2, 0), (0, 2, 1), (0, 2, 2), (1, 2, 2), (1, 2, 3)][(1, 3, 3), (1, 3, 2), (1, 3, 1), (0, 3, 1), (0, 3, 0)][(4, 1, 1), (4, 2, 1), (4, 3, 1), (3, 3, 1), (3, 4, 1)][(3, 0, 1), (2, 0, 1), (1, 0, 1), (1, 0, 0), (0, 0, 0)][(2, 4, 1), (2, 3, 1), (2, 2, 1), (3, 2, 1), (3, 1, 1)][(1, 4, 0), (1, 3, 0), (1, 2, 0), (1, 2, 1), (1, 1, 1)][(2, 4, 0), (2, 3, 0), (2, 2, 0), (3, 2, 0), (3, 1, 0)][(4, 1, 0), (4, 2, 0), (4, 3, 0), (3, 3, 0), (3, 4, 0)][(4, 0, 0), (3, 0, 0), (2, 0, 0), (2, 1, 0), (1, 1, 0)]
147
[(4, 4, 0), (4, 4, 1), (4, 4, 2), (4, 3, 2), (4, 3, 3)][(1, 4, 4), (2, 4, 4), (3, 4, 4), (3, 4, 3), (4, 4, 3)][(4, 4, 4), (4, 3, 4), (4, 2, 4), (4, 2, 3), (4, 1, 3)][(3, 3, 4), (3, 2, 4), (3, 1, 4), (4, 1, 4), (4, 0, 4)][(1, 1, 4), (1, 2, 4), (1, 3, 4), (0, 3, 4), (0, 4, 4)][(0, 0, 4), (0, 1, 4), (0, 2, 4), (0, 2, 3), (0, 3, 3)][(0, 3, 0), (0, 3, 1), (0, 3, 2), (0, 4, 2), (0, 4, 3)][(1, 4, 3), (1, 4, 2), (1, 4, 1), (0, 4, 1), (0, 4, 0)][(1, 4, 0), (1, 3, 0), (1, 2, 0), (0, 2, 0), (0, 1, 0)][(2, 4, 0), (2, 3, 0), (2, 2, 0), (3, 2, 0), (3, 1, 0)][(4, 1, 0), (4, 2, 0), (4, 3, 0), (3, 3, 0), (3, 4, 0)][(4, 0, 0), (3, 0, 0), (2, 0, 0), (2, 1, 0), (1, 1, 0)][(3, 0, 1), (2, 0, 1), (1, 0, 1), (1, 0, 0), (0, 0, 0)][(0, 0, 1), (0, 1, 1), (0, 2, 1), (1, 2, 1), (1, 3, 1)][(4, 0, 1), (4, 0, 2), (4, 0, 3), (3, 0, 3), (3, 0, 4)][(1, 0, 4), (1, 0, 3), (1, 0, 2), (1, 1, 2), (1, 1, 1)][(0, 0, 2), (0, 1, 2), (0, 2, 2), (1, 2, 2), (1, 3, 2)][(1, 3, 3), (1, 2, 3), (1, 1, 3), (0, 1, 3), (0, 0, 3)][(3, 4, 2), (3, 3, 2), (3, 2, 2), (4, 2, 2), (4, 1, 2)][(4, 1, 1), (4, 2, 1), (4, 3, 1), (3, 3, 1), (3, 4, 1)][(2, 4, 1), (2, 3, 1), (2, 2, 1), (3, 2, 1), (3, 1, 1)][(3, 3, 3), (3, 2, 3), (3, 1, 3), (3, 1, 2), (3, 0, 2)][(2, 4, 2), (2, 3, 2), (2, 2, 2), (2, 2, 3), (2, 1, 3)][(2, 1, 4), (2, 2, 4), (2, 3, 4), (2, 3, 3), (2, 4, 3)][(2, 0, 4), (2, 0, 3), (2, 0, 2), (2, 1, 2), (2, 1, 1)]
148
[(4, 4, 0), (4, 4, 1), (4, 4, 2), (4, 3, 2), (4, 3, 3)][(3, 4, 1), (3, 4, 2), (3, 4, 3), (4, 4, 3), (4, 4, 4)][(0, 1, 1), (0, 2, 1), (0, 3, 1), (0, 3, 0), (0, 4, 0)][(0, 4, 4), (0, 3, 4), (0, 2, 4), (1, 2, 4), (1, 1, 4)][(0, 3, 3), (0, 2, 3), (0, 1, 3), (0, 1, 4), (0, 0, 4)][(0, 4, 3), (1, 4, 3), (2, 4, 3), (2, 4, 4), (3, 4, 4)][(2, 1, 4), (2, 2, 4), (2, 3, 4), (1, 3, 4), (1, 4, 4)][(0, 4, 2), (1, 4, 2), (2, 4, 2), (2, 3, 2), (3, 3, 2)][(0, 4, 1), (1, 4, 1), (2, 4, 1), (2, 4, 0), (3, 4, 0)][(1, 4, 0), (1, 3, 0), (1, 2, 0), (0, 2, 0), (0, 1, 0)][(4, 0, 3), (4, 1, 3), (4, 2, 3), (4, 2, 4), (4, 3, 4)][(3, 3, 4), (3, 2, 4), (3, 1, 4), (4, 1, 4), (4, 0, 4)][(3, 3, 3), (2, 3, 3), (1, 3, 3), (1, 3, 2), (0, 3, 2)][(4, 3, 0), (3, 3, 0), (2, 3, 0), (2, 3, 1), (1, 3, 1)][(3, 2, 3), (2, 2, 3), (1, 2, 3), (1, 2, 2), (0, 2, 2)][(4, 2, 2), (3, 2, 2), (2, 2, 2), (2, 2, 1), (1, 2, 1)][(4, 2, 0), (3, 2, 0), (2, 2, 0), (2, 1, 0), (1, 1, 0)][(4, 3, 1), (4, 2, 1), (4, 1, 1), (4, 1, 0), (4, 0, 0)][(3, 3, 1), (3, 2, 1), (3, 1, 1), (3, 1, 0), (3, 0, 0)][(3, 1, 3), (2, 1, 3), (1, 1, 3), (1, 1, 2), (0, 1, 2)][(4, 1, 2), (3, 1, 2), (2, 1, 2), (2, 1, 1), (1, 1, 1)][(3, 0, 4), (3, 0, 3), (3, 0, 2), (4, 0, 2), (4, 0, 1)][(2, 0, 4), (2, 0, 3), (2, 0, 2), (1, 0, 2), (1, 0, 1)][(0, 0, 0), (1, 0, 0), (2, 0, 0), (2, 0, 1), (3, 0, 1)][(0, 0, 1), (0, 0, 2), (0, 0, 3), (1, 0, 3), (1, 0, 4)]
149
[(4, 4, 0), (4, 4, 1), (4, 4, 2), (4, 3, 2), (4, 3, 3)][(3, 4, 1), (3, 4, 2), (3, 4, 3), (4, 4, 3), (4, 4, 4)][(0, 1, 1), (0, 2, 1), (0, 3, 1), (0, 3, 0), (0, 4, 0)][(0, 4, 4), (0, 3, 4), (0, 2, 4), (1, 2, 4), (1, 1, 4)][(0, 3, 3), (0, 2, 3), (0, 1, 3), (0, 1, 4), (0, 0, 4)][(0, 4, 3), (1, 4, 3), (2, 4, 3), (2, 3, 3), (3, 3, 3)][(1, 1, 3), (1, 2, 3), (1, 3, 3), (1, 3, 4), (1, 4, 4)][(2, 4, 4), (2, 3, 4), (2, 2, 4), (2, 2, 3), (2, 1, 3)][(4, 1, 4), (3, 1, 4), (2, 1, 4), (2, 0, 4), (1, 0, 4)][(4, 0, 3), (4, 1, 3), (4, 2, 3), (4, 2, 4), (4, 3, 4)][(1, 0, 3), (2, 0, 3), (3, 0, 3), (3, 0, 4), (4, 0, 4)][(3, 4, 4), (3, 3, 4), (3, 2, 4), (3, 2, 3), (3, 1, 3)][(0, 0, 3), (0, 0, 2), (0, 0, 1), (1, 0, 1), (1, 0, 0)][(0, 0, 0), (0, 1, 0), (0, 2, 0), (1, 2, 0), (1, 3, 0)][(3, 4, 0), (2, 4, 0), (1, 4, 0), (1, 4, 1), (0, 4, 1)][(0, 4, 2), (1, 4, 2), (2, 4, 2), (2, 3, 2), (3, 3, 2)][(4, 0, 2), (4, 1, 2), (4, 2, 2), (4, 2, 1), (4, 3, 1)][(3, 0, 2), (3, 1, 2), (3, 2, 2), (3, 2, 1), (3, 3, 1)][(0, 3, 2), (0, 2, 2), (0, 1, 2), (1, 1, 2), (1, 0, 2)][(2, 0, 2), (2, 1, 2), (2, 2, 2), (1, 2, 2), (1, 3, 2)][(4, 3, 0), (4, 2, 0), (4, 1, 0), (4, 1, 1), (4, 0, 1)][(4, 0, 0), (3, 0, 0), (2, 0, 0), (2, 1, 0), (1, 1, 0)][(3, 3, 0), (3, 2, 0), (3, 1, 0), (3, 1, 1), (3, 0, 1)][(2, 0, 1), (2, 1, 1), (2, 2, 1), (2, 2, 0), (2, 3, 0)][(1, 1, 1), (1, 2, 1), (1, 3, 1), (2, 3, 1), (2, 4, 1)]
150
[(4, 4, 0), (4, 4, 1), (4, 4, 2), (4, 3, 2), (4, 3, 3)][(3, 4, 1), (3, 4, 2), (3, 4, 3), (4, 4, 3), (4, 4, 4)][(0, 1, 1), (0, 2, 1), (0, 3, 1), (0, 3, 0), (0, 4, 0)][(0, 1, 3), (0, 2, 3), (0, 3, 3), (0, 3, 4), (0, 4, 4)][(0, 4, 3), (1, 4, 3), (2, 4, 3), (2, 4, 4), (3, 4, 4)][(0, 4, 2), (1, 4, 2), (2, 4, 2), (2, 3, 2), (3, 3, 2)][(3, 4, 0), (2, 4, 0), (1, 4, 0), (1, 4, 1), (0, 4, 1)][(1, 4, 4), (1, 3, 4), (1, 2, 4), (0, 2, 4), (0, 1, 4)][(0, 3, 2), (0, 2, 2), (0, 1, 2), (1, 1, 2), (1, 0, 2)][(0, 0, 3), (0, 0, 2), (0, 0, 1), (1, 0, 1), (1, 0, 0)][(0, 0, 0), (0, 1, 0), (0, 2, 0), (1, 2, 0), (1, 3, 0)][(2, 0, 2), (2, 1, 2), (2, 2, 2), (1, 2, 2), (1, 3, 2)][(3, 0, 3), (2, 0, 3), (1, 0, 3), (1, 0, 4), (0, 0, 4)][(4, 3, 4), (3, 3, 4), (2, 3, 4), (2, 3, 3), (1, 3, 3)][(4, 0, 4), (3, 0, 4), (2, 0, 4), (2, 1, 4), (1, 1, 4)][(4, 2, 4), (3, 2, 4), (2, 2, 4), (2, 2, 3), (1, 2, 3)][(1, 1, 3), (2, 1, 3), (3, 1, 3), (3, 1, 4), (4, 1, 4)][(4, 0, 3), (4, 1, 3), (4, 2, 3), (3, 2, 3), (3, 3, 3)][(4, 0, 2), (4, 1, 2), (4, 2, 2), (4, 2, 1), (4, 3, 1)][(3, 0, 2), (3, 1, 2), (3, 2, 2), (3, 2, 1), (3, 3, 1)][(4, 3, 0), (4, 2, 0), (4, 1, 0), (4, 1, 1), (4, 0, 1)][(4, 0, 0), (3, 0, 0), (2, 0, 0), (2, 1, 0), (1, 1, 0)][(3, 3, 0), (3, 2, 0), (3, 1, 0), (3, 1, 1), (3, 0, 1)][(2, 0, 1), (2, 1, 1), (2, 2, 1), (2, 2, 0), (2, 3, 0)][(1, 1, 1), (1, 2, 1), (1, 3, 1), (2, 3, 1), (2, 4, 1)]
151
[(4, 4, 0), (4, 4, 1), (4, 4, 2), (4, 3, 2), (4, 3, 3)][(3, 4, 1), (3, 4, 2), (3, 4, 3), (4, 4, 3), (4, 4, 4)][(0, 4, 0), (0, 4, 1), (0, 4, 2), (1, 4, 2), (1, 4, 3)][(0, 4, 4), (0, 3, 4), (0, 2, 4), (0, 2, 3), (0, 1, 3)][(0, 1, 2), (0, 2, 2), (0, 3, 2), (0, 3, 3), (0, 4, 3)][(1, 4, 4), (2, 4, 4), (3, 4, 4), (3, 3, 4), (4, 3, 4)][(1, 3, 4), (1, 2, 4), (1, 1, 4), (0, 1, 4), (0, 0, 4)][(4, 1, 1), (4, 1, 2), (4, 1, 3), (4, 0, 3), (4, 0, 4)][(4, 1, 4), (3, 1, 4), (2, 1, 4), (2, 0, 4), (1, 0, 4)][(4, 2, 4), (4, 2, 3), (4, 2, 2), (3, 2, 2), (3, 2, 1)][(4, 0, 0), (4, 1, 0), (4, 2, 0), (4, 2, 1), (4, 3, 1)][(3, 3, 1), (3, 3, 2), (3, 3, 3), (3, 2, 3), (3, 2, 4)][(1, 4, 0), (2, 4, 0), (3, 4, 0), (3, 3, 0), (4, 3, 0)][(3, 0, 4), (3, 0, 3), (3, 0, 2), (4, 0, 2), (4, 0, 1)][(0, 0, 3), (0, 0, 2), (0, 0, 1), (1, 0, 1), (1, 0, 0)][(3, 1, 3), (3, 1, 2), (3, 1, 1), (3, 0, 1), (3, 0, 0)][(0, 3, 0), (1, 3, 0), (2, 3, 0), (2, 2, 0), (3, 2, 0)][(0, 0, 0), (0, 1, 0), (0, 2, 0), (0, 2, 1), (0, 3, 1)][(0, 1, 1), (1, 1, 1), (2, 1, 1), (2, 1, 0), (3, 1, 0)][(1, 4, 1), (1, 3, 1), (1, 2, 1), (1, 2, 0), (1, 1, 0)][(2, 0, 0), (2, 0, 1), (2, 0, 2), (1, 0, 2), (1, 0, 3)][(1, 1, 2), (1, 2, 2), (1, 3, 2), (2, 3, 2), (2, 4, 2)][(2, 0, 3), (2, 1, 3), (2, 2, 3), (2, 2, 4), (2, 3, 4)][(1, 1, 3), (1, 2, 3), (1, 3, 3), (2, 3, 3), (2, 4, 3)][(2, 4, 1), (2, 3, 1), (2, 2, 1), (2, 2, 2), (2, 1, 2)]
152
[(4, 4, 0), (4, 4, 1), (4, 4, 2), (4, 3, 2), (4, 3, 3)][(3, 4, 1), (3, 4, 2), (3, 4, 3), (4, 4, 3), (4, 4, 4)][(0, 4, 0), (0, 4, 1), (0, 4, 2), (0, 3, 2), (0, 3, 3)][(3, 4, 4), (2, 4, 4), (1, 4, 4), (1, 4, 3), (0, 4, 3)][(0, 4, 4), (0, 3, 4), (0, 2, 4), (0, 2, 3), (0, 1, 3)][(1, 3, 4), (1, 2, 4), (1, 1, 4), (0, 1, 4), (0, 0, 4)][(4, 0, 3), (4, 1, 3), (4, 2, 3), (4, 2, 4), (4, 3, 4)][(3, 3, 4), (3, 2, 4), (3, 1, 4), (4, 1, 4), (4, 0, 4)][(3, 0, 4), (3, 0, 3), (3, 0, 2), (4, 0, 2), (4, 0, 1)][(2, 0, 4), (2, 0, 3), (2, 0, 2), (2, 1, 2), (2, 1, 1)][(4, 1, 0), (4, 1, 1), (4, 1, 2), (3, 1, 2), (3, 1, 3)][(1, 0, 1), (2, 0, 1), (3, 0, 1), (3, 0, 0), (4, 0, 0)][(0, 0, 1), (0, 0, 2), (0, 0, 3), (1, 0, 3), (1, 0, 4)][(1, 4, 2), (1, 3, 2), (1, 2, 2), (0, 2, 2), (0, 1, 2)][(1, 3, 3), (1, 2, 3), (1, 1, 3), (1, 1, 2), (1, 0, 2)][(4, 2, 0), (4, 2, 1), (4, 2, 2), (3, 2, 2), (3, 2, 3)][(2, 1, 4), (2, 2, 4), (2, 3, 4), (2, 3, 3), (2, 4, 3)][(2, 4, 2), (2, 3, 2), (2, 2, 2), (2, 2, 3), (2, 1, 3)][(3, 3, 3), (3, 3, 2), (3, 3, 1), (4, 3, 1), (4, 3, 0)][(3, 4, 0), (3, 3, 0), (3, 2, 0), (3, 2, 1), (3, 1, 1)][(2, 4, 0), (2, 3, 0), (2, 2, 0), (1, 2, 0), (1, 1, 0)][(0, 0, 0), (1, 0, 0), (2, 0, 0), (2, 1, 0), (3, 1, 0)][(0, 1, 0), (0, 2, 0), (0, 3, 0), (1, 3, 0), (1, 4, 0)][(0, 1, 1), (0, 2, 1), (0, 3, 1), (1, 3, 1), (1, 4, 1)][(2, 4, 1), (2, 3, 1), (2, 2, 1), (1, 2, 1), (1, 1, 1)]
153
[(4, 4, 0), (4, 4, 1), (4, 4, 2), (4, 3, 2), (4, 3, 3)][(3, 4, 1), (3, 4, 2), (3, 4, 3), (4, 4, 3), (4, 4, 4)][(1, 4, 3), (1, 4, 2), (1, 4, 1), (0, 4, 1), (0, 4, 0)][(0, 3, 0), (0, 3, 1), (0, 3, 2), (0, 4, 2), (0, 4, 3)][(0, 4, 4), (0, 3, 4), (0, 2, 4), (1, 2, 4), (1, 1, 4)][(1, 4, 4), (2, 4, 4), (3, 4, 4), (3, 3, 4), (4, 3, 4)][(4, 2, 4), (3, 2, 4), (2, 2, 4), (2, 3, 4), (1, 3, 4)][(4, 1, 1), (4, 1, 2), (4, 1, 3), (4, 0, 3), (4, 0, 4)][(4, 1, 4), (3, 1, 4), (2, 1, 4), (2, 0, 4), (1, 0, 4)][(3, 0, 4), (3, 0, 3), (3, 0, 2), (4, 0, 2), (4, 0, 1)][(1, 0, 1), (1, 0, 2), (1, 0, 3), (0, 0, 3), (0, 0, 4)][(1, 1, 0), (2, 1, 0), (3, 1, 0), (3, 0, 0), (4, 0, 0)][(0, 0, 0), (1, 0, 0), (2, 0, 0), (2, 0, 1), (3, 0, 1)][(3, 4, 0), (3, 3, 0), (3, 2, 0), (4, 2, 0), (4, 1, 0)][(4, 2, 3), (4, 2, 2), (4, 2, 1), (4, 3, 1), (4, 3, 0)][(1, 4, 0), (1, 3, 0), (1, 2, 0), (0, 2, 0), (0, 1, 0)][(0, 0, 1), (0, 1, 1), (0, 2, 1), (1, 2, 1), (1, 3, 1)][(3, 1, 1), (3, 2, 1), (3, 3, 1), (2, 3, 1), (2, 4, 1)][(2, 4, 0), (2, 3, 0), (2, 2, 0), (2, 2, 1), (2, 1, 1)][(1, 1, 1), (1, 1, 2), (1, 1, 3), (0, 1, 3), (0, 1, 4)][(0, 0, 2), (0, 1, 2), (0, 2, 2), (0, 2, 3), (0, 3, 3)][(2, 0, 2), (2, 1, 2), (2, 2, 2), (1, 2, 2), (1, 3, 2)][(3, 1, 2), (3, 2, 2), (3, 3, 2), (2, 3, 2), (2, 4, 2)][(2, 0, 3), (2, 1, 3), (2, 2, 3), (1, 2, 3), (1, 3, 3)][(3, 1, 3), (3, 2, 3), (3, 3, 3), (2, 3, 3), (2, 4, 3)]
154
[(4, 4, 0), (4, 4, 1), (4, 4, 2), (4, 3, 2), (4, 3, 3)][(3, 4, 1), (3, 4, 2), (3, 4, 3), (4, 4, 3), (4, 4, 4)][(1, 4, 3), (1, 4, 2), (1, 4, 1), (0, 4, 1), (0, 4, 0)][(0, 4, 4), (0, 4, 3), (0, 4, 2), (0, 3, 2), (0, 3, 1)][(3, 4, 4), (2, 4, 4), (1, 4, 4), (1, 3, 4), (0, 3, 4)][(4, 0, 3), (4, 1, 3), (4, 2, 3), (4, 2, 4), (4, 3, 4)][(3, 3, 4), (3, 2, 4), (3, 1, 4), (4, 1, 4), (4, 0, 4)][(0, 0, 4), (0, 1, 4), (0, 2, 4), (0, 2, 3), (0, 3, 3)][(3, 0, 4), (3, 0, 3), (3, 0, 2), (4, 0, 2), (4, 0, 1)][(2, 0, 4), (2, 0, 3), (2, 0, 2), (1, 0, 2), (1, 0, 1)][(0, 0, 1), (0, 0, 2), (0, 0, 3), (1, 0, 3), (1, 0, 4)][(0, 0, 0), (1, 0, 0), (2, 0, 0), (2, 0, 1), (3, 0, 1)][(1, 1, 0), (2, 1, 0), (3, 1, 0), (3, 0, 0), (4, 0, 0)][(0, 1, 0), (0, 2, 0), (0, 3, 0), (1, 3, 0), (1, 4, 0)][(2, 4, 0), (2, 3, 0), (2, 2, 0), (2, 2, 1), (2, 1, 1)][(1, 2, 4), (1, 2, 3), (1, 2, 2), (0, 2, 2), (0, 2, 1)][(1, 3, 3), (1, 3, 2), (1, 3, 1), (1, 2, 1), (1, 2, 0)][(3, 3, 3), (3, 3, 2), (3, 3, 1), (4, 3, 1), (4, 3, 0)][(4, 2, 0), (4, 2, 1), (4, 2, 2), (3, 2, 2), (3, 2, 3)][(3, 4, 0), (3, 3, 0), (3, 2, 0), (3, 2, 1), (3, 1, 1)][(4, 1, 0), (4, 1, 1), (4, 1, 2), (3, 1, 2), (3, 1, 3)][(0, 1, 1), (0, 1, 2), (0, 1, 3), (1, 1, 3), (1, 1, 4)][(2, 1, 4), (2, 1, 3), (2, 1, 2), (1, 1, 2), (1, 1, 1)][(2, 4, 1), (2, 4, 2), (2, 4, 3), (2, 3, 3), (2, 3, 4)][(2, 2, 4), (2, 2, 3), (2, 2, 2), (2, 3, 2), (2, 3, 1)]
155
[(4, 4, 0), (4, 4, 1), (4, 4, 2), (4, 3, 2), (4, 3, 3)][(3, 4, 1), (3, 4, 2), (3, 4, 3), (4, 4, 3), (4, 4, 4)][(1, 4, 3), (1, 4, 2), (1, 4, 1), (0, 4, 1), (0, 4, 0)][(0, 4, 4), (0, 4, 3), (0, 4, 2), (0, 3, 2), (0, 3, 1)][(1, 4, 4), (1, 3, 4), (1, 2, 4), (1, 2, 3), (1, 1, 3)][(1, 3, 1), (1, 3, 2), (1, 3, 3), (0, 3, 3), (0, 3, 4)][(0, 2, 4), (0, 2, 3), (0, 2, 2), (1, 2, 2), (1, 2, 1)][(0, 0, 1), (0, 1, 1), (0, 2, 1), (0, 2, 0), (0, 3, 0)][(0, 1, 4), (0, 1, 3), (0, 1, 2), (1, 1, 2), (1, 1, 1)][(1, 4, 0), (2, 4, 0), (3, 4, 0), (3, 3, 0), (4, 3, 0)][(4, 1, 4), (4, 2, 4), (4, 3, 4), (3, 3, 4), (3, 4, 4)][(2, 4, 4), (2, 3, 4), (2, 2, 4), (2, 2, 3), (2, 1, 3)][(3, 1, 4), (2, 1, 4), (1, 1, 4), (1, 0, 4), (0, 0, 4)][(1, 0, 0), (1, 0, 1), (1, 0, 2), (0, 0, 2), (0, 0, 3)][(1, 3, 0), (1, 2, 0), (1, 1, 0), (0, 1, 0), (0, 0, 0)][(4, 0, 4), (3, 0, 4), (2, 0, 4), (2, 0, 3), (1, 0, 3)][(2, 0, 0), (2, 0, 1), (2, 0, 2), (3, 0, 2), (3, 0, 3)][(4, 0, 0), (4, 1, 0), (4, 2, 0), (4, 2, 1), (4, 3, 1)][(3, 2, 0), (3, 2, 1), (3, 2, 2), (4, 2, 2), (4, 2, 3)][(4, 1, 3), (4, 1, 2), (4, 1, 1), (3, 1, 1), (3, 1, 0)][(2, 1, 0), (2, 1, 1), (2, 1, 2), (3, 1, 2), (3, 1, 3)][(3, 3, 1), (3, 3, 2), (3, 3, 3), (3, 2, 3), (3, 2, 4)][(4, 0, 3), (4, 0, 2), (4, 0, 1), (3, 0, 1), (3, 0, 0)][(2, 4, 3), (2, 4, 2), (2, 4, 1), (2, 3, 1), (2, 3, 0)][(2, 2, 0), (2, 2, 1), (2, 2, 2), (2, 3, 2), (2, 3, 3)]
156
[(4, 4, 0), (4, 4, 1), (4, 4, 2), (4, 3, 2), (4, 3, 3)][(3, 4, 1), (3, 4, 2), (3, 4, 3), (4, 4, 3), (4, 4, 4)][(1, 1, 0), (1, 2, 0), (1, 3, 0), (0, 3, 0), (0, 4, 0)][(0, 0, 0), (0, 1, 0), (0, 2, 0), (0, 2, 1), (0, 3, 1)][(0, 1, 3), (0, 2, 3), (0, 3, 3), (0, 3, 4), (0, 4, 4)][(0, 4, 3), (1, 4, 3), (2, 4, 3), (2, 4, 4), (3, 4, 4)][(0, 4, 2), (0, 3, 2), (0, 2, 2), (1, 2, 2), (1, 1, 2)][(0, 0, 4), (0, 0, 3), (0, 0, 2), (0, 1, 2), (0, 1, 1)][(3, 4, 0), (2, 4, 0), (1, 4, 0), (1, 4, 1), (0, 4, 1)][(1, 1, 1), (1, 2, 1), (1, 3, 1), (1, 3, 2), (1, 4, 2)][(1, 4, 4), (1, 3, 4), (1, 2, 4), (0, 2, 4), (0, 1, 4)][(3, 0, 0), (2, 0, 0), (1, 0, 0), (1, 0, 1), (0, 0, 1)][(4, 2, 3), (4, 2, 2), (4, 2, 1), (4, 3, 1), (4, 3, 0)][(4, 0, 0), (4, 1, 0), (4, 2, 0), (3, 2, 0), (3, 3, 0)][(1, 3, 3), (1, 2, 3), (1, 1, 3), (1, 1, 4), (1, 0, 4)][(4, 3, 4), (4, 2, 4), (4, 1, 4), (3, 1, 4), (3, 0, 4)][(4, 0, 1), (3, 0, 1), (2, 0, 1), (2, 0, 2), (1, 0, 2)][(4, 0, 4), (4, 0, 3), (4, 0, 2), (4, 1, 2), (4, 1, 1)][(4, 1, 3), (3, 1, 3), (2, 1, 3), (2, 0, 3), (1, 0, 3)][(3, 1, 0), (3, 1, 1), (3, 1, 2), (3, 0, 2), (3, 0, 3)][(2, 0, 4), (2, 1, 4), (2, 2, 4), (3, 2, 4), (3, 3, 4)][(3, 2, 3), (3, 2, 2), (3, 2, 1), (2, 2, 1), (2, 2, 0)][(2, 3, 4), (2, 3, 3), (2, 3, 2), (2, 4, 2), (2, 4, 1)][(3, 3, 3), (3, 3, 2), (3, 3, 1), (2, 3, 1), (2, 3, 0)][(2, 1, 0), (2, 1, 1), (2, 1, 2), (2, 2, 2), (2, 2, 3)]
157
[(4, 4, 0), (4, 4, 1), (4, 4, 2), (4, 3, 2), (4, 3, 3)][(3, 4, 1), (3, 4, 2), (3, 4, 3), (4, 4, 3), (4, 4, 4)][(1, 1, 0), (1, 2, 0), (1, 3, 0), (0, 3, 0), (0, 4, 0)][(0, 0, 0), (0, 1, 0), (0, 2, 0), (0, 2, 1), (0, 3, 1)][(1, 4, 1), (1, 4, 2), (1, 4, 3), (0, 4, 3), (0, 4, 4)][(0, 3, 4), (0, 3, 3), (0, 3, 2), (0, 4, 2), (0, 4, 1)][(1, 4, 0), (2, 4, 0), (3, 4, 0), (3, 3, 0), (4, 3, 0)][(1, 4, 4), (1, 3, 4), (1, 2, 4), (0, 2, 4), (0, 1, 4)][(2, 4, 4), (2, 3, 4), (2, 2, 4), (2, 2, 3), (2, 1, 3)][(0, 0, 3), (0, 1, 3), (0, 2, 3), (1, 2, 3), (1, 3, 3)][(4, 1, 4), (4, 2, 4), (4, 3, 4), (3, 3, 4), (3, 4, 4)][(2, 4, 3), (2, 4, 2), (2, 4, 1), (2, 3, 1), (2, 3, 0)][(2, 2, 0), (2, 2, 1), (2, 2, 2), (2, 3, 2), (2, 3, 3)][(0, 0, 2), (0, 1, 2), (0, 2, 2), (1, 2, 2), (1, 3, 2)][(1, 3, 1), (1, 2, 1), (1, 1, 1), (0, 1, 1), (0, 0, 1)][(3, 1, 4), (2, 1, 4), (1, 1, 4), (1, 0, 4), (0, 0, 4)][(1, 0, 0), (1, 0, 1), (1, 0, 2), (1, 1, 2), (1, 1, 3)][(2, 0, 0), (2, 0, 1), (2, 0, 2), (3, 0, 2), (3, 0, 3)][(4, 0, 4), (3, 0, 4), (2, 0, 4), (2, 0, 3), (1, 0, 3)][(2, 1, 0), (2, 1, 1), (2, 1, 2), (3, 1, 2), (3, 1, 3)][(4, 0, 3), (4, 0, 2), (4, 0, 1), (3, 0, 1), (3, 0, 0)][(4, 1, 3), (4, 1, 2), (4, 1, 1), (3, 1, 1), (3, 1, 0)][(4, 0, 0), (4, 1, 0), (4, 2, 0), (4, 2, 1), (4, 3, 1)][(3, 2, 0), (3, 2, 1), (3, 2, 2), (4, 2, 2), (4, 2, 3)][(3, 3, 1), (3, 3, 2), (3, 3, 3), (3, 2, 3), (3, 2, 4)]
158
[(4, 4, 0), (4, 4, 1), (4, 4, 2), (4, 3, 2), (4, 3, 3)][(1, 4, 2), (2, 4, 2), (3, 4, 2), (3, 4, 3), (4, 4, 3)][(4, 4, 4), (3, 4, 4), (2, 4, 4), (2, 4, 3), (1, 4, 3)][(3, 3, 4), (2, 3, 4), (1, 3, 4), (1, 4, 4), (0, 4, 4)][(4, 3, 4), (4, 2, 4), (4, 1, 4), (3, 1, 4), (3, 0, 4)][(4, 1, 1), (4, 1, 2), (4, 1, 3), (4, 0, 3), (4, 0, 4)][(4, 0, 0), (4, 0, 1), (4, 0, 2), (3, 0, 2), (3, 0, 3)][(2, 0, 4), (2, 0, 3), (2, 0, 2), (2, 1, 2), (2, 1, 1)][(3, 1, 1), (3, 1, 2), (3, 1, 3), (2, 1, 3), (2, 1, 4)][(0, 0, 0), (1, 0, 0), (2, 0, 0), (2, 0, 1), (3, 0, 1)][(4, 3, 0), (4, 2, 0), (4, 1, 0), (3, 1, 0), (3, 0, 0)][(0, 4, 0), (1, 4, 0), (2, 4, 0), (2, 4, 1), (3, 4, 1)][(3, 4, 0), (3, 3, 0), (3, 2, 0), (2, 2, 0), (2, 1, 0)][(4, 3, 1), (3, 3, 1), (2, 3, 1), (2, 3, 0), (1, 3, 0)][(4, 2, 1), (3, 2, 1), (2, 2, 1), (2, 2, 2), (1, 2, 2)][(1, 3, 2), (2, 3, 2), (3, 3, 2), (3, 2, 2), (4, 2, 2)][(1, 4, 1), (1, 3, 1), (1, 2, 1), (1, 2, 0), (1, 1, 0)][(1, 3, 3), (2, 3, 3), (3, 3, 3), (3, 2, 3), (4, 2, 3)][(0, 2, 3), (1, 2, 3), (2, 2, 3), (2, 2, 4), (3, 2, 4)][(1, 0, 4), (1, 1, 4), (1, 2, 4), (0, 2, 4), (0, 3, 4)][(1, 0, 1), (1, 0, 2), (1, 0, 3), (0, 0, 3), (0, 0, 4)][(0, 2, 0), (0, 2, 1), (0, 2, 2), (0, 3, 2), (0, 3, 3)][(0, 4, 3), (0, 4, 2), (0, 4, 1), (0, 3, 1), (0, 3, 0)][(0, 1, 4), (0, 1, 3), (0, 1, 2), (0, 0, 2), (0, 0, 1)][(1, 1, 3), (1, 1, 2), (1, 1, 1), (0, 1, 1), (0, 1, 0)]
159
[(4, 4, 0), (4, 4, 1), (4, 4, 2), (4, 3, 2), (4, 3, 3)][(1, 3, 3), (2, 3, 3), (3, 3, 3), (3, 4, 3), (4, 4, 3)][(1, 3, 4), (2, 3, 4), (3, 3, 4), (3, 4, 4), (4, 4, 4)][(4, 0, 3), (4, 1, 3), (4, 2, 3), (4, 2, 4), (4, 3, 4)][(2, 4, 4), (2, 4, 3), (2, 4, 2), (3, 4, 2), (3, 4, 1)][(1, 4, 4), (1, 4, 3), (1, 4, 2), (1, 3, 2), (1, 3, 1)][(1, 0, 3), (2, 0, 3), (3, 0, 3), (3, 0, 4), (4, 0, 4)][(4, 1, 4), (3, 1, 4), (2, 1, 4), (2, 0, 4), (1, 0, 4)][(0, 4, 4), (0, 3, 4), (0, 2, 4), (1, 2, 4), (1, 1, 4)][(0, 3, 3), (0, 2, 3), (0, 1, 3), (0, 1, 4), (0, 0, 4)][(0, 3, 0), (0, 3, 1), (0, 3, 2), (0, 4, 2), (0, 4, 3)][(3, 3, 0), (2, 3, 0), (1, 3, 0), (1, 4, 0), (0, 4, 0)][(0, 4, 1), (1, 4, 1), (2, 4, 1), (2, 4, 0), (3, 4, 0)][(4, 3, 0), (4, 2, 0), (4, 1, 0), (4, 1, 1), (4, 0, 1)][(1, 1, 0), (2, 1, 0), (3, 1, 0), (3, 0, 0), (4, 0, 0)][(0, 0, 0), (1, 0, 0), (2, 0, 0), (2, 0, 1), (3, 0, 1)][(0, 1, 0), (0, 1, 1), (0, 1, 2), (0, 0, 2), (0, 0, 3)][(3, 0, 2), (2, 0, 2), (1, 0, 2), (1, 0, 1), (0, 0, 1)][(2, 2, 4), (2, 2, 3), (2, 2, 2), (2, 3, 2), (2, 3, 1)][(3, 2, 4), (3, 2, 3), (3, 2, 2), (3, 3, 2), (3, 3, 1)][(4, 0, 2), (4, 1, 2), (4, 2, 2), (4, 2, 1), (4, 3, 1)][(2, 1, 3), (2, 1, 2), (2, 1, 1), (2, 2, 1), (2, 2, 0)][(3, 1, 3), (3, 1, 2), (3, 1, 1), (3, 2, 1), (3, 2, 0)][(0, 2, 0), (0, 2, 1), (0, 2, 2), (1, 2, 2), (1, 2, 3)][(1, 1, 3), (1, 1, 2), (1, 1, 1), (1, 2, 1), (1, 2, 0)]
160
[(4, 4, 0), (4, 4, 1), (4, 4, 2), (4, 3, 2), (4, 3, 3)][(4, 4, 3), (3, 4, 3), (2, 4, 3), (2, 4, 2), (1, 4, 2)][(4, 4, 4), (4, 3, 4), (4, 2, 4), (3, 2, 4), (3, 1, 4)][(3, 4, 4), (2, 4, 4), (1, 4, 4), (1, 4, 3), (0, 4, 3)][(0, 4, 4), (0, 3, 4), (0, 2, 4), (0, 2, 3), (0, 1, 3)][(0, 4, 0), (0, 4, 1), (0, 4, 2), (0, 3, 2), (0, 3, 3)][(1, 3, 4), (1, 2, 4), (1, 1, 4), (0, 1, 4), (0, 0, 4)][(3, 3, 4), (3, 3, 3), (3, 3, 2), (3, 4, 2), (3, 4, 1)][(4, 0, 4), (4, 0, 3), (4, 0, 2), (4, 1, 2), (4, 1, 1)][(4, 2, 1), (4, 2, 2), (4, 2, 3), (4, 1, 3), (4, 1, 4)][(2, 3, 4), (2, 3, 3), (2, 3, 2), (2, 2, 2), (2, 2, 1)][(3, 2, 1), (3, 2, 2), (3, 2, 3), (2, 2, 3), (2, 2, 4)][(4, 3, 1), (3, 3, 1), (2, 3, 1), (2, 4, 1), (1, 4, 1)][(0, 0, 2), (0, 1, 2), (0, 2, 2), (1, 2, 2), (1, 3, 2)][(1, 3, 3), (1, 2, 3), (1, 1, 3), (1, 1, 2), (1, 0, 2)][(3, 0, 4), (2, 0, 4), (1, 0, 4), (1, 0, 3), (0, 0, 3)][(3, 1, 1), (3, 1, 2), (3, 1, 3), (2, 1, 3), (2, 1, 4)][(2, 1, 0), (2, 1, 1), (2, 1, 2), (2, 0, 2), (2, 0, 3)][(3, 0, 3), (3, 0, 2), (3, 0, 1), (4, 0, 1), (4, 0, 0)][(0, 0, 1), (1, 0, 1), (2, 0, 1), (2, 0, 0), (3, 0, 0)][(0, 3, 1), (0, 2, 1), (0, 1, 1), (0, 1, 0), (0, 0, 0)][(2, 4, 0), (2, 3, 0), (2, 2, 0), (3, 2, 0), (3, 1, 0)][(4, 1, 0), (4, 2, 0), (4, 3, 0), (3, 3, 0), (3, 4, 0)][(1, 0, 0), (1, 1, 0), (1, 2, 0), (0, 2, 0), (0, 3, 0)][(1, 1, 1), (1, 2, 1), (1, 3, 1), (1, 3, 0), (1, 4, 0)]
161
[(4, 4, 0), (3, 4, 0), (2, 4, 0), (2, 3, 0), (1, 3, 0)][(3, 4, 1), (2, 4, 1), (1, 4, 1), (1, 4, 0), (0, 4, 0)][(0, 4, 4), (0, 3, 4), (0, 2, 4), (0, 2, 3), (0, 1, 3)][(1, 3, 4), (1, 2, 4), (1, 1, 4), (0, 1, 4), (0, 0, 4)][(3, 1, 4), (3, 2, 4), (3, 3, 4), (4, 3, 4), (4, 4, 4)][(1, 4, 4), (1, 4, 3), (1, 4, 2), (0, 4, 2), (0, 4, 1)][(0, 1, 2), (0, 2, 2), (0, 3, 2), (0, 3, 3), (0, 4, 3)][(2, 4, 4), (2, 4, 3), (2, 4, 2), (2, 3, 2), (2, 3, 1)][(3, 4, 4), (3, 4, 3), (3, 4, 2), (4, 4, 2), (4, 4, 1)][(1, 3, 1), (1, 3, 2), (1, 3, 3), (2, 3, 3), (2, 3, 4)][(0, 3, 1), (0, 2, 1), (0, 1, 1), (0, 1, 0), (0, 0, 0)][(1, 0, 0), (1, 1, 0), (1, 2, 0), (0, 2, 0), (0, 3, 0)][(4, 4, 3), (4, 3, 3), (4, 2, 3), (4, 2, 4), (4, 1, 4)][(1, 2, 1), (1, 2, 2), (1, 2, 3), (2, 2, 3), (2, 2, 4)][(2, 2, 0), (2, 2, 1), (2, 2, 2), (3, 2, 2), (3, 2, 3)][(4, 3, 0), (4, 3, 1), (4, 3, 2), (3, 3, 2), (3, 3, 3)][(4, 2, 0), (4, 2, 1), (4, 2, 2), (4, 1, 2), (4, 1, 3)][(4, 0, 4), (4, 0, 3), (4, 0, 2), (3, 0, 2), (3, 0, 1)][(3, 3, 1), (3, 2, 1), (3, 1, 1), (4, 1, 1), (4, 0, 1)][(3, 3, 0), (3, 2, 0), (3, 1, 0), (4, 1, 0), (4, 0, 0)][(0, 0, 1), (1, 0, 1), (2, 0, 1), (2, 0, 0), (3, 0, 0)][(0, 0, 2), (1, 0, 2), (2, 0, 2), (2, 0, 3), (3, 0, 3)][(2, 1, 0), (2, 1, 1), (2, 1, 2), (3, 1, 2), (3, 1, 3)][(3, 0, 4), (2, 0, 4), (1, 0, 4), (1, 0, 3), (0, 0, 3)][(1, 1, 1), (1, 1, 2), (1, 1, 3), (2, 1, 3), (2, 1, 4)]
162
[(4, 4, 0), (3, 4, 0), (2, 4, 0), (2, 3, 0), (1, 3, 0)][(3, 4, 1), (2, 4, 1), (1, 4, 1), (1, 4, 0), (0, 4, 0)][(0, 4, 4), (0, 3, 4), (0, 2, 4), (0, 2, 3), (0, 1, 3)][(1, 3, 4), (1, 2, 4), (1, 1, 4), (0, 1, 4), (0, 0, 4)][(3, 1, 4), (3, 2, 4), (3, 3, 4), (4, 3, 4), (4, 4, 4)][(1, 4, 4), (1, 4, 3), (1, 4, 2), (1, 3, 2), (1, 3, 1)][(2, 4, 4), (2, 4, 3), (2, 4, 2), (2, 3, 2), (2, 3, 1)][(2, 3, 4), (2, 2, 4), (2, 1, 4), (2, 1, 3), (2, 0, 3)][(1, 0, 4), (2, 0, 4), (3, 0, 4), (3, 0, 3), (4, 0, 3)][(4, 0, 4), (4, 1, 4), (4, 2, 4), (4, 2, 3), (4, 3, 3)][(4, 4, 1), (4, 4, 2), (4, 4, 3), (3, 4, 3), (3, 4, 4)][(1, 1, 3), (1, 2, 3), (1, 3, 3), (0, 3, 3), (0, 4, 3)][(2, 0, 2), (2, 1, 2), (2, 2, 2), (2, 2, 3), (2, 3, 3)][(0, 4, 2), (0, 3, 2), (0, 2, 2), (1, 2, 2), (1, 1, 2)][(0, 1, 0), (0, 1, 1), (0, 1, 2), (0, 0, 2), (0, 0, 3)][(1, 0, 0), (1, 1, 0), (1, 2, 0), (0, 2, 0), (0, 3, 0)][(0, 4, 1), (0, 3, 1), (0, 2, 1), (1, 2, 1), (1, 1, 1)][(1, 0, 3), (1, 0, 2), (1, 0, 1), (0, 0, 1), (0, 0, 0)][(2, 0, 1), (2, 1, 1), (2, 2, 1), (3, 2, 1), (3, 3, 1)][(2, 0, 0), (2, 1, 0), (2, 2, 0), (3, 2, 0), (3, 3, 0)][(4, 3, 0), (4, 2, 0), (4, 1, 0), (3, 1, 0), (3, 0, 0)][(4, 0, 0), (4, 0, 1), (4, 0, 2), (4, 1, 2), (4, 1, 3)][(3, 0, 2), (3, 1, 2), (3, 2, 2), (4, 2, 2), (4, 3, 2)][(4, 3, 1), (4, 2, 1), (4, 1, 1), (3, 1, 1), (3, 0, 1)][(3, 1, 3), (3, 2, 3), (3, 3, 3), (3, 3, 2), (3, 4, 2)]
163
[(4, 4, 0), (3, 4, 0), (2, 4, 0), (2, 3, 0), (1, 3, 0)][(3, 4, 1), (2, 4, 1), (1, 4, 1), (1, 4, 0), (0, 4, 0)][(0, 4, 4), (0, 3, 4), (0, 2, 4), (0, 2, 3), (0, 1, 3)][(3, 1, 3), (2, 1, 3), (1, 1, 3), (1, 1, 4), (0, 1, 4)][(3, 0, 3), (2, 0, 3), (1, 0, 3), (1, 0, 4), (0, 0, 4)][(0, 1, 0), (0, 1, 1), (0, 1, 2), (0, 0, 2), (0, 0, 3)][(2, 0, 4), (2, 1, 4), (2, 2, 4), (1, 2, 4), (1, 3, 4)][(3, 0, 4), (3, 1, 4), (3, 2, 4), (3, 2, 3), (3, 3, 3)][(3, 1, 0), (2, 1, 0), (1, 1, 0), (1, 0, 0), (0, 0, 0)][(0, 0, 1), (1, 0, 1), (2, 0, 1), (2, 0, 0), (3, 0, 0)][(0, 4, 3), (0, 4, 2), (0, 4, 1), (0, 3, 1), (0, 3, 0)][(4, 1, 3), (4, 1, 2), (4, 1, 1), (4, 0, 1), (4, 0, 0)][(4, 0, 4), (4, 0, 3), (4, 0, 2), (3, 0, 2), (3, 0, 1)][(4, 4, 1), (4, 3, 1), (4, 2, 1), (4, 2, 0), (4, 1, 0)][(1, 2, 0), (2, 2, 0), (3, 2, 0), (3, 3, 0), (4, 3, 0)][(4, 4, 3), (4, 3, 3), (4, 2, 3), (4, 2, 4), (4, 1, 4)][(1, 4, 3), (2, 4, 3), (3, 4, 3), (3, 4, 4), (4, 4, 4)][(4, 3, 4), (3, 3, 4), (2, 3, 4), (2, 4, 4), (1, 4, 4)][(2, 0, 2), (2, 1, 2), (2, 2, 2), (2, 2, 3), (2, 3, 3)][(1, 0, 2), (1, 1, 2), (1, 2, 2), (1, 2, 3), (1, 3, 3)][(0, 2, 0), (0, 2, 1), (0, 2, 2), (0, 3, 2), (0, 3, 3)][(2, 1, 1), (2, 2, 1), (2, 3, 1), (2, 3, 2), (2, 4, 2)][(4, 4, 2), (4, 3, 2), (4, 2, 2), (3, 2, 2), (3, 1, 2)][(1, 1, 1), (1, 2, 1), (1, 3, 1), (1, 3, 2), (1, 4, 2)][(3, 1, 1), (3, 2, 1), (3, 3, 1), (3, 3, 2), (3, 4, 2)]
164
[(4, 4, 0), (3, 4, 0), (2, 4, 0), (2, 3, 0), (1, 3, 0)][(3, 4, 1), (2, 4, 1), (1, 4, 1), (1, 4, 0), (0, 4, 0)][(0, 4, 4), (0, 3, 4), (0, 2, 4), (1, 2, 4), (1, 1, 4)][(0, 3, 3), (0, 2, 3), (0, 1, 3), (0, 1, 4), (0, 0, 4)][(0, 3, 1), (0, 2, 1), (0, 1, 1), (0, 1, 0), (0, 0, 0)][(1, 0, 0), (1, 1, 0), (1, 2, 0), (0, 2, 0), (0, 3, 0)][(0, 4, 1), (0, 4, 2), (0, 4, 3), (1, 4, 3), (1, 4, 4)][(4, 4, 4), (3, 4, 4), (2, 4, 4), (2, 3, 4), (1, 3, 4)][(3, 0, 4), (2, 0, 4), (1, 0, 4), (1, 0, 3), (0, 0, 3)][(0, 0, 1), (1, 0, 1), (2, 0, 1), (2, 0, 0), (3, 0, 0)][(0, 0, 2), (1, 0, 2), (2, 0, 2), (2, 1, 2), (3, 1, 2)][(4, 1, 0), (3, 1, 0), (2, 1, 0), (2, 1, 1), (1, 1, 1)][(2, 4, 3), (2, 3, 3), (2, 2, 3), (2, 2, 4), (2, 1, 4)][(1, 3, 3), (1, 2, 3), (1, 1, 3), (2, 1, 3), (2, 0, 3)][(0, 1, 2), (0, 2, 2), (0, 3, 2), (1, 3, 2), (1, 4, 2)][(2, 4, 2), (2, 3, 2), (2, 2, 2), (1, 2, 2), (1, 1, 2)][(4, 2, 0), (3, 2, 0), (2, 2, 0), (2, 2, 1), (1, 2, 1)][(1, 3, 1), (2, 3, 1), (3, 3, 1), (3, 3, 0), (4, 3, 0)][(3, 1, 4), (3, 2, 4), (3, 3, 4), (3, 3, 3), (3, 4, 3)][(3, 0, 3), (3, 0, 2), (3, 0, 1), (4, 0, 1), (4, 0, 0)][(3, 4, 2), (3, 3, 2), (3, 2, 2), (3, 2, 3), (3, 1, 3)][(4, 4, 1), (4, 3, 1), (4, 2, 1), (3, 2, 1), (3, 1, 1)][(4, 4, 2), (4, 3, 2), (4, 2, 2), (4, 2, 3), (4, 1, 3)][(4, 0, 4), (4, 0, 3), (4, 0, 2), (4, 1, 2), (4, 1, 1)][(4, 1, 4), (4, 2, 4), (4, 3, 4), (4, 3, 3), (4, 4, 3)]
165
[(4, 4, 0), (3, 4, 0), (2, 4, 0), (2, 3, 0), (1, 3, 0)][(3, 4, 1), (2, 4, 1), (1, 4, 1), (1, 4, 0), (0, 4, 0)][(0, 4, 4), (0, 3, 4), (0, 2, 4), (1, 2, 4), (1, 1, 4)][(0, 3, 3), (0, 2, 3), (0, 1, 3), (0, 1, 4), (0, 0, 4)][(3, 1, 0), (2, 1, 0), (1, 1, 0), (1, 0, 0), (0, 0, 0)][(0, 4, 3), (0, 4, 2), (0, 4, 1), (0, 3, 1), (0, 3, 0)][(0, 2, 0), (1, 2, 0), (2, 2, 0), (2, 2, 1), (3, 2, 1)][(4, 0, 0), (4, 1, 0), (4, 2, 0), (3, 2, 0), (3, 3, 0)][(0, 1, 0), (0, 1, 1), (0, 1, 2), (0, 0, 2), (0, 0, 3)][(3, 3, 1), (2, 3, 1), (1, 3, 1), (1, 2, 1), (0, 2, 1)][(4, 4, 3), (4, 4, 2), (4, 4, 1), (4, 3, 1), (4, 3, 0)][(2, 1, 4), (2, 2, 4), (2, 3, 4), (1, 3, 4), (1, 4, 4)][(4, 4, 4), (3, 4, 4), (2, 4, 4), (2, 4, 3), (1, 4, 3)][(0, 0, 1), (1, 0, 1), (2, 0, 1), (2, 0, 0), (3, 0, 0)][(1, 0, 4), (2, 0, 4), (3, 0, 4), (3, 0, 3), (4, 0, 3)][(4, 3, 4), (4, 3, 3), (4, 3, 2), (4, 2, 2), (4, 2, 1)][(4, 0, 4), (4, 1, 4), (4, 2, 4), (3, 2, 4), (3, 3, 4)][(1, 1, 1), (2, 1, 1), (3, 1, 1), (3, 0, 1), (4, 0, 1)][(3, 1, 4), (3, 1, 3), (3, 1, 2), (4, 1, 2), (4, 1, 1)][(3, 4, 3), (3, 3, 3), (3, 2, 3), (4, 2, 3), (4, 1, 3)][(4, 0, 2), (3, 0, 2), (2, 0, 2), (2, 0, 3), (1, 0, 3)][(2, 1, 3), (2, 2, 3), (2, 3, 3), (2, 3, 2), (2, 4, 2)][(1, 0, 2), (1, 1, 2), (1, 2, 2), (0, 2, 2), (0, 3, 2)][(1, 1, 3), (1, 2, 3), (1, 3, 3), (1, 3, 2), (1, 4, 2)][(3, 4, 2), (3, 3, 2), (3, 2, 2), (2, 2, 2), (2, 1, 2)]
166
[(4, 4, 0), (3, 4, 0), (2, 4, 0), (2, 3, 0), (1, 3, 0)][(3, 4, 1), (2, 4, 1), (1, 4, 1), (1, 4, 0), (0, 4, 0)][(0, 4, 4), (1, 4, 4), (2, 4, 4), (2, 3, 4), (3, 3, 4)][(1, 4, 3), (2, 4, 3), (3, 4, 3), (3, 4, 4), (4, 4, 4)][(4, 1, 4), (4, 2, 4), (4, 3, 4), (4, 3, 3), (4, 4, 3)][(4, 4, 1), (4, 3, 1), (4, 2, 1), (3, 2, 1), (3, 1, 1)][(1, 3, 1), (2, 3, 1), (3, 3, 1), (3, 3, 0), (4, 3, 0)][(4, 2, 0), (3, 2, 0), (2, 2, 0), (2, 2, 1), (1, 2, 1)][(1, 0, 0), (1, 1, 0), (1, 2, 0), (0, 2, 0), (0, 3, 0)][(4, 1, 0), (3, 1, 0), (2, 1, 0), (2, 1, 1), (1, 1, 1)][(0, 4, 1), (0, 4, 2), (0, 4, 3), (0, 3, 3), (0, 3, 4)][(0, 3, 1), (0, 2, 1), (0, 1, 1), (0, 1, 0), (0, 0, 0)][(0, 0, 4), (0, 1, 4), (0, 2, 4), (1, 2, 4), (1, 3, 4)][(0, 2, 3), (1, 2, 3), (2, 2, 3), (2, 2, 4), (3, 2, 4)][(1, 3, 3), (2, 3, 3), (3, 3, 3), (3, 2, 3), (4, 2, 3)][(4, 4, 2), (4, 3, 2), (4, 2, 2), (3, 2, 2), (3, 1, 2)][(3, 4, 2), (2, 4, 2), (1, 4, 2), (1, 3, 2), (0, 3, 2)][(0, 2, 2), (1, 2, 2), (2, 2, 2), (2, 3, 2), (3, 3, 2)][(4, 1, 3), (4, 1, 2), (4, 1, 1), (4, 0, 1), (4, 0, 0)][(3, 1, 4), (2, 1, 4), (1, 1, 4), (1, 1, 3), (0, 1, 3)][(0, 1, 2), (1, 1, 2), (2, 1, 2), (2, 1, 3), (3, 1, 3)][(4, 0, 4), (4, 0, 3), (4, 0, 2), (3, 0, 2), (3, 0, 1)][(0, 0, 1), (1, 0, 1), (2, 0, 1), (2, 0, 0), (3, 0, 0)][(0, 0, 2), (1, 0, 2), (2, 0, 2), (2, 0, 3), (3, 0, 3)][(3, 0, 4), (2, 0, 4), (1, 0, 4), (1, 0, 3), (0, 0, 3)]
167
[(4, 4, 0), (3, 4, 0), (2, 4, 0), (2, 3, 0), (1, 3, 0)][(3, 4, 1), (2, 4, 1), (1, 4, 1), (1, 4, 0), (0, 4, 0)][(0, 4, 4), (1, 4, 4), (2, 4, 4), (2, 3, 4), (3, 3, 4)][(1, 4, 3), (2, 4, 3), (3, 4, 3), (3, 4, 4), (4, 4, 4)][(4, 4, 3), (4, 4, 2), (4, 4, 1), (4, 3, 1), (4, 3, 0)][(3, 0, 4), (3, 1, 4), (3, 2, 4), (4, 2, 4), (4, 3, 4)][(4, 3, 3), (4, 2, 3), (4, 1, 3), (4, 1, 4), (4, 0, 4)][(4, 0, 0), (4, 1, 0), (4, 2, 0), (3, 2, 0), (3, 3, 0)][(4, 0, 3), (3, 0, 3), (2, 0, 3), (2, 0, 4), (1, 0, 4)][(4, 0, 2), (3, 0, 2), (2, 0, 2), (2, 0, 1), (1, 0, 1)][(1, 0, 0), (2, 0, 0), (3, 0, 0), (3, 0, 1), (4, 0, 1)][(0, 0, 0), (0, 0, 1), (0, 0, 2), (1, 0, 2), (1, 0, 3)][(0, 1, 1), (0, 1, 2), (0, 1, 3), (0, 0, 3), (0, 0, 4)][(0, 1, 0), (0, 2, 0), (0, 3, 0), (0, 3, 1), (0, 4, 1)][(0, 4, 2), (0, 3, 2), (0, 2, 2), (1, 2, 2), (1, 1, 2)][(4, 2, 1), (3, 2, 1), (2, 2, 1), (2, 2, 0), (1, 2, 0)][(3, 3, 1), (2, 3, 1), (1, 3, 1), (1, 2, 1), (0, 2, 1)][(3, 3, 3), (2, 3, 3), (1, 3, 3), (1, 3, 4), (0, 3, 4)][(1, 1, 0), (2, 1, 0), (3, 1, 0), (3, 1, 1), (4, 1, 1)][(0, 1, 4), (1, 1, 4), (2, 1, 4), (2, 1, 3), (3, 1, 3)][(0, 4, 3), (0, 3, 3), (0, 2, 3), (1, 2, 3), (1, 1, 3)][(0, 2, 4), (1, 2, 4), (2, 2, 4), (2, 2, 3), (3, 2, 3)][(4, 1, 2), (3, 1, 2), (2, 1, 2), (2, 1, 1), (1, 1, 1)][(1, 4, 2), (2, 4, 2), (3, 4, 2), (3, 3, 2), (4, 3, 2)][(4, 2, 2), (3, 2, 2), (2, 2, 2), (2, 3, 2), (1, 3, 2)]
168
[(4, 4, 0), (3, 4, 0), (2, 4, 0), (2, 3, 0), (1, 3, 0)][(3, 4, 1), (2, 4, 1), (1, 4, 1), (1, 4, 0), (0, 4, 0)][(3, 4, 3), (2, 4, 3), (1, 4, 3), (1, 4, 4), (0, 4, 4)][(0, 3, 4), (1, 3, 4), (2, 3, 4), (2, 4, 4), (3, 4, 4)][(4, 1, 3), (4, 2, 3), (4, 3, 3), (4, 3, 4), (4, 4, 4)][(4, 4, 3), (4, 4, 2), (4, 4, 1), (4, 3, 1), (4, 3, 0)][(4, 0, 4), (4, 1, 4), (4, 2, 4), (3, 2, 4), (3, 3, 4)][(0, 4, 3), (0, 3, 3), (0, 2, 3), (0, 2, 4), (0, 1, 4)][(0, 4, 2), (0, 3, 2), (0, 2, 2), (1, 2, 2), (1, 1, 2)][(1, 0, 4), (1, 1, 4), (1, 2, 4), (1, 2, 3), (1, 3, 3)][(1, 4, 2), (2, 4, 2), (3, 4, 2), (3, 3, 2), (4, 3, 2)][(4, 2, 2), (3, 2, 2), (2, 2, 2), (2, 3, 2), (1, 3, 2)][(2, 0, 4), (2, 1, 4), (2, 2, 4), (2, 2, 3), (2, 3, 3)][(3, 3, 3), (3, 2, 3), (3, 1, 3), (3, 1, 4), (3, 0, 4)][(0, 1, 0), (0, 2, 0), (0, 3, 0), (0, 3, 1), (0, 4, 1)][(0, 1, 1), (0, 1, 2), (0, 1, 3), (0, 0, 3), (0, 0, 4)][(4, 0, 3), (3, 0, 3), (2, 0, 3), (2, 1, 3), (1, 1, 3)][(4, 0, 2), (3, 0, 2), (2, 0, 2), (2, 0, 1), (1, 0, 1)][(0, 0, 0), (0, 0, 1), (0, 0, 2), (1, 0, 2), (1, 0, 3)][(4, 1, 2), (3, 1, 2), (2, 1, 2), (2, 1, 1), (1, 1, 1)][(1, 0, 0), (2, 0, 0), (3, 0, 0), (3, 0, 1), (4, 0, 1)][(1, 1, 0), (2, 1, 0), (3, 1, 0), (3, 1, 1), (4, 1, 1)][(4, 0, 0), (4, 1, 0), (4, 2, 0), (3, 2, 0), (3, 3, 0)][(4, 2, 1), (3, 2, 1), (2, 2, 1), (2, 2, 0), (1, 2, 0)][(3, 3, 1), (2, 3, 1), (1, 3, 1), (1, 2, 1), (0, 2, 1)]
169
[(4, 4, 0), (3, 4, 0), (2, 4, 0), (2, 3, 0), (1, 3, 0)][(3, 4, 1), (2, 4, 1), (1, 4, 1), (1, 4, 0), (0, 4, 0)][(1, 1, 4), (1, 2, 4), (1, 3, 4), (0, 3, 4), (0, 4, 4)][(0, 4, 3), (0, 3, 3), (0, 2, 3), (0, 2, 4), (0, 1, 4)][(1, 4, 4), (1, 4, 3), (1, 4, 2), (0, 4, 2), (0, 4, 1)][(0, 3, 0), (0, 3, 1), (0, 3, 2), (1, 3, 2), (1, 3, 3)][(2, 4, 4), (2, 4, 3), (2, 4, 2), (2, 3, 2), (2, 3, 1)][(3, 1, 4), (3, 2, 4), (3, 3, 4), (4, 3, 4), (4, 4, 4)][(2, 3, 4), (2, 2, 4), (2, 1, 4), (2, 1, 3), (2, 0, 3)][(1, 0, 4), (2, 0, 4), (3, 0, 4), (3, 0, 3), (4, 0, 3)][(4, 0, 4), (4, 1, 4), (4, 2, 4), (4, 2, 3), (4, 3, 3)][(2, 0, 2), (2, 1, 2), (2, 2, 2), (2, 2, 3), (2, 3, 3)][(4, 4, 1), (4, 4, 2), (4, 4, 3), (3, 4, 3), (3, 4, 4)][(0, 2, 0), (0, 2, 1), (0, 2, 2), (1, 2, 2), (1, 2, 3)][(1, 0, 1), (1, 0, 2), (1, 0, 3), (0, 0, 3), (0, 0, 4)][(0, 0, 0), (0, 0, 1), (0, 0, 2), (0, 1, 2), (0, 1, 3)][(1, 1, 3), (1, 1, 2), (1, 1, 1), (0, 1, 1), (0, 1, 0)][(1, 0, 0), (1, 1, 0), (1, 2, 0), (1, 2, 1), (1, 3, 1)][(2, 0, 1), (2, 1, 1), (2, 2, 1), (3, 2, 1), (3, 3, 1)][(2, 0, 0), (2, 1, 0), (2, 2, 0), (3, 2, 0), (3, 3, 0)][(4, 3, 0), (4, 2, 0), (4, 1, 0), (3, 1, 0), (3, 0, 0)][(4, 0, 0), (4, 0, 1), (4, 0, 2), (4, 1, 2), (4, 1, 3)][(3, 0, 2), (3, 1, 2), (3, 2, 2), (4, 2, 2), (4, 3, 2)][(4, 3, 1), (4, 2, 1), (4, 1, 1), (3, 1, 1), (3, 0, 1)][(3, 1, 3), (3, 2, 3), (3, 3, 3), (3, 3, 2), (3, 4, 2)]
170
[(4, 4, 0), (3, 4, 0), (2, 4, 0), (2, 3, 0), (1, 3, 0)][(3, 4, 1), (2, 4, 1), (1, 4, 1), (1, 4, 0), (0, 4, 0)][(1, 1, 4), (1, 2, 4), (1, 3, 4), (0, 3, 4), (0, 4, 4)][(0, 4, 3), (0, 3, 3), (0, 2, 3), (0, 2, 4), (0, 1, 4)][(1, 4, 4), (1, 4, 3), (1, 4, 2), (0, 4, 2), (0, 4, 1)][(0, 3, 0), (0, 2, 0), (0, 1, 0), (0, 1, 1), (0, 0, 1)][(0, 0, 0), (1, 0, 0), (2, 0, 0), (2, 1, 0), (3, 1, 0)][(0, 0, 4), (1, 0, 4), (2, 0, 4), (2, 1, 4), (3, 1, 4)][(2, 4, 4), (2, 3, 4), (2, 2, 4), (2, 2, 3), (2, 1, 3)][(1, 3, 3), (1, 2, 3), (1, 1, 3), (0, 1, 3), (0, 0, 3)][(1, 1, 0), (1, 1, 1), (1, 1, 2), (1, 0, 2), (1, 0, 3)][(0, 0, 2), (0, 1, 2), (0, 2, 2), (0, 2, 1), (0, 3, 1)][(3, 1, 3), (3, 2, 3), (3, 3, 3), (2, 3, 3), (2, 4, 3)][(4, 0, 4), (4, 1, 4), (4, 2, 4), (3, 2, 4), (3, 3, 4)][(1, 2, 0), (2, 2, 0), (3, 2, 0), (3, 3, 0), (4, 3, 0)][(3, 0, 0), (3, 0, 1), (3, 0, 2), (2, 0, 2), (2, 0, 3)][(4, 0, 1), (4, 0, 2), (4, 0, 3), (3, 0, 3), (3, 0, 4)][(4, 1, 1), (3, 1, 1), (2, 1, 1), (2, 0, 1), (1, 0, 1)][(4, 0, 0), (4, 1, 0), (4, 2, 0), (4, 2, 1), (4, 3, 1)][(1, 2, 1), (2, 2, 1), (3, 2, 1), (3, 2, 2), (4, 2, 2)][(4, 1, 2), (3, 1, 2), (2, 1, 2), (2, 2, 2), (1, 2, 2)][(4, 1, 3), (4, 2, 3), (4, 3, 3), (4, 3, 4), (4, 4, 4)][(4, 4, 1), (4, 4, 2), (4, 4, 3), (3, 4, 3), (3, 4, 4)][(0, 3, 2), (1, 3, 2), (2, 3, 2), (2, 4, 2), (3, 4, 2)][(1, 3, 1), (2, 3, 1), (3, 3, 1), (3, 3, 2), (4, 3, 2)]
171
[(4, 4, 0), (3, 4, 0), (2, 4, 0), (2, 3, 0), (1, 3, 0)][(2, 4, 3), (2, 4, 2), (2, 4, 1), (1, 4, 1), (1, 4, 0)][(0, 4, 0), (0, 4, 1), (0, 4, 2), (1, 4, 2), (1, 4, 3)][(0, 3, 1), (0, 3, 2), (0, 3, 3), (0, 4, 3), (0, 4, 4)][(0, 3, 0), (0, 2, 0), (0, 1, 0), (0, 1, 1), (0, 0, 1)][(3, 1, 0), (2, 1, 0), (1, 1, 0), (1, 0, 0), (0, 0, 0)][(4, 0, 0), (3, 0, 0), (2, 0, 0), (2, 0, 1), (1, 0, 1)][(3, 0, 3), (2, 0, 3), (1, 0, 3), (1, 0, 4), (0, 0, 4)][(0, 0, 3), (0, 1, 3), (0, 2, 3), (0, 2, 4), (0, 3, 4)][(0, 0, 2), (1, 0, 2), (2, 0, 2), (2, 1, 2), (3, 1, 2)][(4, 0, 4), (4, 0, 3), (4, 0, 2), (3, 0, 2), (3, 0, 1)][(3, 1, 1), (2, 1, 1), (1, 1, 1), (1, 1, 2), (0, 1, 2)][(0, 1, 4), (1, 1, 4), (2, 1, 4), (2, 0, 4), (3, 0, 4)][(1, 4, 4), (2, 4, 4), (3, 4, 4), (3, 3, 4), (4, 3, 4)][(1, 1, 3), (2, 1, 3), (3, 1, 3), (3, 1, 4), (4, 1, 4)][(4, 4, 4), (4, 4, 3), (4, 4, 2), (3, 4, 2), (3, 4, 1)][(3, 4, 3), (3, 3, 3), (3, 2, 3), (4, 2, 3), (4, 1, 3)][(4, 2, 4), (3, 2, 4), (2, 2, 4), (2, 3, 4), (1, 3, 4)][(4, 3, 0), (4, 2, 0), (4, 1, 0), (4, 1, 1), (4, 0, 1)][(4, 4, 1), (4, 3, 1), (4, 2, 1), (4, 2, 2), (4, 1, 2)][(3, 3, 0), (3, 3, 1), (3, 3, 2), (4, 3, 2), (4, 3, 3)][(2, 3, 3), (2, 3, 2), (2, 3, 1), (2, 2, 1), (2, 2, 0)][(3, 2, 0), (3, 2, 1), (3, 2, 2), (2, 2, 2), (2, 2, 3)][(1, 2, 4), (1, 2, 3), (1, 2, 2), (0, 2, 2), (0, 2, 1)][(1, 3, 3), (1, 3, 2), (1, 3, 1), (1, 2, 1), (1, 2, 0)]
172
[(4, 4, 0), (3, 4, 0), (2, 4, 0), (2, 3, 0), (1, 3, 0)][(1, 4, 0), (1, 4, 1), (1, 4, 2), (2, 4, 2), (2, 4, 3)][(0, 4, 0), (0, 3, 0), (0, 2, 0), (0, 2, 1), (0, 1, 1)][(0, 4, 1), (0, 4, 2), (0, 4, 3), (1, 4, 3), (1, 4, 4)][(0, 4, 4), (0, 3, 4), (0, 2, 4), (1, 2, 4), (1, 1, 4)][(0, 3, 3), (0, 2, 3), (0, 1, 3), (0, 1, 4), (0, 0, 4)][(4, 4, 4), (3, 4, 4), (2, 4, 4), (2, 3, 4), (1, 3, 4)][(0, 3, 1), (1, 3, 1), (2, 3, 1), (2, 4, 1), (3, 4, 1)][(3, 2, 0), (2, 2, 0), (1, 2, 0), (1, 1, 0), (0, 1, 0)][(0, 0, 0), (1, 0, 0), (2, 0, 0), (2, 1, 0), (3, 1, 0)][(0, 0, 1), (0, 0, 2), (0, 0, 3), (1, 0, 3), (1, 0, 4)][(3, 3, 0), (3, 3, 1), (3, 3, 2), (3, 4, 2), (3, 4, 3)][(0, 3, 2), (1, 3, 2), (2, 3, 2), (2, 2, 2), (3, 2, 2)][(3, 2, 1), (2, 2, 1), (1, 2, 1), (1, 2, 2), (0, 2, 2)][(2, 0, 4), (2, 1, 4), (2, 2, 4), (2, 2, 3), (2, 3, 3)][(1, 3, 3), (1, 2, 3), (1, 1, 3), (2, 1, 3), (2, 0, 3)][(3, 1, 1), (2, 1, 1), (1, 1, 1), (1, 1, 2), (0, 1, 2)][(4, 1, 2), (3, 1, 2), (2, 1, 2), (2, 0, 2), (1, 0, 2)][(1, 0, 1), (2, 0, 1), (3, 0, 1), (3, 0, 0), (4, 0, 0)][(3, 0, 4), (3, 0, 3), (3, 0, 2), (4, 0, 2), (4, 0, 1)][(3, 3, 4), (3, 2, 4), (3, 1, 4), (4, 1, 4), (4, 0, 4)][(4, 4, 2), (4, 3, 2), (4, 2, 2), (4, 2, 1), (4, 1, 1)][(4, 0, 3), (4, 1, 3), (4, 2, 3), (4, 2, 4), (4, 3, 4)][(4, 1, 0), (4, 2, 0), (4, 3, 0), (4, 3, 1), (4, 4, 1)][(3, 1, 3), (3, 2, 3), (3, 3, 3), (4, 3, 3), (4, 4, 3)]
173
[(4, 4, 0), (3, 4, 0), (2, 4, 0), (2, 3, 0), (1, 3, 0)][(1, 3, 3), (1, 3, 2), (1, 3, 1), (1, 4, 1), (1, 4, 0)][(0, 3, 3), (0, 3, 2), (0, 3, 1), (0, 4, 1), (0, 4, 0)][(0, 4, 2), (1, 4, 2), (2, 4, 2), (2, 4, 1), (3, 4, 1)][(0, 4, 3), (1, 4, 3), (2, 4, 3), (2, 3, 3), (3, 3, 3)][(1, 0, 0), (1, 1, 0), (1, 2, 0), (0, 2, 0), (0, 3, 0)][(1, 0, 3), (1, 0, 2), (1, 0, 1), (0, 0, 1), (0, 0, 0)][(0, 1, 0), (0, 1, 1), (0, 1, 2), (0, 0, 2), (0, 0, 3)][(0, 4, 4), (0, 3, 4), (0, 2, 4), (0, 2, 3), (0, 1, 3)][(1, 3, 4), (1, 2, 4), (1, 1, 4), (0, 1, 4), (0, 0, 4)][(4, 3, 4), (3, 3, 4), (2, 3, 4), (2, 4, 4), (1, 4, 4)][(4, 3, 1), (4, 3, 2), (4, 3, 3), (4, 4, 3), (4, 4, 4)][(3, 4, 4), (3, 4, 3), (3, 4, 2), (4, 4, 2), (4, 4, 1)][(4, 3, 0), (4, 2, 0), (4, 1, 0), (3, 1, 0), (3, 0, 0)][(4, 1, 3), (4, 1, 2), (4, 1, 1), (4, 0, 1), (4, 0, 0)][(4, 0, 4), (4, 0, 3), (4, 0, 2), (3, 0, 2), (3, 0, 1)][(4, 1, 4), (3, 1, 4), (2, 1, 4), (2, 0, 4), (1, 0, 4)][(2, 0, 1), (2, 0, 2), (2, 0, 3), (3, 0, 3), (3, 0, 4)][(0, 2, 2), (1, 2, 2), (2, 2, 2), (2, 3, 2), (3, 3, 2)][(0, 2, 1), (1, 2, 1), (2, 2, 1), (2, 3, 1), (3, 3, 1)][(2, 0, 0), (2, 1, 0), (2, 2, 0), (3, 2, 0), (3, 3, 0)][(1, 1, 2), (2, 1, 2), (3, 1, 2), (3, 2, 2), (4, 2, 2)][(4, 2, 4), (3, 2, 4), (2, 2, 4), (2, 2, 3), (1, 2, 3)][(1, 1, 3), (2, 1, 3), (3, 1, 3), (3, 2, 3), (4, 2, 3)][(1, 1, 1), (2, 1, 1), (3, 1, 1), (3, 2, 1), (4, 2, 1)]
174
[(4, 4, 0), (3, 4, 0), (2, 4, 0), (2, 3, 0), (1, 3, 0)][(0, 4, 3), (0, 4, 2), (0, 4, 1), (1, 4, 1), (1, 4, 0)][(0, 4, 0), (0, 3, 0), (0, 2, 0), (1, 2, 0), (1, 1, 0)][(0, 3, 1), (0, 2, 1), (0, 1, 1), (0, 1, 0), (0, 0, 0)][(0, 4, 4), (0, 3, 4), (0, 2, 4), (0, 2, 3), (0, 1, 3)][(3, 2, 4), (2, 2, 4), (1, 2, 4), (1, 1, 4), (0, 1, 4)][(0, 0, 4), (1, 0, 4), (2, 0, 4), (2, 1, 4), (3, 1, 4)][(0, 0, 3), (0, 0, 2), (0, 0, 1), (1, 0, 1), (1, 0, 0)][(1, 0, 3), (2, 0, 3), (3, 0, 3), (3, 0, 4), (4, 0, 4)][(3, 3, 0), (3, 2, 0), (3, 1, 0), (4, 1, 0), (4, 0, 0)][(3, 0, 0), (3, 0, 1), (3, 0, 2), (4, 0, 2), (4, 0, 3)][(2, 0, 0), (2, 1, 0), (2, 2, 0), (2, 2, 1), (2, 3, 1)][(1, 3, 1), (1, 2, 1), (1, 1, 1), (2, 1, 1), (2, 0, 1)][(4, 0, 1), (4, 1, 1), (4, 2, 1), (4, 2, 0), (4, 3, 0)][(4, 1, 4), (4, 2, 4), (4, 3, 4), (4, 3, 3), (4, 4, 3)][(1, 4, 4), (1, 4, 3), (1, 4, 2), (2, 4, 2), (2, 4, 1)][(4, 4, 4), (3, 4, 4), (2, 4, 4), (2, 3, 4), (1, 3, 4)][(3, 1, 1), (3, 2, 1), (3, 3, 1), (4, 3, 1), (4, 4, 1)][(3, 3, 4), (3, 3, 3), (3, 3, 2), (3, 4, 2), (3, 4, 1)][(0, 3, 3), (1, 3, 3), (2, 3, 3), (2, 4, 3), (3, 4, 3)][(4, 4, 2), (4, 3, 2), (4, 2, 2), (4, 2, 3), (4, 1, 3)][(3, 2, 3), (2, 2, 3), (1, 2, 3), (1, 2, 2), (0, 2, 2)][(4, 1, 2), (3, 1, 2), (2, 1, 2), (2, 0, 2), (1, 0, 2)][(0, 3, 2), (1, 3, 2), (2, 3, 2), (2, 2, 2), (3, 2, 2)][(3, 1, 3), (2, 1, 3), (1, 1, 3), (1, 1, 2), (0, 1, 2)]
175
[(4, 4, 0), (3, 4, 0), (2, 4, 0), (2, 3, 0), (1, 3, 0)][(0, 4, 3), (0, 4, 2), (0, 4, 1), (1, 4, 1), (1, 4, 0)][(0, 4, 0), (0, 3, 0), (0, 2, 0), (1, 2, 0), (1, 1, 0)][(0, 3, 1), (0, 2, 1), (0, 1, 1), (0, 1, 0), (0, 0, 0)][(0, 1, 3), (0, 2, 3), (0, 3, 3), (0, 3, 4), (0, 4, 4)][(0, 0, 4), (0, 1, 4), (0, 2, 4), (1, 2, 4), (1, 3, 4)][(4, 3, 4), (3, 3, 4), (2, 3, 4), (2, 4, 4), (1, 4, 4)][(1, 4, 3), (2, 4, 3), (3, 4, 3), (3, 4, 4), (4, 4, 4)][(4, 4, 3), (4, 3, 3), (4, 2, 3), (4, 2, 4), (4, 1, 4)][(4, 4, 2), (4, 3, 2), (4, 2, 2), (4, 2, 1), (4, 1, 1)][(4, 1, 0), (4, 2, 0), (4, 3, 0), (4, 3, 1), (4, 4, 1)][(4, 0, 0), (4, 0, 1), (4, 0, 2), (4, 1, 2), (4, 1, 3)][(3, 0, 1), (3, 0, 2), (3, 0, 3), (4, 0, 3), (4, 0, 4)][(3, 0, 0), (2, 0, 0), (1, 0, 0), (1, 0, 1), (0, 0, 1)][(0, 0, 3), (1, 0, 3), (2, 0, 3), (2, 1, 3), (3, 1, 3)][(3, 0, 4), (3, 1, 4), (3, 2, 4), (3, 2, 3), (3, 3, 3)][(2, 0, 4), (2, 1, 4), (2, 2, 4), (2, 2, 3), (2, 3, 3)][(3, 1, 0), (3, 2, 0), (3, 3, 0), (3, 3, 1), (3, 4, 1)][(1, 3, 3), (1, 2, 3), (1, 1, 3), (1, 1, 4), (1, 0, 4)][(2, 4, 1), (2, 3, 1), (2, 2, 1), (2, 2, 0), (2, 1, 0)][(3, 4, 2), (3, 3, 2), (3, 2, 2), (3, 2, 1), (3, 1, 1)][(1, 3, 1), (1, 2, 1), (1, 1, 1), (2, 1, 1), (2, 0, 1)][(2, 4, 2), (2, 3, 2), (2, 2, 2), (1, 2, 2), (1, 1, 2)][(0, 1, 2), (0, 2, 2), (0, 3, 2), (1, 3, 2), (1, 4, 2)][(0, 0, 2), (1, 0, 2), (2, 0, 2), (2, 1, 2), (3, 1, 2)]
176
[(4, 4, 0), (3, 4, 0), (2, 4, 0), (2, 3, 0), (1, 3, 0)][(0, 4, 3), (0, 4, 2), (0, 4, 1), (1, 4, 1), (1, 4, 0)][(0, 4, 0), (0, 3, 0), (0, 2, 0), (1, 2, 0), (1, 1, 0)][(0, 3, 1), (0, 2, 1), (0, 1, 1), (0, 1, 0), (0, 0, 0)][(3, 4, 3), (2, 4, 3), (1, 4, 3), (1, 4, 4), (0, 4, 4)][(4, 4, 4), (3, 4, 4), (2, 4, 4), (2, 3, 4), (1, 3, 4)][(1, 0, 4), (1, 1, 4), (1, 2, 4), (0, 2, 4), (0, 3, 4)][(0, 3, 3), (0, 2, 3), (0, 1, 3), (0, 1, 4), (0, 0, 4)][(0, 0, 3), (1, 0, 3), (2, 0, 3), (2, 0, 4), (3, 0, 4)][(3, 0, 0), (2, 0, 0), (1, 0, 0), (1, 0, 1), (0, 0, 1)][(0, 0, 2), (1, 0, 2), (2, 0, 2), (2, 1, 2), (3, 1, 2)][(4, 1, 4), (3, 1, 4), (2, 1, 4), (2, 1, 3), (1, 1, 3)][(2, 4, 1), (2, 3, 1), (2, 2, 1), (2, 2, 0), (2, 1, 0)][(1, 3, 1), (1, 2, 1), (1, 1, 1), (2, 1, 1), (2, 0, 1)][(4, 2, 4), (3, 2, 4), (2, 2, 4), (2, 2, 3), (1, 2, 3)][(0, 1, 2), (0, 2, 2), (0, 3, 2), (1, 3, 2), (1, 4, 2)][(2, 4, 2), (2, 3, 2), (2, 2, 2), (1, 2, 2), (1, 1, 2)][(1, 3, 3), (2, 3, 3), (3, 3, 3), (3, 3, 4), (4, 3, 4)][(3, 1, 0), (3, 2, 0), (3, 3, 0), (3, 3, 1), (3, 4, 1)][(3, 0, 1), (3, 0, 2), (3, 0, 3), (4, 0, 3), (4, 0, 4)][(4, 4, 3), (4, 3, 3), (4, 2, 3), (3, 2, 3), (3, 1, 3)][(3, 4, 2), (3, 3, 2), (3, 2, 2), (3, 2, 1), (3, 1, 1)][(4, 4, 2), (4, 3, 2), (4, 2, 2), (4, 2, 1), (4, 1, 1)][(4, 0, 0), (4, 0, 1), (4, 0, 2), (4, 1, 2), (4, 1, 3)][(4, 1, 0), (4, 2, 0), (4, 3, 0), (4, 3, 1), (4, 4, 1)]
177
[(3, 1, 0), (3, 2, 0), (3, 3, 0), (4, 3, 0), (4, 4, 0)][(4, 2, 0), (4, 2, 1), (4, 2, 2), (4, 3, 2), (4, 3, 3)][(4, 1, 0), (4, 1, 1), (4, 1, 2), (3, 1, 2), (3, 1, 3)][(4, 0, 0), (3, 0, 0), (2, 0, 0), (2, 1, 0), (1, 1, 0)][(4, 0, 3), (4, 1, 3), (4, 2, 3), (4, 2, 4), (4, 3, 4)][(3, 3, 4), (3, 2, 4), (3, 1, 4), (4, 1, 4), (4, 0, 4)][(4, 4, 4), (4, 4, 3), (4, 4, 2), (3, 4, 2), (3, 4, 1)][(3, 1, 1), (3, 2, 1), (3, 3, 1), (4, 3, 1), (4, 4, 1)][(0, 4, 1), (1, 4, 1), (2, 4, 1), (2, 4, 0), (3, 4, 0)][(0, 1, 1), (0, 2, 1), (0, 3, 1), (0, 3, 0), (0, 4, 0)][(1, 4, 0), (1, 3, 0), (1, 2, 0), (0, 2, 0), (0, 1, 0)][(3, 4, 4), (2, 4, 4), (1, 4, 4), (1, 4, 3), (0, 4, 3)][(1, 1, 4), (1, 2, 4), (1, 3, 4), (0, 3, 4), (0, 4, 4)][(0, 0, 4), (0, 1, 4), (0, 2, 4), (0, 2, 3), (0, 3, 3)][(0, 4, 2), (1, 4, 2), (2, 4, 2), (2, 4, 3), (3, 4, 3)][(2, 3, 0), (2, 3, 1), (2, 3, 2), (3, 3, 2), (3, 3, 3)][(2, 2, 0), (2, 2, 1), (2, 2, 2), (3, 2, 2), (3, 2, 3)][(1, 3, 1), (1, 3, 2), (1, 3, 3), (2, 3, 3), (2, 3, 4)][(1, 2, 1), (1, 2, 2), (1, 2, 3), (2, 2, 3), (2, 2, 4)][(0, 3, 2), (0, 2, 2), (0, 1, 2), (0, 1, 3), (0, 0, 3)][(2, 0, 4), (2, 0, 3), (2, 0, 2), (2, 1, 2), (2, 1, 1)][(3, 0, 4), (3, 0, 3), (3, 0, 2), (4, 0, 2), (4, 0, 1)][(1, 1, 1), (1, 1, 2), (1, 1, 3), (2, 1, 3), (2, 1, 4)][(3, 0, 1), (2, 0, 1), (1, 0, 1), (1, 0, 0), (0, 0, 0)][(1, 0, 4), (1, 0, 3), (1, 0, 2), (0, 0, 2), (0, 0, 1)]
178
[(3, 1, 0), (3, 2, 0), (3, 3, 0), (4, 3, 0), (4, 4, 0)][(4, 0, 0), (4, 1, 0), (4, 2, 0), (4, 2, 1), (4, 3, 1)][(0, 4, 0), (0, 4, 1), (0, 4, 2), (1, 4, 2), (1, 4, 3)][(0, 3, 1), (0, 3, 2), (0, 3, 3), (0, 4, 3), (0, 4, 4)][(3, 4, 1), (3, 4, 2), (3, 4, 3), (4, 4, 3), (4, 4, 4)][(4, 3, 4), (4, 3, 3), (4, 3, 2), (4, 4, 2), (4, 4, 1)][(0, 3, 0), (1, 3, 0), (2, 3, 0), (2, 4, 0), (3, 4, 0)][(2, 4, 3), (2, 4, 2), (2, 4, 1), (1, 4, 1), (1, 4, 0)][(0, 2, 0), (1, 2, 0), (2, 2, 0), (2, 2, 1), (3, 2, 1)][(3, 3, 1), (2, 3, 1), (1, 3, 1), (1, 2, 1), (0, 2, 1)][(0, 1, 3), (0, 1, 2), (0, 1, 1), (0, 0, 1), (0, 0, 0)][(0, 1, 0), (1, 1, 0), (2, 1, 0), (2, 0, 0), (3, 0, 0)][(1, 0, 0), (1, 0, 1), (1, 0, 2), (0, 0, 2), (0, 0, 3)][(3, 3, 2), (2, 3, 2), (1, 3, 2), (1, 2, 2), (0, 2, 2)][(4, 2, 2), (3, 2, 2), (2, 2, 2), (2, 1, 2), (1, 1, 2)][(4, 0, 1), (3, 0, 1), (2, 0, 1), (2, 1, 1), (1, 1, 1)][(4, 0, 2), (3, 0, 2), (2, 0, 2), (2, 0, 3), (1, 0, 3)][(4, 1, 1), (4, 1, 2), (4, 1, 3), (4, 0, 3), (4, 0, 4)][(3, 1, 1), (3, 1, 2), (3, 1, 3), (3, 0, 3), (3, 0, 4)][(3, 3, 3), (2, 3, 3), (1, 3, 3), (1, 2, 3), (0, 2, 3)][(4, 2, 3), (3, 2, 3), (2, 2, 3), (2, 1, 3), (1, 1, 3)][(3, 4, 4), (3, 3, 4), (3, 2, 4), (4, 2, 4), (4, 1, 4)][(2, 4, 4), (2, 3, 4), (2, 2, 4), (1, 2, 4), (1, 1, 4)][(0, 1, 4), (0, 2, 4), (0, 3, 4), (1, 3, 4), (1, 4, 4)][(0, 0, 4), (1, 0, 4), (2, 0, 4), (2, 1, 4), (3, 1, 4)]
179
[(3, 1, 0), (3, 2, 0), (3, 3, 0), (4, 3, 0), (4, 4, 0)][(4, 0, 0), (4, 1, 0), (4, 2, 0), (4, 2, 1), (4, 3, 1)][(0, 4, 0), (0, 4, 1), (0, 4, 2), (1, 4, 2), (1, 4, 3)][(0, 3, 1), (0, 3, 2), (0, 3, 3), (0, 4, 3), (0, 4, 4)][(1, 3, 4), (2, 3, 4), (3, 3, 4), (3, 4, 4), (4, 4, 4)][(4, 4, 3), (3, 4, 3), (2, 4, 3), (2, 4, 4), (1, 4, 4)][(0, 3, 4), (0, 2, 4), (0, 1, 4), (1, 1, 4), (1, 0, 4)][(0, 0, 4), (0, 0, 3), (0, 0, 2), (1, 0, 2), (1, 0, 1)][(0, 1, 3), (0, 1, 2), (0, 1, 1), (0, 0, 1), (0, 0, 0)][(4, 3, 4), (4, 3, 3), (4, 3, 2), (4, 4, 2), (4, 4, 1)][(3, 4, 0), (3, 4, 1), (3, 4, 2), (3, 3, 2), (3, 3, 3)][(0, 3, 0), (1, 3, 0), (2, 3, 0), (2, 3, 1), (3, 3, 1)][(1, 3, 3), (1, 3, 2), (1, 3, 1), (1, 4, 1), (1, 4, 0)][(2, 4, 0), (2, 4, 1), (2, 4, 2), (2, 3, 2), (2, 3, 3)][(3, 0, 0), (2, 0, 0), (1, 0, 0), (1, 1, 0), (0, 1, 0)][(0, 2, 0), (1, 2, 0), (2, 2, 0), (2, 2, 1), (3, 2, 1)][(0, 2, 1), (0, 2, 2), (0, 2, 3), (1, 2, 3), (1, 2, 4)][(2, 2, 4), (2, 2, 3), (2, 2, 2), (1, 2, 2), (1, 2, 1)][(4, 2, 4), (4, 2, 3), (4, 2, 2), (4, 1, 2), (4, 1, 1)][(3, 2, 4), (3, 2, 3), (3, 2, 2), (3, 1, 2), (3, 1, 1)][(4, 0, 1), (4, 0, 2), (4, 0, 3), (4, 1, 3), (4, 1, 4)][(3, 0, 1), (3, 0, 2), (3, 0, 3), (3, 1, 3), (3, 1, 4)][(4, 0, 4), (3, 0, 4), (2, 0, 4), (2, 0, 3), (1, 0, 3)][(2, 1, 4), (2, 1, 3), (2, 1, 2), (2, 0, 2), (2, 0, 1)][(1, 1, 3), (1, 1, 2), (1, 1, 1), (2, 1, 1), (2, 1, 0)]
180
[(3, 1, 0), (3, 2, 0), (3, 3, 0), (4, 3, 0), (4, 4, 0)][(4, 0, 0), (4, 1, 0), (4, 2, 0), (4, 2, 1), (4, 3, 1)][(0, 4, 0), (0, 4, 1), (0, 4, 2), (1, 4, 2), (1, 4, 3)][(1, 1, 3), (1, 2, 3), (1, 3, 3), (0, 3, 3), (0, 4, 3)][(1, 1, 4), (1, 2, 4), (1, 3, 4), (0, 3, 4), (0, 4, 4)][(4, 4, 3), (3, 4, 3), (2, 4, 3), (2, 4, 4), (1, 4, 4)][(0, 2, 4), (0, 2, 3), (0, 2, 2), (0, 3, 2), (0, 3, 1)][(0, 1, 4), (0, 1, 3), (0, 1, 2), (1, 1, 2), (1, 1, 1)][(4, 1, 3), (4, 2, 3), (4, 3, 3), (4, 3, 4), (4, 4, 4)][(3, 4, 4), (3, 3, 4), (3, 2, 4), (4, 2, 4), (4, 1, 4)][(1, 4, 0), (2, 4, 0), (3, 4, 0), (3, 4, 1), (4, 4, 1)][(1, 0, 3), (2, 0, 3), (3, 0, 3), (3, 0, 4), (4, 0, 4)][(0, 0, 4), (1, 0, 4), (2, 0, 4), (2, 1, 4), (3, 1, 4)][(3, 0, 0), (3, 0, 1), (3, 0, 2), (4, 0, 2), (4, 0, 3)][(4, 3, 2), (4, 2, 2), (4, 1, 2), (4, 1, 1), (4, 0, 1)][(1, 0, 0), (1, 0, 1), (1, 0, 2), (0, 0, 2), (0, 0, 3)][(1, 3, 0), (1, 2, 0), (1, 1, 0), (0, 1, 0), (0, 0, 0)][(0, 0, 1), (0, 1, 1), (0, 2, 1), (0, 2, 0), (0, 3, 0)][(2, 2, 4), (2, 2, 3), (2, 2, 2), (1, 2, 2), (1, 2, 1)][(2, 3, 4), (2, 3, 3), (2, 3, 2), (1, 3, 2), (1, 3, 1)][(4, 4, 2), (3, 4, 2), (2, 4, 2), (2, 4, 1), (1, 4, 1)][(3, 3, 3), (3, 3, 2), (3, 3, 1), (2, 3, 1), (2, 3, 0)][(3, 2, 3), (3, 2, 2), (3, 2, 1), (2, 2, 1), (2, 2, 0)][(3, 1, 3), (3, 1, 2), (3, 1, 1), (2, 1, 1), (2, 1, 0)][(2, 0, 0), (2, 0, 1), (2, 0, 2), (2, 1, 2), (2, 1, 3)]
181
[(3, 1, 0), (3, 2, 0), (3, 3, 0), (4, 3, 0), (4, 4, 0)][(4, 0, 0), (4, 1, 0), (4, 2, 0), (4, 2, 1), (4, 3, 1)][(0, 4, 0), (0, 3, 0), (0, 2, 0), (0, 2, 1), (0, 1, 1)][(1, 3, 0), (1, 2, 0), (1, 1, 0), (0, 1, 0), (0, 0, 0)][(1, 4, 0), (1, 4, 1), (1, 4, 2), (1, 3, 2), (1, 3, 3)][(1, 1, 1), (1, 2, 1), (1, 3, 1), (0, 3, 1), (0, 4, 1)][(0, 4, 2), (0, 3, 2), (0, 2, 2), (1, 2, 2), (1, 1, 2)][(0, 1, 4), (0, 1, 3), (0, 1, 2), (0, 0, 2), (0, 0, 1)][(0, 4, 3), (0, 3, 3), (0, 2, 3), (1, 2, 3), (1, 1, 3)][(1, 0, 0), (2, 0, 0), (3, 0, 0), (3, 0, 1), (4, 0, 1)][(1, 0, 1), (1, 0, 2), (1, 0, 3), (0, 0, 3), (0, 0, 4)][(4, 0, 4), (4, 0, 3), (4, 0, 2), (4, 1, 2), (4, 1, 1)][(3, 0, 2), (3, 1, 2), (3, 2, 2), (4, 2, 2), (4, 3, 2)][(4, 4, 3), (4, 4, 2), (4, 4, 1), (3, 4, 1), (3, 4, 0)][(3, 1, 1), (3, 2, 1), (3, 3, 1), (3, 3, 2), (3, 4, 2)][(2, 4, 0), (2, 4, 1), (2, 4, 2), (2, 3, 2), (2, 3, 3)][(2, 3, 0), (2, 2, 0), (2, 1, 0), (2, 1, 1), (2, 0, 1)][(2, 0, 2), (2, 1, 2), (2, 2, 2), (2, 2, 1), (2, 3, 1)][(4, 3, 3), (4, 2, 3), (4, 1, 3), (3, 1, 3), (3, 0, 3)][(2, 0, 3), (2, 1, 3), (2, 2, 3), (3, 2, 3), (3, 3, 3)][(3, 4, 3), (2, 4, 3), (1, 4, 3), (1, 4, 4), (0, 4, 4)][(4, 4, 4), (3, 4, 4), (2, 4, 4), (2, 3, 4), (1, 3, 4)][(1, 0, 4), (1, 1, 4), (1, 2, 4), (0, 2, 4), (0, 3, 4)][(2, 0, 4), (2, 1, 4), (2, 2, 4), (3, 2, 4), (3, 3, 4)][(4, 3, 4), (4, 2, 4), (4, 1, 4), (3, 1, 4), (3, 0, 4)]
182
[(3, 1, 0), (3, 2, 0), (3, 3, 0), (4, 3, 0), (4, 4, 0)][(4, 0, 0), (4, 1, 0), (4, 2, 0), (4, 2, 1), (4, 3, 1)][(0, 4, 0), (0, 3, 0), (0, 2, 0), (0, 2, 1), (0, 1, 1)][(1, 3, 0), (1, 2, 0), (1, 1, 0), (0, 1, 0), (0, 0, 0)][(3, 4, 0), (2, 4, 0), (1, 4, 0), (1, 4, 1), (0, 4, 1)][(4, 3, 4), (4, 3, 3), (4, 3, 2), (4, 4, 2), (4, 4, 1)][(3, 4, 1), (3, 4, 2), (3, 4, 3), (4, 4, 3), (4, 4, 4)][(0, 4, 4), (0, 4, 3), (0, 4, 2), (0, 3, 2), (0, 3, 1)][(3, 4, 4), (3, 3, 4), (3, 2, 4), (4, 2, 4), (4, 1, 4)][(2, 4, 4), (2, 3, 4), (2, 2, 4), (1, 2, 4), (1, 1, 4)][(0, 1, 4), (0, 2, 4), (0, 3, 4), (1, 3, 4), (1, 4, 4)][(0, 0, 4), (1, 0, 4), (2, 0, 4), (2, 1, 4), (3, 1, 4)][(1, 0, 3), (2, 0, 3), (3, 0, 3), (3, 0, 4), (4, 0, 4)][(0, 0, 3), (0, 0, 2), (0, 0, 1), (1, 0, 1), (1, 0, 0)][(3, 0, 0), (3, 0, 1), (3, 0, 2), (3, 1, 2), (3, 1, 3)][(4, 0, 3), (4, 1, 3), (4, 2, 3), (3, 2, 3), (3, 3, 3)][(4, 0, 2), (4, 1, 2), (4, 2, 2), (3, 2, 2), (3, 3, 2)][(0, 1, 3), (0, 2, 3), (0, 3, 3), (1, 3, 3), (1, 4, 3)][(3, 3, 1), (3, 2, 1), (3, 1, 1), (4, 1, 1), (4, 0, 1)][(1, 4, 2), (1, 3, 2), (1, 2, 2), (0, 2, 2), (0, 1, 2)][(2, 4, 3), (2, 3, 3), (2, 2, 3), (1, 2, 3), (1, 1, 3)][(2, 4, 2), (2, 3, 2), (2, 2, 2), (2, 2, 1), (2, 1, 1)][(2, 0, 0), (2, 0, 1), (2, 0, 2), (2, 1, 2), (2, 1, 3)][(2, 1, 0), (2, 2, 0), (2, 3, 0), (2, 3, 1), (2, 4, 1)][(1, 3, 1), (1, 2, 1), (1, 1, 1), (1, 1, 2), (1, 0, 2)]
183
[(3, 1, 0), (3, 2, 0), (3, 3, 0), (4, 3, 0), (4, 4, 0)][(4, 0, 0), (4, 1, 0), (4, 2, 0), (4, 2, 1), (4, 3, 1)][(0, 4, 0), (0, 4, 1), (0, 4, 2), (0, 3, 2), (0, 3, 3)][(1, 4, 1), (1, 4, 2), (1, 4, 3), (0, 4, 3), (0, 4, 4)][(3, 4, 1), (3, 4, 2), (3, 4, 3), (4, 4, 3), (4, 4, 4)][(4, 3, 4), (4, 3, 3), (4, 3, 2), (4, 4, 2), (4, 4, 1)][(3, 4, 0), (2, 4, 0), (1, 4, 0), (1, 3, 0), (0, 3, 0)][(0, 1, 4), (0, 2, 4), (0, 3, 4), (1, 3, 4), (1, 4, 4)][(3, 4, 4), (3, 3, 4), (3, 2, 4), (4, 2, 4), (4, 1, 4)][(2, 4, 4), (2, 3, 4), (2, 2, 4), (2, 2, 3), (2, 1, 3)][(4, 0, 3), (4, 1, 3), (4, 2, 3), (3, 2, 3), (3, 3, 3)][(1, 1, 4), (2, 1, 4), (3, 1, 4), (3, 0, 4), (4, 0, 4)][(2, 4, 3), (2, 4, 2), (2, 4, 1), (2, 3, 1), (2, 3, 0)][(2, 2, 0), (2, 2, 1), (2, 2, 2), (2, 3, 2), (2, 3, 3)][(4, 0, 2), (4, 1, 2), (4, 2, 2), (3, 2, 2), (3, 3, 2)][(3, 3, 1), (3, 2, 1), (3, 1, 1), (4, 1, 1), (4, 0, 1)][(3, 0, 0), (3, 0, 1), (3, 0, 2), (3, 1, 2), (3, 1, 3)][(2, 0, 0), (2, 0, 1), (2, 0, 2), (1, 0, 2), (1, 0, 3)][(0, 0, 4), (1, 0, 4), (2, 0, 4), (2, 0, 3), (3, 0, 3)][(2, 1, 0), (2, 1, 1), (2, 1, 2), (1, 1, 2), (1, 1, 3)][(0, 0, 3), (0, 0, 2), (0, 0, 1), (1, 0, 1), (1, 0, 0)][(0, 0, 0), (0, 1, 0), (0, 2, 0), (0, 2, 1), (0, 3, 1)][(1, 2, 0), (1, 2, 1), (1, 2, 2), (0, 2, 2), (0, 2, 3)][(1, 3, 1), (1, 3, 2), (1, 3, 3), (1, 2, 3), (1, 2, 4)][(0, 1, 3), (0, 1, 2), (0, 1, 1), (1, 1, 1), (1, 1, 0)]
184
[(3, 1, 0), (3, 2, 0), (3, 3, 0), (4, 3, 0), (4, 4, 0)][(4, 0, 0), (4, 1, 0), (4, 2, 0), (4, 2, 1), (4, 3, 1)][(0, 4, 0), (0, 4, 1), (0, 4, 2), (0, 3, 2), (0, 3, 3)][(1, 4, 1), (1, 4, 2), (1, 4, 3), (0, 4, 3), (0, 4, 4)][(4, 1, 3), (4, 2, 3), (4, 3, 3), (4, 3, 4), (4, 4, 4)][(4, 4, 3), (3, 4, 3), (2, 4, 3), (2, 4, 4), (1, 4, 4)][(1, 4, 0), (2, 4, 0), (3, 4, 0), (3, 4, 1), (4, 4, 1)][(4, 4, 2), (4, 3, 2), (4, 2, 2), (3, 2, 2), (3, 1, 2)][(4, 0, 4), (4, 0, 3), (4, 0, 2), (4, 1, 2), (4, 1, 1)][(3, 1, 1), (3, 2, 1), (3, 3, 1), (3, 3, 2), (3, 4, 2)][(3, 4, 4), (3, 3, 4), (3, 2, 4), (4, 2, 4), (4, 1, 4)][(1, 0, 0), (2, 0, 0), (3, 0, 0), (3, 0, 1), (4, 0, 1)][(0, 2, 3), (0, 2, 2), (0, 2, 1), (0, 3, 1), (0, 3, 0)][(0, 0, 0), (0, 1, 0), (0, 2, 0), (1, 2, 0), (1, 3, 0)][(3, 3, 3), (3, 2, 3), (3, 1, 3), (3, 1, 4), (3, 0, 4)][(0, 3, 4), (0, 2, 4), (0, 1, 4), (1, 1, 4), (1, 0, 4)][(0, 0, 1), (1, 0, 1), (2, 0, 1), (2, 0, 2), (3, 0, 2)][(0, 0, 4), (0, 0, 3), (0, 0, 2), (0, 1, 2), (0, 1, 1)][(0, 1, 3), (1, 1, 3), (2, 1, 3), (2, 0, 3), (3, 0, 3)][(1, 1, 0), (1, 1, 1), (1, 1, 2), (1, 0, 2), (1, 0, 3)][(2, 0, 4), (2, 1, 4), (2, 2, 4), (1, 2, 4), (1, 3, 4)][(1, 2, 3), (1, 2, 2), (1, 2, 1), (2, 2, 1), (2, 2, 0)][(2, 3, 4), (2, 3, 3), (2, 3, 2), (2, 4, 2), (2, 4, 1)][(1, 3, 3), (1, 3, 2), (1, 3, 1), (2, 3, 1), (2, 3, 0)][(2, 1, 0), (2, 1, 1), (2, 1, 2), (2, 2, 2), (2, 2, 3)]
185
[(3, 1, 0), (3, 2, 0), (3, 3, 0), (4, 3, 0), (4, 4, 0)][(4, 0, 0), (4, 1, 0), (4, 2, 0), (4, 2, 1), (4, 3, 1)][(0, 3, 3), (0, 3, 2), (0, 3, 1), (0, 4, 1), (0, 4, 0)][(1, 4, 0), (1, 4, 1), (1, 4, 2), (0, 4, 2), (0, 4, 3)][(0, 4, 4), (0, 3, 4), (0, 2, 4), (0, 2, 3), (0, 1, 3)][(1, 0, 3), (1, 0, 2), (1, 0, 1), (0, 0, 1), (0, 0, 0)][(0, 0, 4), (0, 0, 3), (0, 0, 2), (0, 1, 2), (0, 1, 1)][(0, 3, 0), (1, 3, 0), (2, 3, 0), (2, 4, 0), (3, 4, 0)][(0, 2, 0), (0, 2, 1), (0, 2, 2), (1, 2, 2), (1, 2, 3)][(1, 1, 3), (1, 1, 2), (1, 1, 1), (1, 2, 1), (1, 2, 0)][(3, 0, 0), (2, 0, 0), (1, 0, 0), (1, 1, 0), (0, 1, 0)][(3, 0, 4), (2, 0, 4), (1, 0, 4), (1, 1, 4), (0, 1, 4)][(4, 3, 2), (4, 2, 2), (4, 1, 2), (4, 1, 1), (4, 0, 1)][(4, 0, 4), (4, 0, 3), (4, 0, 2), (3, 0, 2), (3, 0, 1)][(1, 3, 1), (1, 3, 2), (1, 3, 3), (1, 4, 3), (1, 4, 4)][(4, 4, 1), (4, 4, 2), (4, 4, 3), (3, 4, 3), (3, 4, 4)][(4, 1, 4), (3, 1, 4), (2, 1, 4), (2, 2, 4), (1, 2, 4)][(4, 4, 4), (4, 3, 4), (4, 2, 4), (4, 2, 3), (4, 1, 3)][(4, 3, 3), (3, 3, 3), (2, 3, 3), (2, 3, 4), (1, 3, 4)][(3, 0, 3), (3, 1, 3), (3, 2, 3), (3, 2, 4), (3, 3, 4)][(2, 4, 4), (2, 4, 3), (2, 4, 2), (3, 4, 2), (3, 4, 1)][(3, 3, 2), (3, 2, 2), (3, 1, 2), (2, 1, 2), (2, 0, 2)][(2, 0, 3), (2, 1, 3), (2, 2, 3), (2, 2, 2), (2, 3, 2)][(2, 4, 1), (2, 3, 1), (2, 2, 1), (2, 2, 0), (2, 1, 0)][(3, 3, 1), (3, 2, 1), (3, 1, 1), (2, 1, 1), (2, 0, 1)]
186
[(3, 1, 0), (3, 2, 0), (3, 3, 0), (4, 3, 0), (4, 4, 0)][(4, 0, 0), (4, 1, 0), (4, 2, 0), (4, 2, 1), (4, 3, 1)][(0, 3, 3), (0, 3, 2), (0, 3, 1), (0, 4, 1), (0, 4, 0)][(1, 4, 0), (1, 4, 1), (1, 4, 2), (0, 4, 2), (0, 4, 3)][(3, 3, 4), (2, 3, 4), (1, 3, 4), (1, 4, 4), (0, 4, 4)][(0, 3, 4), (0, 2, 4), (0, 1, 4), (1, 1, 4), (1, 0, 4)][(0, 0, 4), (0, 0, 3), (0, 0, 2), (1, 0, 2), (1, 0, 1)][(0, 1, 3), (0, 1, 2), (0, 1, 1), (0, 0, 1), (0, 0, 0)][(3, 0, 0), (2, 0, 0), (1, 0, 0), (1, 1, 0), (0, 1, 0)][(0, 3, 0), (1, 3, 0), (2, 3, 0), (2, 4, 0), (3, 4, 0)][(0, 2, 0), (1, 2, 0), (2, 2, 0), (2, 2, 1), (3, 2, 1)][(0, 2, 1), (0, 2, 2), (0, 2, 3), (1, 2, 3), (1, 2, 4)][(2, 2, 4), (2, 2, 3), (2, 2, 2), (1, 2, 2), (1, 2, 1)][(4, 4, 1), (3, 4, 1), (2, 4, 1), (2, 3, 1), (1, 3, 1)][(4, 4, 4), (3, 4, 4), (2, 4, 4), (2, 4, 3), (1, 4, 3)][(4, 4, 2), (3, 4, 2), (2, 4, 2), (2, 3, 2), (1, 3, 2)][(1, 3, 3), (2, 3, 3), (3, 3, 3), (3, 4, 3), (4, 4, 3)][(4, 3, 4), (4, 3, 3), (4, 3, 2), (3, 3, 2), (3, 3, 1)][(4, 2, 4), (4, 2, 3), (4, 2, 2), (4, 1, 2), (4, 1, 1)][(3, 2, 4), (3, 2, 3), (3, 2, 2), (3, 1, 2), (3, 1, 1)][(4, 0, 1), (4, 0, 2), (4, 0, 3), (4, 1, 3), (4, 1, 4)][(3, 0, 1), (3, 0, 2), (3, 0, 3), (3, 1, 3), (3, 1, 4)][(4, 0, 4), (3, 0, 4), (2, 0, 4), (2, 0, 3), (1, 0, 3)][(2, 1, 4), (2, 1, 3), (2, 1, 2), (2, 0, 2), (2, 0, 1)][(1, 1, 3), (1, 1, 2), (1, 1, 1), (2, 1, 1), (2, 1, 0)]
187
[(3, 1, 0), (3, 2, 0), (3, 3, 0), (4, 3, 0), (4, 4, 0)][(4, 0, 0), (4, 1, 0), (4, 2, 0), (4, 2, 1), (4, 3, 1)][(1, 1, 0), (1, 2, 0), (1, 3, 0), (0, 3, 0), (0, 4, 0)][(0, 4, 1), (0, 3, 1), (0, 2, 1), (0, 2, 0), (0, 1, 0)][(1, 0, 3), (1, 0, 2), (1, 0, 1), (0, 0, 1), (0, 0, 0)][(1, 0, 0), (2, 0, 0), (3, 0, 0), (3, 0, 1), (4, 0, 1)][(0, 0, 4), (0, 0, 3), (0, 0, 2), (0, 1, 2), (0, 1, 1)][(1, 4, 0), (1, 4, 1), (1, 4, 2), (0, 4, 2), (0, 4, 3)][(2, 4, 0), (2, 4, 1), (2, 4, 2), (2, 3, 2), (2, 3, 3)][(0, 3, 4), (0, 3, 3), (0, 3, 2), (1, 3, 2), (1, 3, 1)][(3, 4, 3), (2, 4, 3), (1, 4, 3), (1, 4, 4), (0, 4, 4)][(4, 4, 3), (4, 4, 2), (4, 4, 1), (3, 4, 1), (3, 4, 0)][(2, 3, 0), (2, 2, 0), (2, 1, 0), (2, 1, 1), (2, 0, 1)][(2, 0, 2), (2, 1, 2), (2, 2, 2), (2, 2, 1), (2, 3, 1)][(0, 2, 4), (0, 2, 3), (0, 2, 2), (1, 2, 2), (1, 2, 1)][(1, 1, 1), (1, 1, 2), (1, 1, 3), (0, 1, 3), (0, 1, 4)][(1, 0, 4), (1, 1, 4), (1, 2, 4), (1, 2, 3), (1, 3, 3)][(2, 0, 4), (2, 1, 4), (2, 2, 4), (3, 2, 4), (3, 3, 4)][(4, 4, 4), (3, 4, 4), (2, 4, 4), (2, 3, 4), (1, 3, 4)][(2, 0, 3), (2, 1, 3), (2, 2, 3), (3, 2, 3), (3, 3, 3)][(4, 3, 4), (4, 2, 4), (4, 1, 4), (3, 1, 4), (3, 0, 4)][(4, 3, 3), (4, 2, 3), (4, 1, 3), (3, 1, 3), (3, 0, 3)][(4, 0, 4), (4, 0, 3), (4, 0, 2), (4, 1, 2), (4, 1, 1)][(3, 0, 2), (3, 1, 2), (3, 2, 2), (4, 2, 2), (4, 3, 2)][(3, 1, 1), (3, 2, 1), (3, 3, 1), (3, 3, 2), (3, 4, 2)]
188
[(3, 1, 0), (3, 2, 0), (3, 3, 0), (4, 3, 0), (4, 4, 0)][(4, 4, 1), (4, 3, 1), (4, 2, 1), (4, 2, 0), (4, 1, 0)][(3, 0, 3), (3, 0, 2), (3, 0, 1), (4, 0, 1), (4, 0, 0)][(0, 0, 1), (1, 0, 1), (2, 0, 1), (2, 0, 0), (3, 0, 0)][(0, 0, 0), (0, 1, 0), (0, 2, 0), (1, 2, 0), (1, 3, 0)][(2, 3, 0), (2, 2, 0), (2, 1, 0), (1, 1, 0), (1, 0, 0)][(4, 0, 4), (4, 0, 3), (4, 0, 2), (4, 1, 2), (4, 1, 1)][(0, 1, 1), (0, 2, 1), (0, 3, 1), (0, 3, 0), (0, 4, 0)][(0, 3, 3), (0, 2, 3), (0, 1, 3), (0, 1, 4), (0, 0, 4)][(0, 0, 3), (1, 0, 3), (2, 0, 3), (2, 0, 4), (3, 0, 4)][(0, 0, 2), (1, 0, 2), (2, 0, 2), (2, 1, 2), (3, 1, 2)][(3, 1, 1), (2, 1, 1), (1, 1, 1), (1, 1, 2), (0, 1, 2)][(1, 0, 4), (1, 1, 4), (1, 2, 4), (0, 2, 4), (0, 3, 4)][(0, 4, 4), (1, 4, 4), (2, 4, 4), (2, 4, 3), (3, 4, 3)][(0, 4, 3), (0, 4, 2), (0, 4, 1), (1, 4, 1), (1, 4, 0)][(2, 4, 0), (2, 4, 1), (2, 4, 2), (1, 4, 2), (1, 4, 3)][(3, 4, 0), (3, 4, 1), (3, 4, 2), (4, 4, 2), (4, 4, 3)][(4, 1, 3), (4, 2, 3), (4, 3, 3), (4, 3, 4), (4, 4, 4)][(4, 1, 4), (3, 1, 4), (2, 1, 4), (2, 1, 3), (1, 1, 3)][(3, 1, 3), (3, 2, 3), (3, 3, 3), (3, 3, 4), (3, 4, 4)][(4, 2, 4), (3, 2, 4), (2, 2, 4), (2, 3, 4), (1, 3, 4)][(4, 3, 2), (3, 3, 2), (2, 3, 2), (2, 3, 3), (1, 3, 3)][(3, 3, 1), (2, 3, 1), (1, 3, 1), (1, 3, 2), (0, 3, 2)][(4, 2, 2), (3, 2, 2), (2, 2, 2), (2, 2, 3), (1, 2, 3)][(3, 2, 1), (2, 2, 1), (1, 2, 1), (1, 2, 2), (0, 2, 2)]
189
[(3, 1, 0), (3, 2, 0), (3, 3, 0), (4, 3, 0), (4, 4, 0)][(4, 4, 1), (4, 3, 1), (4, 2, 1), (4, 2, 0), (4, 1, 0)][(3, 0, 3), (3, 0, 2), (3, 0, 1), (4, 0, 1), (4, 0, 0)][(3, 0, 0), (2, 0, 0), (1, 0, 0), (1, 0, 1), (0, 0, 1)][(0, 0, 0), (0, 1, 0), (0, 2, 0), (0, 2, 1), (0, 3, 1)][(4, 0, 4), (4, 0, 3), (4, 0, 2), (4, 1, 2), (4, 1, 1)][(1, 1, 0), (1, 2, 0), (1, 3, 0), (0, 3, 0), (0, 4, 0)][(0, 4, 3), (0, 4, 2), (0, 4, 1), (1, 4, 1), (1, 4, 0)][(3, 4, 0), (3, 4, 1), (3, 4, 2), (4, 4, 2), (4, 4, 3)][(2, 4, 0), (2, 4, 1), (2, 4, 2), (2, 3, 2), (2, 3, 3)][(4, 3, 4), (4, 3, 3), (4, 3, 2), (3, 3, 2), (3, 3, 1)][(2, 3, 0), (2, 2, 0), (2, 1, 0), (2, 1, 1), (2, 0, 1)][(2, 0, 2), (2, 1, 2), (2, 2, 2), (2, 2, 1), (2, 3, 1)][(4, 2, 4), (4, 2, 3), (4, 2, 2), (3, 2, 2), (3, 2, 1)][(3, 1, 1), (3, 1, 2), (3, 1, 3), (4, 1, 3), (4, 1, 4)][(1, 4, 3), (2, 4, 3), (3, 4, 3), (3, 4, 4), (4, 4, 4)][(3, 0, 4), (3, 1, 4), (3, 2, 4), (3, 2, 3), (3, 3, 3)][(2, 0, 4), (2, 1, 4), (2, 2, 4), (1, 2, 4), (1, 3, 4)][(0, 4, 4), (1, 4, 4), (2, 4, 4), (2, 3, 4), (3, 3, 4)][(2, 0, 3), (2, 1, 3), (2, 2, 3), (1, 2, 3), (1, 3, 3)][(0, 3, 4), (0, 2, 4), (0, 1, 4), (1, 1, 4), (1, 0, 4)][(0, 3, 3), (0, 2, 3), (0, 1, 3), (1, 1, 3), (1, 0, 3)][(0, 0, 4), (0, 0, 3), (0, 0, 2), (0, 1, 2), (0, 1, 1)][(1, 0, 2), (1, 1, 2), (1, 2, 2), (0, 2, 2), (0, 3, 2)][(1, 1, 1), (1, 2, 1), (1, 3, 1), (1, 3, 2), (1, 4, 2)]
190
[(3, 1, 0), (3, 2, 0), (3, 3, 0), (4, 3, 0), (4, 4, 0)][(4, 4, 1), (4, 3, 1), (4, 2, 1), (4, 2, 0), (4, 1, 0)][(3, 0, 3), (3, 0, 2), (3, 0, 1), (4, 0, 1), (4, 0, 0)][(3, 0, 0), (2, 0, 0), (1, 0, 0), (1, 1, 0), (0, 1, 0)][(0, 0, 0), (0, 0, 1), (0, 0, 2), (0, 1, 2), (0, 1, 3)][(4, 0, 4), (4, 0, 3), (4, 0, 2), (4, 1, 2), (4, 1, 1)][(1, 0, 1), (1, 0, 2), (1, 0, 3), (0, 0, 3), (0, 0, 4)][(0, 4, 0), (0, 3, 0), (0, 2, 0), (0, 2, 1), (0, 1, 1)][(3, 4, 0), (3, 4, 1), (3, 4, 2), (4, 4, 2), (4, 4, 3)][(2, 4, 0), (2, 4, 1), (2, 4, 2), (1, 4, 2), (1, 4, 3)][(0, 4, 3), (0, 4, 2), (0, 4, 1), (1, 4, 1), (1, 4, 0)][(0, 4, 4), (1, 4, 4), (2, 4, 4), (2, 4, 3), (3, 4, 3)][(1, 3, 4), (2, 3, 4), (3, 3, 4), (3, 4, 4), (4, 4, 4)][(4, 3, 4), (4, 3, 3), (4, 3, 2), (3, 3, 2), (3, 3, 1)][(0, 3, 4), (0, 2, 4), (0, 1, 4), (1, 1, 4), (1, 0, 4)][(3, 0, 4), (3, 1, 4), (3, 2, 4), (3, 2, 3), (3, 3, 3)][(4, 2, 4), (4, 2, 3), (4, 2, 2), (3, 2, 2), (3, 2, 1)][(0, 3, 3), (0, 3, 2), (0, 3, 1), (1, 3, 1), (1, 3, 0)][(3, 1, 1), (3, 1, 2), (3, 1, 3), (4, 1, 3), (4, 1, 4)][(1, 2, 0), (1, 2, 1), (1, 2, 2), (0, 2, 2), (0, 2, 3)][(2, 3, 0), (2, 3, 1), (2, 3, 2), (1, 3, 2), (1, 3, 3)][(1, 1, 1), (1, 1, 2), (1, 1, 3), (1, 2, 3), (1, 2, 4)][(2, 2, 0), (2, 2, 1), (2, 2, 2), (2, 1, 2), (2, 1, 3)][(2, 0, 4), (2, 1, 4), (2, 2, 4), (2, 2, 3), (2, 3, 3)][(2, 0, 3), (2, 0, 2), (2, 0, 1), (2, 1, 1), (2, 1, 0)]
191
[(3, 1, 0), (3, 2, 0), (3, 3, 0), (4, 3, 0), (4, 4, 0)][(4, 4, 1), (4, 3, 1), (4, 2, 1), (4, 2, 0), (4, 1, 0)][(4, 0, 0), (4, 0, 1), (4, 0, 2), (3, 0, 2), (3, 0, 3)][(3, 0, 0), (2, 0, 0), (1, 0, 0), (1, 0, 1), (0, 0, 1)][(1, 3, 0), (1, 2, 0), (1, 1, 0), (0, 1, 0), (0, 0, 0)][(0, 0, 2), (1, 0, 2), (2, 0, 2), (2, 0, 1), (3, 0, 1)][(0, 4, 0), (0, 3, 0), (0, 2, 0), (0, 2, 1), (0, 1, 1)][(0, 3, 3), (0, 2, 3), (0, 1, 3), (0, 1, 4), (0, 0, 4)][(0, 0, 3), (1, 0, 3), (2, 0, 3), (2, 0, 4), (3, 0, 4)][(3, 3, 4), (3, 2, 4), (3, 1, 4), (4, 1, 4), (4, 0, 4)][(1, 0, 4), (1, 1, 4), (1, 2, 4), (0, 2, 4), (0, 3, 4)][(4, 3, 4), (4, 3, 3), (4, 3, 2), (3, 3, 2), (3, 3, 1)][(3, 3, 3), (3, 2, 3), (3, 1, 3), (4, 1, 3), (4, 0, 3)][(4, 2, 4), (4, 2, 3), (4, 2, 2), (4, 1, 2), (4, 1, 1)][(2, 1, 4), (2, 1, 3), (2, 1, 2), (3, 1, 2), (3, 1, 1)][(2, 2, 4), (2, 2, 3), (2, 2, 2), (3, 2, 2), (3, 2, 1)][(0, 1, 2), (0, 2, 2), (0, 3, 2), (0, 3, 1), (0, 4, 1)][(3, 4, 0), (3, 4, 1), (3, 4, 2), (4, 4, 2), (4, 4, 3)][(4, 4, 4), (3, 4, 4), (2, 4, 4), (2, 3, 4), (1, 3, 4)][(3, 4, 3), (2, 4, 3), (1, 4, 3), (1, 4, 4), (0, 4, 4)][(1, 4, 0), (1, 4, 1), (1, 4, 2), (0, 4, 2), (0, 4, 3)][(1, 2, 3), (1, 2, 2), (1, 2, 1), (2, 2, 1), (2, 2, 0)][(1, 3, 3), (1, 3, 2), (1, 3, 1), (2, 3, 1), (2, 3, 0)][(2, 4, 0), (2, 4, 1), (2, 4, 2), (2, 3, 2), (2, 3, 3)][(1, 1, 3), (1, 1, 2), (1, 1, 1), (2, 1, 1), (2, 1, 0)]
192
[(3, 1, 0), (3, 2, 0), (3, 3, 0), (4, 3, 0), (4, 4, 0)][(4, 4, 1), (4, 3, 1), (4, 2, 1), (4, 2, 0), (4, 1, 0)][(4, 0, 0), (3, 0, 0), (2, 0, 0), (2, 1, 0), (1, 1, 0)][(0, 0, 3), (0, 0, 2), (0, 0, 1), (1, 0, 1), (1, 0, 0)][(0, 0, 0), (0, 1, 0), (0, 2, 0), (1, 2, 0), (1, 3, 0)][(0, 1, 1), (0, 2, 1), (0, 3, 1), (0, 3, 0), (0, 4, 0)][(0, 4, 3), (0, 4, 2), (0, 4, 1), (1, 4, 1), (1, 4, 0)][(3, 4, 0), (3, 4, 1), (3, 4, 2), (4, 4, 2), (4, 4, 3)][(2, 4, 0), (2, 3, 0), (2, 2, 0), (2, 2, 1), (2, 1, 1)][(1, 0, 4), (1, 0, 3), (1, 0, 2), (2, 0, 2), (2, 0, 1)][(0, 0, 4), (0, 1, 4), (0, 2, 4), (0, 2, 3), (0, 3, 3)][(0, 4, 4), (1, 4, 4), (2, 4, 4), (2, 3, 4), (3, 3, 4)][(3, 2, 4), (2, 2, 4), (1, 2, 4), (1, 3, 4), (0, 3, 4)][(4, 0, 4), (3, 0, 4), (2, 0, 4), (2, 1, 4), (1, 1, 4)][(1, 1, 1), (1, 2, 1), (1, 3, 1), (2, 3, 1), (2, 4, 1)][(1, 4, 3), (2, 4, 3), (3, 4, 3), (3, 4, 4), (4, 4, 4)][(4, 3, 4), (4, 2, 4), (4, 1, 4), (4, 1, 3), (4, 0, 3)][(3, 3, 1), (3, 2, 1), (3, 1, 1), (4, 1, 1), (4, 0, 1)][(3, 1, 4), (3, 1, 3), (3, 1, 2), (3, 0, 2), (3, 0, 1)][(0, 1, 3), (1, 1, 3), (2, 1, 3), (2, 0, 3), (3, 0, 3)][(4, 0, 2), (4, 1, 2), (4, 2, 2), (4, 2, 3), (4, 3, 3)][(3, 2, 3), (2, 2, 3), (1, 2, 3), (1, 2, 2), (0, 2, 2)][(0, 1, 2), (1, 1, 2), (2, 1, 2), (2, 2, 2), (3, 2, 2)][(4, 3, 2), (3, 3, 2), (2, 3, 2), (2, 4, 2), (1, 4, 2)][(3, 3, 3), (2, 3, 3), (1, 3, 3), (1, 3, 2), (0, 3, 2)]Elements in YTotal combinationsTotal uniqueTotal symmetric