# Polycube solutions - Standard (Box: 5)
1
((0, 0, 0), (0, 0, 1), (0, 0, 2), (0, 0, 3), (1, 0, 2))((0, 0, 4), (1, 0, 4), (2, 0, 3), (2, 0, 4), (3, 0, 4))((4, 0, 1), (4, 0, 2), (4, 0, 3), (4, 0, 4), (4, 1, 2))((3, 3, 4), (4, 1, 4), (4, 2, 4), (4, 3, 4), (4, 4, 4))((1, 0, 0), (2, 0, 0), (2, 0, 1), (3, 0, 0), (4, 0, 0))((3, 2, 0), (4, 1, 0), (4, 2, 0), (4, 3, 0), (4, 4, 0))((3, 4, 0), (3, 4, 1), (3, 4, 2), (3, 4, 3), (4, 4, 2))((4, 1, 1), (4, 2, 1), (4, 3, 1), (4, 3, 2), (4, 4, 1))((4, 1, 3), (4, 2, 2), (4, 2, 3), (4, 3, 3), (4, 4, 3))((0, 4, 4), (1, 4, 3), (1, 4, 4), (2, 4, 4), (3, 4, 4))((2, 2, 1), (3, 0, 1), (3, 1, 1), (3, 2, 1), (3, 3, 1))((2, 2, 2), (3, 0, 2), (3, 1, 2), (3, 2, 2), (3, 3, 2))((2, 0, 2), (2, 1, 1), (2, 1, 2), (2, 1, 3), (2, 1, 4))((3, 0, 3), (3, 1, 3), (3, 1, 4), (3, 2, 3), (3, 3, 3))((0, 1, 0), (1, 1, 0), (2, 1, 0), (2, 2, 0), (3, 1, 0))((0, 3, 0), (1, 3, 0), (1, 4, 0), (2, 3, 0), (3, 3, 0))((1, 4, 1), (2, 4, 0), (2, 4, 1), (2, 4, 2), (2, 4, 3))((0, 4, 0), (0, 4, 1), (0, 4, 2), (0, 4, 3), (1, 4, 2))((2, 2, 3), (2, 3, 1), (2, 3, 2), (2, 3, 3), (2, 3, 4))((0, 2, 4), (1, 2, 4), (1, 3, 4), (2, 2, 4), (3, 2, 4))((0, 3, 1), (0, 3, 2), (0, 3, 3), (0, 3, 4), (1, 3, 2))((0, 2, 0), (0, 2, 1), (0, 2, 2), (0, 2, 3), (1, 2, 2))((1, 0, 1), (1, 1, 1), (1, 2, 0), (1, 2, 1), (1, 3, 1))((1, 0, 3), (1, 1, 3), (1, 1, 4), (1, 2, 3), (1, 3, 3))((0, 1, 1), (0, 1, 2), (0, 1, 3), (0, 1, 4), (1, 1, 2))
2
((0, 0, 0), (0, 0, 1), (0, 0, 2), (0, 0, 3), (1, 0, 2))((0, 0, 4), (1, 0, 4), (2, 0, 3), (2, 0, 4), (3, 0, 4))((4, 0, 1), (4, 0, 2), (4, 0, 3), (4, 0, 4), (4, 1, 2))((3, 3, 4), (4, 1, 4), (4, 2, 4), (4, 3, 4), (4, 4, 4))((1, 0, 0), (2, 0, 0), (2, 0, 1), (3, 0, 0), (4, 0, 0))((3, 2, 0), (4, 1, 0), (4, 2, 0), (4, 3, 0), (4, 4, 0))((3, 4, 0), (3, 4, 1), (3, 4, 2), (3, 4, 3), (4, 4, 2))((4, 1, 1), (4, 2, 1), (4, 3, 1), (4, 3, 2), (4, 4, 1))((4, 1, 3), (4, 2, 2), (4, 2, 3), (4, 3, 3), (4, 4, 3))((0, 4, 4), (1, 4, 3), (1, 4, 4), (2, 4, 4), (3, 4, 4))((2, 2, 1), (3, 0, 1), (3, 1, 1), (3, 2, 1), (3, 3, 1))((2, 2, 2), (3, 0, 2), (3, 1, 2), (3, 2, 2), (3, 3, 2))((2, 0, 2), (2, 1, 1), (2, 1, 2), (2, 1, 3), (2, 1, 4))((3, 0, 3), (3, 1, 3), (3, 1, 4), (3, 2, 3), (3, 3, 3))((0, 1, 0), (1, 1, 0), (2, 1, 0), (2, 2, 0), (3, 1, 0))((0, 3, 0), (1, 3, 0), (1, 4, 0), (2, 3, 0), (3, 3, 0))((1, 4, 2), (2, 4, 0), (2, 4, 1), (2, 4, 2), (2, 4, 3))((0, 4, 0), (0, 4, 1), (0, 4, 2), (0, 4, 3), (1, 4, 1))((2, 2, 3), (2, 3, 1), (2, 3, 2), (2, 3, 3), (2, 3, 4))((0, 2, 4), (1, 2, 4), (1, 3, 4), (2, 2, 4), (3, 2, 4))((0, 3, 1), (0, 3, 2), (0, 3, 3), (0, 3, 4), (1, 3, 2))((0, 2, 0), (0, 2, 1), (0, 2, 2), (0, 2, 3), (1, 2, 2))((1, 0, 1), (1, 1, 1), (1, 2, 0), (1, 2, 1), (1, 3, 1))((1, 0, 3), (1, 1, 3), (1, 1, 4), (1, 2, 3), (1, 3, 3))((0, 1, 1), (0, 1, 2), (0, 1, 3), (0, 1, 4), (1, 1, 2))
3
((0, 0, 0), (0, 0, 1), (0, 0, 2), (0, 0, 3), (1, 0, 2))((0, 0, 4), (1, 0, 4), (2, 0, 3), (2, 0, 4), (3, 0, 4))((4, 0, 1), (4, 0, 2), (4, 0, 3), (4, 0, 4), (4, 1, 2))((3, 3, 4), (4, 1, 4), (4, 2, 4), (4, 3, 4), (4, 4, 4))((1, 0, 0), (2, 0, 0), (2, 0, 1), (3, 0, 0), (4, 0, 0))((3, 2, 0), (4, 1, 0), (4, 2, 0), (4, 3, 0), (4, 4, 0))((3, 4, 0), (3, 4, 1), (3, 4, 2), (3, 4, 3), (4, 4, 2))((4, 1, 1), (4, 2, 1), (4, 2, 2), (4, 3, 1), (4, 4, 1))((4, 1, 3), (4, 2, 3), (4, 3, 2), (4, 3, 3), (4, 4, 3))((0, 4, 4), (1, 4, 3), (1, 4, 4), (2, 4, 4), (3, 4, 4))((2, 2, 1), (3, 0, 1), (3, 1, 1), (3, 2, 1), (3, 3, 1))((2, 2, 2), (3, 0, 2), (3, 1, 2), (3, 2, 2), (3, 3, 2))((2, 0, 2), (2, 1, 1), (2, 1, 2), (2, 1, 3), (2, 1, 4))((3, 0, 3), (3, 1, 3), (3, 1, 4), (3, 2, 3), (3, 3, 3))((0, 1, 0), (1, 1, 0), (2, 1, 0), (2, 2, 0), (3, 1, 0))((0, 3, 0), (1, 3, 0), (1, 4, 0), (2, 3, 0), (3, 3, 0))((1, 4, 1), (2, 4, 0), (2, 4, 1), (2, 4, 2), (2, 4, 3))((0, 4, 0), (0, 4, 1), (0, 4, 2), (0, 4, 3), (1, 4, 2))((2, 2, 3), (2, 3, 1), (2, 3, 2), (2, 3, 3), (2, 3, 4))((0, 2, 4), (1, 2, 4), (1, 3, 4), (2, 2, 4), (3, 2, 4))((0, 3, 1), (0, 3, 2), (0, 3, 3), (0, 3, 4), (1, 3, 2))((0, 2, 0), (0, 2, 1), (0, 2, 2), (0, 2, 3), (1, 2, 2))((1, 0, 1), (1, 1, 1), (1, 2, 0), (1, 2, 1), (1, 3, 1))((1, 0, 3), (1, 1, 3), (1, 1, 4), (1, 2, 3), (1, 3, 3))((0, 1, 1), (0, 1, 2), (0, 1, 3), (0, 1, 4), (1, 1, 2))
4
((0, 0, 0), (0, 0, 1), (0, 0, 2), (0, 0, 3), (1, 0, 2))((0, 0, 4), (1, 0, 4), (2, 0, 3), (2, 0, 4), (3, 0, 4))((4, 0, 1), (4, 0, 2), (4, 0, 3), (4, 0, 4), (4, 1, 2))((3, 3, 4), (4, 1, 4), (4, 2, 4), (4, 3, 4), (4, 4, 4))((1, 0, 0), (2, 0, 0), (2, 0, 1), (3, 0, 0), (4, 0, 0))((3, 2, 0), (4, 1, 0), (4, 2, 0), (4, 3, 0), (4, 4, 0))((3, 4, 0), (3, 4, 1), (3, 4, 2), (3, 4, 3), (4, 4, 2))((4, 1, 1), (4, 2, 1), (4, 2, 2), (4, 3, 1), (4, 4, 1))((4, 1, 3), (4, 2, 3), (4, 3, 2), (4, 3, 3), (4, 4, 3))((0, 4, 4), (1, 4, 3), (1, 4, 4), (2, 4, 4), (3, 4, 4))((2, 2, 1), (3, 0, 1), (3, 1, 1), (3, 2, 1), (3, 3, 1))((2, 2, 2), (3, 0, 2), (3, 1, 2), (3, 2, 2), (3, 3, 2))((2, 0, 2), (2, 1, 1), (2, 1, 2), (2, 1, 3), (2, 1, 4))((3, 0, 3), (3, 1, 3), (3, 1, 4), (3, 2, 3), (3, 3, 3))((0, 1, 0), (1, 1, 0), (2, 1, 0), (2, 2, 0), (3, 1, 0))((0, 3, 0), (1, 3, 0), (1, 4, 0), (2, 3, 0), (3, 3, 0))((1, 4, 2), (2, 4, 0), (2, 4, 1), (2, 4, 2), (2, 4, 3))((0, 4, 0), (0, 4, 1), (0, 4, 2), (0, 4, 3), (1, 4, 1))((2, 2, 3), (2, 3, 1), (2, 3, 2), (2, 3, 3), (2, 3, 4))((0, 2, 4), (1, 2, 4), (1, 3, 4), (2, 2, 4), (3, 2, 4))((0, 3, 1), (0, 3, 2), (0, 3, 3), (0, 3, 4), (1, 3, 2))((0, 2, 0), (0, 2, 1), (0, 2, 2), (0, 2, 3), (1, 2, 2))((1, 0, 1), (1, 1, 1), (1, 2, 0), (1, 2, 1), (1, 3, 1))((1, 0, 3), (1, 1, 3), (1, 1, 4), (1, 2, 3), (1, 3, 3))((0, 1, 1), (0, 1, 2), (0, 1, 3), (0, 1, 4), (1, 1, 2))
5
((0, 0, 0), (0, 0, 1), (0, 0, 2), (0, 0, 3), (1, 0, 2))((0, 0, 4), (1, 0, 4), (2, 0, 3), (2, 0, 4), (3, 0, 4))((4, 0, 1), (4, 0, 2), (4, 0, 3), (4, 0, 4), (4, 1, 2))((3, 2, 4), (4, 1, 4), (4, 2, 4), (4, 3, 4), (4, 4, 4))((1, 0, 0), (2, 0, 0), (2, 0, 1), (3, 0, 0), (4, 0, 0))((3, 3, 0), (4, 1, 0), (4, 2, 0), (4, 3, 0), (4, 4, 0))((3, 4, 1), (3, 4, 2), (3, 4, 3), (3, 4, 4), (4, 4, 2))((4, 1, 3), (4, 2, 3), (4, 3, 2), (4, 3, 3), (4, 4, 3))((4, 1, 1), (4, 2, 1), (4, 2, 2), (4, 3, 1), (4, 4, 1))((0, 4, 0), (1, 4, 0), (1, 4, 1), (2, 4, 0), (3, 4, 0))((2, 2, 3), (3, 0, 3), (3, 1, 3), (3, 2, 3), (3, 3, 3))((2, 2, 2), (3, 0, 2), (3, 1, 2), (3, 2, 2), (3, 3, 2))((2, 0, 2), (2, 1, 0), (2, 1, 1), (2, 1, 2), (2, 1, 3))((3, 0, 1), (3, 1, 0), (3, 1, 1), (3, 2, 1), (3, 3, 1))((0, 1, 4), (1, 1, 4), (2, 1, 4), (2, 2, 4), (3, 1, 4))((0, 3, 4), (1, 3, 4), (1, 4, 4), (2, 3, 4), (3, 3, 4))((0, 1, 0), (0, 1, 1), (0, 1, 2), (0, 1, 3), (1, 1, 2))((1, 0, 1), (1, 1, 0), (1, 1, 1), (1, 2, 1), (1, 3, 1))((0, 2, 0), (1, 2, 0), (1, 3, 0), (2, 2, 0), (3, 2, 0))((2, 2, 1), (2, 3, 0), (2, 3, 1), (2, 3, 2), (2, 3, 3))((0, 3, 0), (0, 3, 1), (0, 3, 2), (0, 3, 3), (1, 3, 2))((0, 2, 1), (0, 2, 2), (0, 2, 3), (0, 2, 4), (1, 2, 2))((1, 0, 3), (1, 1, 3), (1, 2, 3), (1, 2, 4), (1, 3, 3))((0, 4, 1), (0, 4, 2), (0, 4, 3), (0, 4, 4), (1, 4, 3))((1, 4, 2), (2, 4, 1), (2, 4, 2), (2, 4, 3), (2, 4, 4))
6
((0, 0, 0), (0, 0, 1), (0, 0, 2), (0, 0, 3), (1, 0, 2))((0, 0, 4), (1, 0, 4), (2, 0, 3), (2, 0, 4), (3, 0, 4))((4, 0, 1), (4, 0, 2), (4, 0, 3), (4, 0, 4), (4, 1, 2))((3, 2, 4), (4, 1, 4), (4, 2, 4), (4, 3, 4), (4, 4, 4))((1, 0, 0), (2, 0, 0), (2, 0, 1), (3, 0, 0), (4, 0, 0))((3, 3, 0), (4, 1, 0), (4, 2, 0), (4, 3, 0), (4, 4, 0))((3, 4, 1), (3, 4, 2), (3, 4, 3), (3, 4, 4), (4, 4, 2))((4, 1, 3), (4, 2, 3), (4, 3, 2), (4, 3, 3), (4, 4, 3))((4, 1, 1), (4, 2, 1), (4, 2, 2), (4, 3, 1), (4, 4, 1))((0, 4, 0), (1, 4, 0), (1, 4, 1), (2, 4, 0), (3, 4, 0))((2, 2, 3), (3, 0, 3), (3, 1, 3), (3, 2, 3), (3, 3, 3))((2, 2, 2), (3, 0, 2), (3, 1, 2), (3, 2, 2), (3, 3, 2))((2, 0, 2), (2, 1, 0), (2, 1, 1), (2, 1, 2), (2, 1, 3))((3, 0, 1), (3, 1, 0), (3, 1, 1), (3, 2, 1), (3, 3, 1))((0, 1, 4), (1, 1, 4), (2, 1, 4), (2, 2, 4), (3, 1, 4))((0, 3, 4), (1, 3, 4), (1, 4, 4), (2, 3, 4), (3, 3, 4))((0, 1, 0), (0, 1, 1), (0, 1, 2), (0, 1, 3), (1, 1, 2))((1, 0, 1), (1, 1, 0), (1, 1, 1), (1, 2, 1), (1, 3, 1))((0, 2, 0), (1, 2, 0), (1, 3, 0), (2, 2, 0), (3, 2, 0))((2, 2, 1), (2, 3, 0), (2, 3, 1), (2, 3, 2), (2, 3, 3))((0, 3, 0), (0, 3, 1), (0, 3, 2), (0, 3, 3), (1, 3, 2))((0, 2, 1), (0, 2, 2), (0, 2, 3), (0, 2, 4), (1, 2, 2))((1, 0, 3), (1, 1, 3), (1, 2, 3), (1, 2, 4), (1, 3, 3))((0, 4, 1), (0, 4, 2), (0, 4, 3), (0, 4, 4), (1, 4, 2))((1, 4, 3), (2, 4, 1), (2, 4, 2), (2, 4, 3), (2, 4, 4))
7
((0, 0, 0), (0, 0, 1), (0, 0, 2), (0, 0, 3), (1, 0, 2))((0, 0, 4), (1, 0, 4), (2, 0, 3), (2, 0, 4), (3, 0, 4))((4, 0, 1), (4, 0, 2), (4, 0, 3), (4, 0, 4), (4, 1, 2))((3, 2, 4), (4, 1, 4), (4, 2, 4), (4, 3, 4), (4, 4, 4))((1, 0, 0), (2, 0, 0), (2, 0, 1), (3, 0, 0), (4, 0, 0))((3, 3, 0), (4, 1, 0), (4, 2, 0), (4, 3, 0), (4, 4, 0))((3, 4, 1), (3, 4, 2), (3, 4, 3), (3, 4, 4), (4, 4, 2))((4, 1, 3), (4, 2, 2), (4, 2, 3), (4, 3, 3), (4, 4, 3))((4, 1, 1), (4, 2, 1), (4, 3, 1), (4, 3, 2), (4, 4, 1))((0, 4, 0), (1, 4, 0), (1, 4, 1), (2, 4, 0), (3, 4, 0))((2, 2, 3), (3, 0, 3), (3, 1, 3), (3, 2, 3), (3, 3, 3))((2, 2, 2), (3, 0, 2), (3, 1, 2), (3, 2, 2), (3, 3, 2))((2, 0, 2), (2, 1, 0), (2, 1, 1), (2, 1, 2), (2, 1, 3))((3, 0, 1), (3, 1, 0), (3, 1, 1), (3, 2, 1), (3, 3, 1))((0, 1, 4), (1, 1, 4), (2, 1, 4), (2, 2, 4), (3, 1, 4))((0, 3, 4), (1, 3, 4), (1, 4, 4), (2, 3, 4), (3, 3, 4))((0, 1, 0), (0, 1, 1), (0, 1, 2), (0, 1, 3), (1, 1, 2))((1, 0, 1), (1, 1, 0), (1, 1, 1), (1, 2, 1), (1, 3, 1))((0, 2, 0), (1, 2, 0), (1, 3, 0), (2, 2, 0), (3, 2, 0))((2, 2, 1), (2, 3, 0), (2, 3, 1), (2, 3, 2), (2, 3, 3))((0, 3, 0), (0, 3, 1), (0, 3, 2), (0, 3, 3), (1, 3, 2))((0, 2, 1), (0, 2, 2), (0, 2, 3), (0, 2, 4), (1, 2, 2))((1, 0, 3), (1, 1, 3), (1, 2, 3), (1, 2, 4), (1, 3, 3))((1, 4, 3), (2, 4, 1), (2, 4, 2), (2, 4, 3), (2, 4, 4))((0, 4, 1), (0, 4, 2), (0, 4, 3), (0, 4, 4), (1, 4, 2))
8
((0, 0, 0), (0, 0, 1), (0, 0, 2), (0, 0, 3), (1, 0, 2))((0, 0, 4), (1, 0, 4), (2, 0, 3), (2, 0, 4), (3, 0, 4))((4, 0, 1), (4, 0, 2), (4, 0, 3), (4, 0, 4), (4, 1, 2))((3, 2, 4), (4, 1, 4), (4, 2, 4), (4, 3, 4), (4, 4, 4))((1, 0, 0), (2, 0, 0), (2, 0, 1), (3, 0, 0), (4, 0, 0))((3, 3, 0), (4, 1, 0), (4, 2, 0), (4, 3, 0), (4, 4, 0))((3, 4, 1), (3, 4, 2), (3, 4, 3), (3, 4, 4), (4, 4, 2))((4, 1, 3), (4, 2, 2), (4, 2, 3), (4, 3, 3), (4, 4, 3))((4, 1, 1), (4, 2, 1), (4, 3, 1), (4, 3, 2), (4, 4, 1))((0, 4, 0), (1, 4, 0), (1, 4, 1), (2, 4, 0), (3, 4, 0))((2, 2, 3), (3, 0, 3), (3, 1, 3), (3, 2, 3), (3, 3, 3))((2, 2, 2), (3, 0, 2), (3, 1, 2), (3, 2, 2), (3, 3, 2))((2, 0, 2), (2, 1, 0), (2, 1, 1), (2, 1, 2), (2, 1, 3))((3, 0, 1), (3, 1, 0), (3, 1, 1), (3, 2, 1), (3, 3, 1))((0, 1, 4), (1, 1, 4), (2, 1, 4), (2, 2, 4), (3, 1, 4))((0, 3, 4), (1, 3, 4), (1, 4, 4), (2, 3, 4), (3, 3, 4))((0, 1, 0), (0, 1, 1), (0, 1, 2), (0, 1, 3), (1, 1, 2))((1, 0, 1), (1, 1, 0), (1, 1, 1), (1, 2, 1), (1, 3, 1))((0, 2, 0), (1, 2, 0), (1, 3, 0), (2, 2, 0), (3, 2, 0))((2, 2, 1), (2, 3, 0), (2, 3, 1), (2, 3, 2), (2, 3, 3))((0, 3, 0), (0, 3, 1), (0, 3, 2), (0, 3, 3), (1, 3, 2))((0, 2, 1), (0, 2, 2), (0, 2, 3), (0, 2, 4), (1, 2, 2))((1, 0, 3), (1, 1, 3), (1, 2, 3), (1, 2, 4), (1, 3, 3))((1, 4, 2), (2, 4, 1), (2, 4, 2), (2, 4, 3), (2, 4, 4))((0, 4, 1), (0, 4, 2), (0, 4, 3), (0, 4, 4), (1, 4, 3))
9
((0, 0, 0), (0, 0, 1), (0, 0, 2), (0, 0, 3), (1, 0, 2))((0, 0, 4), (1, 0, 4), (2, 0, 3), (2, 0, 4), (3, 0, 4))((3, 0, 3), (4, 0, 1), (4, 0, 2), (4, 0, 3), (4, 0, 4))((1, 0, 0), (2, 0, 0), (2, 0, 1), (3, 0, 0), (4, 0, 0))((1, 0, 3), (1, 1, 3), (1, 2, 3), (1, 3, 3), (2, 2, 3))((1, 0, 1), (1, 1, 0), (1, 1, 1), (1, 2, 1), (1, 3, 1))((0, 1, 0), (0, 1, 1), (0, 1, 2), (0, 1, 3), (0, 2, 1))((0, 1, 4), (0, 2, 3), (0, 2, 4), (0, 3, 4), (0, 4, 4))((0, 2, 0), (1, 2, 0), (2, 1, 0), (2, 2, 0), (3, 2, 0))((0, 3, 0), (0, 3, 1), (0, 3, 2), (0, 3, 3), (0, 4, 2))((0, 4, 0), (1, 3, 0), (1, 4, 0), (2, 4, 0), (3, 4, 0))((0, 4, 1), (1, 4, 1), (2, 4, 1), (2, 4, 2), (3, 4, 1))((0, 4, 3), (1, 4, 3), (2, 4, 3), (2, 4, 4), (3, 4, 3))((1, 1, 4), (1, 2, 4), (1, 3, 4), (1, 4, 4), (2, 3, 4))((2, 2, 4), (3, 1, 4), (3, 2, 4), (3, 3, 4), (3, 4, 4))((0, 2, 2), (1, 1, 2), (1, 2, 2), (1, 3, 2), (1, 4, 2))((2, 2, 1), (2, 3, 0), (2, 3, 1), (2, 3, 2), (2, 3, 3))((2, 0, 2), (2, 1, 1), (2, 1, 2), (2, 1, 3), (2, 1, 4))((2, 2, 2), (3, 0, 2), (3, 1, 2), (3, 2, 2), (3, 3, 2))((3, 1, 3), (4, 1, 1), (4, 1, 2), (4, 1, 3), (4, 1, 4))((3, 3, 3), (4, 3, 1), (4, 3, 2), (4, 3, 3), (4, 3, 4))((3, 2, 3), (4, 2, 1), (4, 2, 2), (4, 2, 3), (4, 2, 4))((3, 4, 2), (4, 4, 1), (4, 4, 2), (4, 4, 3), (4, 4, 4))((3, 3, 0), (4, 1, 0), (4, 2, 0), (4, 3, 0), (4, 4, 0))((3, 0, 1), (3, 1, 0), (3, 1, 1), (3, 2, 1), (3, 3, 1))
10
((0, 0, 0), (0, 0, 1), (0, 0, 2), (0, 0, 3), (1, 0, 2))((0, 0, 4), (1, 0, 4), (2, 0, 3), (2, 0, 4), (3, 0, 4))((3, 0, 3), (4, 0, 1), (4, 0, 2), (4, 0, 3), (4, 0, 4))((1, 0, 0), (2, 0, 0), (2, 0, 1), (3, 0, 0), (4, 0, 0))((1, 0, 3), (1, 1, 3), (1, 2, 3), (1, 3, 3), (2, 2, 3))((1, 0, 1), (1, 1, 0), (1, 1, 1), (1, 2, 1), (1, 3, 1))((0, 1, 0), (0, 1, 1), (0, 1, 2), (0, 1, 3), (0, 2, 1))((0, 1, 4), (0, 2, 3), (0, 2, 4), (0, 3, 4), (0, 4, 4))((0, 2, 0), (1, 2, 0), (2, 1, 0), (2, 2, 0), (3, 2, 0))((0, 3, 0), (0, 3, 1), (0, 3, 2), (0, 3, 3), (0, 4, 2))((0, 4, 0), (1, 3, 0), (1, 4, 0), (2, 4, 0), (3, 4, 0))((0, 4, 1), (1, 4, 1), (2, 4, 1), (2, 4, 2), (3, 4, 1))((0, 4, 3), (1, 4, 3), (2, 4, 3), (2, 4, 4), (3, 4, 3))((1, 1, 4), (1, 2, 4), (1, 3, 4), (1, 4, 4), (2, 2, 4))((0, 2, 2), (1, 1, 2), (1, 2, 2), (1, 3, 2), (1, 4, 2))((2, 2, 1), (2, 3, 0), (2, 3, 1), (2, 3, 2), (2, 3, 3))((2, 0, 2), (2, 1, 1), (2, 1, 2), (2, 1, 3), (2, 1, 4))((2, 3, 4), (3, 1, 4), (3, 2, 4), (3, 3, 4), (3, 4, 4))((2, 2, 2), (3, 0, 2), (3, 1, 2), (3, 2, 2), (3, 3, 2))((3, 0, 1), (3, 1, 0), (3, 1, 1), (3, 2, 1), (3, 3, 1))((3, 3, 0), (4, 1, 0), (4, 2, 0), (4, 3, 0), (4, 4, 0))((3, 1, 3), (4, 1, 1), (4, 1, 2), (4, 1, 3), (4, 1, 4))((3, 2, 3), (4, 2, 1), (4, 2, 2), (4, 2, 3), (4, 2, 4))((3, 3, 3), (4, 3, 1), (4, 3, 2), (4, 3, 3), (4, 3, 4))((3, 4, 2), (4, 4, 1), (4, 4, 2), (4, 4, 3), (4, 4, 4))
11
((0, 0, 0), (0, 0, 1), (0, 0, 2), (0, 0, 3), (1, 0, 2))((0, 0, 4), (1, 0, 4), (2, 0, 3), (2, 0, 4), (3, 0, 4))((3, 0, 3), (4, 0, 1), (4, 0, 2), (4, 0, 3), (4, 0, 4))((1, 0, 0), (2, 0, 0), (3, 0, 0), (3, 0, 1), (4, 0, 0))((0, 2, 3), (1, 0, 3), (1, 1, 3), (1, 2, 3), (1, 3, 3))((0, 1, 0), (0, 1, 1), (0, 1, 2), (0, 1, 3), (0, 2, 1))((0, 1, 4), (0, 2, 4), (0, 3, 4), (0, 4, 4), (1, 3, 4))((1, 1, 4), (2, 1, 3), (2, 1, 4), (3, 1, 4), (4, 1, 4))((1, 2, 4), (2, 2, 4), (3, 2, 3), (3, 2, 4), (4, 2, 4))((0, 3, 0), (0, 3, 1), (0, 3, 2), (0, 3, 3), (0, 4, 2))((0, 4, 0), (1, 3, 0), (1, 4, 0), (2, 4, 0), (3, 4, 0))((0, 4, 1), (1, 4, 1), (2, 4, 1), (2, 4, 2), (3, 4, 1))((0, 4, 3), (1, 4, 3), (2, 3, 3), (2, 4, 3), (3, 4, 3))((1, 4, 4), (2, 3, 4), (2, 4, 4), (3, 4, 4), (4, 4, 4))((0, 2, 0), (1, 2, 0), (2, 2, 0), (2, 3, 0), (3, 2, 0))((2, 0, 2), (2, 1, 2), (2, 2, 2), (2, 2, 3), (2, 3, 2))((0, 2, 2), (1, 1, 2), (1, 2, 2), (1, 3, 2), (1, 4, 2))((1, 0, 1), (1, 1, 0), (1, 1, 1), (1, 2, 1), (1, 3, 1))((2, 0, 1), (2, 1, 0), (2, 1, 1), (2, 2, 1), (2, 3, 1))((3, 3, 1), (3, 3, 2), (3, 3, 3), (3, 3, 4), (3, 4, 2))((3, 3, 0), (4, 1, 0), (4, 2, 0), (4, 3, 0), (4, 4, 0))((3, 0, 2), (3, 1, 0), (3, 1, 1), (3, 1, 2), (3, 1, 3))((3, 2, 1), (4, 1, 1), (4, 2, 1), (4, 3, 1), (4, 4, 1))((4, 1, 3), (4, 2, 3), (4, 3, 3), (4, 3, 4), (4, 4, 3))((3, 2, 2), (4, 1, 2), (4, 2, 2), (4, 3, 2), (4, 4, 2))
12
((0, 0, 0), (0, 0, 1), (0, 0, 2), (0, 0, 3), (1, 0, 2))((0, 0, 4), (1, 0, 4), (2, 0, 3), (2, 0, 4), (3, 0, 4))((3, 0, 3), (4, 0, 1), (4, 0, 2), (4, 0, 3), (4, 0, 4))((1, 0, 0), (2, 0, 0), (3, 0, 0), (3, 0, 1), (4, 0, 0))((0, 2, 3), (1, 0, 3), (1, 1, 3), (1, 2, 3), (1, 3, 3))((0, 1, 0), (0, 1, 1), (0, 1, 2), (0, 1, 3), (0, 2, 1))((0, 1, 4), (0, 2, 4), (0, 3, 4), (0, 4, 4), (1, 3, 4))((1, 1, 4), (2, 1, 3), (2, 1, 4), (3, 1, 4), (4, 1, 4))((1, 2, 4), (2, 2, 4), (3, 2, 3), (3, 2, 4), (4, 2, 4))((0, 3, 0), (0, 3, 1), (0, 3, 2), (0, 3, 3), (0, 4, 2))((0, 4, 0), (1, 4, 0), (2, 3, 0), (2, 4, 0), (3, 4, 0))((0, 2, 0), (1, 2, 0), (1, 3, 0), (2, 2, 0), (3, 2, 0))((1, 0, 1), (1, 1, 0), (1, 1, 1), (1, 2, 1), (1, 3, 1))((2, 0, 1), (2, 1, 0), (2, 1, 1), (2, 2, 1), (2, 3, 1))((1, 4, 4), (2, 3, 4), (2, 4, 4), (3, 4, 4), (4, 4, 4))((0, 4, 1), (1, 4, 1), (2, 4, 1), (2, 4, 2), (3, 4, 1))((0, 4, 3), (1, 4, 3), (2, 3, 3), (2, 4, 3), (3, 4, 3))((2, 0, 2), (2, 1, 2), (2, 2, 2), (2, 2, 3), (2, 3, 2))((0, 2, 2), (1, 1, 2), (1, 2, 2), (1, 3, 2), (1, 4, 2))((3, 3, 1), (3, 3, 2), (3, 3, 3), (3, 3, 4), (3, 4, 2))((3, 0, 2), (3, 1, 0), (3, 1, 1), (3, 1, 2), (3, 1, 3))((3, 3, 0), (4, 1, 0), (4, 2, 0), (4, 3, 0), (4, 4, 0))((3, 2, 1), (4, 1, 1), (4, 2, 1), (4, 3, 1), (4, 4, 1))((4, 1, 3), (4, 2, 3), (4, 3, 3), (4, 3, 4), (4, 4, 3))((3, 2, 2), (4, 1, 2), (4, 2, 2), (4, 3, 2), (4, 4, 2))
13
((0, 0, 0), (0, 0, 1), (0, 0, 2), (0, 0, 3), (1, 0, 2))((0, 0, 4), (1, 0, 4), (2, 0, 3), (2, 0, 4), (3, 0, 4))((3, 0, 2), (4, 0, 1), (4, 0, 2), (4, 0, 3), (4, 0, 4))((1, 0, 0), (2, 0, 0), (2, 0, 1), (3, 0, 0), (4, 0, 0))((0, 1, 3), (1, 0, 3), (1, 1, 3), (1, 2, 3), (1, 3, 3))((0, 1, 4), (1, 1, 4), (1, 2, 4), (2, 1, 4), (3, 1, 4))((0, 1, 2), (0, 2, 1), (0, 2, 2), (0, 2, 3), (0, 2, 4))((0, 1, 0), (1, 1, 0), (2, 1, 0), (2, 1, 1), (3, 1, 0))((0, 1, 1), (1, 0, 1), (1, 1, 1), (1, 2, 1), (1, 3, 1))((0, 2, 0), (1, 2, 0), (1, 3, 0), (2, 2, 0), (3, 2, 0))((0, 3, 0), (0, 3, 1), (0, 3, 2), (0, 3, 3), (1, 3, 2))((0, 3, 4), (1, 3, 4), (1, 4, 4), (2, 3, 4), (3, 3, 4))((0, 4, 1), (0, 4, 2), (0, 4, 3), (0, 4, 4), (1, 4, 3))((0, 4, 0), (1, 4, 0), (1, 4, 1), (2, 4, 0), (3, 4, 0))((3, 0, 1), (3, 1, 1), (3, 2, 1), (3, 2, 2), (3, 3, 1))((3, 3, 0), (4, 1, 0), (4, 2, 0), (4, 3, 0), (4, 4, 0))((3, 2, 4), (4, 1, 4), (4, 2, 4), (4, 3, 4), (4, 4, 4))((4, 1, 1), (4, 2, 1), (4, 3, 1), (4, 3, 2), (4, 4, 1))((4, 1, 3), (4, 2, 2), (4, 2, 3), (4, 3, 3), (4, 4, 3))((1, 2, 2), (2, 2, 1), (2, 2, 2), (2, 2, 3), (2, 2, 4))((1, 1, 2), (2, 0, 2), (2, 1, 2), (3, 1, 2), (4, 1, 2))((2, 1, 3), (3, 0, 3), (3, 1, 3), (3, 2, 3), (3, 3, 3))((2, 3, 0), (2, 3, 1), (2, 3, 2), (2, 3, 3), (3, 3, 2))((1, 4, 2), (2, 4, 1), (2, 4, 2), (2, 4, 3), (2, 4, 4))((3, 4, 1), (3, 4, 2), (3, 4, 3), (3, 4, 4), (4, 4, 2))
14
((0, 0, 0), (0, 0, 1), (0, 0, 2), (0, 0, 3), (1, 0, 2))((0, 0, 4), (1, 0, 4), (2, 0, 3), (2, 0, 4), (3, 0, 4))((3, 0, 2), (4, 0, 1), (4, 0, 2), (4, 0, 3), (4, 0, 4))((1, 0, 0), (2, 0, 0), (2, 0, 1), (3, 0, 0), (4, 0, 0))((0, 1, 3), (1, 0, 3), (1, 1, 3), (1, 2, 3), (1, 3, 3))((0, 1, 4), (1, 1, 4), (1, 2, 4), (2, 1, 4), (3, 1, 4))((0, 1, 2), (0, 2, 1), (0, 2, 2), (0, 2, 3), (0, 2, 4))((0, 1, 0), (1, 1, 0), (2, 1, 0), (2, 1, 1), (3, 1, 0))((0, 1, 1), (1, 0, 1), (1, 1, 1), (1, 2, 1), (1, 3, 1))((0, 2, 0), (1, 2, 0), (1, 3, 0), (2, 2, 0), (3, 2, 0))((0, 3, 0), (0, 3, 1), (0, 3, 2), (0, 3, 3), (1, 3, 2))((0, 3, 4), (1, 3, 4), (1, 4, 4), (2, 3, 4), (3, 3, 4))((0, 4, 1), (0, 4, 2), (0, 4, 3), (0, 4, 4), (1, 4, 3))((0, 4, 0), (1, 4, 0), (1, 4, 1), (2, 4, 0), (3, 4, 0))((3, 0, 1), (3, 1, 1), (3, 2, 1), (3, 2, 2), (3, 3, 1))((3, 3, 0), (4, 1, 0), (4, 2, 0), (4, 3, 0), (4, 4, 0))((3, 2, 4), (4, 1, 4), (4, 2, 4), (4, 3, 4), (4, 4, 4))((4, 1, 1), (4, 2, 1), (4, 2, 2), (4, 3, 1), (4, 4, 1))((4, 1, 3), (4, 2, 3), (4, 3, 2), (4, 3, 3), (4, 4, 3))((2, 1, 3), (3, 0, 3), (3, 1, 3), (3, 2, 3), (3, 3, 3))((1, 1, 2), (2, 0, 2), (2, 1, 2), (3, 1, 2), (4, 1, 2))((1, 2, 2), (2, 2, 1), (2, 2, 2), (2, 2, 3), (2, 2, 4))((2, 3, 0), (2, 3, 1), (2, 3, 2), (2, 3, 3), (3, 3, 2))((1, 4, 2), (2, 4, 1), (2, 4, 2), (2, 4, 3), (2, 4, 4))((3, 4, 1), (3, 4, 2), (3, 4, 3), (3, 4, 4), (4, 4, 2))
15
((0, 0, 0), (0, 0, 1), (0, 0, 2), (0, 0, 3), (1, 0, 2))((0, 0, 4), (1, 0, 4), (2, 0, 3), (2, 0, 4), (3, 0, 4))((3, 0, 2), (4, 0, 1), (4, 0, 2), (4, 0, 3), (4, 0, 4))((1, 0, 0), (2, 0, 0), (2, 0, 1), (3, 0, 0), (4, 0, 0))((0, 1, 3), (1, 0, 3), (1, 1, 3), (1, 2, 3), (1, 3, 3))((0, 1, 4), (1, 1, 4), (1, 2, 4), (2, 1, 4), (3, 1, 4))((0, 1, 2), (0, 2, 1), (0, 2, 2), (0, 2, 3), (0, 2, 4))((0, 1, 0), (1, 1, 0), (2, 1, 0), (2, 1, 1), (3, 1, 0))((0, 1, 1), (1, 0, 1), (1, 1, 1), (1, 2, 1), (1, 3, 1))((0, 2, 0), (1, 2, 0), (1, 3, 0), (2, 2, 0), (3, 2, 0))((0, 3, 0), (0, 3, 1), (0, 3, 2), (0, 3, 3), (1, 3, 2))((0, 3, 4), (1, 3, 4), (1, 4, 4), (2, 3, 4), (3, 3, 4))((0, 4, 1), (0, 4, 2), (0, 4, 3), (0, 4, 4), (1, 4, 2))((0, 4, 0), (1, 4, 0), (1, 4, 1), (2, 4, 0), (3, 4, 0))((3, 0, 1), (3, 1, 1), (3, 2, 1), (3, 2, 2), (3, 3, 1))((3, 3, 0), (4, 1, 0), (4, 2, 0), (4, 3, 0), (4, 4, 0))((1, 2, 2), (2, 2, 1), (2, 2, 2), (2, 2, 3), (2, 2, 4))((1, 1, 2), (2, 0, 2), (2, 1, 2), (3, 1, 2), (4, 1, 2))((2, 1, 3), (3, 0, 3), (3, 1, 3), (3, 2, 3), (3, 3, 3))((3, 2, 4), (4, 1, 4), (4, 2, 4), (4, 3, 4), (4, 4, 4))((3, 4, 1), (3, 4, 2), (3, 4, 3), (3, 4, 4), (4, 4, 2))((2, 3, 0), (2, 3, 1), (2, 3, 2), (2, 3, 3), (3, 3, 2))((1, 4, 3), (2, 4, 1), (2, 4, 2), (2, 4, 3), (2, 4, 4))((4, 1, 3), (4, 2, 3), (4, 3, 2), (4, 3, 3), (4, 4, 3))((4, 1, 1), (4, 2, 1), (4, 2, 2), (4, 3, 1), (4, 4, 1))
16
((0, 0, 0), (0, 0, 1), (0, 0, 2), (0, 0, 3), (1, 0, 2))((0, 0, 4), (1, 0, 4), (2, 0, 3), (2, 0, 4), (3, 0, 4))((3, 0, 2), (4, 0, 1), (4, 0, 2), (4, 0, 3), (4, 0, 4))((1, 0, 0), (2, 0, 0), (2, 0, 1), (3, 0, 0), (4, 0, 0))((0, 1, 3), (1, 0, 3), (1, 1, 3), (1, 2, 3), (1, 3, 3))((0, 1, 4), (1, 1, 4), (1, 2, 4), (2, 1, 4), (3, 1, 4))((0, 1, 2), (0, 2, 1), (0, 2, 2), (0, 2, 3), (0, 2, 4))((0, 1, 0), (1, 1, 0), (2, 1, 0), (2, 1, 1), (3, 1, 0))((0, 1, 1), (1, 0, 1), (1, 1, 1), (1, 2, 1), (1, 3, 1))((0, 2, 0), (1, 2, 0), (1, 3, 0), (2, 2, 0), (3, 2, 0))((0, 3, 0), (0, 3, 1), (0, 3, 2), (0, 3, 3), (1, 3, 2))((0, 3, 4), (1, 3, 4), (1, 4, 4), (2, 3, 4), (3, 3, 4))((0, 4, 1), (0, 4, 2), (0, 4, 3), (0, 4, 4), (1, 4, 2))((0, 4, 0), (1, 4, 0), (1, 4, 1), (2, 4, 0), (3, 4, 0))((3, 0, 1), (3, 1, 1), (3, 2, 1), (3, 2, 2), (3, 3, 1))((3, 3, 0), (4, 1, 0), (4, 2, 0), (4, 3, 0), (4, 4, 0))((1, 2, 2), (2, 2, 1), (2, 2, 2), (2, 2, 3), (2, 2, 4))((1, 1, 2), (2, 0, 2), (2, 1, 2), (3, 1, 2), (4, 1, 2))((2, 1, 3), (3, 0, 3), (3, 1, 3), (3, 2, 3), (3, 3, 3))((3, 2, 4), (4, 1, 4), (4, 2, 4), (4, 3, 4), (4, 4, 4))((3, 4, 1), (3, 4, 2), (3, 4, 3), (3, 4, 4), (4, 4, 2))((2, 3, 0), (2, 3, 1), (2, 3, 2), (2, 3, 3), (3, 3, 2))((1, 4, 3), (2, 4, 1), (2, 4, 2), (2, 4, 3), (2, 4, 4))((4, 1, 3), (4, 2, 2), (4, 2, 3), (4, 3, 3), (4, 4, 3))((4, 1, 1), (4, 2, 1), (4, 3, 1), (4, 3, 2), (4, 4, 1))
17
((0, 0, 0), (0, 0, 1), (0, 0, 2), (0, 0, 3), (1, 0, 2))((0, 0, 4), (1, 0, 4), (2, 0, 3), (2, 0, 4), (3, 0, 4))((3, 0, 2), (4, 0, 1), (4, 0, 2), (4, 0, 3), (4, 0, 4))((1, 0, 0), (2, 0, 0), (2, 0, 1), (3, 0, 0), (4, 0, 0))((0, 1, 3), (1, 0, 3), (1, 1, 3), (1, 2, 3), (1, 3, 3))((0, 1, 4), (1, 1, 4), (2, 1, 3), (2, 1, 4), (3, 1, 4))((3, 0, 3), (3, 1, 3), (3, 2, 2), (3, 2, 3), (3, 3, 3))((0, 2, 4), (1, 2, 4), (1, 3, 4), (2, 2, 4), (3, 2, 4))((3, 3, 4), (4, 1, 4), (4, 2, 4), (4, 3, 4), (4, 4, 4))((0, 3, 1), (0, 3, 2), (0, 3, 3), (0, 3, 4), (1, 3, 2))((0, 1, 2), (0, 2, 0), (0, 2, 1), (0, 2, 2), (0, 2, 3))((0, 1, 0), (1, 1, 0), (1, 2, 0), (2, 1, 0), (3, 1, 0))((3, 2, 0), (4, 1, 0), (4, 2, 0), (4, 3, 0), (4, 4, 0))((4, 1, 3), (4, 2, 3), (4, 3, 2), (4, 3, 3), (4, 4, 3))((4, 1, 1), (4, 2, 1), (4, 2, 2), (4, 3, 1), (4, 4, 1))((2, 1, 1), (3, 0, 1), (3, 1, 1), (3, 2, 1), (3, 3, 1))((0, 1, 1), (1, 0, 1), (1, 1, 1), (1, 2, 1), (1, 3, 1))((1, 1, 2), (2, 0, 2), (2, 1, 2), (3, 1, 2), (4, 1, 2))((1, 2, 2), (2, 2, 0), (2, 2, 1), (2, 2, 2), (2, 2, 3))((0, 3, 0), (1, 3, 0), (1, 4, 0), (2, 3, 0), (3, 3, 0))((0, 4, 0), (0, 4, 1), (0, 4, 2), (0, 4, 3), (1, 4, 1))((0, 4, 4), (1, 4, 3), (1, 4, 4), (2, 4, 4), (3, 4, 4))((2, 3, 1), (2, 3, 2), (2, 3, 3), (2, 3, 4), (3, 3, 2))((1, 4, 2), (2, 4, 0), (2, 4, 1), (2, 4, 2), (2, 4, 3))((3, 4, 0), (3, 4, 1), (3, 4, 2), (3, 4, 3), (4, 4, 2))
18
((0, 0, 0), (0, 0, 1), (0, 0, 2), (0, 0, 3), (1, 0, 2))((0, 0, 4), (1, 0, 4), (2, 0, 3), (2, 0, 4), (3, 0, 4))((3, 0, 2), (4, 0, 1), (4, 0, 2), (4, 0, 3), (4, 0, 4))((1, 0, 0), (2, 0, 0), (2, 0, 1), (3, 0, 0), (4, 0, 0))((0, 1, 3), (1, 0, 3), (1, 1, 3), (1, 2, 3), (1, 3, 3))((0, 1, 4), (1, 1, 4), (2, 1, 3), (2, 1, 4), (3, 1, 4))((3, 0, 3), (3, 1, 3), (3, 2, 2), (3, 2, 3), (3, 3, 3))((0, 2, 4), (1, 2, 4), (1, 3, 4), (2, 2, 4), (3, 2, 4))((3, 3, 4), (4, 1, 4), (4, 2, 4), (4, 3, 4), (4, 4, 4))((0, 3, 1), (0, 3, 2), (0, 3, 3), (0, 3, 4), (1, 3, 2))((0, 1, 2), (0, 2, 0), (0, 2, 1), (0, 2, 2), (0, 2, 3))((0, 1, 0), (1, 1, 0), (1, 2, 0), (2, 1, 0), (3, 1, 0))((3, 2, 0), (4, 1, 0), (4, 2, 0), (4, 3, 0), (4, 4, 0))((4, 1, 3), (4, 2, 3), (4, 3, 2), (4, 3, 3), (4, 4, 3))((4, 1, 1), (4, 2, 1), (4, 2, 2), (4, 3, 1), (4, 4, 1))((2, 1, 1), (3, 0, 1), (3, 1, 1), (3, 2, 1), (3, 3, 1))((0, 1, 1), (1, 0, 1), (1, 1, 1), (1, 2, 1), (1, 3, 1))((1, 1, 2), (2, 0, 2), (2, 1, 2), (3, 1, 2), (4, 1, 2))((1, 2, 2), (2, 2, 0), (2, 2, 1), (2, 2, 2), (2, 2, 3))((0, 3, 0), (1, 3, 0), (1, 4, 0), (2, 3, 0), (3, 3, 0))((0, 4, 0), (0, 4, 1), (0, 4, 2), (0, 4, 3), (1, 4, 2))((1, 4, 1), (2, 4, 0), (2, 4, 1), (2, 4, 2), (2, 4, 3))((2, 3, 1), (2, 3, 2), (2, 3, 3), (2, 3, 4), (3, 3, 2))((3, 4, 0), (3, 4, 1), (3, 4, 2), (3, 4, 3), (4, 4, 2))((0, 4, 4), (1, 4, 3), (1, 4, 4), (2, 4, 4), (3, 4, 4))
19
((0, 0, 0), (0, 0, 1), (0, 0, 2), (0, 0, 3), (1, 0, 2))((0, 0, 4), (1, 0, 4), (2, 0, 3), (2, 0, 4), (3, 0, 4))((3, 0, 2), (4, 0, 1), (4, 0, 2), (4, 0, 3), (4, 0, 4))((1, 0, 0), (2, 0, 0), (2, 0, 1), (3, 0, 0), (4, 0, 0))((0, 1, 3), (1, 0, 3), (1, 1, 3), (1, 2, 3), (1, 3, 3))((0, 1, 4), (1, 1, 4), (2, 1, 3), (2, 1, 4), (3, 1, 4))((3, 0, 3), (3, 1, 3), (3, 2, 2), (3, 2, 3), (3, 3, 3))((0, 2, 4), (1, 2, 4), (1, 3, 4), (2, 2, 4), (3, 2, 4))((3, 3, 4), (4, 1, 4), (4, 2, 4), (4, 3, 4), (4, 4, 4))((0, 3, 1), (0, 3, 2), (0, 3, 3), (0, 3, 4), (1, 3, 2))((0, 1, 2), (0, 2, 0), (0, 2, 1), (0, 2, 2), (0, 2, 3))((0, 1, 0), (1, 1, 0), (1, 2, 0), (2, 1, 0), (3, 1, 0))((3, 2, 0), (4, 1, 0), (4, 2, 0), (4, 3, 0), (4, 4, 0))((4, 1, 3), (4, 2, 2), (4, 2, 3), (4, 3, 3), (4, 4, 3))((4, 1, 1), (4, 2, 1), (4, 3, 1), (4, 3, 2), (4, 4, 1))((2, 1, 1), (3, 0, 1), (3, 1, 1), (3, 2, 1), (3, 3, 1))((0, 1, 1), (1, 0, 1), (1, 1, 1), (1, 2, 1), (1, 3, 1))((1, 1, 2), (2, 0, 2), (2, 1, 2), (3, 1, 2), (4, 1, 2))((1, 2, 2), (2, 2, 0), (2, 2, 1), (2, 2, 2), (2, 2, 3))((0, 3, 0), (1, 3, 0), (1, 4, 0), (2, 3, 0), (3, 3, 0))((0, 4, 0), (0, 4, 1), (0, 4, 2), (0, 4, 3), (1, 4, 1))((0, 4, 4), (1, 4, 3), (1, 4, 4), (2, 4, 4), (3, 4, 4))((2, 3, 1), (2, 3, 2), (2, 3, 3), (2, 3, 4), (3, 3, 2))((1, 4, 2), (2, 4, 0), (2, 4, 1), (2, 4, 2), (2, 4, 3))((3, 4, 0), (3, 4, 1), (3, 4, 2), (3, 4, 3), (4, 4, 2))
20
((0, 0, 0), (0, 0, 1), (0, 0, 2), (0, 0, 3), (1, 0, 2))((0, 0, 4), (1, 0, 4), (2, 0, 3), (2, 0, 4), (3, 0, 4))((3, 0, 2), (4, 0, 1), (4, 0, 2), (4, 0, 3), (4, 0, 4))((1, 0, 0), (2, 0, 0), (2, 0, 1), (3, 0, 0), (4, 0, 0))((0, 1, 3), (1, 0, 3), (1, 1, 3), (1, 2, 3), (1, 3, 3))((0, 1, 4), (1, 1, 4), (2, 1, 3), (2, 1, 4), (3, 1, 4))((3, 0, 3), (3, 1, 3), (3, 2, 2), (3, 2, 3), (3, 3, 3))((0, 2, 4), (1, 2, 4), (1, 3, 4), (2, 2, 4), (3, 2, 4))((3, 3, 4), (4, 1, 4), (4, 2, 4), (4, 3, 4), (4, 4, 4))((0, 3, 1), (0, 3, 2), (0, 3, 3), (0, 3, 4), (1, 3, 2))((0, 1, 2), (0, 2, 0), (0, 2, 1), (0, 2, 2), (0, 2, 3))((0, 1, 0), (1, 1, 0), (1, 2, 0), (2, 1, 0), (3, 1, 0))((3, 2, 0), (4, 1, 0), (4, 2, 0), (4, 3, 0), (4, 4, 0))((4, 1, 3), (4, 2, 2), (4, 2, 3), (4, 3, 3), (4, 4, 3))((4, 1, 1), (4, 2, 1), (4, 3, 1), (4, 3, 2), (4, 4, 1))((2, 1, 1), (3, 0, 1), (3, 1, 1), (3, 2, 1), (3, 3, 1))((0, 1, 1), (1, 0, 1), (1, 1, 1), (1, 2, 1), (1, 3, 1))((1, 1, 2), (2, 0, 2), (2, 1, 2), (3, 1, 2), (4, 1, 2))((1, 2, 2), (2, 2, 0), (2, 2, 1), (2, 2, 2), (2, 2, 3))((0, 3, 0), (1, 3, 0), (1, 4, 0), (2, 3, 0), (3, 3, 0))((0, 4, 0), (0, 4, 1), (0, 4, 2), (0, 4, 3), (1, 4, 2))((1, 4, 1), (2, 4, 0), (2, 4, 1), (2, 4, 2), (2, 4, 3))((2, 3, 1), (2, 3, 2), (2, 3, 3), (2, 3, 4), (3, 3, 2))((3, 4, 0), (3, 4, 1), (3, 4, 2), (3, 4, 3), (4, 4, 2))((0, 4, 4), (1, 4, 3), (1, 4, 4), (2, 4, 4), (3, 4, 4))
21
((0, 0, 0), (0, 0, 1), (0, 0, 2), (0, 0, 3), (1, 0, 2))((0, 0, 4), (1, 0, 4), (2, 0, 3), (2, 0, 4), (3, 0, 4))((3, 0, 2), (4, 0, 1), (4, 0, 2), (4, 0, 3), (4, 0, 4))((1, 0, 0), (2, 0, 0), (2, 0, 1), (3, 0, 0), (4, 0, 0))((1, 0, 3), (1, 1, 3), (1, 2, 3), (1, 3, 3), (2, 1, 3))((3, 0, 3), (3, 1, 3), (3, 2, 3), (3, 3, 3), (4, 1, 3))((1, 1, 4), (2, 1, 4), (3, 1, 4), (3, 2, 4), (4, 1, 4))((0, 1, 4), (0, 2, 4), (0, 3, 4), (0, 4, 4), (1, 2, 4))((1, 3, 4), (2, 3, 4), (3, 3, 4), (3, 4, 4), (4, 3, 4))((3, 4, 3), (4, 4, 1), (4, 4, 2), (4, 4, 3), (4, 4, 4))((4, 1, 2), (4, 2, 1), (4, 2, 2), (4, 2, 3), (4, 2, 4))((3, 3, 2), (4, 3, 0), (4, 3, 1), (4, 3, 2), (4, 3, 3))((1, 1, 0), (2, 1, 0), (2, 1, 1), (3, 1, 0), (4, 1, 0))((3, 0, 1), (3, 1, 1), (3, 2, 1), (3, 3, 1), (4, 1, 1))((1, 2, 0), (2, 2, 0), (3, 2, 0), (3, 3, 0), (4, 2, 0))((0, 1, 0), (0, 2, 0), (0, 3, 0), (0, 4, 0), (1, 3, 0))((0, 1, 3), (0, 2, 3), (0, 3, 2), (0, 3, 3), (0, 4, 3))((1, 4, 0), (2, 4, 0), (3, 4, 0), (3, 4, 1), (4, 4, 0))((0, 1, 1), (0, 2, 1), (0, 2, 2), (0, 3, 1), (0, 4, 1))((1, 0, 1), (1, 1, 1), (1, 2, 1), (1, 2, 2), (1, 3, 1))((0, 1, 2), (1, 1, 2), (2, 0, 2), (2, 1, 2), (3, 1, 2))((2, 2, 1), (2, 2, 2), (2, 2, 3), (2, 2, 4), (3, 2, 2))((1, 3, 2), (2, 3, 0), (2, 3, 1), (2, 3, 2), (2, 3, 3))((0, 4, 2), (1, 4, 1), (1, 4, 2), (1, 4, 3), (1, 4, 4))((2, 4, 1), (2, 4, 2), (2, 4, 3), (2, 4, 4), (3, 4, 2))
22
((0, 0, 0), (0, 0, 1), (0, 0, 2), (0, 0, 3), (1, 0, 2))((0, 0, 4), (1, 0, 4), (2, 0, 3), (2, 0, 4), (3, 0, 4))((3, 0, 2), (4, 0, 1), (4, 0, 2), (4, 0, 3), (4, 0, 4))((1, 0, 0), (2, 0, 0), (2, 0, 1), (3, 0, 0), (4, 0, 0))((1, 0, 3), (1, 1, 3), (1, 2, 3), (1, 3, 3), (2, 1, 3))((3, 0, 3), (3, 1, 3), (3, 2, 3), (3, 3, 3), (4, 1, 3))((1, 1, 4), (2, 1, 4), (3, 1, 4), (3, 2, 4), (4, 1, 4))((0, 1, 4), (0, 2, 4), (0, 3, 4), (0, 4, 4), (1, 2, 4))((1, 3, 4), (2, 3, 4), (3, 3, 4), (3, 4, 4), (4, 3, 4))((3, 4, 3), (4, 4, 1), (4, 4, 2), (4, 4, 3), (4, 4, 4))((4, 1, 2), (4, 2, 1), (4, 2, 2), (4, 2, 3), (4, 2, 4))((3, 3, 2), (4, 3, 0), (4, 3, 1), (4, 3, 2), (4, 3, 3))((1, 1, 0), (2, 1, 0), (2, 1, 1), (3, 1, 0), (4, 1, 0))((3, 0, 1), (3, 1, 1), (3, 2, 1), (3, 3, 1), (4, 1, 1))((1, 2, 0), (2, 2, 0), (3, 2, 0), (3, 3, 0), (4, 2, 0))((0, 1, 0), (0, 2, 0), (0, 3, 0), (0, 4, 0), (1, 3, 0))((0, 1, 3), (0, 2, 2), (0, 2, 3), (0, 3, 3), (0, 4, 3))((0, 1, 1), (0, 2, 1), (0, 3, 1), (0, 3, 2), (0, 4, 1))((1, 4, 0), (2, 4, 0), (3, 4, 0), (3, 4, 1), (4, 4, 0))((2, 2, 1), (2, 2, 2), (2, 2, 3), (2, 2, 4), (3, 2, 2))((0, 1, 2), (1, 1, 2), (2, 0, 2), (2, 1, 2), (3, 1, 2))((1, 0, 1), (1, 1, 1), (1, 2, 1), (1, 2, 2), (1, 3, 1))((1, 3, 2), (2, 3, 0), (2, 3, 1), (2, 3, 2), (2, 3, 3))((2, 4, 1), (2, 4, 2), (2, 4, 3), (2, 4, 4), (3, 4, 2))((0, 4, 2), (1, 4, 1), (1, 4, 2), (1, 4, 3), (1, 4, 4))
23
((0, 0, 0), (0, 0, 1), (0, 0, 2), (0, 0, 3), (1, 0, 2))((0, 0, 4), (1, 0, 4), (2, 0, 3), (2, 0, 4), (3, 0, 4))((3, 0, 2), (4, 0, 1), (4, 0, 2), (4, 0, 3), (4, 0, 4))((1, 0, 0), (2, 0, 0), (2, 0, 1), (3, 0, 0), (4, 0, 0))((1, 0, 3), (1, 1, 3), (1, 2, 3), (1, 3, 3), (2, 1, 3))((3, 0, 3), (3, 1, 3), (3, 2, 3), (3, 3, 3), (4, 1, 3))((1, 1, 4), (2, 1, 4), (3, 1, 4), (3, 2, 4), (4, 1, 4))((0, 1, 4), (0, 2, 4), (0, 3, 4), (0, 4, 4), (1, 2, 4))((1, 3, 4), (2, 3, 4), (3, 3, 4), (3, 4, 4), (4, 3, 4))((3, 4, 2), (4, 4, 1), (4, 4, 2), (4, 4, 3), (4, 4, 4))((4, 1, 2), (4, 2, 1), (4, 2, 2), (4, 2, 3), (4, 2, 4))((3, 3, 2), (4, 3, 0), (4, 3, 1), (4, 3, 2), (4, 3, 3))((1, 1, 0), (2, 1, 0), (2, 1, 1), (3, 1, 0), (4, 1, 0))((3, 0, 1), (3, 1, 1), (3, 2, 1), (3, 3, 1), (4, 1, 1))((1, 2, 0), (2, 2, 0), (3, 2, 0), (3, 3, 0), (4, 2, 0))((0, 1, 0), (0, 2, 0), (0, 3, 0), (0, 4, 0), (1, 3, 0))((0, 1, 3), (0, 2, 3), (0, 3, 2), (0, 3, 3), (0, 4, 3))((2, 4, 1), (2, 4, 2), (2, 4, 3), (2, 4, 4), (3, 4, 3))((1, 4, 0), (2, 4, 0), (3, 4, 0), (3, 4, 1), (4, 4, 0))((0, 4, 2), (1, 4, 1), (1, 4, 2), (1, 4, 3), (1, 4, 4))((1, 3, 2), (2, 3, 0), (2, 3, 1), (2, 3, 2), (2, 3, 3))((0, 1, 2), (1, 1, 2), (2, 0, 2), (2, 1, 2), (3, 1, 2))((2, 2, 1), (2, 2, 2), (2, 2, 3), (2, 2, 4), (3, 2, 2))((1, 0, 1), (1, 1, 1), (1, 2, 1), (1, 2, 2), (1, 3, 1))((0, 1, 1), (0, 2, 1), (0, 2, 2), (0, 3, 1), (0, 4, 1))
24
((0, 0, 0), (0, 0, 1), (0, 0, 2), (0, 0, 3), (1, 0, 2))((0, 0, 4), (1, 0, 4), (2, 0, 3), (2, 0, 4), (3, 0, 4))((3, 0, 2), (4, 0, 1), (4, 0, 2), (4, 0, 3), (4, 0, 4))((1, 0, 0), (2, 0, 0), (2, 0, 1), (3, 0, 0), (4, 0, 0))((1, 0, 3), (1, 1, 3), (1, 2, 3), (1, 3, 3), (2, 1, 3))((3, 0, 3), (3, 1, 3), (3, 2, 3), (3, 3, 3), (4, 1, 3))((1, 1, 4), (2, 1, 4), (3, 1, 4), (3, 2, 4), (4, 1, 4))((0, 1, 4), (0, 2, 4), (0, 3, 4), (0, 4, 4), (1, 2, 4))((1, 3, 4), (2, 3, 4), (3, 3, 4), (3, 4, 4), (4, 3, 4))((3, 4, 2), (4, 4, 1), (4, 4, 2), (4, 4, 3), (4, 4, 4))((4, 1, 2), (4, 2, 1), (4, 2, 2), (4, 2, 3), (4, 2, 4))((3, 3, 2), (4, 3, 0), (4, 3, 1), (4, 3, 2), (4, 3, 3))((1, 1, 0), (2, 1, 0), (2, 1, 1), (3, 1, 0), (4, 1, 0))((3, 0, 1), (3, 1, 1), (3, 2, 1), (3, 3, 1), (4, 1, 1))((1, 2, 0), (2, 2, 0), (3, 2, 0), (3, 3, 0), (4, 2, 0))((0, 1, 0), (0, 2, 0), (0, 3, 0), (0, 4, 0), (1, 3, 0))((0, 1, 3), (0, 2, 2), (0, 2, 3), (0, 3, 3), (0, 4, 3))((2, 4, 1), (2, 4, 2), (2, 4, 3), (2, 4, 4), (3, 4, 3))((1, 4, 0), (2, 4, 0), (3, 4, 0), (3, 4, 1), (4, 4, 0))((0, 4, 2), (1, 4, 1), (1, 4, 2), (1, 4, 3), (1, 4, 4))((1, 3, 2), (2, 3, 0), (2, 3, 1), (2, 3, 2), (2, 3, 3))((2, 2, 1), (2, 2, 2), (2, 2, 3), (2, 2, 4), (3, 2, 2))((0, 1, 2), (1, 1, 2), (2, 0, 2), (2, 1, 2), (3, 1, 2))((1, 0, 1), (1, 1, 1), (1, 2, 1), (1, 2, 2), (1, 3, 1))((0, 1, 1), (0, 2, 1), (0, 3, 1), (0, 3, 2), (0, 4, 1))
25
((0, 0, 0), (0, 0, 1), (0, 0, 2), (0, 0, 3), (1, 0, 2))((0, 0, 4), (1, 0, 4), (2, 0, 3), (2, 0, 4), (3, 0, 4))((3, 0, 2), (4, 0, 1), (4, 0, 2), (4, 0, 3), (4, 0, 4))((1, 0, 0), (2, 0, 0), (2, 0, 1), (3, 0, 0), (4, 0, 0))((1, 0, 3), (1, 1, 2), (1, 1, 3), (1, 2, 3), (1, 3, 3))((1, 0, 1), (1, 1, 0), (1, 1, 1), (1, 2, 1), (1, 3, 1))((0, 1, 0), (0, 1, 1), (0, 1, 2), (0, 1, 3), (0, 2, 1))((0, 1, 4), (0, 2, 3), (0, 2, 4), (0, 3, 4), (0, 4, 4))((0, 2, 0), (1, 2, 0), (2, 1, 0), (2, 2, 0), (3, 2, 0))((0, 3, 0), (0, 3, 1), (0, 3, 2), (0, 3, 3), (0, 4, 1))((0, 4, 0), (1, 4, 0), (1, 4, 1), (2, 4, 0), (3, 4, 0))((1, 3, 0), (2, 3, 0), (2, 3, 1), (3, 3, 0), (4, 3, 0))((3, 4, 1), (4, 4, 0), (4, 4, 1), (4, 4, 2), (4, 4, 3))((3, 1, 2), (4, 1, 0), (4, 1, 1), (4, 1, 2), (4, 1, 3))((3, 0, 1), (3, 1, 0), (3, 1, 1), (3, 2, 1), (3, 3, 1))((4, 2, 0), (4, 2, 1), (4, 2, 2), (4, 2, 3), (4, 3, 1))((4, 1, 4), (4, 2, 4), (4, 3, 3), (4, 3, 4), (4, 4, 4))((1, 1, 4), (1, 2, 4), (1, 3, 4), (1, 4, 4), (2, 3, 4))((2, 2, 4), (3, 1, 4), (3, 2, 4), (3, 3, 4), (3, 4, 4))((2, 2, 3), (3, 0, 3), (3, 1, 3), (3, 2, 3), (3, 3, 3))((2, 0, 2), (2, 1, 1), (2, 1, 2), (2, 1, 3), (2, 1, 4))((0, 2, 2), (1, 2, 2), (2, 2, 1), (2, 2, 2), (3, 2, 2))((1, 3, 2), (2, 3, 2), (2, 3, 3), (3, 3, 2), (4, 3, 2))((0, 4, 2), (1, 4, 2), (2, 4, 1), (2, 4, 2), (3, 4, 2))((0, 4, 3), (1, 4, 3), (2, 4, 3), (2, 4, 4), (3, 4, 3))
26
((0, 0, 0), (0, 0, 1), (0, 0, 2), (0, 0, 3), (1, 0, 2))((0, 0, 4), (1, 0, 4), (2, 0, 3), (2, 0, 4), (3, 0, 4))((3, 0, 2), (4, 0, 1), (4, 0, 2), (4, 0, 3), (4, 0, 4))((1, 0, 0), (2, 0, 0), (2, 0, 1), (3, 0, 0), (4, 0, 0))((1, 0, 3), (1, 1, 2), (1, 1, 3), (1, 2, 3), (1, 3, 3))((1, 0, 1), (1, 1, 0), (1, 1, 1), (1, 2, 1), (1, 3, 1))((0, 1, 0), (0, 1, 1), (0, 1, 2), (0, 1, 3), (0, 2, 1))((0, 1, 4), (0, 2, 3), (0, 2, 4), (0, 3, 4), (0, 4, 4))((0, 2, 0), (1, 2, 0), (2, 1, 0), (2, 2, 0), (3, 2, 0))((0, 3, 0), (0, 3, 1), (0, 3, 2), (0, 3, 3), (0, 4, 1))((0, 4, 0), (1, 4, 0), (1, 4, 1), (2, 4, 0), (3, 4, 0))((1, 3, 0), (2, 3, 0), (2, 3, 1), (3, 3, 0), (4, 3, 0))((3, 4, 1), (4, 4, 0), (4, 4, 1), (4, 4, 2), (4, 4, 3))((3, 1, 2), (4, 1, 0), (4, 1, 1), (4, 1, 2), (4, 1, 3))((3, 0, 1), (3, 1, 0), (3, 1, 1), (3, 2, 1), (3, 3, 1))((4, 2, 0), (4, 2, 1), (4, 2, 2), (4, 2, 3), (4, 3, 1))((4, 1, 4), (4, 2, 4), (4, 3, 3), (4, 3, 4), (4, 4, 4))((1, 1, 4), (1, 2, 4), (1, 3, 4), (1, 4, 4), (2, 2, 4))((2, 3, 4), (3, 1, 4), (3, 2, 4), (3, 3, 4), (3, 4, 4))((0, 2, 2), (1, 2, 2), (2, 2, 1), (2, 2, 2), (3, 2, 2))((2, 0, 2), (2, 1, 1), (2, 1, 2), (2, 1, 3), (2, 1, 4))((2, 2, 3), (3, 0, 3), (3, 1, 3), (3, 2, 3), (3, 3, 3))((1, 3, 2), (2, 3, 2), (2, 3, 3), (3, 3, 2), (4, 3, 2))((0, 4, 3), (1, 4, 3), (2, 4, 3), (2, 4, 4), (3, 4, 3))((0, 4, 2), (1, 4, 2), (2, 4, 1), (2, 4, 2), (3, 4, 2))
27
((0, 0, 0), (0, 0, 1), (0, 0, 2), (0, 0, 3), (1, 0, 2))((0, 0, 4), (1, 0, 4), (2, 0, 3), (2, 0, 4), (3, 0, 4))((3, 0, 2), (4, 0, 1), (4, 0, 2), (4, 0, 3), (4, 0, 4))((1, 0, 0), (2, 0, 0), (2, 0, 1), (3, 0, 0), (4, 0, 0))((1, 0, 3), (1, 1, 2), (1, 1, 3), (1, 2, 3), (1, 3, 3))((1, 0, 1), (1, 1, 0), (1, 1, 1), (1, 2, 1), (1, 3, 1))((0, 1, 0), (0, 1, 1), (0, 1, 2), (0, 1, 3), (0, 2, 1))((0, 1, 4), (0, 2, 3), (0, 2, 4), (0, 3, 4), (0, 4, 4))((0, 2, 0), (1, 2, 0), (2, 1, 0), (2, 2, 0), (3, 2, 0))((0, 3, 0), (0, 3, 1), (0, 3, 2), (0, 3, 3), (0, 4, 1))((0, 4, 0), (1, 4, 0), (2, 4, 0), (2, 4, 1), (3, 4, 0))((1, 3, 0), (2, 3, 0), (2, 3, 1), (3, 3, 0), (4, 3, 0))((3, 4, 1), (4, 4, 0), (4, 4, 1), (4, 4, 2), (4, 4, 3))((3, 1, 2), (4, 1, 0), (4, 1, 1), (4, 1, 2), (4, 1, 3))((3, 0, 1), (3, 1, 0), (3, 1, 1), (3, 2, 1), (3, 3, 1))((4, 2, 0), (4, 2, 1), (4, 2, 2), (4, 2, 3), (4, 3, 1))((4, 1, 4), (4, 2, 4), (4, 3, 3), (4, 3, 4), (4, 4, 4))((1, 1, 4), (1, 2, 4), (1, 3, 4), (1, 4, 4), (2, 3, 4))((0, 4, 3), (1, 4, 3), (2, 4, 3), (2, 4, 4), (3, 4, 3))((0, 4, 2), (1, 4, 1), (1, 4, 2), (2, 4, 2), (3, 4, 2))((1, 3, 2), (2, 3, 2), (2, 3, 3), (3, 3, 2), (4, 3, 2))((2, 0, 2), (2, 1, 1), (2, 1, 2), (2, 1, 3), (2, 1, 4))((0, 2, 2), (1, 2, 2), (2, 2, 1), (2, 2, 2), (3, 2, 2))((2, 2, 4), (3, 1, 4), (3, 2, 4), (3, 3, 4), (3, 4, 4))((2, 2, 3), (3, 0, 3), (3, 1, 3), (3, 2, 3), (3, 3, 3))
28
((0, 0, 0), (0, 0, 1), (0, 0, 2), (0, 0, 3), (1, 0, 2))((0, 0, 4), (1, 0, 4), (2, 0, 3), (2, 0, 4), (3, 0, 4))((3, 0, 2), (4, 0, 1), (4, 0, 2), (4, 0, 3), (4, 0, 4))((1, 0, 0), (2, 0, 0), (2, 0, 1), (3, 0, 0), (4, 0, 0))((1, 0, 3), (1, 1, 2), (1, 1, 3), (1, 2, 3), (1, 3, 3))((1, 0, 1), (1, 1, 0), (1, 1, 1), (1, 2, 1), (1, 3, 1))((0, 1, 0), (0, 1, 1), (0, 1, 2), (0, 1, 3), (0, 2, 1))((0, 1, 4), (0, 2, 3), (0, 2, 4), (0, 3, 4), (0, 4, 4))((0, 2, 0), (1, 2, 0), (2, 1, 0), (2, 2, 0), (3, 2, 0))((0, 3, 0), (0, 3, 1), (0, 3, 2), (0, 3, 3), (0, 4, 1))((0, 4, 0), (1, 4, 0), (2, 4, 0), (2, 4, 1), (3, 4, 0))((1, 3, 0), (2, 3, 0), (2, 3, 1), (3, 3, 0), (4, 3, 0))((3, 4, 1), (4, 4, 0), (4, 4, 1), (4, 4, 2), (4, 4, 3))((3, 1, 2), (4, 1, 0), (4, 1, 1), (4, 1, 2), (4, 1, 3))((3, 0, 1), (3, 1, 0), (3, 1, 1), (3, 2, 1), (3, 3, 1))((4, 2, 0), (4, 2, 1), (4, 2, 2), (4, 2, 3), (4, 3, 1))((4, 1, 4), (4, 2, 4), (4, 3, 3), (4, 3, 4), (4, 4, 4))((1, 1, 4), (1, 2, 4), (1, 3, 4), (1, 4, 4), (2, 2, 4))((0, 4, 2), (1, 4, 1), (1, 4, 2), (2, 4, 2), (3, 4, 2))((0, 4, 3), (1, 4, 3), (2, 4, 3), (2, 4, 4), (3, 4, 3))((1, 3, 2), (2, 3, 2), (2, 3, 3), (3, 3, 2), (4, 3, 2))((2, 0, 2), (2, 1, 1), (2, 1, 2), (2, 1, 3), (2, 1, 4))((0, 2, 2), (1, 2, 2), (2, 2, 1), (2, 2, 2), (3, 2, 2))((2, 2, 3), (3, 0, 3), (3, 1, 3), (3, 2, 3), (3, 3, 3))((2, 3, 4), (3, 1, 4), (3, 2, 4), (3, 3, 4), (3, 4, 4))
29
((0, 0, 0), (0, 0, 1), (0, 0, 2), (0, 0, 3), (1, 0, 2))((0, 0, 4), (1, 0, 4), (2, 0, 3), (2, 0, 4), (3, 0, 4))((3, 0, 2), (4, 0, 1), (4, 0, 2), (4, 0, 3), (4, 0, 4))((1, 0, 0), (2, 0, 0), (2, 0, 1), (3, 0, 0), (4, 0, 0))((1, 0, 3), (1, 1, 3), (1, 1, 4), (1, 2, 3), (1, 3, 3))((0, 1, 1), (0, 1, 2), (0, 1, 3), (0, 1, 4), (1, 1, 2))((1, 0, 1), (1, 1, 1), (1, 2, 1), (1, 3, 1), (2, 2, 1))((0, 2, 1), (0, 2, 2), (0, 2, 3), (0, 2, 4), (0, 3, 3))((0, 1, 0), (0, 2, 0), (0, 3, 0), (0, 3, 1), (0, 4, 0))((0, 3, 4), (1, 3, 4), (2, 3, 3), (2, 3, 4), (3, 3, 4))((1, 2, 4), (2, 1, 4), (2, 2, 4), (3, 2, 4), (4, 2, 4))((4, 1, 1), (4, 1, 2), (4, 1, 3), (4, 1, 4), (4, 2, 3))((4, 1, 0), (4, 2, 0), (4, 2, 1), (4, 3, 0), (4, 4, 0))((1, 1, 0), (1, 2, 0), (1, 3, 0), (1, 4, 0), (2, 2, 0))((2, 3, 0), (3, 1, 0), (3, 2, 0), (3, 3, 0), (3, 4, 0))((3, 0, 1), (3, 1, 1), (3, 1, 2), (3, 2, 1), (3, 3, 1))((3, 0, 3), (3, 1, 3), (3, 1, 4), (3, 2, 3), (3, 3, 3))((2, 0, 2), (2, 1, 0), (2, 1, 1), (2, 1, 2), (2, 1, 3))((1, 2, 2), (2, 2, 2), (2, 2, 3), (3, 2, 2), (4, 2, 2))((4, 3, 1), (4, 3, 2), (4, 3, 3), (4, 3, 4), (4, 4, 3))((1, 4, 4), (2, 4, 4), (3, 4, 3), (3, 4, 4), (4, 4, 4))((0, 4, 1), (0, 4, 2), (0, 4, 3), (0, 4, 4), (1, 4, 3))((0, 3, 2), (1, 3, 2), (2, 3, 1), (2, 3, 2), (3, 3, 2))((1, 4, 2), (2, 4, 2), (2, 4, 3), (3, 4, 2), (4, 4, 2))((1, 4, 1), (2, 4, 0), (2, 4, 1), (3, 4, 1), (4, 4, 1))
30
((0, 0, 0), (0, 0, 1), (0, 0, 2), (0, 0, 3), (1, 0, 2))((0, 0, 4), (1, 0, 4), (2, 0, 3), (2, 0, 4), (3, 0, 4))((3, 0, 2), (4, 0, 1), (4, 0, 2), (4, 0, 3), (4, 0, 4))((1, 0, 0), (2, 0, 0), (2, 0, 1), (3, 0, 0), (4, 0, 0))((1, 0, 3), (1, 1, 3), (1, 1, 4), (1, 2, 3), (1, 3, 3))((0, 1, 1), (0, 1, 2), (0, 1, 3), (0, 1, 4), (1, 1, 2))((1, 0, 1), (1, 1, 1), (1, 2, 1), (1, 3, 1), (2, 2, 1))((0, 2, 1), (0, 2, 2), (0, 2, 3), (0, 2, 4), (0, 3, 3))((0, 1, 0), (0, 2, 0), (0, 3, 0), (0, 3, 1), (0, 4, 0))((0, 3, 4), (1, 3, 4), (2, 3, 3), (2, 3, 4), (3, 3, 4))((1, 2, 4), (2, 1, 4), (2, 2, 4), (3, 2, 4), (4, 2, 4))((4, 1, 1), (4, 1, 2), (4, 1, 3), (4, 1, 4), (4, 2, 3))((4, 1, 0), (4, 2, 0), (4, 2, 1), (4, 3, 0), (4, 4, 0))((1, 1, 0), (1, 2, 0), (1, 3, 0), (1, 4, 0), (2, 2, 0))((2, 3, 0), (3, 1, 0), (3, 2, 0), (3, 3, 0), (3, 4, 0))((3, 0, 1), (3, 1, 1), (3, 1, 2), (3, 2, 1), (3, 3, 1))((3, 0, 3), (3, 1, 3), (3, 1, 4), (3, 2, 3), (3, 3, 3))((2, 0, 2), (2, 1, 0), (2, 1, 1), (2, 1, 2), (2, 1, 3))((1, 2, 2), (2, 2, 2), (2, 2, 3), (3, 2, 2), (4, 2, 2))((4, 3, 1), (4, 3, 2), (4, 3, 3), (4, 3, 4), (4, 4, 3))((1, 4, 4), (2, 4, 3), (2, 4, 4), (3, 4, 4), (4, 4, 4))((1, 4, 2), (2, 4, 2), (3, 4, 2), (3, 4, 3), (4, 4, 2))((0, 3, 2), (1, 3, 2), (2, 3, 1), (2, 3, 2), (3, 3, 2))((1, 4, 1), (2, 4, 0), (2, 4, 1), (3, 4, 1), (4, 4, 1))((0, 4, 1), (0, 4, 2), (0, 4, 3), (0, 4, 4), (1, 4, 3))
31
((0, 0, 0), (0, 0, 1), (0, 0, 2), (0, 0, 3), (1, 0, 2))((0, 0, 4), (1, 0, 4), (2, 0, 3), (2, 0, 4), (3, 0, 4))((3, 0, 2), (4, 0, 1), (4, 0, 2), (4, 0, 3), (4, 0, 4))((1, 0, 0), (2, 0, 0), (2, 0, 1), (3, 0, 0), (4, 0, 0))((1, 0, 3), (1, 1, 3), (1, 1, 4), (1, 2, 3), (1, 3, 3))((0, 1, 1), (0, 1, 2), (0, 1, 3), (0, 1, 4), (1, 1, 2))((1, 0, 1), (1, 1, 1), (1, 2, 1), (1, 3, 1), (2, 2, 1))((0, 2, 1), (0, 2, 2), (0, 2, 3), (0, 2, 4), (0, 3, 3))((0, 1, 0), (0, 2, 0), (0, 3, 0), (0, 3, 1), (0, 4, 0))((0, 3, 4), (1, 3, 4), (2, 3, 3), (2, 3, 4), (3, 3, 4))((1, 2, 4), (2, 1, 4), (2, 2, 4), (3, 2, 4), (4, 2, 4))((4, 1, 1), (4, 1, 2), (4, 1, 3), (4, 1, 4), (4, 2, 3))((4, 1, 0), (4, 2, 0), (4, 2, 1), (4, 3, 0), (4, 4, 0))((1, 1, 0), (1, 2, 0), (1, 3, 0), (1, 4, 0), (2, 3, 0))((2, 2, 0), (3, 1, 0), (3, 2, 0), (3, 3, 0), (3, 4, 0))((3, 0, 1), (3, 1, 1), (3, 1, 2), (3, 2, 1), (3, 3, 1))((3, 0, 3), (3, 1, 3), (3, 1, 4), (3, 2, 3), (3, 3, 3))((2, 0, 2), (2, 1, 0), (2, 1, 1), (2, 1, 2), (2, 1, 3))((1, 2, 2), (2, 2, 2), (2, 2, 3), (3, 2, 2), (4, 2, 2))((4, 3, 1), (4, 3, 2), (4, 3, 3), (4, 3, 4), (4, 4, 3))((1, 4, 4), (2, 4, 4), (3, 4, 3), (3, 4, 4), (4, 4, 4))((0, 4, 1), (0, 4, 2), (0, 4, 3), (0, 4, 4), (1, 4, 3))((0, 3, 2), (1, 3, 2), (2, 3, 1), (2, 3, 2), (3, 3, 2))((1, 4, 2), (2, 4, 2), (2, 4, 3), (3, 4, 2), (4, 4, 2))((1, 4, 1), (2, 4, 0), (2, 4, 1), (3, 4, 1), (4, 4, 1))
32
((0, 0, 0), (0, 0, 1), (0, 0, 2), (0, 0, 3), (1, 0, 2))((0, 0, 4), (1, 0, 4), (2, 0, 3), (2, 0, 4), (3, 0, 4))((3, 0, 2), (4, 0, 1), (4, 0, 2), (4, 0, 3), (4, 0, 4))((1, 0, 0), (2, 0, 0), (2, 0, 1), (3, 0, 0), (4, 0, 0))((1, 0, 3), (1, 1, 3), (1, 1, 4), (1, 2, 3), (1, 3, 3))((0, 1, 1), (0, 1, 2), (0, 1, 3), (0, 1, 4), (1, 1, 2))((1, 0, 1), (1, 1, 1), (1, 2, 1), (1, 3, 1), (2, 2, 1))((0, 2, 1), (0, 2, 2), (0, 2, 3), (0, 2, 4), (0, 3, 3))((0, 1, 0), (0, 2, 0), (0, 3, 0), (0, 3, 1), (0, 4, 0))((0, 3, 4), (1, 3, 4), (2, 3, 3), (2, 3, 4), (3, 3, 4))((1, 2, 4), (2, 1, 4), (2, 2, 4), (3, 2, 4), (4, 2, 4))((4, 1, 1), (4, 1, 2), (4, 1, 3), (4, 1, 4), (4, 2, 3))((4, 1, 0), (4, 2, 0), (4, 2, 1), (4, 3, 0), (4, 4, 0))((1, 1, 0), (1, 2, 0), (1, 3, 0), (1, 4, 0), (2, 3, 0))((2, 2, 0), (3, 1, 0), (3, 2, 0), (3, 3, 0), (3, 4, 0))((3, 0, 1), (3, 1, 1), (3, 1, 2), (3, 2, 1), (3, 3, 1))((3, 0, 3), (3, 1, 3), (3, 1, 4), (3, 2, 3), (3, 3, 3))((2, 0, 2), (2, 1, 0), (2, 1, 1), (2, 1, 2), (2, 1, 3))((1, 2, 2), (2, 2, 2), (2, 2, 3), (3, 2, 2), (4, 2, 2))((4, 3, 1), (4, 3, 2), (4, 3, 3), (4, 3, 4), (4, 4, 3))((1, 4, 4), (2, 4, 3), (2, 4, 4), (3, 4, 4), (4, 4, 4))((1, 4, 2), (2, 4, 2), (3, 4, 2), (3, 4, 3), (4, 4, 2))((0, 3, 2), (1, 3, 2), (2, 3, 1), (2, 3, 2), (3, 3, 2))((1, 4, 1), (2, 4, 0), (2, 4, 1), (3, 4, 1), (4, 4, 1))((0, 4, 1), (0, 4, 2), (0, 4, 3), (0, 4, 4), (1, 4, 3))
33
((0, 0, 0), (0, 0, 1), (0, 0, 2), (0, 0, 3), (1, 0, 2))((0, 0, 4), (1, 0, 4), (2, 0, 3), (2, 0, 4), (3, 0, 4))((3, 0, 2), (4, 0, 1), (4, 0, 2), (4, 0, 3), (4, 0, 4))((1, 0, 0), (2, 0, 0), (2, 0, 1), (3, 0, 0), (4, 0, 0))((1, 0, 3), (1, 1, 3), (1, 1, 4), (1, 2, 3), (1, 3, 3))((0, 1, 1), (0, 1, 2), (0, 1, 3), (0, 1, 4), (0, 2, 3))((0, 2, 4), (1, 2, 4), (2, 1, 4), (2, 2, 4), (3, 2, 4))((3, 1, 2), (4, 1, 1), (4, 1, 2), (4, 1, 3), (4, 1, 4))((3, 0, 3), (3, 1, 3), (3, 1, 4), (3, 2, 3), (3, 3, 3))((4, 2, 1), (4, 2, 2), (4, 2, 3), (4, 2, 4), (4, 3, 3))((1, 3, 4), (2, 3, 3), (2, 3, 4), (3, 3, 4), (4, 3, 4))((0, 3, 1), (0, 3, 2), (0, 3, 3), (0, 3, 4), (0, 4, 3))((0, 4, 4), (1, 4, 3), (1, 4, 4), (2, 4, 4), (3, 4, 4))((3, 4, 3), (4, 4, 1), (4, 4, 2), (4, 4, 3), (4, 4, 4))((2, 2, 1), (3, 0, 1), (3, 1, 1), (3, 2, 1), (3, 3, 1))((4, 1, 0), (4, 2, 0), (4, 3, 0), (4, 3, 1), (4, 4, 0))((0, 1, 0), (0, 2, 0), (0, 2, 1), (0, 3, 0), (0, 4, 0))((2, 3, 0), (3, 1, 0), (3, 2, 0), (3, 3, 0), (3, 4, 0))((1, 1, 0), (1, 2, 0), (1, 3, 0), (1, 4, 0), (2, 2, 0))((0, 2, 2), (1, 2, 2), (2, 2, 2), (2, 2, 3), (3, 2, 2))((2, 0, 2), (2, 1, 0), (2, 1, 1), (2, 1, 2), (2, 1, 3))((1, 0, 1), (1, 1, 1), (1, 1, 2), (1, 2, 1), (1, 3, 1))((1, 3, 2), (2, 3, 1), (2, 3, 2), (3, 3, 2), (4, 3, 2))((0, 4, 2), (1, 4, 2), (2, 4, 2), (2, 4, 3), (3, 4, 2))((0, 4, 1), (1, 4, 1), (2, 4, 0), (2, 4, 1), (3, 4, 1))
34
((0, 0, 0), (0, 0, 1), (0, 0, 2), (0, 0, 3), (1, 0, 2))((0, 0, 4), (1, 0, 4), (2, 0, 3), (2, 0, 4), (3, 0, 4))((3, 0, 2), (4, 0, 1), (4, 0, 2), (4, 0, 3), (4, 0, 4))((1, 0, 0), (2, 0, 0), (2, 0, 1), (3, 0, 0), (4, 0, 0))((1, 0, 3), (1, 1, 3), (1, 1, 4), (1, 2, 3), (1, 3, 3))((0, 1, 1), (0, 1, 2), (0, 1, 3), (0, 1, 4), (0, 2, 3))((0, 2, 4), (1, 2, 4), (2, 1, 4), (2, 2, 4), (3, 2, 4))((3, 1, 2), (4, 1, 1), (4, 1, 2), (4, 1, 3), (4, 1, 4))((3, 0, 3), (3, 1, 3), (3, 1, 4), (3, 2, 3), (3, 3, 3))((4, 2, 1), (4, 2, 2), (4, 2, 3), (4, 2, 4), (4, 3, 3))((1, 3, 4), (2, 3, 3), (2, 3, 4), (3, 3, 4), (4, 3, 4))((0, 3, 1), (0, 3, 2), (0, 3, 3), (0, 3, 4), (0, 4, 3))((0, 4, 4), (1, 4, 3), (1, 4, 4), (2, 4, 4), (3, 4, 4))((3, 4, 3), (4, 4, 1), (4, 4, 2), (4, 4, 3), (4, 4, 4))((2, 2, 1), (3, 0, 1), (3, 1, 1), (3, 2, 1), (3, 3, 1))((4, 1, 0), (4, 2, 0), (4, 3, 0), (4, 3, 1), (4, 4, 0))((0, 1, 0), (0, 2, 0), (0, 2, 1), (0, 3, 0), (0, 4, 0))((2, 2, 0), (3, 1, 0), (3, 2, 0), (3, 3, 0), (3, 4, 0))((1, 1, 0), (1, 2, 0), (1, 3, 0), (1, 4, 0), (2, 3, 0))((1, 0, 1), (1, 1, 1), (1, 1, 2), (1, 2, 1), (1, 3, 1))((2, 0, 2), (2, 1, 0), (2, 1, 1), (2, 1, 2), (2, 1, 3))((0, 2, 2), (1, 2, 2), (2, 2, 2), (2, 2, 3), (3, 2, 2))((1, 3, 2), (2, 3, 1), (2, 3, 2), (3, 3, 2), (4, 3, 2))((0, 4, 1), (1, 4, 1), (2, 4, 0), (2, 4, 1), (3, 4, 1))((0, 4, 2), (1, 4, 2), (2, 4, 2), (2, 4, 3), (3, 4, 2))
35
((0, 0, 0), (0, 0, 1), (0, 0, 2), (0, 0, 3), (1, 0, 2))((0, 0, 4), (1, 0, 4), (2, 0, 3), (2, 0, 4), (3, 0, 4))((3, 0, 2), (4, 0, 1), (4, 0, 2), (4, 0, 3), (4, 0, 4))((1, 0, 0), (2, 0, 0), (2, 0, 1), (3, 0, 0), (4, 0, 0))((1, 0, 3), (1, 1, 3), (1, 1, 4), (1, 2, 3), (1, 3, 3))((0, 1, 1), (0, 1, 2), (0, 1, 3), (0, 1, 4), (0, 2, 3))((0, 2, 4), (1, 2, 4), (2, 1, 4), (2, 2, 4), (3, 2, 4))((3, 1, 2), (4, 1, 1), (4, 1, 2), (4, 1, 3), (4, 1, 4))((3, 0, 3), (3, 1, 3), (3, 1, 4), (3, 2, 3), (3, 3, 3))((4, 2, 1), (4, 2, 2), (4, 2, 3), (4, 2, 4), (4, 3, 3))((1, 3, 4), (2, 3, 3), (2, 3, 4), (3, 3, 4), (4, 3, 4))((0, 3, 1), (0, 3, 2), (0, 3, 3), (0, 3, 4), (0, 4, 3))((0, 4, 4), (1, 4, 4), (2, 4, 3), (2, 4, 4), (3, 4, 4))((3, 4, 3), (4, 4, 1), (4, 4, 2), (4, 4, 3), (4, 4, 4))((2, 2, 1), (3, 0, 1), (3, 1, 1), (3, 2, 1), (3, 3, 1))((4, 1, 0), (4, 2, 0), (4, 3, 0), (4, 3, 1), (4, 4, 0))((0, 2, 2), (1, 2, 2), (2, 2, 2), (2, 2, 3), (3, 2, 2))((2, 0, 2), (2, 1, 0), (2, 1, 1), (2, 1, 2), (2, 1, 3))((1, 0, 1), (1, 1, 1), (1, 1, 2), (1, 2, 1), (1, 3, 1))((0, 1, 0), (0, 2, 0), (0, 2, 1), (0, 3, 0), (0, 4, 0))((0, 4, 1), (1, 4, 1), (2, 4, 0), (2, 4, 1), (3, 4, 1))((0, 4, 2), (1, 4, 2), (1, 4, 3), (2, 4, 2), (3, 4, 2))((1, 3, 2), (2, 3, 1), (2, 3, 2), (3, 3, 2), (4, 3, 2))((2, 3, 0), (3, 1, 0), (3, 2, 0), (3, 3, 0), (3, 4, 0))((1, 1, 0), (1, 2, 0), (1, 3, 0), (1, 4, 0), (2, 2, 0))
36
((0, 0, 0), (0, 0, 1), (0, 0, 2), (0, 0, 3), (1, 0, 2))((0, 0, 4), (1, 0, 4), (2, 0, 3), (2, 0, 4), (3, 0, 4))((3, 0, 2), (4, 0, 1), (4, 0, 2), (4, 0, 3), (4, 0, 4))((1, 0, 0), (2, 0, 0), (2, 0, 1), (3, 0, 0), (4, 0, 0))((1, 0, 3), (1, 1, 3), (1, 1, 4), (1, 2, 3), (1, 3, 3))((0, 1, 1), (0, 1, 2), (0, 1, 3), (0, 1, 4), (0, 2, 3))((0, 2, 4), (1, 2, 4), (2, 1, 4), (2, 2, 4), (3, 2, 4))((3, 1, 2), (4, 1, 1), (4, 1, 2), (4, 1, 3), (4, 1, 4))((3, 0, 3), (3, 1, 3), (3, 1, 4), (3, 2, 3), (3, 3, 3))((4, 2, 1), (4, 2, 2), (4, 2, 3), (4, 2, 4), (4, 3, 3))((1, 3, 4), (2, 3, 3), (2, 3, 4), (3, 3, 4), (4, 3, 4))((0, 3, 1), (0, 3, 2), (0, 3, 3), (0, 3, 4), (0, 4, 3))((0, 4, 4), (1, 4, 4), (2, 4, 3), (2, 4, 4), (3, 4, 4))((3, 4, 3), (4, 4, 1), (4, 4, 2), (4, 4, 3), (4, 4, 4))((2, 2, 1), (3, 0, 1), (3, 1, 1), (3, 2, 1), (3, 3, 1))((4, 1, 0), (4, 2, 0), (4, 3, 0), (4, 3, 1), (4, 4, 0))((0, 2, 2), (1, 2, 2), (2, 2, 2), (2, 2, 3), (3, 2, 2))((2, 0, 2), (2, 1, 0), (2, 1, 1), (2, 1, 2), (2, 1, 3))((1, 0, 1), (1, 1, 1), (1, 1, 2), (1, 2, 1), (1, 3, 1))((0, 1, 0), (0, 2, 0), (0, 2, 1), (0, 3, 0), (0, 4, 0))((0, 4, 1), (1, 4, 1), (2, 4, 0), (2, 4, 1), (3, 4, 1))((0, 4, 2), (1, 4, 2), (1, 4, 3), (2, 4, 2), (3, 4, 2))((1, 3, 2), (2, 3, 1), (2, 3, 2), (3, 3, 2), (4, 3, 2))((1, 1, 0), (1, 2, 0), (1, 3, 0), (1, 4, 0), (2, 3, 0))((2, 2, 0), (3, 1, 0), (3, 2, 0), (3, 3, 0), (3, 4, 0))
37
((0, 0, 0), (0, 0, 1), (0, 0, 2), (0, 0, 3), (1, 0, 2))((0, 0, 4), (1, 0, 4), (2, 0, 3), (2, 0, 4), (3, 0, 4))((3, 0, 2), (4, 0, 1), (4, 0, 2), (4, 0, 3), (4, 0, 4))((1, 0, 0), (2, 0, 0), (2, 0, 1), (3, 0, 0), (4, 0, 0))((1, 0, 3), (1, 1, 3), (1, 2, 2), (1, 2, 3), (1, 3, 3))((1, 0, 1), (1, 1, 1), (1, 2, 1), (1, 3, 1), (2, 1, 1))((0, 1, 2), (1, 1, 2), (2, 0, 2), (2, 1, 2), (3, 1, 2))((0, 1, 3), (0, 2, 3), (0, 3, 2), (0, 3, 3), (0, 4, 3))((0, 1, 1), (0, 2, 1), (0, 2, 2), (0, 3, 1), (0, 4, 1))((0, 1, 0), (0, 2, 0), (0, 3, 0), (0, 4, 0), (1, 2, 0))((1, 1, 0), (2, 1, 0), (3, 1, 0), (3, 2, 0), (4, 1, 0))((3, 0, 1), (3, 1, 1), (3, 2, 1), (3, 3, 1), (4, 1, 1))((4, 1, 2), (4, 2, 0), (4, 2, 1), (4, 2, 2), (4, 2, 3))((3, 0, 3), (3, 1, 3), (3, 2, 3), (3, 3, 3), (4, 1, 3))((2, 2, 0), (2, 2, 1), (2, 2, 2), (2, 2, 3), (3, 2, 2))((1, 1, 4), (2, 1, 3), (2, 1, 4), (3, 1, 4), (4, 1, 4))((0, 1, 4), (0, 2, 4), (0, 3, 4), (0, 4, 4), (1, 3, 4))((1, 2, 4), (2, 2, 4), (3, 2, 4), (3, 3, 4), (4, 2, 4))((3, 3, 2), (4, 3, 1), (4, 3, 2), (4, 3, 3), (4, 3, 4))((1, 3, 0), (2, 3, 0), (3, 3, 0), (3, 4, 0), (4, 3, 0))((3, 4, 2), (4, 4, 0), (4, 4, 1), (4, 4, 2), (4, 4, 3))((2, 4, 0), (2, 4, 1), (2, 4, 2), (2, 4, 3), (3, 4, 1))((1, 3, 2), (2, 3, 1), (2, 3, 2), (2, 3, 3), (2, 3, 4))((0, 4, 2), (1, 4, 0), (1, 4, 1), (1, 4, 2), (1, 4, 3))((1, 4, 4), (2, 4, 4), (3, 4, 3), (3, 4, 4), (4, 4, 4))
38
((0, 0, 0), (0, 0, 1), (0, 0, 2), (0, 0, 3), (1, 0, 2))((0, 0, 4), (1, 0, 4), (2, 0, 3), (2, 0, 4), (3, 0, 4))((3, 0, 2), (4, 0, 1), (4, 0, 2), (4, 0, 3), (4, 0, 4))((1, 0, 0), (2, 0, 0), (2, 0, 1), (3, 0, 0), (4, 0, 0))((1, 0, 3), (1, 1, 3), (1, 2, 2), (1, 2, 3), (1, 3, 3))((1, 0, 1), (1, 1, 1), (1, 2, 1), (1, 3, 1), (2, 1, 1))((0, 1, 2), (1, 1, 2), (2, 0, 2), (2, 1, 2), (3, 1, 2))((0, 1, 3), (0, 2, 3), (0, 3, 2), (0, 3, 3), (0, 4, 3))((0, 1, 1), (0, 2, 1), (0, 2, 2), (0, 3, 1), (0, 4, 1))((0, 1, 0), (0, 2, 0), (0, 3, 0), (0, 4, 0), (1, 2, 0))((1, 1, 0), (2, 1, 0), (3, 1, 0), (3, 2, 0), (4, 1, 0))((3, 0, 1), (3, 1, 1), (3, 2, 1), (3, 3, 1), (4, 1, 1))((4, 1, 2), (4, 2, 0), (4, 2, 1), (4, 2, 2), (4, 2, 3))((3, 0, 3), (3, 1, 3), (3, 2, 3), (3, 3, 3), (4, 1, 3))((2, 2, 0), (2, 2, 1), (2, 2, 2), (2, 2, 3), (3, 2, 2))((1, 1, 4), (2, 1, 3), (2, 1, 4), (3, 1, 4), (4, 1, 4))((0, 1, 4), (0, 2, 4), (0, 3, 4), (0, 4, 4), (1, 3, 4))((1, 2, 4), (2, 2, 4), (3, 2, 4), (3, 3, 4), (4, 2, 4))((3, 3, 2), (4, 3, 1), (4, 3, 2), (4, 3, 3), (4, 3, 4))((1, 3, 0), (2, 3, 0), (3, 3, 0), (3, 4, 0), (4, 3, 0))((3, 4, 1), (4, 4, 0), (4, 4, 1), (4, 4, 2), (4, 4, 3))((1, 4, 4), (2, 4, 4), (3, 4, 3), (3, 4, 4), (4, 4, 4))((1, 3, 2), (2, 3, 1), (2, 3, 2), (2, 3, 3), (2, 3, 4))((0, 4, 2), (1, 4, 0), (1, 4, 1), (1, 4, 2), (1, 4, 3))((2, 4, 0), (2, 4, 1), (2, 4, 2), (2, 4, 3), (3, 4, 2))
39
((0, 0, 0), (0, 0, 1), (0, 0, 2), (0, 0, 3), (1, 0, 2))((0, 0, 4), (1, 0, 4), (2, 0, 3), (2, 0, 4), (3, 0, 4))((3, 0, 2), (4, 0, 1), (4, 0, 2), (4, 0, 3), (4, 0, 4))((1, 0, 0), (2, 0, 0), (2, 0, 1), (3, 0, 0), (4, 0, 0))((1, 0, 3), (1, 1, 3), (1, 2, 2), (1, 2, 3), (1, 3, 3))((1, 0, 1), (1, 1, 1), (1, 2, 1), (1, 3, 1), (2, 1, 1))((0, 1, 2), (1, 1, 2), (2, 0, 2), (2, 1, 2), (3, 1, 2))((0, 1, 3), (0, 2, 2), (0, 2, 3), (0, 3, 3), (0, 4, 3))((0, 1, 1), (0, 2, 1), (0, 3, 1), (0, 3, 2), (0, 4, 1))((0, 1, 0), (0, 2, 0), (0, 3, 0), (0, 4, 0), (1, 2, 0))((1, 1, 0), (2, 1, 0), (3, 1, 0), (3, 2, 0), (4, 1, 0))((3, 0, 1), (3, 1, 1), (3, 2, 1), (3, 3, 1), (4, 1, 1))((4, 1, 2), (4, 2, 0), (4, 2, 1), (4, 2, 2), (4, 2, 3))((3, 0, 3), (3, 1, 3), (3, 2, 3), (3, 3, 3), (4, 1, 3))((2, 2, 0), (2, 2, 1), (2, 2, 2), (2, 2, 3), (3, 2, 2))((1, 1, 4), (2, 1, 3), (2, 1, 4), (3, 1, 4), (4, 1, 4))((0, 1, 4), (0, 2, 4), (0, 3, 4), (0, 4, 4), (1, 3, 4))((1, 2, 4), (2, 2, 4), (3, 2, 4), (3, 3, 4), (4, 2, 4))((3, 3, 2), (4, 3, 1), (4, 3, 2), (4, 3, 3), (4, 3, 4))((1, 3, 0), (2, 3, 0), (3, 3, 0), (3, 4, 0), (4, 3, 0))((3, 4, 2), (4, 4, 0), (4, 4, 1), (4, 4, 2), (4, 4, 3))((2, 4, 0), (2, 4, 1), (2, 4, 2), (2, 4, 3), (3, 4, 1))((1, 3, 2), (2, 3, 1), (2, 3, 2), (2, 3, 3), (2, 3, 4))((0, 4, 2), (1, 4, 0), (1, 4, 1), (1, 4, 2), (1, 4, 3))((1, 4, 4), (2, 4, 4), (3, 4, 3), (3, 4, 4), (4, 4, 4))
40
((0, 0, 0), (0, 0, 1), (0, 0, 2), (0, 0, 3), (1, 0, 2))((0, 0, 4), (1, 0, 4), (2, 0, 3), (2, 0, 4), (3, 0, 4))((3, 0, 2), (4, 0, 1), (4, 0, 2), (4, 0, 3), (4, 0, 4))((1, 0, 0), (2, 0, 0), (2, 0, 1), (3, 0, 0), (4, 0, 0))((1, 0, 3), (1, 1, 3), (1, 2, 2), (1, 2, 3), (1, 3, 3))((1, 0, 1), (1, 1, 1), (1, 2, 1), (1, 3, 1), (2, 1, 1))((0, 1, 2), (1, 1, 2), (2, 0, 2), (2, 1, 2), (3, 1, 2))((0, 1, 3), (0, 2, 2), (0, 2, 3), (0, 3, 3), (0, 4, 3))((0, 1, 1), (0, 2, 1), (0, 3, 1), (0, 3, 2), (0, 4, 1))((0, 1, 0), (0, 2, 0), (0, 3, 0), (0, 4, 0), (1, 2, 0))((1, 1, 0), (2, 1, 0), (3, 1, 0), (3, 2, 0), (4, 1, 0))((3, 0, 1), (3, 1, 1), (3, 2, 1), (3, 3, 1), (4, 1, 1))((4, 1, 2), (4, 2, 0), (4, 2, 1), (4, 2, 2), (4, 2, 3))((3, 0, 3), (3, 1, 3), (3, 2, 3), (3, 3, 3), (4, 1, 3))((2, 2, 0), (2, 2, 1), (2, 2, 2), (2, 2, 3), (3, 2, 2))((1, 1, 4), (2, 1, 3), (2, 1, 4), (3, 1, 4), (4, 1, 4))((0, 1, 4), (0, 2, 4), (0, 3, 4), (0, 4, 4), (1, 3, 4))((1, 2, 4), (2, 2, 4), (3, 2, 4), (3, 3, 4), (4, 2, 4))((3, 3, 2), (4, 3, 1), (4, 3, 2), (4, 3, 3), (4, 3, 4))((1, 3, 0), (2, 3, 0), (3, 3, 0), (3, 4, 0), (4, 3, 0))((3, 4, 1), (4, 4, 0), (4, 4, 1), (4, 4, 2), (4, 4, 3))((1, 4, 4), (2, 4, 4), (3, 4, 3), (3, 4, 4), (4, 4, 4))((1, 3, 2), (2, 3, 1), (2, 3, 2), (2, 3, 3), (2, 3, 4))((0, 4, 2), (1, 4, 0), (1, 4, 1), (1, 4, 2), (1, 4, 3))((2, 4, 0), (2, 4, 1), (2, 4, 2), (2, 4, 3), (3, 4, 2))
41
((0, 0, 0), (0, 0, 1), (0, 0, 2), (0, 0, 3), (1, 0, 2))((0, 0, 4), (1, 0, 4), (2, 0, 3), (2, 0, 4), (3, 0, 4))((3, 0, 2), (4, 0, 1), (4, 0, 2), (4, 0, 3), (4, 0, 4))((1, 0, 0), (2, 0, 0), (2, 0, 1), (3, 0, 0), (4, 0, 0))((1, 0, 3), (1, 1, 3), (1, 2, 3), (1, 3, 3), (2, 2, 3))((3, 0, 3), (3, 1, 2), (3, 1, 3), (3, 2, 3), (3, 3, 3))((3, 0, 1), (3, 1, 0), (3, 1, 1), (3, 2, 1), (3, 3, 1))((4, 1, 0), (4, 1, 1), (4, 1, 2), (4, 1, 3), (4, 2, 1))((4, 1, 4), (4, 2, 3), (4, 2, 4), (4, 3, 4), (4, 4, 4))((1, 2, 0), (2, 1, 0), (2, 2, 0), (3, 2, 0), (4, 2, 0))((1, 0, 1), (1, 1, 0), (1, 1, 1), (1, 2, 1), (1, 3, 1))((4, 3, 0), (4, 3, 1), (4, 3, 2), (4, 3, 3), (4, 4, 1))((1, 2, 2), (2, 2, 1), (2, 2, 2), (3, 2, 2), (4, 2, 2))((2, 0, 2), (2, 1, 1), (2, 1, 2), (2, 1, 3), (2, 1, 4))((2, 3, 4), (3, 1, 4), (3, 2, 4), (3, 3, 4), (3, 4, 4))((1, 1, 4), (1, 2, 4), (1, 3, 4), (1, 4, 4), (2, 2, 4))((0, 1, 0), (0, 1, 1), (0, 1, 2), (0, 1, 3), (1, 1, 2))((0, 1, 4), (0, 2, 4), (0, 3, 3), (0, 3, 4), (0, 4, 4))((0, 2, 0), (0, 2, 1), (0, 2, 2), (0, 2, 3), (0, 3, 1))((0, 3, 0), (1, 3, 0), (2, 3, 0), (2, 3, 1), (3, 3, 0))((1, 4, 0), (2, 4, 0), (2, 4, 1), (3, 4, 0), (4, 4, 0))((1, 4, 2), (2, 4, 2), (3, 4, 1), (3, 4, 2), (4, 4, 2))((0, 3, 2), (1, 3, 2), (2, 3, 2), (2, 3, 3), (3, 3, 2))((0, 4, 0), (0, 4, 1), (0, 4, 2), (0, 4, 3), (1, 4, 1))((1, 4, 3), (2, 4, 3), (2, 4, 4), (3, 4, 3), (4, 4, 3))
42
((0, 0, 0), (0, 0, 1), (0, 0, 2), (0, 0, 3), (1, 0, 2))((0, 0, 4), (1, 0, 4), (2, 0, 3), (2, 0, 4), (3, 0, 4))((3, 0, 2), (4, 0, 1), (4, 0, 2), (4, 0, 3), (4, 0, 4))((1, 0, 0), (2, 0, 0), (2, 0, 1), (3, 0, 0), (4, 0, 0))((1, 0, 3), (1, 1, 3), (1, 2, 3), (1, 3, 3), (2, 2, 3))((3, 0, 3), (3, 1, 2), (3, 1, 3), (3, 2, 3), (3, 3, 3))((3, 0, 1), (3, 1, 0), (3, 1, 1), (3, 2, 1), (3, 3, 1))((4, 1, 0), (4, 1, 1), (4, 1, 2), (4, 1, 3), (4, 2, 1))((4, 1, 4), (4, 2, 3), (4, 2, 4), (4, 3, 4), (4, 4, 4))((1, 2, 0), (2, 1, 0), (2, 2, 0), (3, 2, 0), (4, 2, 0))((1, 0, 1), (1, 1, 0), (1, 1, 1), (1, 2, 1), (1, 3, 1))((4, 3, 0), (4, 3, 1), (4, 3, 2), (4, 3, 3), (4, 4, 1))((1, 2, 2), (2, 2, 1), (2, 2, 2), (3, 2, 2), (4, 2, 2))((2, 0, 2), (2, 1, 1), (2, 1, 2), (2, 1, 3), (2, 1, 4))((2, 3, 4), (3, 1, 4), (3, 2, 4), (3, 3, 4), (3, 4, 4))((1, 1, 4), (1, 2, 4), (1, 3, 4), (1, 4, 4), (2, 2, 4))((0, 1, 0), (0, 1, 1), (0, 1, 2), (0, 1, 3), (1, 1, 2))((0, 1, 4), (0, 2, 4), (0, 3, 3), (0, 3, 4), (0, 4, 4))((0, 2, 0), (0, 2, 1), (0, 2, 2), (0, 2, 3), (0, 3, 1))((0, 3, 0), (1, 3, 0), (2, 3, 0), (2, 3, 1), (3, 3, 0))((1, 4, 0), (2, 4, 0), (3, 4, 0), (3, 4, 1), (4, 4, 0))((0, 4, 0), (0, 4, 1), (0, 4, 2), (0, 4, 3), (1, 4, 1))((0, 3, 2), (1, 3, 2), (2, 3, 2), (2, 3, 3), (3, 3, 2))((1, 4, 2), (2, 4, 1), (2, 4, 2), (3, 4, 2), (4, 4, 2))((1, 4, 3), (2, 4, 3), (2, 4, 4), (3, 4, 3), (4, 4, 3))
43
((0, 0, 0), (0, 0, 1), (0, 0, 2), (0, 0, 3), (1, 0, 2))((0, 0, 4), (1, 0, 4), (2, 0, 3), (2, 0, 4), (3, 0, 4))((3, 0, 2), (4, 0, 1), (4, 0, 2), (4, 0, 3), (4, 0, 4))((1, 0, 0), (2, 0, 0), (2, 0, 1), (3, 0, 0), (4, 0, 0))((1, 0, 3), (1, 1, 3), (1, 2, 3), (1, 3, 3), (2, 2, 3))((3, 0, 3), (3, 1, 2), (3, 1, 3), (3, 2, 3), (3, 3, 3))((3, 0, 1), (3, 1, 0), (3, 1, 1), (3, 2, 1), (3, 3, 1))((4, 1, 0), (4, 1, 1), (4, 1, 2), (4, 1, 3), (4, 2, 1))((4, 1, 4), (4, 2, 3), (4, 2, 4), (4, 3, 4), (4, 4, 4))((1, 2, 0), (2, 1, 0), (2, 2, 0), (3, 2, 0), (4, 2, 0))((1, 0, 1), (1, 1, 0), (1, 1, 1), (1, 2, 1), (1, 3, 1))((4, 3, 0), (4, 3, 1), (4, 3, 2), (4, 3, 3), (4, 4, 1))((1, 2, 2), (2, 2, 1), (2, 2, 2), (3, 2, 2), (4, 2, 2))((2, 0, 2), (2, 1, 1), (2, 1, 2), (2, 1, 3), (2, 1, 4))((2, 2, 4), (3, 1, 4), (3, 2, 4), (3, 3, 4), (3, 4, 4))((0, 1, 0), (0, 1, 1), (0, 1, 2), (0, 1, 3), (1, 1, 2))((0, 2, 0), (0, 2, 1), (0, 2, 2), (0, 2, 3), (0, 3, 1))((0, 1, 4), (0, 2, 4), (0, 3, 3), (0, 3, 4), (0, 4, 4))((1, 1, 4), (1, 2, 4), (1, 3, 4), (1, 4, 4), (2, 3, 4))((0, 3, 0), (1, 3, 0), (2, 3, 0), (2, 3, 1), (3, 3, 0))((1, 4, 0), (2, 4, 0), (2, 4, 1), (3, 4, 0), (4, 4, 0))((1, 4, 2), (2, 4, 2), (3, 4, 1), (3, 4, 2), (4, 4, 2))((0, 3, 2), (1, 3, 2), (2, 3, 2), (2, 3, 3), (3, 3, 2))((1, 4, 3), (2, 4, 3), (2, 4, 4), (3, 4, 3), (4, 4, 3))((0, 4, 0), (0, 4, 1), (0, 4, 2), (0, 4, 3), (1, 4, 1))
44
((0, 0, 0), (0, 0, 1), (0, 0, 2), (0, 0, 3), (1, 0, 2))((0, 0, 4), (1, 0, 4), (2, 0, 3), (2, 0, 4), (3, 0, 4))((3, 0, 2), (4, 0, 1), (4, 0, 2), (4, 0, 3), (4, 0, 4))((1, 0, 0), (2, 0, 0), (2, 0, 1), (3, 0, 0), (4, 0, 0))((1, 0, 3), (1, 1, 3), (1, 2, 3), (1, 3, 3), (2, 2, 3))((3, 0, 3), (3, 1, 2), (3, 1, 3), (3, 2, 3), (3, 3, 3))((3, 0, 1), (3, 1, 0), (3, 1, 1), (3, 2, 1), (3, 3, 1))((4, 1, 0), (4, 1, 1), (4, 1, 2), (4, 1, 3), (4, 2, 1))((4, 1, 4), (4, 2, 3), (4, 2, 4), (4, 3, 4), (4, 4, 4))((1, 2, 0), (2, 1, 0), (2, 2, 0), (3, 2, 0), (4, 2, 0))((1, 0, 1), (1, 1, 0), (1, 1, 1), (1, 2, 1), (1, 3, 1))((4, 3, 0), (4, 3, 1), (4, 3, 2), (4, 3, 3), (4, 4, 1))((1, 2, 2), (2, 2, 1), (2, 2, 2), (3, 2, 2), (4, 2, 2))((2, 0, 2), (2, 1, 1), (2, 1, 2), (2, 1, 3), (2, 1, 4))((2, 2, 4), (3, 1, 4), (3, 2, 4), (3, 3, 4), (3, 4, 4))((0, 1, 0), (0, 1, 1), (0, 1, 2), (0, 1, 3), (1, 1, 2))((0, 2, 0), (0, 2, 1), (0, 2, 2), (0, 2, 3), (0, 3, 1))((0, 1, 4), (0, 2, 4), (0, 3, 3), (0, 3, 4), (0, 4, 4))((1, 1, 4), (1, 2, 4), (1, 3, 4), (1, 4, 4), (2, 3, 4))((0, 3, 0), (1, 3, 0), (2, 3, 0), (2, 3, 1), (3, 3, 0))((1, 4, 0), (2, 4, 0), (3, 4, 0), (3, 4, 1), (4, 4, 0))((0, 4, 0), (0, 4, 1), (0, 4, 2), (0, 4, 3), (1, 4, 1))((0, 3, 2), (1, 3, 2), (2, 3, 2), (2, 3, 3), (3, 3, 2))((1, 4, 2), (2, 4, 1), (2, 4, 2), (3, 4, 2), (4, 4, 2))((1, 4, 3), (2, 4, 3), (2, 4, 4), (3, 4, 3), (4, 4, 3))
45
((0, 0, 0), (0, 0, 1), (0, 0, 2), (0, 0, 3), (1, 0, 2))((0, 0, 4), (1, 0, 4), (2, 0, 3), (2, 0, 4), (3, 0, 4))((3, 0, 2), (4, 0, 1), (4, 0, 2), (4, 0, 3), (4, 0, 4))((1, 0, 0), (2, 0, 0), (3, 0, 0), (3, 0, 1), (4, 0, 0))((0, 1, 3), (1, 0, 3), (1, 1, 3), (1, 2, 3), (1, 3, 3))((0, 1, 4), (1, 1, 4), (1, 2, 4), (2, 1, 4), (3, 1, 4))((0, 1, 2), (0, 2, 1), (0, 2, 2), (0, 2, 3), (0, 2, 4))((0, 1, 0), (0, 2, 0), (0, 3, 0), (0, 3, 1), (0, 4, 0))((0, 3, 3), (0, 4, 1), (0, 4, 2), (0, 4, 3), (0, 4, 4))((0, 3, 4), (1, 3, 4), (2, 3, 4), (2, 4, 4), (3, 3, 4))((1, 4, 1), (1, 4, 2), (1, 4, 3), (1, 4, 4), (2, 4, 2))((3, 4, 1), (3, 4, 2), (3, 4, 3), (3, 4, 4), (4, 4, 2))((3, 2, 4), (4, 1, 4), (4, 2, 4), (4, 3, 4), (4, 4, 4))((4, 1, 3), (4, 2, 3), (4, 3, 2), (4, 3, 3), (4, 4, 3))((3, 0, 3), (3, 1, 3), (3, 2, 2), (3, 2, 3), (3, 3, 3))((4, 1, 1), (4, 2, 1), (4, 2, 2), (4, 3, 1), (4, 4, 1))((2, 1, 3), (2, 2, 3), (2, 2, 4), (2, 3, 3), (2, 4, 3))((0, 3, 2), (1, 2, 2), (1, 3, 2), (2, 3, 2), (3, 3, 2))((1, 1, 2), (2, 0, 2), (2, 1, 2), (3, 1, 2), (4, 1, 2))((2, 0, 1), (2, 1, 1), (2, 2, 1), (2, 2, 2), (2, 3, 1))((1, 4, 0), (2, 4, 0), (2, 4, 1), (3, 4, 0), (4, 4, 0))((1, 2, 0), (2, 2, 0), (3, 2, 0), (3, 2, 1), (4, 2, 0))((1, 3, 0), (2, 3, 0), (3, 3, 0), (3, 3, 1), (4, 3, 0))((1, 1, 0), (2, 1, 0), (3, 1, 0), (3, 1, 1), (4, 1, 0))((0, 1, 1), (1, 0, 1), (1, 1, 1), (1, 2, 1), (1, 3, 1))
46
((0, 0, 0), (0, 0, 1), (0, 0, 2), (0, 0, 3), (1, 0, 2))((0, 0, 4), (1, 0, 4), (2, 0, 3), (2, 0, 4), (3, 0, 4))((3, 0, 2), (4, 0, 1), (4, 0, 2), (4, 0, 3), (4, 0, 4))((1, 0, 0), (2, 0, 0), (3, 0, 0), (3, 0, 1), (4, 0, 0))((0, 1, 3), (1, 0, 3), (1, 1, 3), (1, 2, 3), (1, 3, 3))((0, 1, 4), (1, 1, 4), (1, 2, 4), (2, 1, 4), (3, 1, 4))((0, 1, 2), (0, 2, 1), (0, 2, 2), (0, 2, 3), (0, 2, 4))((0, 1, 0), (0, 2, 0), (0, 3, 0), (0, 3, 1), (0, 4, 0))((0, 3, 3), (0, 4, 1), (0, 4, 2), (0, 4, 3), (0, 4, 4))((0, 3, 4), (1, 3, 4), (2, 3, 4), (2, 4, 4), (3, 3, 4))((1, 4, 1), (1, 4, 2), (1, 4, 3), (1, 4, 4), (2, 4, 2))((3, 4, 1), (3, 4, 2), (3, 4, 3), (3, 4, 4), (4, 4, 2))((3, 2, 4), (4, 1, 4), (4, 2, 4), (4, 3, 4), (4, 4, 4))((4, 1, 3), (4, 2, 2), (4, 2, 3), (4, 3, 3), (4, 4, 3))((3, 0, 3), (3, 1, 3), (3, 2, 2), (3, 2, 3), (3, 3, 3))((2, 1, 3), (2, 2, 3), (2, 2, 4), (2, 3, 3), (2, 4, 3))((0, 3, 2), (1, 2, 2), (1, 3, 2), (2, 3, 2), (3, 3, 2))((1, 1, 2), (2, 0, 2), (2, 1, 2), (3, 1, 2), (4, 1, 2))((4, 1, 1), (4, 2, 1), (4, 3, 1), (4, 3, 2), (4, 4, 1))((2, 0, 1), (2, 1, 1), (2, 2, 1), (2, 2, 2), (2, 3, 1))((0, 1, 1), (1, 0, 1), (1, 1, 1), (1, 2, 1), (1, 3, 1))((1, 1, 0), (2, 1, 0), (3, 1, 0), (3, 1, 1), (4, 1, 0))((1, 3, 0), (2, 3, 0), (3, 3, 0), (3, 3, 1), (4, 3, 0))((1, 2, 0), (2, 2, 0), (3, 2, 0), (3, 2, 1), (4, 2, 0))((1, 4, 0), (2, 4, 0), (2, 4, 1), (3, 4, 0), (4, 4, 0))
47
((0, 0, 0), (0, 0, 1), (0, 0, 2), (0, 0, 3), (1, 0, 2))((0, 0, 4), (1, 0, 4), (2, 0, 3), (2, 0, 4), (3, 0, 4))((3, 0, 2), (4, 0, 1), (4, 0, 2), (4, 0, 3), (4, 0, 4))((1, 0, 0), (2, 0, 0), (2, 1, 0), (3, 0, 0), (4, 0, 0))((4, 1, 0), (4, 2, 0), (4, 3, 0), (4, 3, 1), (4, 4, 0))((0, 1, 0), (0, 2, 0), (0, 2, 1), (0, 3, 0), (0, 4, 0))((0, 4, 1), (1, 4, 1), (2, 4, 0), (2, 4, 1), (3, 4, 1))((1, 1, 0), (1, 2, 0), (1, 3, 0), (1, 4, 0), (2, 3, 0))((2, 2, 0), (3, 1, 0), (3, 2, 0), (3, 3, 0), (3, 4, 0))((3, 4, 3), (4, 4, 1), (4, 4, 2), (4, 4, 3), (4, 4, 4))((1, 0, 1), (1, 1, 1), (1, 2, 1), (1, 2, 2), (1, 3, 1))((2, 0, 1), (2, 1, 1), (2, 2, 1), (2, 2, 2), (2, 3, 1))((1, 1, 2), (2, 0, 2), (2, 1, 2), (3, 1, 2), (4, 1, 2))((3, 0, 1), (3, 1, 1), (3, 2, 1), (3, 3, 1), (4, 1, 1))((0, 1, 1), (0, 1, 2), (0, 1, 3), (0, 1, 4), (0, 2, 2))((0, 3, 1), (0, 3, 2), (0, 3, 3), (0, 3, 4), (0, 4, 3))((1, 1, 4), (2, 1, 3), (2, 1, 4), (3, 1, 4), (4, 1, 4))((3, 0, 3), (3, 1, 3), (3, 2, 3), (3, 3, 3), (4, 1, 3))((4, 2, 1), (4, 2, 2), (4, 2, 3), (4, 2, 4), (4, 3, 3))((1, 3, 2), (2, 3, 2), (3, 2, 2), (3, 3, 2), (4, 3, 2))((1, 3, 4), (2, 3, 3), (2, 3, 4), (3, 3, 4), (4, 3, 4))((0, 2, 4), (1, 2, 4), (2, 2, 3), (2, 2, 4), (3, 2, 4))((0, 2, 3), (1, 0, 3), (1, 1, 3), (1, 2, 3), (1, 3, 3))((0, 4, 2), (1, 4, 2), (2, 4, 2), (2, 4, 3), (3, 4, 2))((0, 4, 4), (1, 4, 3), (1, 4, 4), (2, 4, 4), (3, 4, 4))
48
((0, 0, 0), (0, 0, 1), (0, 0, 2), (0, 0, 3), (1, 0, 2))((0, 0, 4), (1, 0, 4), (2, 0, 3), (2, 0, 4), (3, 0, 4))((3, 0, 2), (4, 0, 1), (4, 0, 2), (4, 0, 3), (4, 0, 4))((1, 0, 0), (2, 0, 0), (2, 1, 0), (3, 0, 0), (4, 0, 0))((4, 1, 0), (4, 2, 0), (4, 3, 0), (4, 3, 1), (4, 4, 0))((0, 1, 0), (0, 2, 0), (0, 2, 1), (0, 3, 0), (0, 4, 0))((0, 4, 1), (1, 4, 1), (2, 4, 0), (2, 4, 1), (3, 4, 1))((1, 1, 0), (1, 2, 0), (1, 3, 0), (1, 4, 0), (2, 3, 0))((2, 2, 0), (3, 1, 0), (3, 2, 0), (3, 3, 0), (3, 4, 0))((3, 4, 3), (4, 4, 1), (4, 4, 2), (4, 4, 3), (4, 4, 4))((1, 0, 1), (1, 1, 1), (1, 2, 1), (1, 2, 2), (1, 3, 1))((2, 0, 1), (2, 1, 1), (2, 2, 1), (2, 2, 2), (2, 3, 1))((1, 1, 2), (2, 0, 2), (2, 1, 2), (3, 1, 2), (4, 1, 2))((3, 0, 1), (3, 1, 1), (3, 2, 1), (3, 3, 1), (4, 1, 1))((0, 1, 1), (0, 1, 2), (0, 1, 3), (0, 1, 4), (0, 2, 2))((0, 3, 1), (0, 3, 2), (0, 3, 3), (0, 3, 4), (0, 4, 3))((1, 1, 4), (2, 1, 3), (2, 1, 4), (3, 1, 4), (4, 1, 4))((3, 0, 3), (3, 1, 3), (3, 2, 3), (3, 3, 3), (4, 1, 3))((4, 2, 1), (4, 2, 2), (4, 2, 3), (4, 2, 4), (4, 3, 3))((1, 3, 2), (2, 3, 2), (3, 2, 2), (3, 3, 2), (4, 3, 2))((1, 3, 4), (2, 3, 3), (2, 3, 4), (3, 3, 4), (4, 3, 4))((0, 2, 4), (1, 2, 4), (2, 2, 3), (2, 2, 4), (3, 2, 4))((0, 2, 3), (1, 0, 3), (1, 1, 3), (1, 2, 3), (1, 3, 3))((0, 4, 2), (1, 4, 2), (1, 4, 3), (2, 4, 2), (3, 4, 2))((0, 4, 4), (1, 4, 4), (2, 4, 3), (2, 4, 4), (3, 4, 4))
49
((0, 0, 0), (0, 0, 1), (0, 0, 2), (0, 0, 3), (1, 0, 2))((0, 0, 4), (1, 0, 4), (2, 0, 3), (2, 0, 4), (3, 0, 4))((3, 0, 2), (4, 0, 1), (4, 0, 2), (4, 0, 3), (4, 0, 4))((1, 0, 0), (2, 0, 0), (2, 1, 0), (3, 0, 0), (4, 0, 0))((4, 1, 0), (4, 2, 0), (4, 3, 0), (4, 3, 1), (4, 4, 0))((0, 1, 0), (0, 2, 0), (0, 2, 1), (0, 3, 0), (0, 4, 0))((0, 4, 1), (1, 4, 1), (2, 4, 0), (2, 4, 1), (3, 4, 1))((1, 1, 0), (1, 2, 0), (1, 3, 0), (1, 4, 0), (2, 2, 0))((2, 3, 0), (3, 1, 0), (3, 2, 0), (3, 3, 0), (3, 4, 0))((3, 4, 3), (4, 4, 1), (4, 4, 2), (4, 4, 3), (4, 4, 4))((1, 0, 1), (1, 1, 1), (1, 2, 1), (1, 2, 2), (1, 3, 1))((2, 0, 1), (2, 1, 1), (2, 2, 1), (2, 2, 2), (2, 3, 1))((1, 1, 2), (2, 0, 2), (2, 1, 2), (3, 1, 2), (4, 1, 2))((3, 0, 1), (3, 1, 1), (3, 2, 1), (3, 3, 1), (4, 1, 1))((0, 1, 1), (0, 1, 2), (0, 1, 3), (0, 1, 4), (0, 2, 2))((0, 3, 1), (0, 3, 2), (0, 3, 3), (0, 3, 4), (0, 4, 3))((0, 4, 4), (1, 4, 3), (1, 4, 4), (2, 4, 4), (3, 4, 4))((0, 4, 2), (1, 4, 2), (2, 4, 2), (2, 4, 3), (3, 4, 2))((1, 3, 2), (2, 3, 2), (3, 2, 2), (3, 3, 2), (4, 3, 2))((4, 2, 1), (4, 2, 2), (4, 2, 3), (4, 2, 4), (4, 3, 3))((1, 3, 4), (2, 3, 3), (2, 3, 4), (3, 3, 4), (4, 3, 4))((0, 2, 4), (1, 2, 4), (2, 2, 3), (2, 2, 4), (3, 2, 4))((0, 2, 3), (1, 0, 3), (1, 1, 3), (1, 2, 3), (1, 3, 3))((3, 0, 3), (3, 1, 3), (3, 2, 3), (3, 3, 3), (4, 1, 3))((1, 1, 4), (2, 1, 3), (2, 1, 4), (3, 1, 4), (4, 1, 4))
50
((0, 0, 0), (0, 0, 1), (0, 0, 2), (0, 0, 3), (1, 0, 2))((0, 0, 4), (1, 0, 4), (2, 0, 3), (2, 0, 4), (3, 0, 4))((3, 0, 2), (4, 0, 1), (4, 0, 2), (4, 0, 3), (4, 0, 4))((1, 0, 0), (2, 0, 0), (2, 1, 0), (3, 0, 0), (4, 0, 0))((4, 1, 0), (4, 2, 0), (4, 3, 0), (4, 3, 1), (4, 4, 0))((0, 1, 0), (0, 2, 0), (0, 2, 1), (0, 3, 0), (0, 4, 0))((0, 4, 1), (1, 4, 1), (2, 4, 0), (2, 4, 1), (3, 4, 1))((1, 1, 0), (1, 2, 0), (1, 3, 0), (1, 4, 0), (2, 2, 0))((2, 3, 0), (3, 1, 0), (3, 2, 0), (3, 3, 0), (3, 4, 0))((3, 4, 3), (4, 4, 1), (4, 4, 2), (4, 4, 3), (4, 4, 4))((1, 0, 1), (1, 1, 1), (1, 2, 1), (1, 2, 2), (1, 3, 1))((2, 0, 1), (2, 1, 1), (2, 2, 1), (2, 2, 2), (2, 3, 1))((1, 1, 2), (2, 0, 2), (2, 1, 2), (3, 1, 2), (4, 1, 2))((3, 0, 1), (3, 1, 1), (3, 2, 1), (3, 3, 1), (4, 1, 1))((0, 1, 1), (0, 1, 2), (0, 1, 3), (0, 1, 4), (0, 2, 2))((0, 3, 1), (0, 3, 2), (0, 3, 3), (0, 3, 4), (0, 4, 3))((0, 4, 4), (1, 4, 4), (2, 4, 3), (2, 4, 4), (3, 4, 4))((0, 4, 2), (1, 4, 2), (1, 4, 3), (2, 4, 2), (3, 4, 2))((1, 3, 2), (2, 3, 2), (3, 2, 2), (3, 3, 2), (4, 3, 2))((4, 2, 1), (4, 2, 2), (4, 2, 3), (4, 2, 4), (4, 3, 3))((1, 3, 4), (2, 3, 3), (2, 3, 4), (3, 3, 4), (4, 3, 4))((0, 2, 4), (1, 2, 4), (2, 2, 3), (2, 2, 4), (3, 2, 4))((0, 2, 3), (1, 0, 3), (1, 1, 3), (1, 2, 3), (1, 3, 3))((3, 0, 3), (3, 1, 3), (3, 2, 3), (3, 3, 3), (4, 1, 3))((1, 1, 4), (2, 1, 3), (2, 1, 4), (3, 1, 4), (4, 1, 4))
51
((0, 0, 0), (0, 0, 1), (0, 0, 2), (0, 0, 3), (1, 0, 2))((0, 0, 4), (1, 0, 4), (2, 0, 3), (2, 0, 4), (3, 0, 4))((3, 0, 2), (4, 0, 1), (4, 0, 2), (4, 0, 3), (4, 0, 4))((1, 0, 0), (2, 0, 0), (2, 1, 0), (3, 0, 0), (4, 0, 0))((4, 1, 0), (4, 2, 0), (4, 2, 1), (4, 3, 0), (4, 4, 0))((0, 1, 0), (0, 2, 0), (0, 3, 0), (0, 3, 1), (0, 4, 0))((1, 4, 1), (2, 4, 0), (2, 4, 1), (3, 4, 1), (4, 4, 1))((2, 3, 0), (3, 1, 0), (3, 2, 0), (3, 3, 0), (3, 4, 0))((1, 1, 0), (1, 2, 0), (1, 3, 0), (1, 4, 0), (2, 2, 0))((0, 4, 1), (0, 4, 2), (0, 4, 3), (0, 4, 4), (1, 4, 3))((3, 0, 1), (3, 1, 1), (3, 2, 1), (3, 2, 2), (3, 3, 1))((2, 0, 1), (2, 1, 1), (2, 2, 1), (2, 2, 2), (2, 3, 1))((0, 1, 2), (1, 1, 2), (2, 0, 2), (2, 1, 2), (3, 1, 2))((0, 1, 1), (1, 0, 1), (1, 1, 1), (1, 2, 1), (1, 3, 1))((4, 1, 1), (4, 1, 2), (4, 1, 3), (4, 1, 4), (4, 2, 2))((4, 3, 1), (4, 3, 2), (4, 3, 3), (4, 3, 4), (4, 4, 3))((0, 3, 2), (1, 2, 2), (1, 3, 2), (2, 3, 2), (3, 3, 2))((1, 4, 2), (2, 4, 2), (3, 4, 2), (3, 4, 3), (4, 4, 2))((1, 4, 4), (2, 4, 3), (2, 4, 4), (3, 4, 4), (4, 4, 4))((0, 2, 1), (0, 2, 2), (0, 2, 3), (0, 2, 4), (0, 3, 3))((0, 3, 4), (1, 3, 4), (2, 3, 3), (2, 3, 4), (3, 3, 4))((1, 2, 4), (2, 2, 3), (2, 2, 4), (3, 2, 4), (4, 2, 4))((3, 0, 3), (3, 1, 3), (3, 2, 3), (3, 3, 3), (4, 2, 3))((0, 1, 3), (1, 0, 3), (1, 1, 3), (1, 2, 3), (1, 3, 3))((0, 1, 4), (1, 1, 4), (2, 1, 3), (2, 1, 4), (3, 1, 4))
52
((0, 0, 0), (0, 0, 1), (0, 0, 2), (0, 0, 3), (1, 0, 2))((0, 0, 4), (1, 0, 4), (2, 0, 3), (2, 0, 4), (3, 0, 4))((3, 0, 2), (4, 0, 1), (4, 0, 2), (4, 0, 3), (4, 0, 4))((1, 0, 0), (2, 0, 0), (2, 1, 0), (3, 0, 0), (4, 0, 0))((4, 1, 0), (4, 2, 0), (4, 2, 1), (4, 3, 0), (4, 4, 0))((0, 1, 0), (0, 2, 0), (0, 3, 0), (0, 3, 1), (0, 4, 0))((1, 4, 1), (2, 4, 0), (2, 4, 1), (3, 4, 1), (4, 4, 1))((2, 3, 0), (3, 1, 0), (3, 2, 0), (3, 3, 0), (3, 4, 0))((1, 1, 0), (1, 2, 0), (1, 3, 0), (1, 4, 0), (2, 2, 0))((0, 4, 1), (0, 4, 2), (0, 4, 3), (0, 4, 4), (1, 4, 3))((3, 0, 1), (3, 1, 1), (3, 2, 1), (3, 2, 2), (3, 3, 1))((2, 0, 1), (2, 1, 1), (2, 2, 1), (2, 2, 2), (2, 3, 1))((0, 1, 2), (1, 1, 2), (2, 0, 2), (2, 1, 2), (3, 1, 2))((0, 1, 1), (1, 0, 1), (1, 1, 1), (1, 2, 1), (1, 3, 1))((4, 1, 1), (4, 1, 2), (4, 1, 3), (4, 1, 4), (4, 2, 2))((4, 3, 1), (4, 3, 2), (4, 3, 3), (4, 3, 4), (4, 4, 3))((0, 3, 2), (1, 2, 2), (1, 3, 2), (2, 3, 2), (3, 3, 2))((1, 4, 2), (2, 4, 2), (2, 4, 3), (3, 4, 2), (4, 4, 2))((0, 2, 1), (0, 2, 2), (0, 2, 3), (0, 2, 4), (0, 3, 3))((1, 4, 4), (2, 4, 4), (3, 4, 3), (3, 4, 4), (4, 4, 4))((0, 3, 4), (1, 3, 4), (2, 3, 3), (2, 3, 4), (3, 3, 4))((1, 2, 4), (2, 2, 3), (2, 2, 4), (3, 2, 4), (4, 2, 4))((3, 0, 3), (3, 1, 3), (3, 2, 3), (3, 3, 3), (4, 2, 3))((0, 1, 3), (1, 0, 3), (1, 1, 3), (1, 2, 3), (1, 3, 3))((0, 1, 4), (1, 1, 4), (2, 1, 3), (2, 1, 4), (3, 1, 4))
53
((0, 0, 0), (0, 0, 1), (0, 0, 2), (0, 0, 3), (1, 0, 2))((0, 0, 4), (1, 0, 4), (2, 0, 3), (2, 0, 4), (3, 0, 4))((3, 0, 2), (4, 0, 1), (4, 0, 2), (4, 0, 3), (4, 0, 4))((1, 0, 0), (2, 0, 0), (2, 1, 0), (3, 0, 0), (4, 0, 0))((4, 1, 0), (4, 2, 0), (4, 2, 1), (4, 3, 0), (4, 4, 0))((0, 1, 0), (0, 2, 0), (0, 3, 0), (0, 3, 1), (0, 4, 0))((1, 4, 1), (2, 4, 0), (2, 4, 1), (3, 4, 1), (4, 4, 1))((2, 2, 0), (3, 1, 0), (3, 2, 0), (3, 3, 0), (3, 4, 0))((1, 1, 0), (1, 2, 0), (1, 3, 0), (1, 4, 0), (2, 3, 0))((0, 4, 1), (0, 4, 2), (0, 4, 3), (0, 4, 4), (1, 4, 3))((3, 0, 1), (3, 1, 1), (3, 2, 1), (3, 2, 2), (3, 3, 1))((2, 0, 1), (2, 1, 1), (2, 2, 1), (2, 2, 2), (2, 3, 1))((0, 1, 2), (1, 1, 2), (2, 0, 2), (2, 1, 2), (3, 1, 2))((0, 1, 1), (1, 0, 1), (1, 1, 1), (1, 2, 1), (1, 3, 1))((4, 1, 1), (4, 1, 2), (4, 1, 3), (4, 1, 4), (4, 2, 2))((4, 3, 1), (4, 3, 2), (4, 3, 3), (4, 3, 4), (4, 4, 3))((0, 3, 2), (1, 2, 2), (1, 3, 2), (2, 3, 2), (3, 3, 2))((1, 4, 2), (2, 4, 2), (3, 4, 2), (3, 4, 3), (4, 4, 2))((1, 4, 4), (2, 4, 3), (2, 4, 4), (3, 4, 4), (4, 4, 4))((0, 2, 1), (0, 2, 2), (0, 2, 3), (0, 2, 4), (0, 3, 3))((0, 3, 4), (1, 3, 4), (2, 3, 3), (2, 3, 4), (3, 3, 4))((1, 2, 4), (2, 2, 3), (2, 2, 4), (3, 2, 4), (4, 2, 4))((3, 0, 3), (3, 1, 3), (3, 2, 3), (3, 3, 3), (4, 2, 3))((0, 1, 3), (1, 0, 3), (1, 1, 3), (1, 2, 3), (1, 3, 3))((0, 1, 4), (1, 1, 4), (2, 1, 3), (2, 1, 4), (3, 1, 4))
54
((0, 0, 0), (0, 0, 1), (0, 0, 2), (0, 0, 3), (1, 0, 2))((0, 0, 4), (1, 0, 4), (2, 0, 3), (2, 0, 4), (3, 0, 4))((3, 0, 2), (4, 0, 1), (4, 0, 2), (4, 0, 3), (4, 0, 4))((1, 0, 0), (2, 0, 0), (2, 1, 0), (3, 0, 0), (4, 0, 0))((4, 1, 0), (4, 2, 0), (4, 2, 1), (4, 3, 0), (4, 4, 0))((0, 1, 0), (0, 2, 0), (0, 3, 0), (0, 3, 1), (0, 4, 0))((1, 4, 1), (2, 4, 0), (2, 4, 1), (3, 4, 1), (4, 4, 1))((2, 2, 0), (3, 1, 0), (3, 2, 0), (3, 3, 0), (3, 4, 0))((1, 1, 0), (1, 2, 0), (1, 3, 0), (1, 4, 0), (2, 3, 0))((0, 4, 1), (0, 4, 2), (0, 4, 3), (0, 4, 4), (1, 4, 3))((3, 0, 1), (3, 1, 1), (3, 2, 1), (3, 2, 2), (3, 3, 1))((2, 0, 1), (2, 1, 1), (2, 2, 1), (2, 2, 2), (2, 3, 1))((0, 1, 2), (1, 1, 2), (2, 0, 2), (2, 1, 2), (3, 1, 2))((0, 1, 1), (1, 0, 1), (1, 1, 1), (1, 2, 1), (1, 3, 1))((4, 1, 1), (4, 1, 2), (4, 1, 3), (4, 1, 4), (4, 2, 2))((4, 3, 1), (4, 3, 2), (4, 3, 3), (4, 3, 4), (4, 4, 3))((0, 3, 2), (1, 2, 2), (1, 3, 2), (2, 3, 2), (3, 3, 2))((1, 4, 2), (2, 4, 2), (2, 4, 3), (3, 4, 2), (4, 4, 2))((0, 2, 1), (0, 2, 2), (0, 2, 3), (0, 2, 4), (0, 3, 3))((1, 4, 4), (2, 4, 4), (3, 4, 3), (3, 4, 4), (4, 4, 4))((0, 3, 4), (1, 3, 4), (2, 3, 3), (2, 3, 4), (3, 3, 4))((1, 2, 4), (2, 2, 3), (2, 2, 4), (3, 2, 4), (4, 2, 4))((3, 0, 3), (3, 1, 3), (3, 2, 3), (3, 3, 3), (4, 2, 3))((0, 1, 3), (1, 0, 3), (1, 1, 3), (1, 2, 3), (1, 3, 3))((0, 1, 4), (1, 1, 4), (2, 1, 3), (2, 1, 4), (3, 1, 4))
55
((0, 0, 0), (0, 0, 1), (0, 0, 2), (0, 0, 3), (1, 0, 2))((0, 0, 4), (0, 1, 3), (0, 1, 4), (0, 2, 4), (0, 3, 4))((0, 4, 4), (1, 4, 3), (1, 4, 4), (2, 4, 4), (3, 4, 4))((0, 3, 1), (0, 4, 0), (0, 4, 1), (0, 4, 2), (0, 4, 3))((0, 3, 0), (1, 3, 0), (1, 4, 0), (2, 3, 0), (3, 3, 0))((1, 0, 0), (2, 0, 0), (3, 0, 0), (3, 0, 1), (4, 0, 0))((0, 1, 0), (1, 1, 0), (1, 2, 0), (2, 1, 0), (3, 1, 0))((0, 1, 2), (0, 2, 0), (0, 2, 1), (0, 2, 2), (0, 2, 3))((0, 1, 1), (1, 0, 1), (1, 1, 1), (1, 2, 1), (1, 3, 1))((3, 3, 1), (3, 4, 0), (3, 4, 1), (3, 4, 2), (3, 4, 3))((1, 4, 1), (2, 4, 0), (2, 4, 1), (2, 4, 2), (2, 4, 3))((3, 2, 0), (4, 1, 0), (4, 2, 0), (4, 3, 0), (4, 4, 0))((4, 3, 3), (4, 4, 1), (4, 4, 2), (4, 4, 3), (4, 4, 4))((3, 2, 1), (4, 0, 1), (4, 1, 1), (4, 2, 1), (4, 3, 1))((4, 0, 2), (4, 1, 2), (4, 2, 2), (4, 2, 3), (4, 3, 2))((0, 3, 3), (1, 2, 3), (1, 3, 3), (2, 3, 3), (3, 3, 3))((0, 3, 2), (1, 1, 2), (1, 2, 2), (1, 3, 2), (1, 4, 2))((3, 0, 2), (3, 1, 1), (3, 1, 2), (3, 2, 2), (3, 3, 2))((3, 0, 4), (3, 1, 4), (3, 2, 3), (3, 2, 4), (3, 3, 4))((4, 0, 4), (4, 1, 3), (4, 1, 4), (4, 2, 4), (4, 3, 4))((1, 0, 3), (2, 0, 3), (3, 0, 3), (3, 1, 3), (4, 0, 3))((1, 0, 4), (1, 1, 3), (1, 1, 4), (1, 2, 4), (1, 3, 4))((2, 0, 4), (2, 1, 3), (2, 1, 4), (2, 2, 4), (2, 3, 4))((2, 0, 1), (2, 1, 1), (2, 2, 0), (2, 2, 1), (2, 3, 1))((2, 0, 2), (2, 1, 2), (2, 2, 2), (2, 2, 3), (2, 3, 2))
56
((0, 0, 0), (0, 0, 1), (0, 0, 2), (0, 0, 3), (1, 0, 2))((0, 0, 4), (0, 1, 3), (0, 1, 4), (0, 2, 4), (0, 3, 4))((0, 4, 4), (1, 4, 3), (1, 4, 4), (2, 4, 4), (3, 4, 4))((0, 3, 1), (0, 4, 0), (0, 4, 1), (0, 4, 2), (0, 4, 3))((0, 3, 0), (1, 3, 0), (1, 4, 0), (2, 3, 0), (3, 3, 0))((1, 0, 0), (2, 0, 0), (3, 0, 0), (3, 0, 1), (4, 0, 0))((0, 1, 0), (1, 1, 0), (1, 2, 0), (2, 1, 0), (3, 1, 0))((0, 1, 2), (0, 2, 0), (0, 2, 1), (0, 2, 2), (0, 2, 3))((0, 1, 1), (1, 0, 1), (1, 1, 1), (1, 2, 1), (1, 3, 1))((3, 3, 1), (3, 4, 0), (3, 4, 1), (3, 4, 2), (3, 4, 3))((1, 4, 1), (2, 4, 0), (2, 4, 1), (2, 4, 2), (2, 4, 3))((3, 2, 0), (4, 1, 0), (4, 2, 0), (4, 3, 0), (4, 4, 0))((4, 3, 3), (4, 4, 1), (4, 4, 2), (4, 4, 3), (4, 4, 4))((3, 2, 1), (4, 0, 1), (4, 1, 1), (4, 2, 1), (4, 3, 1))((4, 0, 2), (4, 1, 2), (4, 2, 2), (4, 2, 3), (4, 3, 2))((0, 3, 3), (1, 2, 3), (1, 3, 3), (2, 3, 3), (3, 3, 3))((0, 3, 2), (1, 1, 2), (1, 2, 2), (1, 3, 2), (1, 4, 2))((3, 0, 2), (3, 1, 1), (3, 1, 2), (3, 2, 2), (3, 3, 2))((3, 0, 4), (3, 1, 4), (3, 2, 3), (3, 2, 4), (3, 3, 4))((4, 0, 4), (4, 1, 3), (4, 1, 4), (4, 2, 4), (4, 3, 4))((1, 0, 3), (2, 0, 3), (3, 0, 3), (3, 1, 3), (4, 0, 3))((1, 0, 4), (1, 1, 3), (1, 1, 4), (1, 2, 4), (1, 3, 4))((2, 0, 4), (2, 1, 4), (2, 2, 3), (2, 2, 4), (2, 3, 4))((2, 0, 1), (2, 1, 1), (2, 2, 0), (2, 2, 1), (2, 3, 1))((2, 0, 2), (2, 1, 2), (2, 1, 3), (2, 2, 2), (2, 3, 2))
57
((0, 0, 0), (0, 0, 1), (0, 0, 2), (0, 0, 3), (1, 0, 2))((0, 0, 4), (0, 1, 3), (0, 1, 4), (0, 2, 4), (0, 3, 4))((0, 4, 4), (1, 4, 3), (1, 4, 4), (2, 4, 4), (3, 4, 4))((0, 3, 1), (0, 4, 0), (0, 4, 1), (0, 4, 2), (0, 4, 3))((0, 3, 0), (1, 3, 0), (1, 4, 0), (2, 3, 0), (3, 3, 0))((1, 0, 0), (2, 0, 0), (3, 0, 0), (3, 0, 1), (4, 0, 0))((0, 1, 0), (1, 1, 0), (1, 2, 0), (2, 1, 0), (3, 1, 0))((0, 1, 2), (0, 2, 0), (0, 2, 1), (0, 2, 2), (0, 2, 3))((0, 1, 1), (1, 0, 1), (1, 1, 1), (1, 2, 1), (1, 3, 1))((3, 3, 1), (3, 4, 0), (3, 4, 1), (3, 4, 2), (3, 4, 3))((1, 4, 1), (2, 4, 0), (2, 4, 1), (2, 4, 2), (2, 4, 3))((3, 2, 0), (4, 1, 0), (4, 2, 0), (4, 3, 0), (4, 4, 0))((4, 3, 3), (4, 4, 1), (4, 4, 2), (4, 4, 3), (4, 4, 4))((3, 2, 1), (4, 0, 1), (4, 1, 1), (4, 2, 1), (4, 3, 1))((4, 0, 2), (4, 1, 2), (4, 1, 3), (4, 2, 2), (4, 3, 2))((1, 0, 3), (2, 0, 3), (3, 0, 3), (3, 1, 3), (4, 0, 3))((1, 0, 4), (1, 1, 3), (1, 1, 4), (1, 2, 4), (1, 3, 4))((3, 0, 2), (3, 1, 1), (3, 1, 2), (3, 2, 2), (3, 3, 2))((0, 3, 2), (1, 1, 2), (1, 2, 2), (1, 3, 2), (1, 4, 2))((4, 0, 4), (4, 1, 4), (4, 2, 3), (4, 2, 4), (4, 3, 4))((3, 0, 4), (3, 1, 4), (3, 2, 3), (3, 2, 4), (3, 3, 4))((2, 0, 4), (2, 1, 3), (2, 1, 4), (2, 2, 4), (2, 3, 4))((0, 3, 3), (1, 2, 3), (1, 3, 3), (2, 3, 3), (3, 3, 3))((2, 0, 2), (2, 1, 2), (2, 2, 2), (2, 2, 3), (2, 3, 2))((2, 0, 1), (2, 1, 1), (2, 2, 0), (2, 2, 1), (2, 3, 1))
58
((0, 0, 0), (0, 0, 1), (0, 0, 2), (0, 0, 3), (1, 0, 2))((0, 0, 4), (0, 1, 3), (0, 1, 4), (0, 2, 4), (0, 3, 4))((0, 4, 4), (1, 4, 3), (1, 4, 4), (2, 4, 4), (3, 4, 4))((0, 3, 1), (0, 4, 0), (0, 4, 1), (0, 4, 2), (0, 4, 3))((0, 3, 0), (1, 3, 0), (1, 4, 0), (2, 3, 0), (3, 3, 0))((1, 0, 0), (2, 0, 0), (3, 0, 0), (3, 0, 1), (4, 0, 0))((0, 1, 0), (1, 1, 0), (1, 2, 0), (2, 1, 0), (3, 1, 0))((0, 1, 2), (0, 2, 0), (0, 2, 1), (0, 2, 2), (0, 2, 3))((0, 1, 1), (1, 0, 1), (1, 1, 1), (1, 2, 1), (1, 3, 1))((3, 3, 1), (3, 4, 0), (3, 4, 1), (3, 4, 2), (3, 4, 3))((1, 4, 1), (2, 4, 0), (2, 4, 1), (2, 4, 2), (2, 4, 3))((3, 2, 0), (4, 1, 0), (4, 2, 0), (4, 3, 0), (4, 4, 0))((4, 3, 3), (4, 4, 1), (4, 4, 2), (4, 4, 3), (4, 4, 4))((3, 2, 1), (4, 0, 1), (4, 1, 1), (4, 2, 1), (4, 3, 1))((4, 0, 2), (4, 1, 2), (4, 1, 3), (4, 2, 2), (4, 3, 2))((1, 0, 3), (2, 0, 3), (3, 0, 3), (3, 1, 3), (4, 0, 3))((1, 0, 4), (1, 1, 3), (1, 1, 4), (1, 2, 4), (1, 3, 4))((3, 0, 2), (3, 1, 1), (3, 1, 2), (3, 2, 2), (3, 3, 2))((0, 3, 2), (1, 1, 2), (1, 2, 2), (1, 3, 2), (1, 4, 2))((4, 0, 4), (4, 1, 4), (4, 2, 3), (4, 2, 4), (4, 3, 4))((3, 0, 4), (3, 1, 4), (3, 2, 3), (3, 2, 4), (3, 3, 4))((2, 0, 4), (2, 1, 4), (2, 2, 3), (2, 2, 4), (2, 3, 4))((2, 0, 1), (2, 1, 1), (2, 2, 0), (2, 2, 1), (2, 3, 1))((2, 0, 2), (2, 1, 2), (2, 1, 3), (2, 2, 2), (2, 3, 2))((0, 3, 3), (1, 2, 3), (1, 3, 3), (2, 3, 3), (3, 3, 3))
59
((0, 0, 0), (0, 0, 1), (0, 0, 2), (0, 0, 3), (1, 0, 2))((0, 0, 4), (0, 1, 3), (0, 1, 4), (0, 2, 4), (0, 3, 4))((0, 4, 4), (1, 4, 3), (1, 4, 4), (2, 4, 4), (3, 4, 4))((0, 3, 1), (0, 4, 0), (0, 4, 1), (0, 4, 2), (0, 4, 3))((0, 3, 0), (1, 3, 0), (1, 4, 0), (2, 3, 0), (3, 3, 0))((1, 0, 0), (2, 0, 0), (3, 0, 0), (3, 0, 1), (4, 0, 0))((0, 1, 0), (1, 1, 0), (1, 2, 0), (2, 1, 0), (3, 1, 0))((0, 1, 2), (0, 2, 0), (0, 2, 1), (0, 2, 2), (0, 2, 3))((0, 1, 1), (1, 0, 1), (1, 1, 1), (1, 2, 1), (1, 3, 1))((3, 3, 1), (3, 4, 0), (3, 4, 1), (3, 4, 2), (3, 4, 3))((1, 4, 1), (2, 4, 0), (2, 4, 1), (2, 4, 2), (2, 4, 3))((3, 2, 0), (4, 1, 0), (4, 2, 0), (4, 3, 0), (4, 4, 0))((4, 3, 3), (4, 4, 1), (4, 4, 2), (4, 4, 3), (4, 4, 4))((3, 1, 1), (4, 0, 1), (4, 1, 1), (4, 2, 1), (4, 3, 1))((4, 0, 2), (4, 1, 2), (4, 2, 2), (4, 2, 3), (4, 3, 2))((0, 3, 3), (1, 2, 3), (1, 3, 3), (2, 3, 3), (3, 3, 3))((0, 3, 2), (1, 1, 2), (1, 2, 2), (1, 3, 2), (1, 4, 2))((2, 0, 1), (2, 1, 1), (2, 2, 0), (2, 2, 1), (2, 3, 1))((2, 0, 2), (2, 1, 2), (2, 2, 2), (2, 2, 3), (2, 3, 2))((3, 0, 2), (3, 1, 2), (3, 2, 1), (3, 2, 2), (3, 3, 2))((3, 0, 4), (3, 1, 4), (3, 2, 3), (3, 2, 4), (3, 3, 4))((4, 0, 4), (4, 1, 3), (4, 1, 4), (4, 2, 4), (4, 3, 4))((1, 0, 3), (2, 0, 3), (3, 0, 3), (3, 1, 3), (4, 0, 3))((2, 0, 4), (2, 1, 3), (2, 1, 4), (2, 2, 4), (2, 3, 4))((1, 0, 4), (1, 1, 3), (1, 1, 4), (1, 2, 4), (1, 3, 4))
60
((0, 0, 0), (0, 0, 1), (0, 0, 2), (0, 0, 3), (1, 0, 2))((0, 0, 4), (0, 1, 3), (0, 1, 4), (0, 2, 4), (0, 3, 4))((0, 4, 4), (1, 4, 3), (1, 4, 4), (2, 4, 4), (3, 4, 4))((0, 3, 1), (0, 4, 0), (0, 4, 1), (0, 4, 2), (0, 4, 3))((0, 3, 0), (1, 3, 0), (1, 4, 0), (2, 3, 0), (3, 3, 0))((1, 0, 0), (2, 0, 0), (3, 0, 0), (3, 0, 1), (4, 0, 0))((0, 1, 0), (1, 1, 0), (1, 2, 0), (2, 1, 0), (3, 1, 0))((0, 1, 2), (0, 2, 0), (0, 2, 1), (0, 2, 2), (0, 2, 3))((0, 1, 1), (1, 0, 1), (1, 1, 1), (1, 2, 1), (1, 3, 1))((3, 3, 1), (3, 4, 0), (3, 4, 1), (3, 4, 2), (3, 4, 3))((1, 4, 1), (2, 4, 0), (2, 4, 1), (2, 4, 2), (2, 4, 3))((3, 2, 0), (4, 1, 0), (4, 2, 0), (4, 3, 0), (4, 4, 0))((4, 3, 3), (4, 4, 1), (4, 4, 2), (4, 4, 3), (4, 4, 4))((3, 1, 1), (4, 0, 1), (4, 1, 1), (4, 2, 1), (4, 3, 1))((4, 0, 2), (4, 1, 2), (4, 2, 2), (4, 2, 3), (4, 3, 2))((0, 3, 3), (1, 2, 3), (1, 3, 3), (2, 3, 3), (3, 3, 3))((0, 3, 2), (1, 1, 2), (1, 2, 2), (1, 3, 2), (1, 4, 2))((2, 0, 1), (2, 1, 1), (2, 2, 0), (2, 2, 1), (2, 3, 1))((2, 0, 2), (2, 1, 2), (2, 1, 3), (2, 2, 2), (2, 3, 2))((1, 0, 4), (1, 1, 3), (1, 1, 4), (1, 2, 4), (1, 3, 4))((4, 0, 4), (4, 1, 3), (4, 1, 4), (4, 2, 4), (4, 3, 4))((2, 0, 4), (2, 1, 4), (2, 2, 3), (2, 2, 4), (2, 3, 4))((3, 0, 4), (3, 1, 4), (3, 2, 3), (3, 2, 4), (3, 3, 4))((3, 0, 2), (3, 1, 2), (3, 2, 1), (3, 2, 2), (3, 3, 2))((1, 0, 3), (2, 0, 3), (3, 0, 3), (3, 1, 3), (4, 0, 3))
61
((0, 0, 0), (0, 0, 1), (0, 0, 2), (0, 0, 3), (1, 0, 2))((0, 0, 4), (0, 1, 3), (0, 1, 4), (0, 2, 4), (0, 3, 4))((0, 4, 4), (1, 4, 3), (1, 4, 4), (2, 4, 4), (3, 4, 4))((0, 3, 1), (0, 4, 0), (0, 4, 1), (0, 4, 2), (0, 4, 3))((0, 3, 0), (1, 3, 0), (1, 4, 0), (2, 3, 0), (3, 3, 0))((1, 0, 0), (2, 0, 0), (3, 0, 0), (3, 0, 1), (4, 0, 0))((0, 1, 0), (1, 1, 0), (1, 2, 0), (2, 1, 0), (3, 1, 0))((0, 1, 2), (0, 2, 0), (0, 2, 1), (0, 2, 2), (0, 2, 3))((0, 1, 1), (1, 0, 1), (1, 1, 1), (1, 2, 1), (1, 3, 1))((3, 3, 1), (3, 4, 0), (3, 4, 1), (3, 4, 2), (3, 4, 3))((1, 4, 1), (2, 4, 0), (2, 4, 1), (2, 4, 2), (2, 4, 3))((3, 2, 0), (4, 1, 0), (4, 2, 0), (4, 3, 0), (4, 4, 0))((4, 3, 3), (4, 4, 1), (4, 4, 2), (4, 4, 3), (4, 4, 4))((3, 1, 1), (4, 0, 1), (4, 1, 1), (4, 2, 1), (4, 3, 1))((4, 0, 2), (4, 1, 2), (4, 1, 3), (4, 2, 2), (4, 3, 2))((0, 3, 2), (1, 1, 2), (1, 2, 2), (1, 3, 2), (1, 4, 2))((0, 3, 3), (1, 2, 3), (1, 3, 3), (2, 3, 3), (3, 3, 3))((4, 0, 4), (4, 1, 4), (4, 2, 3), (4, 2, 4), (4, 3, 4))((1, 0, 4), (1, 1, 3), (1, 1, 4), (1, 2, 4), (1, 3, 4))((3, 0, 4), (3, 1, 4), (3, 2, 3), (3, 2, 4), (3, 3, 4))((2, 0, 4), (2, 1, 3), (2, 1, 4), (2, 2, 4), (2, 3, 4))((1, 0, 3), (2, 0, 3), (3, 0, 3), (3, 1, 3), (4, 0, 3))((3, 0, 2), (3, 1, 2), (3, 2, 1), (3, 2, 2), (3, 3, 2))((2, 0, 2), (2, 1, 2), (2, 2, 2), (2, 2, 3), (2, 3, 2))((2, 0, 1), (2, 1, 1), (2, 2, 0), (2, 2, 1), (2, 3, 1))
62
((0, 0, 0), (0, 0, 1), (0, 0, 2), (0, 0, 3), (1, 0, 2))((0, 0, 4), (0, 1, 3), (0, 1, 4), (0, 2, 4), (0, 3, 4))((0, 4, 4), (1, 4, 3), (1, 4, 4), (2, 4, 4), (3, 4, 4))((0, 3, 1), (0, 4, 0), (0, 4, 1), (0, 4, 2), (0, 4, 3))((0, 3, 0), (1, 3, 0), (1, 4, 0), (2, 3, 0), (3, 3, 0))((1, 0, 0), (2, 0, 0), (3, 0, 0), (3, 0, 1), (4, 0, 0))((0, 1, 0), (1, 1, 0), (1, 2, 0), (2, 1, 0), (3, 1, 0))((0, 1, 2), (0, 2, 0), (0, 2, 1), (0, 2, 2), (0, 2, 3))((0, 1, 1), (1, 0, 1), (1, 1, 1), (1, 2, 1), (1, 3, 1))((3, 3, 1), (3, 4, 0), (3, 4, 1), (3, 4, 2), (3, 4, 3))((1, 4, 1), (2, 4, 0), (2, 4, 1), (2, 4, 2), (2, 4, 3))((3, 2, 0), (4, 1, 0), (4, 2, 0), (4, 3, 0), (4, 4, 0))((4, 3, 3), (4, 4, 1), (4, 4, 2), (4, 4, 3), (4, 4, 4))((3, 1, 1), (4, 0, 1), (4, 1, 1), (4, 2, 1), (4, 3, 1))((4, 0, 2), (4, 1, 2), (4, 1, 3), (4, 2, 2), (4, 3, 2))((0, 3, 2), (1, 1, 2), (1, 2, 2), (1, 3, 2), (1, 4, 2))((0, 3, 3), (1, 2, 3), (1, 3, 3), (2, 3, 3), (3, 3, 3))((4, 0, 4), (4, 1, 4), (4, 2, 3), (4, 2, 4), (4, 3, 4))((1, 0, 4), (1, 1, 3), (1, 1, 4), (1, 2, 4), (1, 3, 4))((3, 0, 4), (3, 1, 4), (3, 2, 3), (3, 2, 4), (3, 3, 4))((2, 0, 4), (2, 1, 4), (2, 2, 3), (2, 2, 4), (2, 3, 4))((2, 0, 1), (2, 1, 1), (2, 2, 0), (2, 2, 1), (2, 3, 1))((3, 0, 2), (3, 1, 2), (3, 2, 1), (3, 2, 2), (3, 3, 2))((2, 0, 2), (2, 1, 2), (2, 1, 3), (2, 2, 2), (2, 3, 2))((1, 0, 3), (2, 0, 3), (3, 0, 3), (3, 1, 3), (4, 0, 3))
63
((0, 0, 0), (0, 0, 1), (0, 0, 2), (0, 0, 3), (1, 0, 2))((0, 0, 4), (0, 1, 3), (0, 1, 4), (0, 2, 4), (0, 3, 4))((0, 3, 3), (0, 4, 1), (0, 4, 2), (0, 4, 3), (0, 4, 4))((1, 0, 4), (1, 1, 4), (1, 2, 3), (1, 2, 4), (1, 3, 4))((0, 2, 0), (0, 2, 1), (0, 2, 2), (0, 2, 3), (1, 2, 1))((0, 4, 0), (1, 4, 0), (2, 4, 0), (2, 4, 1), (3, 4, 0))((0, 3, 0), (1, 3, 0), (2, 2, 0), (2, 3, 0), (3, 3, 0))((0, 1, 0), (1, 1, 0), (1, 2, 0), (2, 1, 0), (3, 1, 0))((1, 0, 0), (2, 0, 0), (3, 0, 0), (3, 0, 1), (4, 0, 0))((0, 1, 1), (1, 0, 1), (1, 1, 1), (2, 1, 1), (3, 1, 1))((0, 3, 1), (1, 3, 1), (2, 2, 1), (2, 3, 1), (3, 3, 1))((1, 4, 1), (1, 4, 2), (1, 4, 3), (1, 4, 4), (2, 4, 2))((2, 1, 4), (2, 2, 3), (2, 2, 4), (2, 3, 4), (2, 4, 4))((1, 3, 3), (2, 3, 3), (2, 4, 3), (3, 3, 3), (4, 3, 3))((0, 3, 2), (1, 2, 2), (1, 3, 2), (2, 3, 2), (3, 3, 2))((3, 4, 1), (3, 4, 2), (3, 4, 3), (3, 4, 4), (4, 4, 3))((3, 2, 0), (4, 1, 0), (4, 2, 0), (4, 3, 0), (4, 4, 0))((0, 1, 2), (1, 1, 2), (2, 1, 2), (2, 2, 2), (3, 1, 2))((3, 0, 2), (4, 0, 1), (4, 0, 2), (4, 0, 3), (4, 0, 4))((1, 0, 3), (2, 0, 1), (2, 0, 2), (2, 0, 3), (2, 0, 4))((1, 1, 3), (2, 1, 3), (3, 0, 3), (3, 1, 3), (4, 1, 3))((4, 1, 4), (4, 2, 3), (4, 2, 4), (4, 3, 4), (4, 4, 4))((3, 0, 4), (3, 1, 4), (3, 2, 3), (3, 2, 4), (3, 3, 4))((3, 2, 2), (4, 1, 2), (4, 2, 2), (4, 3, 2), (4, 4, 2))((3, 2, 1), (4, 1, 1), (4, 2, 1), (4, 3, 1), (4, 4, 1))
64
((0, 0, 0), (0, 0, 1), (0, 0, 2), (0, 0, 3), (1, 0, 2))((0, 0, 4), (0, 1, 3), (0, 1, 4), (0, 2, 4), (0, 3, 4))((0, 3, 3), (0, 4, 1), (0, 4, 2), (0, 4, 3), (0, 4, 4))((1, 0, 4), (1, 1, 4), (1, 2, 3), (1, 2, 4), (1, 3, 4))((0, 2, 0), (0, 2, 1), (0, 2, 2), (0, 2, 3), (1, 2, 1))((0, 4, 0), (1, 4, 0), (2, 4, 0), (2, 4, 1), (3, 4, 0))((0, 3, 0), (1, 3, 0), (2, 2, 0), (2, 3, 0), (3, 3, 0))((0, 1, 0), (1, 1, 0), (1, 2, 0), (2, 1, 0), (3, 1, 0))((1, 0, 0), (2, 0, 0), (3, 0, 0), (3, 0, 1), (4, 0, 0))((0, 1, 1), (1, 0, 1), (1, 1, 1), (2, 1, 1), (3, 1, 1))((0, 3, 1), (1, 3, 1), (2, 2, 1), (2, 3, 1), (3, 3, 1))((1, 4, 1), (1, 4, 2), (1, 4, 3), (1, 4, 4), (2, 4, 2))((2, 1, 4), (2, 2, 3), (2, 2, 4), (2, 3, 4), (2, 4, 4))((1, 3, 3), (2, 3, 3), (2, 4, 3), (3, 3, 3), (4, 3, 3))((0, 3, 2), (1, 3, 2), (2, 2, 2), (2, 3, 2), (3, 3, 2))((0, 1, 2), (1, 1, 2), (1, 2, 2), (2, 1, 2), (3, 1, 2))((3, 0, 2), (4, 0, 1), (4, 0, 2), (4, 0, 3), (4, 0, 4))((1, 0, 3), (2, 0, 1), (2, 0, 2), (2, 0, 3), (2, 0, 4))((1, 1, 3), (2, 1, 3), (3, 0, 3), (3, 1, 3), (4, 1, 3))((3, 0, 4), (3, 1, 4), (3, 2, 3), (3, 2, 4), (3, 3, 4))((4, 1, 4), (4, 2, 3), (4, 2, 4), (4, 3, 4), (4, 4, 4))((3, 2, 2), (4, 1, 2), (4, 2, 2), (4, 3, 2), (4, 4, 2))((3, 2, 1), (4, 1, 1), (4, 2, 1), (4, 3, 1), (4, 4, 1))((3, 2, 0), (4, 1, 0), (4, 2, 0), (4, 3, 0), (4, 4, 0))((3, 4, 1), (3, 4, 2), (3, 4, 3), (3, 4, 4), (4, 4, 3))
65
((0, 0, 0), (0, 0, 1), (0, 0, 2), (0, 0, 3), (1, 0, 2))((0, 0, 4), (0, 1, 3), (0, 1, 4), (0, 2, 4), (0, 3, 4))((0, 3, 3), (0, 4, 1), (0, 4, 2), (0, 4, 3), (0, 4, 4))((1, 0, 4), (1, 1, 4), (1, 2, 3), (1, 2, 4), (1, 3, 4))((0, 2, 0), (0, 2, 1), (0, 2, 2), (0, 2, 3), (1, 2, 1))((0, 4, 0), (1, 4, 0), (2, 4, 0), (2, 4, 1), (3, 4, 0))((0, 3, 0), (1, 2, 0), (1, 3, 0), (2, 3, 0), (3, 3, 0))((0, 3, 1), (1, 3, 1), (2, 2, 1), (2, 3, 1), (3, 3, 1))((0, 1, 0), (1, 1, 0), (2, 1, 0), (2, 2, 0), (3, 1, 0))((1, 0, 0), (2, 0, 0), (3, 0, 0), (3, 0, 1), (4, 0, 0))((0, 1, 1), (1, 0, 1), (1, 1, 1), (2, 1, 1), (3, 1, 1))((1, 4, 1), (1, 4, 2), (1, 4, 3), (1, 4, 4), (2, 4, 2))((2, 1, 4), (2, 2, 3), (2, 2, 4), (2, 3, 4), (2, 4, 4))((1, 3, 3), (2, 3, 3), (2, 4, 3), (3, 3, 3), (4, 3, 3))((0, 3, 2), (1, 2, 2), (1, 3, 2), (2, 3, 2), (3, 3, 2))((3, 4, 1), (3, 4, 2), (3, 4, 3), (3, 4, 4), (4, 4, 3))((4, 1, 4), (4, 2, 3), (4, 2, 4), (4, 3, 4), (4, 4, 4))((3, 0, 4), (3, 1, 4), (3, 2, 3), (3, 2, 4), (3, 3, 4))((3, 2, 0), (4, 1, 0), (4, 2, 0), (4, 3, 0), (4, 4, 0))((3, 2, 1), (4, 1, 1), (4, 2, 1), (4, 3, 1), (4, 4, 1))((3, 2, 2), (4, 1, 2), (4, 2, 2), (4, 3, 2), (4, 4, 2))((0, 1, 2), (1, 1, 2), (2, 1, 2), (2, 2, 2), (3, 1, 2))((1, 1, 3), (2, 1, 3), (3, 0, 3), (3, 1, 3), (4, 1, 3))((3, 0, 2), (4, 0, 1), (4, 0, 2), (4, 0, 3), (4, 0, 4))((1, 0, 3), (2, 0, 1), (2, 0, 2), (2, 0, 3), (2, 0, 4))
66
((0, 0, 0), (0, 0, 1), (0, 0, 2), (0, 0, 3), (1, 0, 2))((0, 0, 4), (0, 1, 3), (0, 1, 4), (0, 2, 4), (0, 3, 4))((0, 3, 3), (0, 4, 1), (0, 4, 2), (0, 4, 3), (0, 4, 4))((1, 0, 4), (1, 1, 4), (1, 2, 3), (1, 2, 4), (1, 3, 4))((0, 2, 0), (0, 2, 1), (0, 2, 2), (0, 2, 3), (1, 2, 1))((0, 4, 0), (1, 4, 0), (2, 4, 0), (2, 4, 1), (3, 4, 0))((0, 3, 0), (1, 2, 0), (1, 3, 0), (2, 3, 0), (3, 3, 0))((0, 3, 1), (1, 3, 1), (2, 2, 1), (2, 3, 1), (3, 3, 1))((0, 1, 0), (1, 1, 0), (2, 1, 0), (2, 2, 0), (3, 1, 0))((1, 0, 0), (2, 0, 0), (3, 0, 0), (3, 0, 1), (4, 0, 0))((0, 1, 1), (1, 0, 1), (1, 1, 1), (2, 1, 1), (3, 1, 1))((1, 4, 1), (1, 4, 2), (1, 4, 3), (1, 4, 4), (2, 4, 2))((2, 1, 4), (2, 2, 3), (2, 2, 4), (2, 3, 4), (2, 4, 4))((1, 3, 3), (2, 3, 3), (2, 4, 3), (3, 3, 3), (4, 3, 3))((0, 3, 2), (1, 3, 2), (2, 2, 2), (2, 3, 2), (3, 3, 2))((0, 1, 2), (1, 1, 2), (1, 2, 2), (2, 1, 2), (3, 1, 2))((3, 0, 2), (4, 0, 1), (4, 0, 2), (4, 0, 3), (4, 0, 4))((1, 0, 3), (2, 0, 1), (2, 0, 2), (2, 0, 3), (2, 0, 4))((1, 1, 3), (2, 1, 3), (3, 0, 3), (3, 1, 3), (4, 1, 3))((3, 2, 0), (4, 1, 0), (4, 2, 0), (4, 3, 0), (4, 4, 0))((3, 4, 1), (3, 4, 2), (3, 4, 3), (3, 4, 4), (4, 4, 3))((3, 2, 1), (4, 1, 1), (4, 2, 1), (4, 3, 1), (4, 4, 1))((3, 2, 2), (4, 1, 2), (4, 2, 2), (4, 3, 2), (4, 4, 2))((3, 0, 4), (3, 1, 4), (3, 2, 3), (3, 2, 4), (3, 3, 4))((4, 1, 4), (4, 2, 3), (4, 2, 4), (4, 3, 4), (4, 4, 4))
67
((0, 0, 0), (0, 0, 1), (0, 0, 2), (0, 0, 3), (1, 0, 2))((0, 0, 4), (0, 1, 3), (0, 1, 4), (0, 2, 4), (0, 3, 4))((0, 4, 1), (0, 4, 2), (0, 4, 3), (0, 4, 4), (1, 4, 3))((1, 0, 4), (2, 0, 3), (2, 0, 4), (3, 0, 4), (4, 0, 4))((1, 0, 3), (1, 1, 3), (1, 2, 3), (1, 2, 4), (1, 3, 3))((0, 3, 0), (0, 3, 1), (0, 3, 2), (0, 3, 3), (1, 3, 2))((1, 1, 4), (2, 1, 4), (3, 1, 3), (3, 1, 4), (4, 1, 4))((1, 4, 4), (2, 4, 4), (3, 4, 3), (3, 4, 4), (4, 4, 4))((0, 4, 0), (1, 4, 0), (1, 4, 1), (2, 4, 0), (3, 4, 0))((0, 2, 0), (0, 2, 1), (0, 2, 2), (0, 2, 3), (1, 2, 2))((1, 3, 4), (2, 2, 4), (2, 3, 4), (3, 3, 4), (4, 3, 4))((2, 1, 3), (2, 2, 3), (2, 3, 2), (2, 3, 3), (2, 4, 3))((1, 4, 2), (2, 4, 1), (2, 4, 2), (3, 4, 2), (4, 4, 2))((0, 1, 2), (1, 1, 2), (2, 0, 2), (2, 1, 2), (3, 1, 2))((3, 0, 0), (3, 0, 1), (3, 0, 2), (3, 0, 3), (3, 1, 1))((0, 1, 1), (1, 0, 1), (1, 1, 1), (1, 2, 1), (1, 3, 1))((3, 3, 0), (3, 3, 1), (3, 3, 2), (3, 3, 3), (3, 4, 1))((0, 1, 0), (1, 0, 0), (1, 1, 0), (1, 2, 0), (1, 3, 0))((2, 0, 0), (2, 1, 0), (2, 2, 0), (2, 3, 0), (3, 1, 0))((2, 0, 1), (2, 1, 1), (2, 2, 1), (2, 2, 2), (2, 3, 1))((3, 2, 1), (3, 2, 2), (3, 2, 3), (3, 2, 4), (4, 2, 2))((4, 1, 3), (4, 2, 3), (4, 2, 4), (4, 3, 3), (4, 4, 3))((4, 1, 1), (4, 2, 1), (4, 3, 1), (4, 3, 2), (4, 4, 1))((4, 0, 0), (4, 0, 1), (4, 0, 2), (4, 0, 3), (4, 1, 2))((3, 2, 0), (4, 1, 0), (4, 2, 0), (4, 3, 0), (4, 4, 0))
68
((0, 0, 0), (0, 0, 1), (0, 0, 2), (0, 0, 3), (1, 0, 2))((0, 0, 4), (0, 1, 3), (0, 1, 4), (0, 2, 4), (0, 3, 4))((0, 4, 1), (0, 4, 2), (0, 4, 3), (0, 4, 4), (1, 4, 3))((1, 0, 4), (2, 0, 3), (2, 0, 4), (3, 0, 4), (4, 0, 4))((1, 0, 3), (1, 1, 3), (1, 2, 3), (1, 2, 4), (1, 3, 3))((0, 3, 0), (0, 3, 1), (0, 3, 2), (0, 3, 3), (1, 3, 2))((1, 1, 4), (2, 1, 4), (3, 1, 3), (3, 1, 4), (4, 1, 4))((1, 4, 4), (2, 4, 4), (3, 4, 3), (3, 4, 4), (4, 4, 4))((0, 4, 0), (1, 4, 0), (1, 4, 1), (2, 4, 0), (3, 4, 0))((0, 2, 0), (0, 2, 1), (0, 2, 2), (0, 2, 3), (1, 2, 2))((1, 3, 4), (2, 2, 4), (2, 3, 4), (3, 3, 4), (4, 3, 4))((2, 1, 3), (2, 2, 3), (2, 3, 2), (2, 3, 3), (2, 4, 3))((1, 4, 2), (2, 4, 1), (2, 4, 2), (3, 4, 2), (4, 4, 2))((2, 0, 2), (3, 0, 0), (3, 0, 1), (3, 0, 2), (3, 0, 3))((0, 1, 2), (1, 1, 2), (2, 1, 2), (2, 2, 2), (3, 1, 2))((3, 2, 0), (4, 1, 0), (4, 2, 0), (4, 3, 0), (4, 4, 0))((4, 0, 0), (4, 0, 1), (4, 0, 2), (4, 0, 3), (4, 1, 2))((4, 1, 1), (4, 2, 1), (4, 3, 1), (4, 3, 2), (4, 4, 1))((4, 1, 3), (4, 2, 3), (4, 2, 4), (4, 3, 3), (4, 4, 3))((3, 2, 1), (3, 2, 2), (3, 2, 3), (3, 2, 4), (4, 2, 2))((3, 3, 0), (3, 3, 1), (3, 3, 2), (3, 3, 3), (3, 4, 1))((2, 0, 0), (2, 1, 0), (2, 2, 0), (2, 3, 0), (3, 1, 0))((0, 1, 0), (1, 0, 0), (1, 1, 0), (1, 2, 0), (1, 3, 0))((2, 0, 1), (2, 1, 1), (2, 2, 1), (2, 3, 1), (3, 1, 1))((0, 1, 1), (1, 0, 1), (1, 1, 1), (1, 2, 1), (1, 3, 1))
69
((0, 0, 0), (0, 0, 1), (0, 0, 2), (0, 0, 3), (1, 0, 2))((0, 0, 4), (0, 1, 3), (0, 1, 4), (0, 2, 4), (0, 3, 4))((0, 4, 1), (0, 4, 2), (0, 4, 3), (0, 4, 4), (1, 4, 3))((1, 0, 4), (2, 0, 3), (2, 0, 4), (3, 0, 4), (4, 0, 4))((1, 0, 3), (1, 1, 3), (1, 2, 3), (1, 2, 4), (1, 3, 3))((0, 3, 0), (0, 3, 1), (0, 3, 2), (0, 3, 3), (1, 3, 2))((1, 1, 4), (2, 1, 4), (3, 1, 3), (3, 1, 4), (4, 1, 4))((1, 4, 4), (2, 4, 4), (3, 4, 3), (3, 4, 4), (4, 4, 4))((0, 4, 0), (1, 4, 0), (1, 4, 1), (2, 4, 0), (3, 4, 0))((0, 1, 1), (0, 2, 0), (0, 2, 1), (0, 2, 2), (0, 2, 3))((1, 3, 4), (2, 2, 4), (2, 3, 4), (3, 3, 4), (4, 3, 4))((2, 1, 3), (2, 2, 3), (2, 3, 2), (2, 3, 3), (2, 4, 3))((1, 4, 2), (2, 4, 1), (2, 4, 2), (3, 4, 2), (4, 4, 2))((0, 1, 2), (1, 1, 2), (2, 0, 2), (2, 1, 2), (3, 1, 2))((3, 0, 0), (3, 0, 1), (3, 0, 2), (3, 0, 3), (3, 1, 1))((3, 3, 0), (3, 3, 1), (3, 3, 2), (3, 3, 3), (3, 4, 1))((3, 2, 1), (3, 2, 2), (3, 2, 3), (3, 2, 4), (4, 2, 2))((1, 0, 1), (1, 1, 1), (1, 2, 1), (1, 2, 2), (1, 3, 1))((2, 0, 1), (2, 1, 1), (2, 2, 1), (2, 2, 2), (2, 3, 1))((4, 1, 3), (4, 2, 3), (4, 2, 4), (4, 3, 3), (4, 4, 3))((4, 1, 1), (4, 2, 1), (4, 3, 1), (4, 3, 2), (4, 4, 1))((4, 0, 0), (4, 0, 1), (4, 0, 2), (4, 0, 3), (4, 1, 2))((3, 2, 0), (4, 1, 0), (4, 2, 0), (4, 3, 0), (4, 4, 0))((0, 1, 0), (1, 0, 0), (1, 1, 0), (1, 2, 0), (1, 3, 0))((2, 0, 0), (2, 1, 0), (2, 2, 0), (2, 3, 0), (3, 1, 0))
70
((0, 0, 0), (0, 0, 1), (0, 0, 2), (0, 0, 3), (1, 0, 2))((0, 0, 4), (0, 1, 3), (0, 1, 4), (0, 2, 4), (0, 3, 4))((0, 4, 1), (0, 4, 2), (0, 4, 3), (0, 4, 4), (1, 4, 3))((1, 0, 4), (2, 0, 3), (2, 0, 4), (3, 0, 4), (4, 0, 4))((1, 0, 3), (1, 1, 3), (1, 2, 3), (1, 2, 4), (1, 3, 3))((0, 3, 0), (0, 3, 1), (0, 3, 2), (0, 3, 3), (1, 3, 2))((1, 1, 4), (2, 1, 4), (3, 1, 3), (3, 1, 4), (4, 1, 4))((1, 4, 4), (2, 4, 4), (3, 4, 3), (3, 4, 4), (4, 4, 4))((0, 4, 0), (1, 4, 0), (1, 4, 1), (2, 4, 0), (3, 4, 0))((0, 1, 1), (0, 2, 0), (0, 2, 1), (0, 2, 2), (0, 2, 3))((1, 3, 4), (2, 2, 4), (2, 3, 4), (3, 3, 4), (4, 3, 4))((2, 1, 3), (2, 2, 3), (2, 3, 2), (2, 3, 3), (2, 4, 3))((1, 4, 2), (2, 4, 1), (2, 4, 2), (3, 4, 2), (4, 4, 2))((2, 0, 2), (3, 0, 0), (3, 0, 1), (3, 0, 2), (3, 0, 3))((3, 2, 0), (4, 1, 0), (4, 2, 0), (4, 3, 0), (4, 4, 0))((4, 0, 0), (4, 0, 1), (4, 0, 2), (4, 0, 3), (4, 1, 2))((4, 1, 1), (4, 2, 1), (4, 3, 1), (4, 3, 2), (4, 4, 1))((4, 1, 3), (4, 2, 3), (4, 2, 4), (4, 3, 3), (4, 4, 3))((0, 1, 2), (1, 1, 2), (2, 1, 2), (2, 2, 2), (3, 1, 2))((1, 0, 1), (1, 1, 1), (1, 2, 1), (1, 2, 2), (1, 3, 1))((3, 2, 1), (3, 2, 2), (3, 2, 3), (3, 2, 4), (4, 2, 2))((2, 0, 1), (2, 1, 1), (2, 2, 1), (2, 3, 1), (3, 1, 1))((3, 3, 0), (3, 3, 1), (3, 3, 2), (3, 3, 3), (3, 4, 1))((2, 0, 0), (2, 1, 0), (2, 2, 0), (2, 3, 0), (3, 1, 0))((0, 1, 0), (1, 0, 0), (1, 1, 0), (1, 2, 0), (1, 3, 0))
71
((0, 0, 0), (0, 0, 1), (0, 0, 2), (0, 0, 3), (1, 0, 2))((0, 0, 4), (0, 1, 3), (0, 1, 4), (0, 2, 4), (0, 3, 4))((0, 4, 1), (0, 4, 2), (0, 4, 3), (0, 4, 4), (1, 4, 3))((1, 0, 4), (2, 0, 4), (3, 0, 3), (3, 0, 4), (4, 0, 4))((1, 0, 3), (1, 1, 3), (1, 2, 3), (1, 3, 3), (2, 1, 3))((0, 3, 0), (0, 3, 1), (0, 3, 2), (0, 3, 3), (1, 3, 1))((0, 4, 0), (1, 4, 0), (2, 3, 0), (2, 4, 0), (3, 4, 0))((1, 4, 1), (2, 3, 1), (2, 4, 1), (3, 4, 1), (4, 4, 1))((1, 4, 2), (2, 4, 2), (2, 4, 3), (3, 4, 2), (4, 4, 2))((4, 1, 0), (4, 2, 0), (4, 3, 0), (4, 3, 1), (4, 4, 0))((0, 1, 2), (0, 2, 0), (0, 2, 1), (0, 2, 2), (0, 2, 3))((0, 1, 0), (1, 0, 0), (1, 1, 0), (1, 2, 0), (1, 3, 0))((2, 1, 0), (3, 0, 0), (3, 1, 0), (3, 2, 0), (3, 3, 0))((4, 0, 0), (4, 0, 1), (4, 0, 2), (4, 0, 3), (4, 1, 1))((0, 1, 1), (1, 0, 1), (1, 1, 1), (2, 1, 1), (3, 1, 1))((2, 0, 0), (2, 0, 1), (2, 0, 2), (2, 0, 3), (3, 0, 1))((1, 1, 2), (2, 1, 2), (3, 0, 2), (3, 1, 2), (4, 1, 2))((1, 1, 4), (2, 1, 4), (3, 1, 3), (3, 1, 4), (4, 1, 4))((1, 4, 4), (2, 4, 4), (3, 4, 3), (3, 4, 4), (4, 4, 4))((1, 3, 4), (2, 3, 3), (2, 3, 4), (3, 3, 4), (4, 3, 4))((1, 2, 4), (2, 2, 3), (2, 2, 4), (3, 2, 4), (4, 2, 4))((1, 2, 1), (2, 2, 0), (2, 2, 1), (3, 2, 1), (4, 2, 1))((1, 3, 2), (2, 3, 2), (3, 3, 1), (3, 3, 2), (4, 3, 2))((1, 2, 2), (2, 2, 2), (3, 2, 2), (3, 2, 3), (4, 2, 2))((3, 3, 3), (4, 1, 3), (4, 2, 3), (4, 3, 3), (4, 4, 3))
72
((0, 0, 0), (0, 0, 1), (0, 0, 2), (0, 0, 3), (1, 0, 2))((0, 0, 4), (0, 1, 3), (0, 1, 4), (0, 2, 4), (0, 3, 4))((0, 4, 1), (0, 4, 2), (0, 4, 3), (0, 4, 4), (1, 4, 3))((1, 0, 4), (2, 0, 4), (3, 0, 3), (3, 0, 4), (4, 0, 4))((1, 0, 3), (1, 1, 3), (1, 2, 3), (1, 3, 3), (2, 1, 3))((0, 3, 0), (0, 3, 1), (0, 3, 2), (0, 3, 3), (1, 3, 1))((0, 4, 0), (1, 4, 0), (2, 3, 0), (2, 4, 0), (3, 4, 0))((1, 4, 1), (2, 3, 1), (2, 4, 1), (3, 4, 1), (4, 4, 1))((1, 4, 2), (2, 4, 2), (2, 4, 3), (3, 4, 2), (4, 4, 2))((4, 1, 0), (4, 2, 0), (4, 3, 0), (4, 3, 1), (4, 4, 0))((0, 1, 2), (0, 2, 0), (0, 2, 1), (0, 2, 2), (0, 2, 3))((0, 1, 0), (1, 0, 0), (1, 1, 0), (1, 2, 0), (1, 3, 0))((2, 1, 0), (3, 0, 0), (3, 1, 0), (3, 2, 0), (3, 3, 0))((4, 0, 0), (4, 0, 1), (4, 0, 2), (4, 0, 3), (4, 1, 1))((0, 1, 1), (1, 0, 1), (1, 1, 1), (2, 1, 1), (3, 1, 1))((2, 0, 0), (2, 0, 1), (2, 0, 2), (2, 0, 3), (3, 0, 1))((1, 1, 2), (2, 1, 2), (3, 0, 2), (3, 1, 2), (4, 1, 2))((1, 1, 4), (2, 1, 4), (3, 1, 3), (3, 1, 4), (4, 1, 4))((1, 4, 4), (2, 4, 4), (3, 4, 3), (3, 4, 4), (4, 4, 4))((1, 3, 4), (2, 3, 3), (2, 3, 4), (3, 3, 4), (4, 3, 4))((1, 2, 4), (2, 2, 4), (3, 2, 3), (3, 2, 4), (4, 2, 4))((3, 3, 3), (4, 1, 3), (4, 2, 3), (4, 3, 3), (4, 4, 3))((1, 3, 2), (2, 3, 2), (3, 3, 1), (3, 3, 2), (4, 3, 2))((1, 2, 2), (2, 2, 2), (2, 2, 3), (3, 2, 2), (4, 2, 2))((1, 2, 1), (2, 2, 0), (2, 2, 1), (3, 2, 1), (4, 2, 1))
73
((0, 0, 0), (0, 0, 1), (0, 0, 2), (0, 0, 3), (1, 0, 2))((0, 0, 4), (0, 1, 3), (0, 1, 4), (0, 2, 4), (0, 3, 4))((0, 4, 1), (0, 4, 2), (0, 4, 3), (0, 4, 4), (1, 4, 3))((1, 0, 4), (2, 0, 4), (3, 0, 3), (3, 0, 4), (4, 0, 4))((1, 0, 3), (1, 1, 3), (1, 2, 3), (1, 3, 3), (2, 1, 3))((0, 3, 0), (0, 3, 1), (0, 3, 2), (0, 3, 3), (1, 3, 1))((0, 4, 0), (1, 4, 0), (2, 3, 0), (2, 4, 0), (3, 4, 0))((1, 4, 1), (2, 3, 1), (2, 4, 1), (3, 4, 1), (4, 4, 1))((1, 4, 4), (2, 4, 3), (2, 4, 4), (3, 4, 4), (4, 4, 4))((1, 1, 4), (2, 1, 4), (3, 1, 3), (3, 1, 4), (4, 1, 4))((1, 4, 2), (2, 4, 2), (3, 4, 2), (3, 4, 3), (4, 4, 2))((1, 3, 4), (2, 3, 3), (2, 3, 4), (3, 3, 4), (4, 3, 4))((1, 2, 4), (2, 2, 3), (2, 2, 4), (3, 2, 4), (4, 2, 4))((0, 1, 2), (0, 2, 0), (0, 2, 1), (0, 2, 2), (0, 2, 3))((4, 1, 0), (4, 2, 0), (4, 3, 0), (4, 3, 1), (4, 4, 0))((1, 2, 1), (2, 2, 0), (2, 2, 1), (3, 2, 1), (4, 2, 1))((2, 1, 0), (3, 0, 0), (3, 1, 0), (3, 2, 0), (3, 3, 0))((1, 3, 2), (2, 3, 2), (3, 3, 1), (3, 3, 2), (4, 3, 2))((3, 3, 3), (4, 1, 3), (4, 2, 3), (4, 3, 3), (4, 4, 3))((1, 2, 2), (2, 2, 2), (3, 2, 2), (3, 2, 3), (4, 2, 2))((0, 1, 0), (1, 0, 0), (1, 1, 0), (1, 2, 0), (1, 3, 0))((1, 1, 2), (2, 1, 2), (3, 0, 2), (3, 1, 2), (4, 1, 2))((0, 1, 1), (1, 0, 1), (1, 1, 1), (2, 1, 1), (3, 1, 1))((4, 0, 0), (4, 0, 1), (4, 0, 2), (4, 0, 3), (4, 1, 1))((2, 0, 0), (2, 0, 1), (2, 0, 2), (2, 0, 3), (3, 0, 1))
74
((0, 0, 0), (0, 0, 1), (0, 0, 2), (0, 0, 3), (1, 0, 2))((0, 0, 4), (0, 1, 3), (0, 1, 4), (0, 2, 4), (0, 3, 4))((0, 4, 1), (0, 4, 2), (0, 4, 3), (0, 4, 4), (1, 4, 3))((1, 0, 4), (2, 0, 4), (3, 0, 3), (3, 0, 4), (4, 0, 4))((1, 0, 3), (1, 1, 3), (1, 2, 3), (1, 3, 3), (2, 1, 3))((0, 3, 0), (0, 3, 1), (0, 3, 2), (0, 3, 3), (1, 3, 1))((0, 4, 0), (1, 4, 0), (2, 3, 0), (2, 4, 0), (3, 4, 0))((1, 4, 1), (2, 3, 1), (2, 4, 1), (3, 4, 1), (4, 4, 1))((1, 4, 4), (2, 4, 3), (2, 4, 4), (3, 4, 4), (4, 4, 4))((1, 1, 4), (2, 1, 4), (3, 1, 3), (3, 1, 4), (4, 1, 4))((1, 4, 2), (2, 4, 2), (3, 4, 2), (3, 4, 3), (4, 4, 2))((1, 3, 4), (2, 3, 3), (2, 3, 4), (3, 3, 4), (4, 3, 4))((1, 2, 4), (2, 2, 4), (3, 2, 3), (3, 2, 4), (4, 2, 4))((3, 3, 3), (4, 1, 3), (4, 2, 3), (4, 3, 3), (4, 4, 3))((4, 0, 0), (4, 0, 1), (4, 0, 2), (4, 0, 3), (4, 1, 1))((4, 1, 0), (4, 2, 0), (4, 3, 0), (4, 3, 1), (4, 4, 0))((0, 1, 1), (1, 0, 1), (1, 1, 1), (2, 1, 1), (3, 1, 1))((2, 0, 0), (2, 0, 1), (2, 0, 2), (2, 0, 3), (3, 0, 1))((1, 3, 2), (2, 3, 2), (3, 3, 1), (3, 3, 2), (4, 3, 2))((1, 1, 2), (2, 1, 2), (3, 0, 2), (3, 1, 2), (4, 1, 2))((0, 1, 2), (0, 2, 0), (0, 2, 1), (0, 2, 2), (0, 2, 3))((1, 2, 2), (2, 2, 2), (2, 2, 3), (3, 2, 2), (4, 2, 2))((1, 2, 1), (2, 2, 0), (2, 2, 1), (3, 2, 1), (4, 2, 1))((2, 1, 0), (3, 0, 0), (3, 1, 0), (3, 2, 0), (3, 3, 0))((0, 1, 0), (1, 0, 0), (1, 1, 0), (1, 2, 0), (1, 3, 0))
75
((0, 0, 0), (0, 0, 1), (0, 0, 2), (0, 0, 3), (1, 0, 2))((0, 0, 4), (0, 1, 3), (0, 1, 4), (0, 2, 4), (0, 3, 4))((0, 4, 1), (0, 4, 2), (0, 4, 3), (0, 4, 4), (1, 4, 3))((1, 0, 4), (2, 0, 4), (3, 0, 3), (3, 0, 4), (4, 0, 4))((1, 0, 3), (1, 1, 3), (1, 2, 3), (1, 3, 3), (2, 1, 3))((0, 3, 0), (0, 3, 1), (0, 3, 2), (0, 3, 3), (1, 3, 1))((0, 4, 0), (1, 4, 0), (2, 3, 0), (2, 4, 0), (3, 4, 0))((1, 4, 1), (2, 4, 1), (3, 3, 1), (3, 4, 1), (4, 4, 1))((1, 4, 2), (2, 4, 2), (2, 4, 3), (3, 4, 2), (4, 4, 2))((4, 1, 0), (4, 2, 0), (4, 3, 0), (4, 3, 1), (4, 4, 0))((0, 1, 2), (0, 2, 0), (0, 2, 1), (0, 2, 2), (0, 2, 3))((2, 1, 0), (3, 0, 0), (3, 1, 0), (3, 2, 0), (3, 3, 0))((0, 1, 0), (1, 0, 0), (1, 1, 0), (1, 2, 0), (1, 3, 0))((4, 0, 0), (4, 0, 1), (4, 0, 2), (4, 0, 3), (4, 1, 1))((2, 0, 0), (2, 0, 1), (2, 0, 2), (2, 0, 3), (3, 0, 1))((0, 1, 1), (1, 0, 1), (1, 1, 1), (2, 1, 1), (3, 1, 1))((1, 1, 2), (2, 1, 2), (3, 0, 2), (3, 1, 2), (4, 1, 2))((1, 4, 4), (2, 4, 4), (3, 4, 3), (3, 4, 4), (4, 4, 4))((1, 1, 4), (2, 1, 4), (3, 1, 3), (3, 1, 4), (4, 1, 4))((1, 3, 4), (2, 3, 3), (2, 3, 4), (3, 3, 4), (4, 3, 4))((1, 2, 4), (2, 2, 3), (2, 2, 4), (3, 2, 4), (4, 2, 4))((1, 2, 1), (2, 2, 0), (2, 2, 1), (3, 2, 1), (4, 2, 1))((1, 3, 2), (2, 3, 1), (2, 3, 2), (3, 3, 2), (4, 3, 2))((1, 2, 2), (2, 2, 2), (3, 2, 2), (3, 2, 3), (4, 2, 2))((3, 3, 3), (4, 1, 3), (4, 2, 3), (4, 3, 3), (4, 4, 3))
76
((0, 0, 0), (0, 0, 1), (0, 0, 2), (0, 0, 3), (1, 0, 2))((0, 0, 4), (0, 1, 3), (0, 1, 4), (0, 2, 4), (0, 3, 4))((0, 4, 1), (0, 4, 2), (0, 4, 3), (0, 4, 4), (1, 4, 3))((1, 0, 4), (2, 0, 4), (3, 0, 3), (3, 0, 4), (4, 0, 4))((1, 0, 3), (1, 1, 3), (1, 2, 3), (1, 3, 3), (2, 1, 3))((0, 3, 0), (0, 3, 1), (0, 3, 2), (0, 3, 3), (1, 3, 1))((0, 4, 0), (1, 4, 0), (2, 3, 0), (2, 4, 0), (3, 4, 0))((1, 4, 1), (2, 4, 1), (3, 3, 1), (3, 4, 1), (4, 4, 1))((1, 4, 2), (2, 4, 2), (2, 4, 3), (3, 4, 2), (4, 4, 2))((4, 1, 0), (4, 2, 0), (4, 3, 0), (4, 3, 1), (4, 4, 0))((0, 1, 2), (0, 2, 0), (0, 2, 1), (0, 2, 2), (0, 2, 3))((2, 1, 0), (3, 0, 0), (3, 1, 0), (3, 2, 0), (3, 3, 0))((0, 1, 0), (1, 0, 0), (1, 1, 0), (1, 2, 0), (1, 3, 0))((4, 0, 0), (4, 0, 1), (4, 0, 2), (4, 0, 3), (4, 1, 1))((2, 0, 0), (2, 0, 1), (2, 0, 2), (2, 0, 3), (3, 0, 1))((0, 1, 1), (1, 0, 1), (1, 1, 1), (2, 1, 1), (3, 1, 1))((1, 1, 2), (2, 1, 2), (3, 0, 2), (3, 1, 2), (4, 1, 2))((1, 4, 4), (2, 4, 4), (3, 4, 3), (3, 4, 4), (4, 4, 4))((1, 1, 4), (2, 1, 4), (3, 1, 3), (3, 1, 4), (4, 1, 4))((1, 3, 4), (2, 3, 3), (2, 3, 4), (3, 3, 4), (4, 3, 4))((1, 2, 4), (2, 2, 4), (3, 2, 3), (3, 2, 4), (4, 2, 4))((3, 3, 3), (4, 1, 3), (4, 2, 3), (4, 3, 3), (4, 4, 3))((1, 3, 2), (2, 3, 1), (2, 3, 2), (3, 3, 2), (4, 3, 2))((1, 2, 2), (2, 2, 2), (2, 2, 3), (3, 2, 2), (4, 2, 2))((1, 2, 1), (2, 2, 0), (2, 2, 1), (3, 2, 1), (4, 2, 1))
77
((0, 0, 0), (0, 0, 1), (0, 0, 2), (0, 0, 3), (1, 0, 2))((0, 0, 4), (0, 1, 3), (0, 1, 4), (0, 2, 4), (0, 3, 4))((0, 4, 1), (0, 4, 2), (0, 4, 3), (0, 4, 4), (1, 4, 3))((1, 0, 4), (2, 0, 4), (3, 0, 3), (3, 0, 4), (4, 0, 4))((1, 0, 3), (1, 1, 3), (1, 2, 3), (1, 3, 3), (2, 1, 3))((0, 3, 0), (0, 3, 1), (0, 3, 2), (0, 3, 3), (1, 3, 1))((0, 4, 0), (1, 4, 0), (2, 3, 0), (2, 4, 0), (3, 4, 0))((1, 4, 1), (2, 4, 1), (3, 3, 1), (3, 4, 1), (4, 4, 1))((1, 4, 4), (2, 4, 3), (2, 4, 4), (3, 4, 4), (4, 4, 4))((1, 1, 4), (2, 1, 4), (3, 1, 3), (3, 1, 4), (4, 1, 4))((1, 4, 2), (2, 4, 2), (3, 4, 2), (3, 4, 3), (4, 4, 2))((1, 3, 4), (2, 3, 3), (2, 3, 4), (3, 3, 4), (4, 3, 4))((1, 2, 4), (2, 2, 3), (2, 2, 4), (3, 2, 4), (4, 2, 4))((3, 3, 3), (4, 1, 3), (4, 2, 3), (4, 3, 3), (4, 4, 3))((4, 1, 0), (4, 2, 0), (4, 3, 0), (4, 3, 1), (4, 4, 0))((4, 0, 0), (4, 0, 1), (4, 0, 2), (4, 0, 3), (4, 1, 1))((2, 0, 0), (2, 0, 1), (2, 0, 2), (2, 0, 3), (3, 0, 1))((0, 1, 1), (1, 0, 1), (1, 1, 1), (2, 1, 1), (3, 1, 1))((2, 1, 0), (3, 0, 0), (3, 1, 0), (3, 2, 0), (3, 3, 0))((0, 1, 0), (1, 0, 0), (1, 1, 0), (1, 2, 0), (1, 3, 0))((1, 2, 2), (2, 2, 2), (3, 2, 2), (3, 2, 3), (4, 2, 2))((0, 1, 2), (0, 2, 0), (0, 2, 1), (0, 2, 2), (0, 2, 3))((1, 1, 2), (2, 1, 2), (3, 0, 2), (3, 1, 2), (4, 1, 2))((1, 3, 2), (2, 3, 1), (2, 3, 2), (3, 3, 2), (4, 3, 2))((1, 2, 1), (2, 2, 0), (2, 2, 1), (3, 2, 1), (4, 2, 1))
78
((0, 0, 0), (0, 0, 1), (0, 0, 2), (0, 0, 3), (1, 0, 2))((0, 0, 4), (0, 1, 3), (0, 1, 4), (0, 2, 4), (0, 3, 4))((0, 4, 1), (0, 4, 2), (0, 4, 3), (0, 4, 4), (1, 4, 3))((1, 0, 4), (2, 0, 4), (3, 0, 3), (3, 0, 4), (4, 0, 4))((1, 0, 3), (1, 1, 3), (1, 2, 3), (1, 3, 3), (2, 1, 3))((0, 3, 0), (0, 3, 1), (0, 3, 2), (0, 3, 3), (1, 3, 1))((0, 4, 0), (1, 4, 0), (2, 3, 0), (2, 4, 0), (3, 4, 0))((1, 4, 1), (2, 4, 1), (3, 3, 1), (3, 4, 1), (4, 4, 1))((1, 4, 4), (2, 4, 3), (2, 4, 4), (3, 4, 4), (4, 4, 4))((1, 1, 4), (2, 1, 4), (3, 1, 3), (3, 1, 4), (4, 1, 4))((1, 4, 2), (2, 4, 2), (3, 4, 2), (3, 4, 3), (4, 4, 2))((1, 3, 4), (2, 3, 3), (2, 3, 4), (3, 3, 4), (4, 3, 4))((1, 2, 4), (2, 2, 4), (3, 2, 3), (3, 2, 4), (4, 2, 4))((3, 3, 3), (4, 1, 3), (4, 2, 3), (4, 3, 3), (4, 4, 3))((4, 1, 0), (4, 2, 0), (4, 3, 0), (4, 3, 1), (4, 4, 0))((4, 0, 0), (4, 0, 1), (4, 0, 2), (4, 0, 3), (4, 1, 1))((2, 0, 0), (2, 0, 1), (2, 0, 2), (2, 0, 3), (3, 0, 1))((0, 1, 1), (1, 0, 1), (1, 1, 1), (2, 1, 1), (3, 1, 1))((2, 1, 0), (3, 0, 0), (3, 1, 0), (3, 2, 0), (3, 3, 0))((0, 1, 0), (1, 0, 0), (1, 1, 0), (1, 2, 0), (1, 3, 0))((0, 1, 2), (0, 2, 0), (0, 2, 1), (0, 2, 2), (0, 2, 3))((1, 3, 2), (2, 3, 1), (2, 3, 2), (3, 3, 2), (4, 3, 2))((1, 1, 2), (2, 1, 2), (3, 0, 2), (3, 1, 2), (4, 1, 2))((1, 2, 2), (2, 2, 2), (2, 2, 3), (3, 2, 2), (4, 2, 2))((1, 2, 1), (2, 2, 0), (2, 2, 1), (3, 2, 1), (4, 2, 1))
79
((0, 0, 0), (0, 0, 1), (0, 0, 2), (0, 0, 3), (1, 0, 2))((0, 0, 4), (0, 1, 3), (0, 1, 4), (0, 2, 4), (0, 3, 4))((0, 4, 4), (1, 4, 4), (2, 3, 4), (2, 4, 4), (3, 4, 4))((3, 4, 2), (4, 4, 1), (4, 4, 2), (4, 4, 3), (4, 4, 4))((4, 0, 4), (4, 1, 4), (4, 2, 3), (4, 2, 4), (4, 3, 4))((1, 0, 4), (1, 1, 4), (1, 2, 4), (1, 3, 4), (2, 2, 4))((1, 0, 3), (2, 0, 3), (2, 0, 4), (3, 0, 3), (4, 0, 3))((2, 1, 4), (3, 0, 4), (3, 1, 4), (3, 2, 4), (3, 3, 4))((4, 0, 2), (4, 1, 0), (4, 1, 1), (4, 1, 2), (4, 1, 3))((1, 4, 0), (2, 3, 0), (2, 4, 0), (3, 4, 0), (4, 4, 0))((4, 2, 2), (4, 3, 0), (4, 3, 1), (4, 3, 2), (4, 3, 3))((1, 0, 0), (2, 0, 0), (3, 0, 0), (3, 1, 0), (4, 0, 0))((1, 2, 0), (2, 2, 0), (3, 2, 0), (3, 3, 0), (4, 2, 0))((0, 1, 0), (0, 2, 0), (0, 2, 1), (0, 3, 0), (0, 4, 0))((0, 4, 3), (1, 4, 2), (1, 4, 3), (2, 4, 3), (3, 4, 3))((3, 0, 2), (3, 1, 2), (3, 1, 3), (3, 2, 2), (3, 3, 2))((0, 4, 1), (1, 4, 1), (2, 4, 1), (2, 4, 2), (3, 4, 1))((1, 0, 1), (2, 0, 1), (3, 0, 1), (3, 1, 1), (4, 0, 1))((0, 1, 1), (1, 1, 0), (1, 1, 1), (1, 1, 2), (1, 1, 3))((2, 0, 2), (2, 1, 0), (2, 1, 1), (2, 1, 2), (2, 1, 3))((1, 2, 1), (2, 2, 1), (2, 2, 2), (3, 2, 1), (4, 2, 1))((0, 3, 1), (1, 3, 0), (1, 3, 1), (2, 3, 1), (3, 3, 1))((0, 3, 3), (1, 3, 3), (2, 3, 2), (2, 3, 3), (3, 3, 3))((0, 1, 2), (0, 2, 2), (0, 3, 2), (0, 4, 2), (1, 3, 2))((0, 2, 3), (1, 2, 2), (1, 2, 3), (2, 2, 3), (3, 2, 3))
80
((0, 0, 0), (0, 0, 1), (0, 0, 2), (0, 0, 3), (1, 0, 2))((0, 0, 4), (0, 1, 3), (0, 1, 4), (0, 2, 4), (0, 3, 4))((0, 4, 4), (1, 4, 4), (2, 3, 4), (2, 4, 4), (3, 4, 4))((3, 4, 2), (4, 4, 1), (4, 4, 2), (4, 4, 3), (4, 4, 4))((4, 0, 4), (4, 1, 4), (4, 2, 3), (4, 2, 4), (4, 3, 4))((1, 0, 4), (1, 1, 4), (1, 2, 4), (1, 3, 4), (2, 2, 4))((1, 0, 3), (2, 0, 3), (2, 0, 4), (3, 0, 3), (4, 0, 3))((2, 1, 4), (3, 0, 4), (3, 1, 4), (3, 2, 4), (3, 3, 4))((4, 0, 2), (4, 1, 0), (4, 1, 1), (4, 1, 2), (4, 1, 3))((1, 4, 0), (2, 3, 0), (2, 4, 0), (3, 4, 0), (4, 4, 0))((4, 2, 2), (4, 3, 0), (4, 3, 1), (4, 3, 2), (4, 3, 3))((1, 0, 0), (2, 0, 0), (3, 0, 0), (3, 1, 0), (4, 0, 0))((1, 2, 0), (2, 2, 0), (3, 2, 0), (3, 3, 0), (4, 2, 0))((0, 1, 0), (0, 2, 0), (0, 2, 1), (0, 3, 0), (0, 4, 0))((0, 4, 3), (1, 4, 2), (1, 4, 3), (2, 4, 3), (3, 4, 3))((3, 0, 2), (3, 1, 2), (3, 1, 3), (3, 2, 2), (3, 3, 2))((0, 4, 1), (1, 4, 1), (2, 4, 1), (2, 4, 2), (3, 4, 1))((1, 0, 1), (2, 0, 1), (2, 0, 2), (3, 0, 1), (4, 0, 1))((0, 3, 3), (1, 3, 3), (2, 3, 2), (2, 3, 3), (3, 3, 3))((0, 3, 1), (1, 3, 0), (1, 3, 1), (2, 3, 1), (3, 3, 1))((0, 1, 2), (0, 2, 2), (0, 3, 2), (0, 4, 2), (1, 3, 2))((0, 2, 3), (1, 2, 2), (1, 2, 3), (2, 2, 3), (3, 2, 3))((2, 1, 0), (2, 1, 1), (2, 1, 2), (2, 1, 3), (2, 2, 2))((1, 2, 1), (2, 2, 1), (3, 1, 1), (3, 2, 1), (4, 2, 1))((0, 1, 1), (1, 1, 0), (1, 1, 1), (1, 1, 2), (1, 1, 3))
81
((0, 0, 0), (0, 0, 1), (0, 0, 2), (0, 0, 3), (1, 0, 2))((0, 0, 4), (0, 1, 3), (0, 1, 4), (0, 2, 4), (0, 3, 4))((0, 4, 4), (1, 4, 4), (2, 3, 4), (2, 4, 4), (3, 4, 4))((3, 4, 2), (4, 4, 1), (4, 4, 2), (4, 4, 3), (4, 4, 4))((4, 0, 4), (4, 1, 4), (4, 2, 3), (4, 2, 4), (4, 3, 4))((1, 0, 4), (1, 1, 4), (1, 2, 4), (1, 3, 4), (2, 2, 4))((1, 0, 3), (2, 0, 3), (2, 0, 4), (3, 0, 3), (4, 0, 3))((2, 1, 4), (3, 0, 4), (3, 1, 4), (3, 2, 4), (3, 3, 4))((4, 0, 2), (4, 1, 0), (4, 1, 1), (4, 1, 2), (4, 1, 3))((1, 4, 0), (2, 3, 0), (2, 4, 0), (3, 4, 0), (4, 4, 0))((4, 2, 2), (4, 3, 0), (4, 3, 1), (4, 3, 2), (4, 3, 3))((1, 0, 0), (2, 0, 0), (3, 0, 0), (3, 1, 0), (4, 0, 0))((1, 2, 0), (2, 2, 0), (3, 2, 0), (3, 3, 0), (4, 2, 0))((0, 1, 0), (0, 2, 0), (0, 2, 1), (0, 3, 0), (0, 4, 0))((0, 4, 3), (1, 4, 2), (1, 4, 3), (2, 4, 3), (3, 4, 3))((3, 0, 2), (3, 1, 2), (3, 1, 3), (3, 2, 2), (3, 3, 2))((0, 4, 1), (1, 4, 1), (2, 4, 1), (2, 4, 2), (3, 4, 1))((1, 0, 1), (2, 0, 1), (2, 0, 2), (3, 0, 1), (4, 0, 1))((0, 3, 3), (1, 3, 3), (2, 3, 2), (2, 3, 3), (3, 3, 3))((0, 3, 1), (1, 3, 0), (1, 3, 1), (2, 3, 1), (3, 3, 1))((0, 1, 2), (0, 2, 2), (0, 3, 2), (0, 4, 2), (1, 3, 2))((0, 2, 3), (1, 2, 2), (1, 2, 3), (2, 2, 3), (3, 2, 3))((1, 2, 1), (2, 2, 1), (2, 2, 2), (3, 2, 1), (4, 2, 1))((0, 1, 1), (1, 1, 0), (1, 1, 1), (1, 1, 2), (1, 1, 3))((2, 1, 0), (2, 1, 1), (2, 1, 2), (2, 1, 3), (3, 1, 1))
82
((0, 0, 0), (0, 0, 1), (0, 0, 2), (0, 0, 3), (1, 0, 2))((0, 0, 4), (0, 1, 3), (0, 1, 4), (0, 2, 4), (0, 3, 4))((0, 4, 4), (1, 4, 4), (2, 3, 4), (2, 4, 4), (3, 4, 4))((3, 4, 2), (4, 4, 1), (4, 4, 2), (4, 4, 3), (4, 4, 4))((4, 0, 4), (4, 1, 4), (4, 2, 3), (4, 2, 4), (4, 3, 4))((1, 0, 4), (1, 1, 4), (1, 2, 4), (1, 3, 4), (2, 2, 4))((1, 0, 3), (2, 0, 3), (2, 0, 4), (3, 0, 3), (4, 0, 3))((2, 1, 4), (3, 0, 4), (3, 1, 4), (3, 2, 4), (3, 3, 4))((4, 0, 2), (4, 1, 0), (4, 1, 1), (4, 1, 2), (4, 1, 3))((1, 4, 0), (2, 3, 0), (2, 4, 0), (3, 4, 0), (4, 4, 0))((4, 2, 2), (4, 3, 0), (4, 3, 1), (4, 3, 2), (4, 3, 3))((1, 0, 0), (2, 0, 0), (3, 0, 0), (3, 1, 0), (4, 0, 0))((1, 2, 0), (2, 2, 0), (3, 2, 0), (3, 3, 0), (4, 2, 0))((0, 1, 0), (0, 2, 0), (0, 2, 1), (0, 3, 0), (0, 4, 0))((0, 4, 3), (1, 4, 3), (2, 4, 2), (2, 4, 3), (3, 4, 3))((3, 0, 2), (3, 1, 2), (3, 1, 3), (3, 2, 2), (3, 3, 2))((1, 0, 1), (2, 0, 1), (3, 0, 1), (3, 1, 1), (4, 0, 1))((0, 1, 1), (1, 1, 0), (1, 1, 1), (1, 1, 2), (1, 1, 3))((0, 4, 1), (1, 4, 1), (1, 4, 2), (2, 4, 1), (3, 4, 1))((2, 0, 2), (2, 1, 0), (2, 1, 1), (2, 1, 2), (2, 1, 3))((1, 2, 1), (2, 2, 1), (2, 2, 2), (3, 2, 1), (4, 2, 1))((0, 2, 3), (1, 2, 2), (1, 2, 3), (2, 2, 3), (3, 2, 3))((0, 3, 3), (1, 3, 3), (2, 3, 2), (2, 3, 3), (3, 3, 3))((0, 3, 1), (1, 3, 0), (1, 3, 1), (2, 3, 1), (3, 3, 1))((0, 1, 2), (0, 2, 2), (0, 3, 2), (0, 4, 2), (1, 3, 2))
83
((0, 0, 0), (0, 0, 1), (0, 0, 2), (0, 0, 3), (1, 0, 2))((0, 0, 4), (0, 1, 3), (0, 1, 4), (0, 2, 4), (0, 3, 4))((0, 4, 4), (1, 4, 4), (2, 3, 4), (2, 4, 4), (3, 4, 4))((3, 4, 2), (4, 4, 1), (4, 4, 2), (4, 4, 3), (4, 4, 4))((4, 0, 4), (4, 1, 4), (4, 2, 3), (4, 2, 4), (4, 3, 4))((1, 0, 4), (1, 1, 4), (1, 2, 4), (1, 3, 4), (2, 2, 4))((1, 0, 3), (2, 0, 3), (2, 0, 4), (3, 0, 3), (4, 0, 3))((2, 1, 4), (3, 0, 4), (3, 1, 4), (3, 2, 4), (3, 3, 4))((4, 0, 2), (4, 1, 0), (4, 1, 1), (4, 1, 2), (4, 1, 3))((1, 4, 0), (2, 3, 0), (2, 4, 0), (3, 4, 0), (4, 4, 0))((4, 2, 2), (4, 3, 0), (4, 3, 1), (4, 3, 2), (4, 3, 3))((1, 0, 0), (2, 0, 0), (3, 0, 0), (3, 1, 0), (4, 0, 0))((1, 2, 0), (2, 2, 0), (3, 2, 0), (3, 3, 0), (4, 2, 0))((0, 1, 0), (0, 2, 0), (0, 2, 1), (0, 3, 0), (0, 4, 0))((0, 4, 3), (1, 4, 3), (2, 4, 2), (2, 4, 3), (3, 4, 3))((3, 0, 2), (3, 1, 2), (3, 1, 3), (3, 2, 2), (3, 3, 2))((1, 0, 1), (2, 0, 1), (2, 0, 2), (3, 0, 1), (4, 0, 1))((0, 4, 1), (1, 4, 1), (1, 4, 2), (2, 4, 1), (3, 4, 1))((2, 1, 0), (2, 1, 1), (2, 1, 2), (2, 1, 3), (2, 2, 2))((0, 1, 1), (1, 1, 0), (1, 1, 1), (1, 1, 2), (1, 1, 3))((1, 2, 1), (2, 2, 1), (3, 1, 1), (3, 2, 1), (4, 2, 1))((0, 2, 3), (1, 2, 2), (1, 2, 3), (2, 2, 3), (3, 2, 3))((0, 3, 3), (1, 3, 3), (2, 3, 2), (2, 3, 3), (3, 3, 3))((0, 3, 1), (1, 3, 0), (1, 3, 1), (2, 3, 1), (3, 3, 1))((0, 1, 2), (0, 2, 2), (0, 3, 2), (0, 4, 2), (1, 3, 2))
84
((0, 0, 0), (0, 0, 1), (0, 0, 2), (0, 0, 3), (1, 0, 2))((0, 0, 4), (0, 1, 3), (0, 1, 4), (0, 2, 4), (0, 3, 4))((0, 4, 4), (1, 4, 4), (2, 3, 4), (2, 4, 4), (3, 4, 4))((3, 4, 2), (4, 4, 1), (4, 4, 2), (4, 4, 3), (4, 4, 4))((4, 0, 4), (4, 1, 4), (4, 2, 3), (4, 2, 4), (4, 3, 4))((1, 0, 4), (1, 1, 4), (1, 2, 4), (1, 3, 4), (2, 2, 4))((1, 0, 3), (2, 0, 3), (2, 0, 4), (3, 0, 3), (4, 0, 3))((2, 1, 4), (3, 0, 4), (3, 1, 4), (3, 2, 4), (3, 3, 4))((4, 0, 2), (4, 1, 0), (4, 1, 1), (4, 1, 2), (4, 1, 3))((1, 4, 0), (2, 3, 0), (2, 4, 0), (3, 4, 0), (4, 4, 0))((4, 2, 2), (4, 3, 0), (4, 3, 1), (4, 3, 2), (4, 3, 3))((1, 0, 0), (2, 0, 0), (3, 0, 0), (3, 1, 0), (4, 0, 0))((1, 2, 0), (2, 2, 0), (3, 2, 0), (3, 3, 0), (4, 2, 0))((0, 1, 0), (0, 2, 0), (0, 2, 1), (0, 3, 0), (0, 4, 0))((0, 4, 3), (1, 4, 3), (2, 4, 2), (2, 4, 3), (3, 4, 3))((3, 0, 2), (3, 1, 2), (3, 1, 3), (3, 2, 2), (3, 3, 2))((1, 0, 1), (2, 0, 1), (2, 0, 2), (3, 0, 1), (4, 0, 1))((0, 4, 1), (1, 4, 1), (1, 4, 2), (2, 4, 1), (3, 4, 1))((1, 2, 1), (2, 2, 1), (2, 2, 2), (3, 2, 1), (4, 2, 1))((0, 3, 1), (1, 3, 0), (1, 3, 1), (2, 3, 1), (3, 3, 1))((0, 3, 3), (1, 3, 3), (2, 3, 2), (2, 3, 3), (3, 3, 3))((0, 1, 2), (0, 2, 2), (0, 3, 2), (0, 4, 2), (1, 3, 2))((0, 2, 3), (1, 2, 2), (1, 2, 3), (2, 2, 3), (3, 2, 3))((2, 1, 0), (2, 1, 1), (2, 1, 2), (2, 1, 3), (3, 1, 1))((0, 1, 1), (1, 1, 0), (1, 1, 1), (1, 1, 2), (1, 1, 3))
85
((0, 0, 0), (0, 0, 1), (0, 0, 2), (0, 0, 3), (1, 0, 2))((0, 0, 4), (0, 1, 3), (0, 1, 4), (0, 2, 4), (0, 3, 4))((0, 4, 4), (1, 4, 4), (2, 3, 4), (2, 4, 4), (3, 4, 4))((3, 4, 2), (4, 4, 1), (4, 4, 2), (4, 4, 3), (4, 4, 4))((4, 0, 4), (4, 1, 4), (4, 2, 3), (4, 2, 4), (4, 3, 4))((1, 0, 4), (1, 1, 4), (1, 2, 4), (1, 3, 4), (2, 2, 4))((1, 0, 3), (2, 0, 3), (2, 0, 4), (3, 0, 3), (4, 0, 3))((2, 1, 4), (3, 0, 4), (3, 1, 4), (3, 2, 4), (3, 3, 4))((4, 0, 2), (4, 1, 0), (4, 1, 1), (4, 1, 2), (4, 1, 3))((1, 4, 0), (2, 3, 0), (2, 4, 0), (3, 4, 0), (4, 4, 0))((4, 2, 2), (4, 3, 0), (4, 3, 1), (4, 3, 2), (4, 3, 3))((1, 0, 0), (2, 0, 0), (3, 0, 0), (3, 1, 0), (4, 0, 0))((1, 2, 0), (2, 2, 0), (3, 2, 0), (3, 3, 0), (4, 2, 0))((0, 1, 0), (0, 2, 0), (0, 3, 0), (0, 4, 0), (1, 3, 0))((1, 0, 1), (2, 0, 1), (3, 0, 1), (3, 1, 1), (4, 0, 1))((0, 4, 1), (1, 4, 1), (2, 4, 1), (2, 4, 2), (3, 4, 1))((0, 1, 1), (1, 1, 0), (1, 1, 1), (1, 1, 2), (1, 1, 3))((0, 4, 3), (1, 4, 2), (1, 4, 3), (2, 4, 3), (3, 4, 3))((3, 0, 2), (3, 1, 2), (3, 1, 3), (3, 2, 2), (3, 3, 2))((2, 0, 2), (2, 1, 0), (2, 1, 1), (2, 1, 2), (2, 1, 3))((0, 3, 3), (1, 3, 3), (2, 3, 2), (2, 3, 3), (3, 3, 3))((0, 3, 1), (1, 3, 1), (1, 3, 2), (2, 3, 1), (3, 3, 1))((1, 2, 1), (2, 2, 1), (2, 2, 2), (3, 2, 1), (4, 2, 1))((0, 2, 3), (1, 2, 2), (1, 2, 3), (2, 2, 3), (3, 2, 3))((0, 1, 2), (0, 2, 1), (0, 2, 2), (0, 3, 2), (0, 4, 2))
86
((0, 0, 0), (0, 0, 1), (0, 0, 2), (0, 0, 3), (1, 0, 2))((0, 0, 4), (0, 1, 3), (0, 1, 4), (0, 2, 4), (0, 3, 4))((0, 4, 4), (1, 4, 4), (2, 3, 4), (2, 4, 4), (3, 4, 4))((3, 4, 2), (4, 4, 1), (4, 4, 2), (4, 4, 3), (4, 4, 4))((4, 0, 4), (4, 1, 4), (4, 2, 3), (4, 2, 4), (4, 3, 4))((1, 0, 4), (1, 1, 4), (1, 2, 4), (1, 3, 4), (2, 2, 4))((1, 0, 3), (2, 0, 3), (2, 0, 4), (3, 0, 3), (4, 0, 3))((2, 1, 4), (3, 0, 4), (3, 1, 4), (3, 2, 4), (3, 3, 4))((4, 0, 2), (4, 1, 0), (4, 1, 1), (4, 1, 2), (4, 1, 3))((1, 4, 0), (2, 3, 0), (2, 4, 0), (3, 4, 0), (4, 4, 0))((4, 2, 2), (4, 3, 0), (4, 3, 1), (4, 3, 2), (4, 3, 3))((1, 0, 0), (2, 0, 0), (3, 0, 0), (3, 1, 0), (4, 0, 0))((1, 2, 0), (2, 2, 0), (3, 2, 0), (3, 3, 0), (4, 2, 0))((0, 1, 0), (0, 2, 0), (0, 3, 0), (0, 4, 0), (1, 3, 0))((1, 0, 1), (2, 0, 1), (3, 0, 1), (3, 1, 1), (4, 0, 1))((0, 4, 1), (1, 4, 1), (2, 4, 1), (2, 4, 2), (3, 4, 1))((0, 1, 1), (1, 1, 0), (1, 1, 1), (1, 1, 2), (1, 1, 3))((0, 4, 3), (1, 4, 2), (1, 4, 3), (2, 4, 3), (3, 4, 3))((3, 0, 2), (3, 1, 2), (3, 1, 3), (3, 2, 2), (3, 3, 2))((2, 0, 2), (2, 1, 0), (2, 1, 1), (2, 1, 2), (2, 1, 3))((0, 3, 1), (1, 3, 1), (2, 3, 1), (2, 3, 2), (3, 3, 1))((1, 2, 1), (2, 2, 1), (2, 2, 2), (3, 2, 1), (4, 2, 1))((0, 1, 2), (0, 2, 1), (0, 2, 2), (0, 3, 2), (0, 4, 2))((0, 2, 3), (1, 2, 2), (1, 2, 3), (2, 2, 3), (3, 2, 3))((0, 3, 3), (1, 3, 2), (1, 3, 3), (2, 3, 3), (3, 3, 3))
87
((0, 0, 0), (0, 0, 1), (0, 0, 2), (0, 0, 3), (1, 0, 2))((0, 0, 4), (0, 1, 3), (0, 1, 4), (0, 2, 4), (0, 3, 4))((0, 4, 4), (1, 4, 4), (2, 3, 4), (2, 4, 4), (3, 4, 4))((3, 4, 2), (4, 4, 1), (4, 4, 2), (4, 4, 3), (4, 4, 4))((4, 0, 4), (4, 1, 4), (4, 2, 3), (4, 2, 4), (4, 3, 4))((1, 0, 4), (1, 1, 4), (1, 2, 4), (1, 3, 4), (2, 2, 4))((1, 0, 3), (2, 0, 3), (2, 0, 4), (3, 0, 3), (4, 0, 3))((2, 1, 4), (3, 0, 4), (3, 1, 4), (3, 2, 4), (3, 3, 4))((4, 0, 2), (4, 1, 0), (4, 1, 1), (4, 1, 2), (4, 1, 3))((1, 4, 0), (2, 3, 0), (2, 4, 0), (3, 4, 0), (4, 4, 0))((4, 2, 2), (4, 3, 0), (4, 3, 1), (4, 3, 2), (4, 3, 3))((1, 0, 0), (2, 0, 0), (3, 0, 0), (3, 1, 0), (4, 0, 0))((1, 2, 0), (2, 2, 0), (3, 2, 0), (3, 3, 0), (4, 2, 0))((0, 1, 0), (0, 2, 0), (0, 3, 0), (0, 4, 0), (1, 3, 0))((1, 0, 1), (2, 0, 1), (3, 0, 1), (3, 1, 1), (4, 0, 1))((0, 4, 1), (1, 4, 1), (1, 4, 2), (2, 4, 1), (3, 4, 1))((0, 1, 1), (1, 1, 0), (1, 1, 1), (1, 1, 2), (1, 1, 3))((0, 4, 3), (1, 4, 3), (2, 4, 2), (2, 4, 3), (3, 4, 3))((3, 0, 2), (3, 1, 2), (3, 1, 3), (3, 2, 2), (3, 3, 2))((2, 0, 2), (2, 1, 0), (2, 1, 1), (2, 1, 2), (2, 1, 3))((0, 3, 3), (1, 3, 3), (2, 3, 2), (2, 3, 3), (3, 3, 3))((0, 2, 3), (1, 2, 2), (1, 2, 3), (2, 2, 3), (3, 2, 3))((1, 2, 1), (2, 2, 1), (2, 2, 2), (3, 2, 1), (4, 2, 1))((0, 3, 1), (1, 3, 1), (1, 3, 2), (2, 3, 1), (3, 3, 1))((0, 1, 2), (0, 2, 1), (0, 2, 2), (0, 3, 2), (0, 4, 2))
88
((0, 0, 0), (0, 0, 1), (0, 0, 2), (0, 0, 3), (1, 0, 2))((0, 0, 4), (0, 1, 3), (0, 1, 4), (0, 2, 4), (0, 3, 4))((0, 4, 4), (1, 4, 4), (2, 3, 4), (2, 4, 4), (3, 4, 4))((3, 4, 2), (4, 4, 1), (4, 4, 2), (4, 4, 3), (4, 4, 4))((4, 0, 4), (4, 1, 4), (4, 2, 3), (4, 2, 4), (4, 3, 4))((1, 0, 4), (1, 1, 4), (1, 2, 4), (1, 3, 4), (2, 2, 4))((1, 0, 3), (2, 0, 3), (2, 0, 4), (3, 0, 3), (4, 0, 3))((2, 1, 4), (3, 0, 4), (3, 1, 4), (3, 2, 4), (3, 3, 4))((4, 0, 2), (4, 1, 0), (4, 1, 1), (4, 1, 2), (4, 1, 3))((1, 4, 0), (2, 3, 0), (2, 4, 0), (3, 4, 0), (4, 4, 0))((4, 2, 2), (4, 3, 0), (4, 3, 1), (4, 3, 2), (4, 3, 3))((1, 0, 0), (2, 0, 0), (3, 0, 0), (3, 1, 0), (4, 0, 0))((1, 2, 0), (2, 2, 0), (3, 2, 0), (3, 3, 0), (4, 2, 0))((0, 1, 0), (0, 2, 0), (0, 3, 0), (0, 4, 0), (1, 3, 0))((1, 0, 1), (2, 0, 1), (3, 0, 1), (3, 1, 1), (4, 0, 1))((0, 4, 1), (1, 4, 1), (1, 4, 2), (2, 4, 1), (3, 4, 1))((0, 1, 1), (1, 1, 0), (1, 1, 1), (1, 1, 2), (1, 1, 3))((0, 4, 3), (1, 4, 3), (2, 4, 2), (2, 4, 3), (3, 4, 3))((3, 0, 2), (3, 1, 2), (3, 1, 3), (3, 2, 2), (3, 3, 2))((2, 0, 2), (2, 1, 0), (2, 1, 1), (2, 1, 2), (2, 1, 3))((0, 3, 1), (1, 3, 1), (2, 3, 1), (2, 3, 2), (3, 3, 1))((1, 2, 1), (2, 2, 1), (2, 2, 2), (3, 2, 1), (4, 2, 1))((0, 1, 2), (0, 2, 1), (0, 2, 2), (0, 3, 2), (0, 4, 2))((0, 2, 3), (1, 2, 2), (1, 2, 3), (2, 2, 3), (3, 2, 3))((0, 3, 3), (1, 3, 2), (1, 3, 3), (2, 3, 3), (3, 3, 3))
89
((0, 0, 0), (0, 0, 1), (0, 0, 2), (0, 0, 3), (1, 0, 2))((0, 0, 4), (0, 1, 3), (0, 1, 4), (0, 2, 4), (0, 3, 4))((0, 4, 4), (1, 4, 4), (2, 3, 4), (2, 4, 4), (3, 4, 4))((3, 4, 2), (4, 4, 1), (4, 4, 2), (4, 4, 3), (4, 4, 4))((4, 0, 4), (4, 1, 4), (4, 2, 3), (4, 2, 4), (4, 3, 4))((1, 0, 4), (1, 1, 4), (1, 2, 4), (1, 3, 4), (2, 2, 4))((1, 0, 3), (2, 0, 3), (2, 0, 4), (3, 0, 3), (4, 0, 3))((2, 1, 4), (3, 0, 4), (3, 1, 4), (3, 2, 4), (3, 3, 4))((4, 0, 2), (4, 1, 0), (4, 1, 1), (4, 1, 2), (4, 1, 3))((1, 4, 0), (2, 3, 0), (2, 4, 0), (3, 4, 0), (4, 4, 0))((4, 2, 2), (4, 3, 0), (4, 3, 1), (4, 3, 2), (4, 3, 3))((1, 0, 0), (2, 0, 0), (3, 0, 0), (3, 1, 0), (4, 0, 0))((1, 2, 0), (2, 2, 0), (3, 2, 0), (3, 3, 0), (4, 2, 0))((0, 1, 0), (0, 2, 0), (0, 3, 0), (0, 4, 0), (1, 3, 0))((1, 0, 1), (2, 0, 1), (2, 0, 2), (3, 0, 1), (4, 0, 1))((0, 4, 3), (1, 4, 2), (1, 4, 3), (2, 4, 3), (3, 4, 3))((3, 0, 2), (3, 1, 2), (3, 1, 3), (3, 2, 2), (3, 3, 2))((0, 3, 3), (1, 3, 2), (1, 3, 3), (2, 3, 3), (3, 3, 3))((0, 1, 2), (0, 2, 1), (0, 2, 2), (0, 3, 2), (0, 4, 2))((0, 4, 1), (1, 4, 1), (2, 4, 1), (2, 4, 2), (3, 4, 1))((0, 3, 1), (1, 3, 1), (2, 3, 1), (2, 3, 2), (3, 3, 1))((0, 2, 3), (1, 2, 2), (1, 2, 3), (2, 2, 3), (3, 2, 3))((2, 1, 0), (2, 1, 1), (2, 1, 2), (2, 1, 3), (2, 2, 2))((1, 2, 1), (2, 2, 1), (3, 1, 1), (3, 2, 1), (4, 2, 1))((0, 1, 1), (1, 1, 0), (1, 1, 1), (1, 1, 2), (1, 1, 3))
90
((0, 0, 0), (0, 0, 1), (0, 0, 2), (0, 0, 3), (1, 0, 2))((0, 0, 4), (0, 1, 3), (0, 1, 4), (0, 2, 4), (0, 3, 4))((0, 4, 4), (1, 4, 4), (2, 3, 4), (2, 4, 4), (3, 4, 4))((3, 4, 2), (4, 4, 1), (4, 4, 2), (4, 4, 3), (4, 4, 4))((4, 0, 4), (4, 1, 4), (4, 2, 3), (4, 2, 4), (4, 3, 4))((1, 0, 4), (1, 1, 4), (1, 2, 4), (1, 3, 4), (2, 2, 4))((1, 0, 3), (2, 0, 3), (2, 0, 4), (3, 0, 3), (4, 0, 3))((2, 1, 4), (3, 0, 4), (3, 1, 4), (3, 2, 4), (3, 3, 4))((4, 0, 2), (4, 1, 0), (4, 1, 1), (4, 1, 2), (4, 1, 3))((1, 4, 0), (2, 3, 0), (2, 4, 0), (3, 4, 0), (4, 4, 0))((4, 2, 2), (4, 3, 0), (4, 3, 1), (4, 3, 2), (4, 3, 3))((1, 0, 0), (2, 0, 0), (3, 0, 0), (3, 1, 0), (4, 0, 0))((1, 2, 0), (2, 2, 0), (3, 2, 0), (3, 3, 0), (4, 2, 0))((0, 1, 0), (0, 2, 0), (0, 3, 0), (0, 4, 0), (1, 3, 0))((1, 0, 1), (2, 0, 1), (2, 0, 2), (3, 0, 1), (4, 0, 1))((0, 4, 3), (1, 4, 2), (1, 4, 3), (2, 4, 3), (3, 4, 3))((3, 0, 2), (3, 1, 2), (3, 1, 3), (3, 2, 2), (3, 3, 2))((0, 3, 3), (1, 3, 2), (1, 3, 3), (2, 3, 3), (3, 3, 3))((0, 1, 2), (0, 2, 1), (0, 2, 2), (0, 3, 2), (0, 4, 2))((0, 4, 1), (1, 4, 1), (2, 4, 1), (2, 4, 2), (3, 4, 1))((0, 3, 1), (1, 3, 1), (2, 3, 1), (2, 3, 2), (3, 3, 1))((0, 2, 3), (1, 2, 2), (1, 2, 3), (2, 2, 3), (3, 2, 3))((1, 2, 1), (2, 2, 1), (2, 2, 2), (3, 2, 1), (4, 2, 1))((0, 1, 1), (1, 1, 0), (1, 1, 1), (1, 1, 2), (1, 1, 3))((2, 1, 0), (2, 1, 1), (2, 1, 2), (2, 1, 3), (3, 1, 1))
91
((0, 0, 0), (0, 0, 1), (0, 0, 2), (0, 0, 3), (1, 0, 2))((0, 0, 4), (0, 1, 3), (0, 1, 4), (0, 2, 4), (0, 3, 4))((0, 4, 4), (1, 4, 4), (2, 3, 4), (2, 4, 4), (3, 4, 4))((3, 4, 2), (4, 4, 1), (4, 4, 2), (4, 4, 3), (4, 4, 4))((4, 0, 4), (4, 1, 4), (4, 2, 3), (4, 2, 4), (4, 3, 4))((1, 0, 4), (1, 1, 4), (1, 2, 4), (1, 3, 4), (2, 2, 4))((1, 0, 3), (2, 0, 3), (2, 0, 4), (3, 0, 3), (4, 0, 3))((2, 1, 4), (3, 0, 4), (3, 1, 4), (3, 2, 4), (3, 3, 4))((4, 0, 2), (4, 1, 0), (4, 1, 1), (4, 1, 2), (4, 1, 3))((1, 4, 0), (2, 3, 0), (2, 4, 0), (3, 4, 0), (4, 4, 0))((4, 2, 2), (4, 3, 0), (4, 3, 1), (4, 3, 2), (4, 3, 3))((1, 0, 0), (2, 0, 0), (3, 0, 0), (3, 1, 0), (4, 0, 0))((1, 2, 0), (2, 2, 0), (3, 2, 0), (3, 3, 0), (4, 2, 0))((0, 1, 0), (0, 2, 0), (0, 3, 0), (0, 4, 0), (1, 3, 0))((1, 0, 1), (2, 0, 1), (2, 0, 2), (3, 0, 1), (4, 0, 1))((0, 4, 3), (1, 4, 2), (1, 4, 3), (2, 4, 3), (3, 4, 3))((3, 0, 2), (3, 1, 2), (3, 1, 3), (3, 2, 2), (3, 3, 2))((0, 3, 3), (1, 3, 3), (2, 3, 2), (2, 3, 3), (3, 3, 3))((0, 4, 1), (1, 4, 1), (2, 4, 1), (2, 4, 2), (3, 4, 1))((0, 3, 1), (1, 3, 1), (1, 3, 2), (2, 3, 1), (3, 3, 1))((1, 2, 1), (2, 2, 1), (3, 1, 1), (3, 2, 1), (4, 2, 1))((0, 1, 1), (1, 1, 0), (1, 1, 1), (1, 1, 2), (1, 1, 3))((2, 1, 0), (2, 1, 1), (2, 1, 2), (2, 1, 3), (2, 2, 2))((0, 2, 3), (1, 2, 2), (1, 2, 3), (2, 2, 3), (3, 2, 3))((0, 1, 2), (0, 2, 1), (0, 2, 2), (0, 3, 2), (0, 4, 2))
92
((0, 0, 0), (0, 0, 1), (0, 0, 2), (0, 0, 3), (1, 0, 2))((0, 0, 4), (0, 1, 3), (0, 1, 4), (0, 2, 4), (0, 3, 4))((0, 4, 4), (1, 4, 4), (2, 3, 4), (2, 4, 4), (3, 4, 4))((3, 4, 2), (4, 4, 1), (4, 4, 2), (4, 4, 3), (4, 4, 4))((4, 0, 4), (4, 1, 4), (4, 2, 3), (4, 2, 4), (4, 3, 4))((1, 0, 4), (1, 1, 4), (1, 2, 4), (1, 3, 4), (2, 2, 4))((1, 0, 3), (2, 0, 3), (2, 0, 4), (3, 0, 3), (4, 0, 3))((2, 1, 4), (3, 0, 4), (3, 1, 4), (3, 2, 4), (3, 3, 4))((4, 0, 2), (4, 1, 0), (4, 1, 1), (4, 1, 2), (4, 1, 3))((1, 4, 0), (2, 3, 0), (2, 4, 0), (3, 4, 0), (4, 4, 0))((4, 2, 2), (4, 3, 0), (4, 3, 1), (4, 3, 2), (4, 3, 3))((1, 0, 0), (2, 0, 0), (3, 0, 0), (3, 1, 0), (4, 0, 0))((1, 2, 0), (2, 2, 0), (3, 2, 0), (3, 3, 0), (4, 2, 0))((0, 1, 0), (0, 2, 0), (0, 3, 0), (0, 4, 0), (1, 3, 0))((1, 0, 1), (2, 0, 1), (2, 0, 2), (3, 0, 1), (4, 0, 1))((0, 4, 3), (1, 4, 2), (1, 4, 3), (2, 4, 3), (3, 4, 3))((3, 0, 2), (3, 1, 2), (3, 1, 3), (3, 2, 2), (3, 3, 2))((0, 3, 3), (1, 3, 3), (2, 3, 2), (2, 3, 3), (3, 3, 3))((0, 4, 1), (1, 4, 1), (2, 4, 1), (2, 4, 2), (3, 4, 1))((0, 3, 1), (1, 3, 1), (1, 3, 2), (2, 3, 1), (3, 3, 1))((1, 2, 1), (2, 2, 1), (2, 2, 2), (3, 2, 1), (4, 2, 1))((0, 1, 2), (0, 2, 1), (0, 2, 2), (0, 3, 2), (0, 4, 2))((0, 2, 3), (1, 2, 2), (1, 2, 3), (2, 2, 3), (3, 2, 3))((2, 1, 0), (2, 1, 1), (2, 1, 2), (2, 1, 3), (3, 1, 1))((0, 1, 1), (1, 1, 0), (1, 1, 1), (1, 1, 2), (1, 1, 3))
93
((0, 0, 0), (0, 0, 1), (0, 0, 2), (0, 0, 3), (1, 0, 2))((0, 0, 4), (0, 1, 3), (0, 1, 4), (0, 2, 4), (0, 3, 4))((0, 4, 4), (1, 4, 4), (2, 3, 4), (2, 4, 4), (3, 4, 4))((3, 4, 2), (4, 4, 1), (4, 4, 2), (4, 4, 3), (4, 4, 4))((4, 0, 4), (4, 1, 4), (4, 2, 3), (4, 2, 4), (4, 3, 4))((1, 0, 4), (1, 1, 4), (1, 2, 4), (1, 3, 4), (2, 2, 4))((1, 0, 3), (2, 0, 3), (2, 0, 4), (3, 0, 3), (4, 0, 3))((2, 1, 4), (3, 0, 4), (3, 1, 4), (3, 2, 4), (3, 3, 4))((4, 0, 2), (4, 1, 0), (4, 1, 1), (4, 1, 2), (4, 1, 3))((1, 4, 0), (2, 3, 0), (2, 4, 0), (3, 4, 0), (4, 4, 0))((4, 2, 2), (4, 3, 0), (4, 3, 1), (4, 3, 2), (4, 3, 3))((1, 0, 0), (2, 0, 0), (3, 0, 0), (3, 1, 0), (4, 0, 0))((1, 2, 0), (2, 2, 0), (3, 2, 0), (3, 3, 0), (4, 2, 0))((0, 1, 0), (0, 2, 0), (0, 3, 0), (0, 4, 0), (1, 3, 0))((1, 0, 1), (2, 0, 1), (2, 0, 2), (3, 0, 1), (4, 0, 1))((0, 4, 3), (1, 4, 3), (2, 4, 2), (2, 4, 3), (3, 4, 3))((3, 0, 2), (3, 1, 2), (3, 1, 3), (3, 2, 2), (3, 3, 2))((0, 3, 3), (1, 3, 2), (1, 3, 3), (2, 3, 3), (3, 3, 3))((0, 4, 1), (1, 4, 1), (1, 4, 2), (2, 4, 1), (3, 4, 1))((0, 3, 1), (1, 3, 1), (2, 3, 1), (2, 3, 2), (3, 3, 1))((1, 2, 1), (2, 2, 1), (3, 1, 1), (3, 2, 1), (4, 2, 1))((0, 1, 1), (1, 1, 0), (1, 1, 1), (1, 1, 2), (1, 1, 3))((2, 1, 0), (2, 1, 1), (2, 1, 2), (2, 1, 3), (2, 2, 2))((0, 2, 3), (1, 2, 2), (1, 2, 3), (2, 2, 3), (3, 2, 3))((0, 1, 2), (0, 2, 1), (0, 2, 2), (0, 3, 2), (0, 4, 2))
94
((0, 0, 0), (0, 0, 1), (0, 0, 2), (0, 0, 3), (1, 0, 2))((0, 0, 4), (0, 1, 3), (0, 1, 4), (0, 2, 4), (0, 3, 4))((0, 4, 4), (1, 4, 4), (2, 3, 4), (2, 4, 4), (3, 4, 4))((3, 4, 2), (4, 4, 1), (4, 4, 2), (4, 4, 3), (4, 4, 4))((4, 0, 4), (4, 1, 4), (4, 2, 3), (4, 2, 4), (4, 3, 4))((1, 0, 4), (1, 1, 4), (1, 2, 4), (1, 3, 4), (2, 2, 4))((1, 0, 3), (2, 0, 3), (2, 0, 4), (3, 0, 3), (4, 0, 3))((2, 1, 4), (3, 0, 4), (3, 1, 4), (3, 2, 4), (3, 3, 4))((4, 0, 2), (4, 1, 0), (4, 1, 1), (4, 1, 2), (4, 1, 3))((1, 4, 0), (2, 3, 0), (2, 4, 0), (3, 4, 0), (4, 4, 0))((4, 2, 2), (4, 3, 0), (4, 3, 1), (4, 3, 2), (4, 3, 3))((1, 0, 0), (2, 0, 0), (3, 0, 0), (3, 1, 0), (4, 0, 0))((1, 2, 0), (2, 2, 0), (3, 2, 0), (3, 3, 0), (4, 2, 0))((0, 1, 0), (0, 2, 0), (0, 3, 0), (0, 4, 0), (1, 3, 0))((1, 0, 1), (2, 0, 1), (2, 0, 2), (3, 0, 1), (4, 0, 1))((0, 4, 3), (1, 4, 3), (2, 4, 2), (2, 4, 3), (3, 4, 3))((3, 0, 2), (3, 1, 2), (3, 1, 3), (3, 2, 2), (3, 3, 2))((0, 3, 3), (1, 3, 2), (1, 3, 3), (2, 3, 3), (3, 3, 3))((0, 4, 1), (1, 4, 1), (1, 4, 2), (2, 4, 1), (3, 4, 1))((0, 3, 1), (1, 3, 1), (2, 3, 1), (2, 3, 2), (3, 3, 1))((1, 2, 1), (2, 2, 1), (2, 2, 2), (3, 2, 1), (4, 2, 1))((0, 1, 2), (0, 2, 1), (0, 2, 2), (0, 3, 2), (0, 4, 2))((0, 2, 3), (1, 2, 2), (1, 2, 3), (2, 2, 3), (3, 2, 3))((2, 1, 0), (2, 1, 1), (2, 1, 2), (2, 1, 3), (3, 1, 1))((0, 1, 1), (1, 1, 0), (1, 1, 1), (1, 1, 2), (1, 1, 3))
95
((0, 0, 0), (0, 0, 1), (0, 0, 2), (0, 0, 3), (1, 0, 2))((0, 0, 4), (0, 1, 3), (0, 1, 4), (0, 2, 4), (0, 3, 4))((0, 4, 4), (1, 4, 4), (2, 3, 4), (2, 4, 4), (3, 4, 4))((3, 4, 2), (4, 4, 1), (4, 4, 2), (4, 4, 3), (4, 4, 4))((4, 0, 4), (4, 1, 4), (4, 2, 3), (4, 2, 4), (4, 3, 4))((1, 0, 4), (1, 1, 4), (1, 2, 4), (1, 3, 4), (2, 2, 4))((1, 0, 3), (2, 0, 3), (2, 0, 4), (3, 0, 3), (4, 0, 3))((2, 1, 4), (3, 0, 4), (3, 1, 4), (3, 2, 4), (3, 3, 4))((4, 0, 2), (4, 1, 0), (4, 1, 1), (4, 1, 2), (4, 1, 3))((1, 4, 0), (2, 3, 0), (2, 4, 0), (3, 4, 0), (4, 4, 0))((4, 2, 2), (4, 3, 0), (4, 3, 1), (4, 3, 2), (4, 3, 3))((1, 0, 0), (2, 0, 0), (3, 0, 0), (3, 1, 0), (4, 0, 0))((1, 2, 0), (2, 2, 0), (3, 2, 0), (3, 3, 0), (4, 2, 0))((0, 1, 0), (0, 2, 0), (0, 3, 0), (0, 4, 0), (1, 3, 0))((1, 0, 1), (2, 0, 1), (2, 0, 2), (3, 0, 1), (4, 0, 1))((0, 4, 3), (1, 4, 3), (2, 4, 2), (2, 4, 3), (3, 4, 3))((3, 0, 2), (3, 1, 2), (3, 1, 3), (3, 2, 2), (3, 3, 2))((0, 3, 3), (1, 3, 3), (2, 3, 2), (2, 3, 3), (3, 3, 3))((0, 2, 3), (1, 2, 2), (1, 2, 3), (2, 2, 3), (3, 2, 3))((0, 4, 1), (1, 4, 1), (1, 4, 2), (2, 4, 1), (3, 4, 1))((0, 3, 1), (1, 3, 1), (1, 3, 2), (2, 3, 1), (3, 3, 1))((0, 1, 2), (0, 2, 1), (0, 2, 2), (0, 3, 2), (0, 4, 2))((2, 1, 0), (2, 1, 1), (2, 1, 2), (2, 1, 3), (2, 2, 2))((0, 1, 1), (1, 1, 0), (1, 1, 1), (1, 1, 2), (1, 1, 3))((1, 2, 1), (2, 2, 1), (3, 1, 1), (3, 2, 1), (4, 2, 1))
96
((0, 0, 0), (0, 0, 1), (0, 0, 2), (0, 0, 3), (1, 0, 2))((0, 0, 4), (0, 1, 3), (0, 1, 4), (0, 2, 4), (0, 3, 4))((0, 4, 4), (1, 4, 4), (2, 3, 4), (2, 4, 4), (3, 4, 4))((3, 4, 2), (4, 4, 1), (4, 4, 2), (4, 4, 3), (4, 4, 4))((4, 0, 4), (4, 1, 4), (4, 2, 3), (4, 2, 4), (4, 3, 4))((1, 0, 4), (1, 1, 4), (1, 2, 4), (1, 3, 4), (2, 2, 4))((1, 0, 3), (2, 0, 3), (2, 0, 4), (3, 0, 3), (4, 0, 3))((2, 1, 4), (3, 0, 4), (3, 1, 4), (3, 2, 4), (3, 3, 4))((4, 0, 2), (4, 1, 0), (4, 1, 1), (4, 1, 2), (4, 1, 3))((1, 4, 0), (2, 3, 0), (2, 4, 0), (3, 4, 0), (4, 4, 0))((4, 2, 2), (4, 3, 0), (4, 3, 1), (4, 3, 2), (4, 3, 3))((1, 0, 0), (2, 0, 0), (3, 0, 0), (3, 1, 0), (4, 0, 0))((1, 2, 0), (2, 2, 0), (3, 2, 0), (3, 3, 0), (4, 2, 0))((0, 1, 0), (0, 2, 0), (0, 3, 0), (0, 4, 0), (1, 3, 0))((1, 0, 1), (2, 0, 1), (2, 0, 2), (3, 0, 1), (4, 0, 1))((0, 4, 3), (1, 4, 3), (2, 4, 2), (2, 4, 3), (3, 4, 3))((3, 0, 2), (3, 1, 2), (3, 1, 3), (3, 2, 2), (3, 3, 2))((0, 3, 3), (1, 3, 3), (2, 3, 2), (2, 3, 3), (3, 3, 3))((0, 2, 3), (1, 2, 2), (1, 2, 3), (2, 2, 3), (3, 2, 3))((0, 4, 1), (1, 4, 1), (1, 4, 2), (2, 4, 1), (3, 4, 1))((0, 3, 1), (1, 3, 1), (1, 3, 2), (2, 3, 1), (3, 3, 1))((0, 1, 2), (0, 2, 1), (0, 2, 2), (0, 3, 2), (0, 4, 2))((1, 2, 1), (2, 2, 1), (2, 2, 2), (3, 2, 1), (4, 2, 1))((0, 1, 1), (1, 1, 0), (1, 1, 1), (1, 1, 2), (1, 1, 3))((2, 1, 0), (2, 1, 1), (2, 1, 2), (2, 1, 3), (3, 1, 1))
97
((0, 0, 0), (0, 0, 1), (0, 0, 2), (0, 0, 3), (1, 0, 2))((0, 0, 4), (0, 1, 3), (0, 1, 4), (0, 2, 4), (0, 3, 4))((0, 4, 4), (1, 4, 4), (2, 3, 4), (2, 4, 4), (3, 4, 4))((3, 4, 2), (4, 4, 1), (4, 4, 2), (4, 4, 3), (4, 4, 4))((4, 0, 4), (4, 1, 4), (4, 2, 3), (4, 2, 4), (4, 3, 4))((1, 0, 4), (1, 1, 4), (1, 2, 4), (1, 3, 4), (2, 2, 4))((1, 0, 3), (2, 0, 3), (2, 0, 4), (3, 0, 3), (4, 0, 3))((2, 1, 4), (3, 0, 4), (3, 1, 4), (3, 2, 4), (3, 3, 4))((4, 0, 2), (4, 1, 0), (4, 1, 1), (4, 1, 2), (4, 1, 3))((1, 4, 0), (2, 3, 0), (2, 4, 0), (3, 4, 0), (4, 4, 0))((3, 3, 2), (4, 3, 0), (4, 3, 1), (4, 3, 2), (4, 3, 3))((3, 0, 2), (3, 1, 0), (3, 1, 1), (3, 1, 2), (3, 1, 3))((1, 2, 0), (2, 2, 0), (3, 2, 0), (3, 3, 0), (4, 2, 0))((0, 1, 0), (0, 2, 0), (0, 2, 1), (0, 3, 0), (0, 4, 0))((0, 1, 1), (1, 1, 0), (1, 1, 1), (1, 1, 2), (1, 1, 3))((0, 4, 1), (1, 4, 1), (1, 4, 2), (2, 4, 1), (3, 4, 1))((0, 4, 3), (1, 4, 3), (2, 4, 2), (2, 4, 3), (3, 4, 3))((1, 0, 0), (2, 0, 0), (2, 1, 0), (3, 0, 0), (4, 0, 0))((0, 2, 3), (1, 2, 3), (2, 1, 3), (2, 2, 3), (3, 2, 3))((0, 3, 3), (1, 3, 3), (2, 3, 2), (2, 3, 3), (3, 3, 3))((1, 0, 1), (2, 0, 1), (2, 0, 2), (3, 0, 1), (4, 0, 1))((1, 2, 1), (2, 1, 1), (2, 2, 1), (3, 2, 1), (4, 2, 1))((1, 2, 2), (2, 1, 2), (2, 2, 2), (3, 2, 2), (4, 2, 2))((0, 3, 1), (1, 3, 0), (1, 3, 1), (2, 3, 1), (3, 3, 1))((0, 1, 2), (0, 2, 2), (0, 3, 2), (0, 4, 2), (1, 3, 2))
98
((0, 0, 0), (0, 0, 1), (0, 0, 2), (0, 0, 3), (1, 0, 2))((0, 0, 4), (0, 1, 3), (0, 1, 4), (0, 2, 4), (0, 3, 4))((0, 4, 4), (1, 4, 4), (2, 3, 4), (2, 4, 4), (3, 4, 4))((3, 4, 2), (4, 4, 1), (4, 4, 2), (4, 4, 3), (4, 4, 4))((4, 0, 4), (4, 1, 4), (4, 2, 3), (4, 2, 4), (4, 3, 4))((1, 0, 4), (1, 1, 4), (1, 2, 4), (1, 3, 4), (2, 2, 4))((1, 0, 3), (2, 0, 3), (2, 0, 4), (3, 0, 3), (4, 0, 3))((2, 1, 4), (3, 0, 4), (3, 1, 4), (3, 2, 4), (3, 3, 4))((4, 0, 2), (4, 1, 0), (4, 1, 1), (4, 1, 2), (4, 1, 3))((1, 4, 0), (2, 3, 0), (2, 4, 0), (3, 4, 0), (4, 4, 0))((3, 3, 2), (4, 3, 0), (4, 3, 1), (4, 3, 2), (4, 3, 3))((3, 0, 2), (3, 1, 0), (3, 1, 1), (3, 1, 2), (3, 1, 3))((1, 2, 0), (2, 2, 0), (3, 2, 0), (3, 3, 0), (4, 2, 0))((0, 1, 0), (0, 2, 0), (0, 2, 1), (0, 3, 0), (0, 4, 0))((0, 1, 1), (1, 1, 0), (1, 1, 1), (1, 1, 2), (1, 1, 3))((0, 4, 3), (1, 4, 2), (1, 4, 3), (2, 4, 3), (3, 4, 3))((1, 0, 0), (2, 0, 0), (2, 1, 0), (3, 0, 0), (4, 0, 0))((1, 0, 1), (2, 0, 1), (2, 0, 2), (3, 0, 1), (4, 0, 1))((0, 2, 3), (1, 2, 3), (2, 1, 3), (2, 2, 3), (3, 2, 3))((0, 3, 3), (1, 3, 3), (2, 3, 2), (2, 3, 3), (3, 3, 3))((0, 4, 1), (1, 4, 1), (2, 4, 1), (2, 4, 2), (3, 4, 1))((1, 2, 1), (2, 1, 1), (2, 2, 1), (3, 2, 1), (4, 2, 1))((1, 2, 2), (2, 1, 2), (2, 2, 2), (3, 2, 2), (4, 2, 2))((0, 3, 1), (1, 3, 0), (1, 3, 1), (2, 3, 1), (3, 3, 1))((0, 1, 2), (0, 2, 2), (0, 3, 2), (0, 4, 2), (1, 3, 2))
99
((0, 0, 0), (0, 0, 1), (0, 0, 2), (0, 0, 3), (1, 0, 2))((0, 0, 4), (0, 1, 3), (0, 1, 4), (0, 2, 4), (0, 3, 4))((0, 4, 4), (1, 4, 4), (2, 3, 4), (2, 4, 4), (3, 4, 4))((3, 4, 2), (4, 4, 1), (4, 4, 2), (4, 4, 3), (4, 4, 4))((4, 0, 4), (4, 1, 4), (4, 2, 3), (4, 2, 4), (4, 3, 4))((1, 0, 4), (1, 1, 4), (1, 2, 4), (1, 3, 4), (2, 2, 4))((1, 0, 3), (2, 0, 3), (2, 0, 4), (3, 0, 3), (4, 0, 3))((2, 1, 4), (3, 0, 4), (3, 1, 4), (3, 2, 4), (3, 3, 4))((4, 0, 2), (4, 1, 0), (4, 1, 1), (4, 1, 2), (4, 1, 3))((1, 4, 0), (2, 3, 0), (2, 4, 0), (3, 4, 0), (4, 4, 0))((3, 3, 2), (4, 3, 0), (4, 3, 1), (4, 3, 2), (4, 3, 3))((3, 0, 2), (3, 1, 0), (3, 1, 1), (3, 1, 2), (3, 1, 3))((1, 2, 0), (2, 2, 0), (3, 2, 0), (3, 3, 0), (4, 2, 0))((0, 1, 0), (0, 2, 0), (0, 3, 0), (0, 4, 0), (1, 3, 0))((1, 0, 0), (2, 0, 0), (2, 1, 0), (3, 0, 0), (4, 0, 0))((1, 0, 1), (2, 0, 1), (2, 0, 2), (3, 0, 1), (4, 0, 1))((0, 4, 1), (1, 4, 1), (2, 4, 1), (2, 4, 2), (3, 4, 1))((0, 1, 1), (1, 1, 0), (1, 1, 1), (1, 1, 2), (1, 1, 3))((0, 4, 3), (1, 4, 2), (1, 4, 3), (2, 4, 3), (3, 4, 3))((0, 2, 3), (1, 2, 3), (2, 1, 3), (2, 2, 3), (3, 2, 3))((0, 3, 3), (1, 3, 2), (1, 3, 3), (2, 3, 3), (3, 3, 3))((1, 2, 2), (2, 1, 2), (2, 2, 2), (3, 2, 2), (4, 2, 2))((0, 3, 1), (1, 3, 1), (2, 3, 1), (2, 3, 2), (3, 3, 1))((1, 2, 1), (2, 1, 1), (2, 2, 1), (3, 2, 1), (4, 2, 1))((0, 1, 2), (0, 2, 1), (0, 2, 2), (0, 3, 2), (0, 4, 2))
100
((0, 0, 0), (0, 0, 1), (0, 0, 2), (0, 0, 3), (1, 0, 2))((0, 0, 4), (0, 1, 3), (0, 1, 4), (0, 2, 4), (0, 3, 4))((0, 4, 4), (1, 4, 4), (2, 3, 4), (2, 4, 4), (3, 4, 4))((3, 4, 2), (4, 4, 1), (4, 4, 2), (4, 4, 3), (4, 4, 4))((4, 0, 4), (4, 1, 4), (4, 2, 3), (4, 2, 4), (4, 3, 4))((1, 0, 4), (1, 1, 4), (1, 2, 4), (1, 3, 4), (2, 2, 4))((1, 0, 3), (2, 0, 3), (2, 0, 4), (3, 0, 3), (4, 0, 3))((2, 1, 4), (3, 0, 4), (3, 1, 4), (3, 2, 4), (3, 3, 4))((4, 0, 2), (4, 1, 0), (4, 1, 1), (4, 1, 2), (4, 1, 3))((1, 4, 0), (2, 3, 0), (2, 4, 0), (3, 4, 0), (4, 4, 0))((3, 3, 2), (4, 3, 0), (4, 3, 1), (4, 3, 2), (4, 3, 3))((3, 0, 2), (3, 1, 0), (3, 1, 1), (3, 1, 2), (3, 1, 3))((1, 2, 0), (2, 2, 0), (3, 2, 0), (3, 3, 0), (4, 2, 0))((0, 1, 0), (0, 2, 0), (0, 3, 0), (0, 4, 0), (1, 3, 0))((1, 0, 0), (2, 0, 0), (2, 1, 0), (3, 0, 0), (4, 0, 0))((1, 0, 1), (2, 0, 1), (2, 0, 2), (3, 0, 1), (4, 0, 1))((0, 4, 1), (1, 4, 1), (2, 4, 1), (2, 4, 2), (3, 4, 1))((0, 1, 1), (1, 1, 0), (1, 1, 1), (1, 1, 2), (1, 1, 3))((0, 4, 3), (1, 4, 2), (1, 4, 3), (2, 4, 3), (3, 4, 3))((0, 2, 3), (1, 2, 3), (2, 1, 3), (2, 2, 3), (3, 2, 3))((0, 3, 3), (1, 3, 3), (2, 3, 2), (2, 3, 3), (3, 3, 3))((1, 2, 1), (2, 1, 1), (2, 2, 1), (3, 2, 1), (4, 2, 1))((0, 3, 1), (1, 3, 1), (1, 3, 2), (2, 3, 1), (3, 3, 1))((1, 2, 2), (2, 1, 2), (2, 2, 2), (3, 2, 2), (4, 2, 2))((0, 1, 2), (0, 2, 1), (0, 2, 2), (0, 3, 2), (0, 4, 2))
101
((0, 0, 0), (0, 0, 1), (0, 0, 2), (0, 0, 3), (1, 0, 2))((0, 0, 4), (0, 1, 3), (0, 1, 4), (0, 2, 4), (0, 3, 4))((0, 4, 4), (1, 4, 4), (2, 3, 4), (2, 4, 4), (3, 4, 4))((3, 4, 2), (4, 4, 1), (4, 4, 2), (4, 4, 3), (4, 4, 4))((4, 0, 4), (4, 1, 4), (4, 2, 3), (4, 2, 4), (4, 3, 4))((1, 0, 4), (1, 1, 4), (1, 2, 4), (1, 3, 4), (2, 2, 4))((1, 0, 3), (2, 0, 3), (2, 0, 4), (3, 0, 3), (4, 0, 3))((2, 1, 4), (3, 0, 4), (3, 1, 4), (3, 2, 4), (3, 3, 4))((4, 0, 2), (4, 1, 0), (4, 1, 1), (4, 1, 2), (4, 1, 3))((1, 4, 0), (2, 3, 0), (2, 4, 0), (3, 4, 0), (4, 4, 0))((3, 3, 2), (4, 3, 0), (4, 3, 1), (4, 3, 2), (4, 3, 3))((3, 0, 2), (3, 1, 0), (3, 1, 1), (3, 1, 2), (3, 1, 3))((1, 2, 0), (2, 2, 0), (3, 2, 0), (3, 3, 0), (4, 2, 0))((0, 1, 0), (0, 2, 0), (0, 3, 0), (0, 4, 0), (1, 3, 0))((1, 0, 0), (2, 0, 0), (2, 1, 0), (3, 0, 0), (4, 0, 0))((1, 0, 1), (2, 0, 1), (2, 0, 2), (3, 0, 1), (4, 0, 1))((0, 4, 1), (1, 4, 1), (1, 4, 2), (2, 4, 1), (3, 4, 1))((0, 1, 1), (1, 1, 0), (1, 1, 1), (1, 1, 2), (1, 1, 3))((1, 2, 1), (2, 1, 1), (2, 2, 1), (3, 2, 1), (4, 2, 1))((0, 1, 2), (0, 2, 1), (0, 2, 2), (0, 3, 2), (0, 4, 2))((0, 3, 1), (1, 3, 1), (2, 3, 1), (2, 3, 2), (3, 3, 1))((1, 2, 2), (2, 1, 2), (2, 2, 2), (3, 2, 2), (4, 2, 2))((0, 3, 3), (1, 3, 2), (1, 3, 3), (2, 3, 3), (3, 3, 3))((0, 4, 3), (1, 4, 3), (2, 4, 2), (2, 4, 3), (3, 4, 3))((0, 2, 3), (1, 2, 3), (2, 1, 3), (2, 2, 3), (3, 2, 3))
102
((0, 0, 0), (0, 0, 1), (0, 0, 2), (0, 0, 3), (1, 0, 2))((0, 0, 4), (0, 1, 3), (0, 1, 4), (0, 2, 4), (0, 3, 4))((0, 4, 4), (1, 4, 4), (2, 3, 4), (2, 4, 4), (3, 4, 4))((3, 4, 2), (4, 4, 1), (4, 4, 2), (4, 4, 3), (4, 4, 4))((4, 0, 4), (4, 1, 4), (4, 2, 3), (4, 2, 4), (4, 3, 4))((1, 0, 4), (1, 1, 4), (1, 2, 4), (1, 3, 4), (2, 2, 4))((1, 0, 3), (2, 0, 3), (2, 0, 4), (3, 0, 3), (4, 0, 3))((2, 1, 4), (3, 0, 4), (3, 1, 4), (3, 2, 4), (3, 3, 4))((4, 0, 2), (4, 1, 0), (4, 1, 1), (4, 1, 2), (4, 1, 3))((1, 4, 0), (2, 3, 0), (2, 4, 0), (3, 4, 0), (4, 4, 0))((3, 3, 2), (4, 3, 0), (4, 3, 1), (4, 3, 2), (4, 3, 3))((3, 0, 2), (3, 1, 0), (3, 1, 1), (3, 1, 2), (3, 1, 3))((1, 2, 0), (2, 2, 0), (3, 2, 0), (3, 3, 0), (4, 2, 0))((0, 1, 0), (0, 2, 0), (0, 3, 0), (0, 4, 0), (1, 3, 0))((1, 0, 0), (2, 0, 0), (2, 1, 0), (3, 0, 0), (4, 0, 0))((1, 0, 1), (2, 0, 1), (2, 0, 2), (3, 0, 1), (4, 0, 1))((0, 4, 1), (1, 4, 1), (1, 4, 2), (2, 4, 1), (3, 4, 1))((0, 1, 1), (1, 1, 0), (1, 1, 1), (1, 1, 2), (1, 1, 3))((1, 2, 1), (2, 1, 1), (2, 2, 1), (3, 2, 1), (4, 2, 1))((0, 1, 2), (0, 2, 1), (0, 2, 2), (0, 3, 2), (0, 4, 2))((0, 3, 1), (1, 3, 1), (1, 3, 2), (2, 3, 1), (3, 3, 1))((0, 4, 3), (1, 4, 3), (2, 4, 2), (2, 4, 3), (3, 4, 3))((0, 2, 3), (1, 2, 3), (2, 1, 3), (2, 2, 3), (3, 2, 3))((0, 3, 3), (1, 3, 3), (2, 3, 2), (2, 3, 3), (3, 3, 3))((1, 2, 2), (2, 1, 2), (2, 2, 2), (3, 2, 2), (4, 2, 2))
103
((0, 0, 0), (0, 0, 1), (0, 0, 2), (0, 0, 3), (1, 0, 2))((0, 0, 4), (0, 1, 3), (0, 1, 4), (0, 2, 4), (0, 3, 4))((0, 4, 4), (1, 4, 4), (2, 3, 4), (2, 4, 4), (3, 4, 4))((3, 4, 2), (4, 4, 1), (4, 4, 2), (4, 4, 3), (4, 4, 4))((4, 0, 4), (4, 1, 4), (4, 2, 3), (4, 2, 4), (4, 3, 4))((1, 0, 4), (1, 1, 4), (1, 2, 4), (1, 3, 4), (2, 2, 4))((1, 0, 3), (2, 0, 3), (2, 0, 4), (3, 0, 3), (4, 0, 3))((2, 1, 4), (3, 0, 4), (3, 1, 4), (3, 2, 4), (3, 3, 4))((4, 0, 2), (4, 1, 0), (4, 1, 1), (4, 1, 2), (4, 1, 3))((1, 4, 0), (2, 4, 0), (3, 3, 0), (3, 4, 0), (4, 4, 0))((1, 0, 0), (2, 0, 0), (3, 0, 0), (3, 1, 0), (4, 0, 0))((0, 1, 0), (0, 2, 0), (0, 2, 1), (0, 3, 0), (0, 4, 0))((1, 2, 0), (2, 2, 0), (2, 3, 0), (3, 2, 0), (4, 2, 0))((1, 0, 1), (2, 0, 1), (3, 0, 1), (3, 1, 1), (4, 0, 1))((0, 1, 1), (1, 1, 0), (1, 1, 1), (1, 1, 2), (1, 1, 3))((2, 0, 2), (2, 1, 0), (2, 1, 1), (2, 1, 2), (2, 1, 3))((0, 4, 3), (1, 4, 3), (2, 4, 2), (2, 4, 3), (3, 4, 3))((3, 0, 2), (3, 1, 2), (3, 1, 3), (3, 2, 2), (3, 3, 2))((4, 2, 2), (4, 3, 0), (4, 3, 1), (4, 3, 2), (4, 3, 3))((1, 2, 1), (2, 2, 1), (2, 2, 2), (3, 2, 1), (4, 2, 1))((0, 4, 1), (1, 4, 1), (1, 4, 2), (2, 4, 1), (3, 4, 1))((0, 2, 3), (1, 2, 2), (1, 2, 3), (2, 2, 3), (3, 2, 3))((0, 3, 3), (1, 3, 3), (2, 3, 2), (2, 3, 3), (3, 3, 3))((0, 3, 1), (1, 3, 0), (1, 3, 1), (2, 3, 1), (3, 3, 1))((0, 1, 2), (0, 2, 2), (0, 3, 2), (0, 4, 2), (1, 3, 2))
104
((0, 0, 0), (0, 0, 1), (0, 0, 2), (0, 0, 3), (1, 0, 2))((0, 0, 4), (0, 1, 3), (0, 1, 4), (0, 2, 4), (0, 3, 4))((0, 4, 4), (1, 4, 4), (2, 3, 4), (2, 4, 4), (3, 4, 4))((3, 4, 2), (4, 4, 1), (4, 4, 2), (4, 4, 3), (4, 4, 4))((4, 0, 4), (4, 1, 4), (4, 2, 3), (4, 2, 4), (4, 3, 4))((1, 0, 4), (1, 1, 4), (1, 2, 4), (1, 3, 4), (2, 2, 4))((1, 0, 3), (2, 0, 3), (2, 0, 4), (3, 0, 3), (4, 0, 3))((2, 1, 4), (3, 0, 4), (3, 1, 4), (3, 2, 4), (3, 3, 4))((4, 0, 2), (4, 1, 0), (4, 1, 1), (4, 1, 2), (4, 1, 3))((1, 4, 0), (2, 4, 0), (3, 3, 0), (3, 4, 0), (4, 4, 0))((1, 0, 0), (2, 0, 0), (3, 0, 0), (3, 1, 0), (4, 0, 0))((0, 1, 0), (0, 2, 0), (0, 2, 1), (0, 3, 0), (0, 4, 0))((1, 2, 0), (2, 2, 0), (2, 3, 0), (3, 2, 0), (4, 2, 0))((1, 0, 1), (2, 0, 1), (3, 0, 1), (3, 1, 1), (4, 0, 1))((0, 1, 1), (1, 1, 0), (1, 1, 1), (1, 1, 2), (1, 1, 3))((2, 0, 2), (2, 1, 0), (2, 1, 1), (2, 1, 2), (2, 1, 3))((0, 4, 1), (1, 4, 1), (2, 4, 1), (2, 4, 2), (3, 4, 1))((0, 4, 3), (1, 4, 2), (1, 4, 3), (2, 4, 3), (3, 4, 3))((3, 0, 2), (3, 1, 2), (3, 1, 3), (3, 2, 2), (3, 3, 2))((4, 2, 2), (4, 3, 0), (4, 3, 1), (4, 3, 2), (4, 3, 3))((1, 2, 1), (2, 2, 1), (2, 2, 2), (3, 2, 1), (4, 2, 1))((0, 3, 1), (1, 3, 0), (1, 3, 1), (2, 3, 1), (3, 3, 1))((0, 3, 3), (1, 3, 3), (2, 3, 2), (2, 3, 3), (3, 3, 3))((0, 1, 2), (0, 2, 2), (0, 3, 2), (0, 4, 2), (1, 3, 2))((0, 2, 3), (1, 2, 2), (1, 2, 3), (2, 2, 3), (3, 2, 3))
105
((0, 0, 0), (0, 0, 1), (0, 0, 2), (0, 0, 3), (1, 0, 2))((0, 0, 4), (0, 1, 3), (0, 1, 4), (0, 2, 4), (0, 3, 4))((0, 4, 4), (1, 4, 4), (2, 3, 4), (2, 4, 4), (3, 4, 4))((3, 4, 2), (4, 4, 1), (4, 4, 2), (4, 4, 3), (4, 4, 4))((4, 0, 4), (4, 1, 4), (4, 2, 3), (4, 2, 4), (4, 3, 4))((1, 0, 4), (1, 1, 4), (1, 2, 4), (1, 3, 4), (2, 2, 4))((1, 0, 3), (2, 0, 3), (2, 0, 4), (3, 0, 3), (4, 0, 3))((2, 1, 4), (3, 0, 4), (3, 1, 4), (3, 2, 4), (3, 3, 4))((4, 0, 2), (4, 1, 0), (4, 1, 1), (4, 1, 2), (4, 1, 3))((1, 4, 0), (2, 4, 0), (3, 3, 0), (3, 4, 0), (4, 4, 0))((1, 0, 0), (2, 0, 0), (3, 0, 0), (3, 1, 0), (4, 0, 0))((0, 1, 0), (0, 2, 0), (0, 2, 1), (0, 3, 0), (0, 4, 0))((1, 2, 0), (2, 2, 0), (2, 3, 0), (3, 2, 0), (4, 2, 0))((1, 0, 1), (2, 0, 1), (2, 0, 2), (3, 0, 1), (4, 0, 1))((4, 2, 2), (4, 3, 0), (4, 3, 1), (4, 3, 2), (4, 3, 3))((0, 4, 3), (1, 4, 2), (1, 4, 3), (2, 4, 3), (3, 4, 3))((3, 0, 2), (3, 1, 2), (3, 1, 3), (3, 2, 2), (3, 3, 2))((0, 4, 1), (1, 4, 1), (2, 4, 1), (2, 4, 2), (3, 4, 1))((0, 3, 3), (1, 3, 3), (2, 3, 2), (2, 3, 3), (3, 3, 3))((0, 3, 1), (1, 3, 0), (1, 3, 1), (2, 3, 1), (3, 3, 1))((0, 1, 2), (0, 2, 2), (0, 3, 2), (0, 4, 2), (1, 3, 2))((0, 2, 3), (1, 2, 2), (1, 2, 3), (2, 2, 3), (3, 2, 3))((2, 1, 0), (2, 1, 1), (2, 1, 2), (2, 1, 3), (2, 2, 2))((1, 2, 1), (2, 2, 1), (3, 1, 1), (3, 2, 1), (4, 2, 1))((0, 1, 1), (1, 1, 0), (1, 1, 1), (1, 1, 2), (1, 1, 3))
106
((0, 0, 0), (0, 0, 1), (0, 0, 2), (0, 0, 3), (1, 0, 2))((0, 0, 4), (0, 1, 3), (0, 1, 4), (0, 2, 4), (0, 3, 4))((0, 4, 4), (1, 4, 4), (2, 3, 4), (2, 4, 4), (3, 4, 4))((3, 4, 2), (4, 4, 1), (4, 4, 2), (4, 4, 3), (4, 4, 4))((4, 0, 4), (4, 1, 4), (4, 2, 3), (4, 2, 4), (4, 3, 4))((1, 0, 4), (1, 1, 4), (1, 2, 4), (1, 3, 4), (2, 2, 4))((1, 0, 3), (2, 0, 3), (2, 0, 4), (3, 0, 3), (4, 0, 3))((2, 1, 4), (3, 0, 4), (3, 1, 4), (3, 2, 4), (3, 3, 4))((4, 0, 2), (4, 1, 0), (4, 1, 1), (4, 1, 2), (4, 1, 3))((1, 4, 0), (2, 4, 0), (3, 3, 0), (3, 4, 0), (4, 4, 0))((1, 0, 0), (2, 0, 0), (3, 0, 0), (3, 1, 0), (4, 0, 0))((0, 1, 0), (0, 2, 0), (0, 2, 1), (0, 3, 0), (0, 4, 0))((1, 2, 0), (2, 2, 0), (2, 3, 0), (3, 2, 0), (4, 2, 0))((1, 0, 1), (2, 0, 1), (2, 0, 2), (3, 0, 1), (4, 0, 1))((4, 2, 2), (4, 3, 0), (4, 3, 1), (4, 3, 2), (4, 3, 3))((0, 4, 3), (1, 4, 2), (1, 4, 3), (2, 4, 3), (3, 4, 3))((3, 0, 2), (3, 1, 2), (3, 1, 3), (3, 2, 2), (3, 3, 2))((0, 4, 1), (1, 4, 1), (2, 4, 1), (2, 4, 2), (3, 4, 1))((0, 3, 3), (1, 3, 3), (2, 3, 2), (2, 3, 3), (3, 3, 3))((0, 3, 1), (1, 3, 0), (1, 3, 1), (2, 3, 1), (3, 3, 1))((0, 1, 2), (0, 2, 2), (0, 3, 2), (0, 4, 2), (1, 3, 2))((0, 2, 3), (1, 2, 2), (1, 2, 3), (2, 2, 3), (3, 2, 3))((1, 2, 1), (2, 2, 1), (2, 2, 2), (3, 2, 1), (4, 2, 1))((0, 1, 1), (1, 1, 0), (1, 1, 1), (1, 1, 2), (1, 1, 3))((2, 1, 0), (2, 1, 1), (2, 1, 2), (2, 1, 3), (3, 1, 1))
107
((0, 0, 0), (0, 0, 1), (0, 0, 2), (0, 0, 3), (1, 0, 2))((0, 0, 4), (0, 1, 3), (0, 1, 4), (0, 2, 4), (0, 3, 4))((0, 4, 4), (1, 4, 4), (2, 3, 4), (2, 4, 4), (3, 4, 4))((3, 4, 2), (4, 4, 1), (4, 4, 2), (4, 4, 3), (4, 4, 4))((4, 0, 4), (4, 1, 4), (4, 2, 3), (4, 2, 4), (4, 3, 4))((1, 0, 4), (1, 1, 4), (1, 2, 4), (1, 3, 4), (2, 2, 4))((1, 0, 3), (2, 0, 3), (2, 0, 4), (3, 0, 3), (4, 0, 3))((2, 1, 4), (3, 0, 4), (3, 1, 4), (3, 2, 4), (3, 3, 4))((4, 0, 2), (4, 1, 0), (4, 1, 1), (4, 1, 2), (4, 1, 3))((1, 4, 0), (2, 4, 0), (3, 3, 0), (3, 4, 0), (4, 4, 0))((1, 0, 0), (2, 0, 0), (3, 0, 0), (3, 1, 0), (4, 0, 0))((0, 1, 0), (0, 2, 0), (0, 2, 1), (0, 3, 0), (0, 4, 0))((1, 2, 0), (2, 2, 0), (2, 3, 0), (3, 2, 0), (4, 2, 0))((1, 0, 1), (2, 0, 1), (2, 0, 2), (3, 0, 1), (4, 0, 1))((4, 2, 2), (4, 3, 0), (4, 3, 1), (4, 3, 2), (4, 3, 3))((0, 4, 3), (1, 4, 3), (2, 4, 2), (2, 4, 3), (3, 4, 3))((3, 0, 2), (3, 1, 2), (3, 1, 3), (3, 2, 2), (3, 3, 2))((0, 4, 1), (1, 4, 1), (1, 4, 2), (2, 4, 1), (3, 4, 1))((0, 3, 3), (1, 3, 3), (2, 3, 2), (2, 3, 3), (3, 3, 3))((0, 3, 1), (1, 3, 0), (1, 3, 1), (2, 3, 1), (3, 3, 1))((0, 1, 2), (0, 2, 2), (0, 3, 2), (0, 4, 2), (1, 3, 2))((0, 2, 3), (1, 2, 2), (1, 2, 3), (2, 2, 3), (3, 2, 3))((2, 1, 0), (2, 1, 1), (2, 1, 2), (2, 1, 3), (2, 2, 2))((1, 2, 1), (2, 2, 1), (3, 1, 1), (3, 2, 1), (4, 2, 1))((0, 1, 1), (1, 1, 0), (1, 1, 1), (1, 1, 2), (1, 1, 3))
108
((0, 0, 0), (0, 0, 1), (0, 0, 2), (0, 0, 3), (1, 0, 2))((0, 0, 4), (0, 1, 3), (0, 1, 4), (0, 2, 4), (0, 3, 4))((0, 4, 4), (1, 4, 4), (2, 3, 4), (2, 4, 4), (3, 4, 4))((3, 4, 2), (4, 4, 1), (4, 4, 2), (4, 4, 3), (4, 4, 4))((4, 0, 4), (4, 1, 4), (4, 2, 3), (4, 2, 4), (4, 3, 4))((1, 0, 4), (1, 1, 4), (1, 2, 4), (1, 3, 4), (2, 2, 4))((1, 0, 3), (2, 0, 3), (2, 0, 4), (3, 0, 3), (4, 0, 3))((2, 1, 4), (3, 0, 4), (3, 1, 4), (3, 2, 4), (3, 3, 4))((4, 0, 2), (4, 1, 0), (4, 1, 1), (4, 1, 2), (4, 1, 3))((1, 4, 0), (2, 4, 0), (3, 3, 0), (3, 4, 0), (4, 4, 0))((1, 0, 0), (2, 0, 0), (3, 0, 0), (3, 1, 0), (4, 0, 0))((0, 1, 0), (0, 2, 0), (0, 2, 1), (0, 3, 0), (0, 4, 0))((1, 2, 0), (2, 2, 0), (2, 3, 0), (3, 2, 0), (4, 2, 0))((1, 0, 1), (2, 0, 1), (2, 0, 2), (3, 0, 1), (4, 0, 1))((4, 2, 2), (4, 3, 0), (4, 3, 1), (4, 3, 2), (4, 3, 3))((0, 4, 3), (1, 4, 3), (2, 4, 2), (2, 4, 3), (3, 4, 3))((3, 0, 2), (3, 1, 2), (3, 1, 3), (3, 2, 2), (3, 3, 2))((0, 4, 1), (1, 4, 1), (1, 4, 2), (2, 4, 1), (3, 4, 1))((0, 3, 3), (1, 3, 3), (2, 3, 2), (2, 3, 3), (3, 3, 3))((0, 3, 1), (1, 3, 0), (1, 3, 1), (2, 3, 1), (3, 3, 1))((0, 1, 2), (0, 2, 2), (0, 3, 2), (0, 4, 2), (1, 3, 2))((0, 2, 3), (1, 2, 2), (1, 2, 3), (2, 2, 3), (3, 2, 3))((1, 2, 1), (2, 2, 1), (2, 2, 2), (3, 2, 1), (4, 2, 1))((0, 1, 1), (1, 1, 0), (1, 1, 1), (1, 1, 2), (1, 1, 3))((2, 1, 0), (2, 1, 1), (2, 1, 2), (2, 1, 3), (3, 1, 1))
109
((0, 0, 0), (0, 0, 1), (0, 0, 2), (0, 0, 3), (1, 0, 2))((0, 0, 4), (0, 1, 3), (0, 1, 4), (0, 2, 4), (0, 3, 4))((0, 4, 4), (1, 4, 4), (2, 3, 4), (2, 4, 4), (3, 4, 4))((3, 4, 2), (4, 4, 1), (4, 4, 2), (4, 4, 3), (4, 4, 4))((4, 0, 4), (4, 1, 4), (4, 2, 3), (4, 2, 4), (4, 3, 4))((1, 0, 4), (1, 1, 4), (1, 2, 4), (1, 3, 4), (2, 2, 4))((1, 0, 3), (2, 0, 3), (2, 0, 4), (3, 0, 3), (4, 0, 3))((2, 1, 4), (3, 0, 4), (3, 1, 4), (3, 2, 4), (3, 3, 4))((4, 0, 2), (4, 1, 0), (4, 1, 1), (4, 1, 2), (4, 1, 3))((1, 4, 0), (2, 4, 0), (3, 3, 0), (3, 4, 0), (4, 4, 0))((1, 0, 0), (2, 0, 0), (3, 0, 0), (3, 1, 0), (4, 0, 0))((0, 1, 0), (0, 2, 0), (0, 3, 0), (0, 4, 0), (1, 3, 0))((0, 4, 3), (1, 4, 2), (1, 4, 3), (2, 4, 3), (3, 4, 3))((3, 0, 2), (3, 1, 2), (3, 1, 3), (3, 2, 2), (3, 3, 2))((4, 2, 2), (4, 3, 0), (4, 3, 1), (4, 3, 2), (4, 3, 3))((1, 0, 1), (2, 0, 1), (3, 0, 1), (3, 1, 1), (4, 0, 1))((0, 4, 1), (1, 4, 1), (2, 4, 1), (2, 4, 2), (3, 4, 1))((0, 1, 1), (1, 1, 0), (1, 1, 1), (1, 1, 2), (1, 1, 3))((2, 0, 2), (2, 1, 0), (2, 1, 1), (2, 1, 2), (2, 1, 3))((1, 2, 0), (2, 2, 0), (2, 3, 0), (3, 2, 0), (4, 2, 0))((0, 3, 3), (1, 3, 3), (2, 3, 2), (2, 3, 3), (3, 3, 3))((0, 2, 3), (1, 2, 2), (1, 2, 3), (2, 2, 3), (3, 2, 3))((1, 2, 1), (2, 2, 1), (2, 2, 2), (3, 2, 1), (4, 2, 1))((0, 3, 1), (1, 3, 1), (1, 3, 2), (2, 3, 1), (3, 3, 1))((0, 1, 2), (0, 2, 1), (0, 2, 2), (0, 3, 2), (0, 4, 2))
110
((0, 0, 0), (0, 0, 1), (0, 0, 2), (0, 0, 3), (1, 0, 2))((0, 0, 4), (0, 1, 3), (0, 1, 4), (0, 2, 4), (0, 3, 4))((0, 4, 4), (1, 4, 4), (2, 3, 4), (2, 4, 4), (3, 4, 4))((3, 4, 2), (4, 4, 1), (4, 4, 2), (4, 4, 3), (4, 4, 4))((4, 0, 4), (4, 1, 4), (4, 2, 3), (4, 2, 4), (4, 3, 4))((1, 0, 4), (1, 1, 4), (1, 2, 4), (1, 3, 4), (2, 2, 4))((1, 0, 3), (2, 0, 3), (2, 0, 4), (3, 0, 3), (4, 0, 3))((2, 1, 4), (3, 0, 4), (3, 1, 4), (3, 2, 4), (3, 3, 4))((4, 0, 2), (4, 1, 0), (4, 1, 1), (4, 1, 2), (4, 1, 3))((1, 4, 0), (2, 4, 0), (3, 3, 0), (3, 4, 0), (4, 4, 0))((1, 0, 0), (2, 0, 0), (3, 0, 0), (3, 1, 0), (4, 0, 0))((0, 1, 0), (0, 2, 0), (0, 3, 0), (0, 4, 0), (1, 3, 0))((0, 4, 3), (1, 4, 2), (1, 4, 3), (2, 4, 3), (3, 4, 3))((3, 0, 2), (3, 1, 2), (3, 1, 3), (3, 2, 2), (3, 3, 2))((4, 2, 2), (4, 3, 0), (4, 3, 1), (4, 3, 2), (4, 3, 3))((1, 0, 1), (2, 0, 1), (3, 0, 1), (3, 1, 1), (4, 0, 1))((0, 4, 1), (1, 4, 1), (2, 4, 1), (2, 4, 2), (3, 4, 1))((0, 1, 1), (1, 1, 0), (1, 1, 1), (1, 1, 2), (1, 1, 3))((2, 0, 2), (2, 1, 0), (2, 1, 1), (2, 1, 2), (2, 1, 3))((1, 2, 0), (2, 2, 0), (2, 3, 0), (3, 2, 0), (4, 2, 0))((0, 3, 1), (1, 3, 1), (2, 3, 1), (2, 3, 2), (3, 3, 1))((1, 2, 1), (2, 2, 1), (2, 2, 2), (3, 2, 1), (4, 2, 1))((0, 1, 2), (0, 2, 1), (0, 2, 2), (0, 3, 2), (0, 4, 2))((0, 2, 3), (1, 2, 2), (1, 2, 3), (2, 2, 3), (3, 2, 3))((0, 3, 3), (1, 3, 2), (1, 3, 3), (2, 3, 3), (3, 3, 3))
111
((0, 0, 0), (0, 0, 1), (0, 0, 2), (0, 0, 3), (1, 0, 2))((0, 0, 4), (0, 1, 3), (0, 1, 4), (0, 2, 4), (0, 3, 4))((0, 4, 4), (1, 4, 4), (2, 3, 4), (2, 4, 4), (3, 4, 4))((3, 4, 2), (4, 4, 1), (4, 4, 2), (4, 4, 3), (4, 4, 4))((4, 0, 4), (4, 1, 4), (4, 2, 3), (4, 2, 4), (4, 3, 4))((1, 0, 4), (1, 1, 4), (1, 2, 4), (1, 3, 4), (2, 2, 4))((1, 0, 3), (2, 0, 3), (2, 0, 4), (3, 0, 3), (4, 0, 3))((2, 1, 4), (3, 0, 4), (3, 1, 4), (3, 2, 4), (3, 3, 4))((4, 0, 2), (4, 1, 0), (4, 1, 1), (4, 1, 2), (4, 1, 3))((1, 4, 0), (2, 4, 0), (3, 3, 0), (3, 4, 0), (4, 4, 0))((1, 0, 0), (2, 0, 0), (3, 0, 0), (3, 1, 0), (4, 0, 0))((0, 1, 0), (0, 2, 0), (0, 3, 0), (0, 4, 0), (1, 3, 0))((0, 4, 3), (1, 4, 2), (1, 4, 3), (2, 4, 3), (3, 4, 3))((3, 0, 2), (3, 1, 2), (3, 1, 3), (3, 2, 2), (3, 3, 2))((4, 2, 2), (4, 3, 0), (4, 3, 1), (4, 3, 2), (4, 3, 3))((1, 0, 1), (2, 0, 1), (3, 0, 1), (3, 1, 1), (4, 0, 1))((0, 4, 1), (1, 4, 1), (2, 4, 1), (2, 4, 2), (3, 4, 1))((0, 1, 1), (1, 1, 0), (1, 1, 1), (1, 1, 2), (1, 1, 3))((1, 2, 0), (2, 1, 0), (2, 2, 0), (3, 2, 0), (4, 2, 0))((0, 2, 3), (1, 2, 3), (2, 1, 3), (2, 2, 3), (3, 2, 3))((0, 3, 3), (1, 3, 2), (1, 3, 3), (2, 3, 3), (3, 3, 3))((0, 3, 1), (1, 3, 1), (2, 3, 0), (2, 3, 1), (3, 3, 1))((0, 1, 2), (0, 2, 1), (0, 2, 2), (0, 3, 2), (0, 4, 2))((1, 2, 2), (2, 0, 2), (2, 1, 2), (2, 2, 2), (2, 3, 2))((1, 2, 1), (2, 1, 1), (2, 2, 1), (3, 2, 1), (4, 2, 1))
112
((0, 0, 0), (0, 0, 1), (0, 0, 2), (0, 0, 3), (1, 0, 2))((0, 0, 4), (0, 1, 3), (0, 1, 4), (0, 2, 4), (0, 3, 4))((0, 4, 4), (1, 4, 4), (2, 3, 4), (2, 4, 4), (3, 4, 4))((3, 4, 2), (4, 4, 1), (4, 4, 2), (4, 4, 3), (4, 4, 4))((4, 0, 4), (4, 1, 4), (4, 2, 3), (4, 2, 4), (4, 3, 4))((1, 0, 4), (1, 1, 4), (1, 2, 4), (1, 3, 4), (2, 2, 4))((1, 0, 3), (2, 0, 3), (2, 0, 4), (3, 0, 3), (4, 0, 3))((2, 1, 4), (3, 0, 4), (3, 1, 4), (3, 2, 4), (3, 3, 4))((4, 0, 2), (4, 1, 0), (4, 1, 1), (4, 1, 2), (4, 1, 3))((1, 4, 0), (2, 4, 0), (3, 3, 0), (3, 4, 0), (4, 4, 0))((1, 0, 0), (2, 0, 0), (3, 0, 0), (3, 1, 0), (4, 0, 0))((0, 1, 0), (0, 2, 0), (0, 3, 0), (0, 4, 0), (1, 3, 0))((0, 4, 3), (1, 4, 2), (1, 4, 3), (2, 4, 3), (3, 4, 3))((3, 0, 2), (3, 1, 2), (3, 1, 3), (3, 2, 2), (3, 3, 2))((4, 2, 2), (4, 3, 0), (4, 3, 1), (4, 3, 2), (4, 3, 3))((1, 0, 1), (2, 0, 1), (3, 0, 1), (3, 1, 1), (4, 0, 1))((0, 4, 1), (1, 4, 1), (2, 4, 1), (2, 4, 2), (3, 4, 1))((0, 1, 1), (1, 1, 0), (1, 1, 1), (1, 1, 2), (1, 1, 3))((1, 2, 0), (2, 1, 0), (2, 2, 0), (3, 2, 0), (4, 2, 0))((2, 0, 2), (2, 1, 2), (2, 1, 3), (2, 2, 2), (2, 3, 2))((0, 3, 1), (1, 3, 1), (2, 3, 0), (2, 3, 1), (3, 3, 1))((1, 2, 1), (2, 1, 1), (2, 2, 1), (3, 2, 1), (4, 2, 1))((0, 1, 2), (0, 2, 1), (0, 2, 2), (0, 3, 2), (0, 4, 2))((0, 2, 3), (1, 2, 2), (1, 2, 3), (2, 2, 3), (3, 2, 3))((0, 3, 3), (1, 3, 2), (1, 3, 3), (2, 3, 3), (3, 3, 3))
113
((0, 0, 0), (0, 0, 1), (0, 0, 2), (0, 0, 3), (1, 0, 2))((0, 0, 4), (0, 1, 3), (0, 1, 4), (0, 2, 4), (0, 3, 4))((0, 4, 4), (1, 4, 4), (2, 3, 4), (2, 4, 4), (3, 4, 4))((3, 4, 2), (4, 4, 1), (4, 4, 2), (4, 4, 3), (4, 4, 4))((4, 0, 4), (4, 1, 4), (4, 2, 3), (4, 2, 4), (4, 3, 4))((1, 0, 4), (1, 1, 4), (1, 2, 4), (1, 3, 4), (2, 2, 4))((1, 0, 3), (2, 0, 3), (2, 0, 4), (3, 0, 3), (4, 0, 3))((2, 1, 4), (3, 0, 4), (3, 1, 4), (3, 2, 4), (3, 3, 4))((4, 0, 2), (4, 1, 0), (4, 1, 1), (4, 1, 2), (4, 1, 3))((1, 4, 0), (2, 4, 0), (3, 3, 0), (3, 4, 0), (4, 4, 0))((1, 0, 0), (2, 0, 0), (3, 0, 0), (3, 1, 0), (4, 0, 0))((0, 1, 0), (0, 2, 0), (0, 3, 0), (0, 4, 0), (1, 3, 0))((0, 4, 3), (1, 4, 2), (1, 4, 3), (2, 4, 3), (3, 4, 3))((3, 0, 2), (3, 1, 2), (3, 1, 3), (3, 2, 2), (3, 3, 2))((4, 2, 2), (4, 3, 0), (4, 3, 1), (4, 3, 2), (4, 3, 3))((1, 0, 1), (2, 0, 1), (2, 0, 2), (3, 0, 1), (4, 0, 1))((0, 3, 3), (1, 3, 2), (1, 3, 3), (2, 3, 3), (3, 3, 3))((1, 2, 0), (2, 2, 0), (2, 3, 0), (3, 2, 0), (4, 2, 0))((0, 1, 2), (0, 2, 1), (0, 2, 2), (0, 3, 2), (0, 4, 2))((0, 4, 1), (1, 4, 1), (2, 4, 1), (2, 4, 2), (3, 4, 1))((0, 3, 1), (1, 3, 1), (2, 3, 1), (2, 3, 2), (3, 3, 1))((0, 2, 3), (1, 2, 2), (1, 2, 3), (2, 2, 3), (3, 2, 3))((2, 1, 0), (2, 1, 1), (2, 1, 2), (2, 1, 3), (2, 2, 2))((1, 2, 1), (2, 2, 1), (3, 1, 1), (3, 2, 1), (4, 2, 1))((0, 1, 1), (1, 1, 0), (1, 1, 1), (1, 1, 2), (1, 1, 3))
114
((0, 0, 0), (0, 0, 1), (0, 0, 2), (0, 0, 3), (1, 0, 2))((0, 0, 4), (0, 1, 3), (0, 1, 4), (0, 2, 4), (0, 3, 4))((0, 4, 4), (1, 4, 4), (2, 3, 4), (2, 4, 4), (3, 4, 4))((3, 4, 2), (4, 4, 1), (4, 4, 2), (4, 4, 3), (4, 4, 4))((4, 0, 4), (4, 1, 4), (4, 2, 3), (4, 2, 4), (4, 3, 4))((1, 0, 4), (1, 1, 4), (1, 2, 4), (1, 3, 4), (2, 2, 4))((1, 0, 3), (2, 0, 3), (2, 0, 4), (3, 0, 3), (4, 0, 3))((2, 1, 4), (3, 0, 4), (3, 1, 4), (3, 2, 4), (3, 3, 4))((4, 0, 2), (4, 1, 0), (4, 1, 1), (4, 1, 2), (4, 1, 3))((1, 4, 0), (2, 4, 0), (3, 3, 0), (3, 4, 0), (4, 4, 0))((1, 0, 0), (2, 0, 0), (3, 0, 0), (3, 1, 0), (4, 0, 0))((0, 1, 0), (0, 2, 0), (0, 3, 0), (0, 4, 0), (1, 3, 0))((0, 4, 3), (1, 4, 2), (1, 4, 3), (2, 4, 3), (3, 4, 3))((3, 0, 2), (3, 1, 2), (3, 1, 3), (3, 2, 2), (3, 3, 2))((4, 2, 2), (4, 3, 0), (4, 3, 1), (4, 3, 2), (4, 3, 3))((1, 0, 1), (2, 0, 1), (2, 0, 2), (3, 0, 1), (4, 0, 1))((0, 3, 3), (1, 3, 2), (1, 3, 3), (2, 3, 3), (3, 3, 3))((1, 2, 0), (2, 2, 0), (2, 3, 0), (3, 2, 0), (4, 2, 0))((0, 1, 2), (0, 2, 1), (0, 2, 2), (0, 3, 2), (0, 4, 2))((0, 4, 1), (1, 4, 1), (2, 4, 1), (2, 4, 2), (3, 4, 1))((0, 3, 1), (1, 3, 1), (2, 3, 1), (2, 3, 2), (3, 3, 1))((0, 2, 3), (1, 2, 2), (1, 2, 3), (2, 2, 3), (3, 2, 3))((1, 2, 1), (2, 2, 1), (2, 2, 2), (3, 2, 1), (4, 2, 1))((0, 1, 1), (1, 1, 0), (1, 1, 1), (1, 1, 2), (1, 1, 3))((2, 1, 0), (2, 1, 1), (2, 1, 2), (2, 1, 3), (3, 1, 1))
115
((0, 0, 0), (0, 0, 1), (0, 0, 2), (0, 0, 3), (1, 0, 2))((0, 0, 4), (0, 1, 3), (0, 1, 4), (0, 2, 4), (0, 3, 4))((0, 4, 4), (1, 4, 4), (2, 3, 4), (2, 4, 4), (3, 4, 4))((3, 4, 2), (4, 4, 1), (4, 4, 2), (4, 4, 3), (4, 4, 4))((4, 0, 4), (4, 1, 4), (4, 2, 3), (4, 2, 4), (4, 3, 4))((1, 0, 4), (1, 1, 4), (1, 2, 4), (1, 3, 4), (2, 2, 4))((1, 0, 3), (2, 0, 3), (2, 0, 4), (3, 0, 3), (4, 0, 3))((2, 1, 4), (3, 0, 4), (3, 1, 4), (3, 2, 4), (3, 3, 4))((4, 0, 2), (4, 1, 0), (4, 1, 1), (4, 1, 2), (4, 1, 3))((1, 4, 0), (2, 4, 0), (3, 3, 0), (3, 4, 0), (4, 4, 0))((1, 0, 0), (2, 0, 0), (3, 0, 0), (3, 1, 0), (4, 0, 0))((0, 1, 0), (0, 2, 0), (0, 3, 0), (0, 4, 0), (1, 3, 0))((0, 4, 3), (1, 4, 2), (1, 4, 3), (2, 4, 3), (3, 4, 3))((3, 0, 2), (3, 1, 2), (3, 1, 3), (3, 2, 2), (3, 3, 2))((4, 2, 2), (4, 3, 0), (4, 3, 1), (4, 3, 2), (4, 3, 3))((1, 0, 1), (2, 0, 1), (2, 0, 2), (3, 0, 1), (4, 0, 1))((0, 3, 3), (1, 3, 3), (2, 3, 2), (2, 3, 3), (3, 3, 3))((0, 4, 1), (1, 4, 1), (2, 4, 1), (2, 4, 2), (3, 4, 1))((1, 2, 0), (2, 2, 0), (2, 3, 0), (3, 2, 0), (4, 2, 0))((0, 3, 1), (1, 3, 1), (1, 3, 2), (2, 3, 1), (3, 3, 1))((1, 2, 1), (2, 2, 1), (3, 1, 1), (3, 2, 1), (4, 2, 1))((0, 1, 2), (0, 2, 1), (0, 2, 2), (0, 3, 2), (0, 4, 2))((0, 1, 1), (1, 1, 0), (1, 1, 1), (1, 1, 2), (1, 1, 3))((0, 2, 3), (1, 2, 2), (1, 2, 3), (2, 2, 3), (3, 2, 3))((2, 1, 0), (2, 1, 1), (2, 1, 2), (2, 1, 3), (2, 2, 2))
116
((0, 0, 0), (0, 0, 1), (0, 0, 2), (0, 0, 3), (1, 0, 2))((0, 0, 4), (0, 1, 3), (0, 1, 4), (0, 2, 4), (0, 3, 4))((0, 4, 4), (1, 4, 4), (2, 3, 4), (2, 4, 4), (3, 4, 4))((3, 4, 2), (4, 4, 1), (4, 4, 2), (4, 4, 3), (4, 4, 4))((4, 0, 4), (4, 1, 4), (4, 2, 3), (4, 2, 4), (4, 3, 4))((1, 0, 4), (1, 1, 4), (1, 2, 4), (1, 3, 4), (2, 2, 4))((1, 0, 3), (2, 0, 3), (2, 0, 4), (3, 0, 3), (4, 0, 3))((2, 1, 4), (3, 0, 4), (3, 1, 4), (3, 2, 4), (3, 3, 4))((4, 0, 2), (4, 1, 0), (4, 1, 1), (4, 1, 2), (4, 1, 3))((1, 4, 0), (2, 4, 0), (3, 3, 0), (3, 4, 0), (4, 4, 0))((1, 0, 0), (2, 0, 0), (3, 0, 0), (3, 1, 0), (4, 0, 0))((0, 1, 0), (0, 2, 0), (0, 3, 0), (0, 4, 0), (1, 3, 0))((0, 4, 3), (1, 4, 2), (1, 4, 3), (2, 4, 3), (3, 4, 3))((3, 0, 2), (3, 1, 2), (3, 1, 3), (3, 2, 2), (3, 3, 2))((4, 2, 2), (4, 3, 0), (4, 3, 1), (4, 3, 2), (4, 3, 3))((1, 0, 1), (2, 0, 1), (2, 0, 2), (3, 0, 1), (4, 0, 1))((0, 3, 3), (1, 3, 3), (2, 3, 2), (2, 3, 3), (3, 3, 3))((0, 4, 1), (1, 4, 1), (2, 4, 1), (2, 4, 2), (3, 4, 1))((1, 2, 0), (2, 2, 0), (2, 3, 0), (3, 2, 0), (4, 2, 0))((0, 3, 1), (1, 3, 1), (1, 3, 2), (2, 3, 1), (3, 3, 1))((1, 2, 1), (2, 2, 1), (2, 2, 2), (3, 2, 1), (4, 2, 1))((0, 1, 2), (0, 2, 1), (0, 2, 2), (0, 3, 2), (0, 4, 2))((0, 2, 3), (1, 2, 2), (1, 2, 3), (2, 2, 3), (3, 2, 3))((2, 1, 0), (2, 1, 1), (2, 1, 2), (2, 1, 3), (3, 1, 1))((0, 1, 1), (1, 1, 0), (1, 1, 1), (1, 1, 2), (1, 1, 3))
117
((0, 0, 0), (0, 0, 1), (0, 0, 2), (0, 0, 3), (1, 0, 2))((0, 0, 4), (0, 1, 3), (0, 1, 4), (0, 2, 4), (0, 3, 4))((0, 4, 4), (1, 4, 4), (2, 3, 4), (2, 4, 4), (3, 4, 4))((3, 4, 2), (4, 4, 1), (4, 4, 2), (4, 4, 3), (4, 4, 4))((4, 0, 4), (4, 1, 4), (4, 2, 3), (4, 2, 4), (4, 3, 4))((1, 0, 4), (1, 1, 4), (1, 2, 4), (1, 3, 4), (2, 2, 4))((1, 0, 3), (2, 0, 3), (2, 0, 4), (3, 0, 3), (4, 0, 3))((2, 1, 4), (3, 0, 4), (3, 1, 4), (3, 2, 4), (3, 3, 4))((4, 0, 2), (4, 1, 0), (4, 1, 1), (4, 1, 2), (4, 1, 3))((1, 4, 0), (2, 4, 0), (3, 3, 0), (3, 4, 0), (4, 4, 0))((1, 0, 0), (2, 0, 0), (3, 0, 0), (3, 1, 0), (4, 0, 0))((0, 1, 0), (0, 2, 0), (0, 3, 0), (0, 4, 0), (1, 3, 0))((0, 4, 3), (1, 4, 2), (1, 4, 3), (2, 4, 3), (3, 4, 3))((3, 0, 2), (3, 1, 2), (3, 1, 3), (3, 2, 2), (3, 3, 2))((4, 2, 2), (4, 3, 0), (4, 3, 1), (4, 3, 2), (4, 3, 3))((1, 0, 1), (2, 0, 1), (2, 1, 1), (3, 0, 1), (4, 0, 1))((1, 2, 0), (2, 1, 0), (2, 2, 0), (3, 2, 0), (4, 2, 0))((0, 2, 3), (1, 2, 3), (2, 1, 3), (2, 2, 3), (3, 2, 3))((0, 3, 3), (1, 3, 2), (1, 3, 3), (2, 3, 3), (3, 3, 3))((0, 3, 1), (1, 3, 1), (2, 3, 0), (2, 3, 1), (3, 3, 1))((0, 1, 1), (1, 1, 0), (1, 1, 1), (1, 1, 2), (1, 1, 3))((1, 2, 1), (2, 2, 1), (3, 1, 1), (3, 2, 1), (4, 2, 1))((0, 1, 2), (0, 2, 1), (0, 2, 2), (0, 3, 2), (0, 4, 2))((0, 4, 1), (1, 4, 1), (2, 4, 1), (2, 4, 2), (3, 4, 1))((1, 2, 2), (2, 0, 2), (2, 1, 2), (2, 2, 2), (2, 3, 2))
118
((0, 0, 0), (0, 0, 1), (0, 0, 2), (0, 0, 3), (1, 0, 2))((0, 0, 4), (0, 1, 3), (0, 1, 4), (0, 2, 4), (0, 3, 4))((0, 4, 4), (1, 4, 4), (2, 3, 4), (2, 4, 4), (3, 4, 4))((3, 4, 2), (4, 4, 1), (4, 4, 2), (4, 4, 3), (4, 4, 4))((4, 0, 4), (4, 1, 4), (4, 2, 3), (4, 2, 4), (4, 3, 4))((1, 0, 4), (1, 1, 4), (1, 2, 4), (1, 3, 4), (2, 2, 4))((1, 0, 3), (2, 0, 3), (2, 0, 4), (3, 0, 3), (4, 0, 3))((2, 1, 4), (3, 0, 4), (3, 1, 4), (3, 2, 4), (3, 3, 4))((4, 0, 2), (4, 1, 0), (4, 1, 1), (4, 1, 2), (4, 1, 3))((1, 4, 0), (2, 4, 0), (3, 3, 0), (3, 4, 0), (4, 4, 0))((1, 0, 0), (2, 0, 0), (3, 0, 0), (3, 1, 0), (4, 0, 0))((0, 1, 0), (0, 2, 0), (0, 3, 0), (0, 4, 0), (1, 3, 0))((0, 4, 3), (1, 4, 2), (1, 4, 3), (2, 4, 3), (3, 4, 3))((3, 0, 2), (3, 1, 2), (3, 1, 3), (3, 2, 2), (3, 3, 2))((4, 2, 2), (4, 3, 0), (4, 3, 1), (4, 3, 2), (4, 3, 3))((1, 0, 1), (2, 0, 1), (2, 1, 1), (3, 0, 1), (4, 0, 1))((1, 2, 0), (2, 1, 0), (2, 2, 0), (3, 2, 0), (4, 2, 0))((2, 0, 2), (2, 1, 2), (2, 1, 3), (2, 2, 2), (2, 3, 2))((0, 4, 1), (1, 4, 1), (2, 4, 1), (2, 4, 2), (3, 4, 1))((1, 2, 1), (2, 2, 1), (3, 1, 1), (3, 2, 1), (4, 2, 1))((0, 1, 2), (0, 2, 1), (0, 2, 2), (0, 3, 2), (0, 4, 2))((0, 1, 1), (1, 1, 0), (1, 1, 1), (1, 1, 2), (1, 1, 3))((0, 2, 3), (1, 2, 2), (1, 2, 3), (2, 2, 3), (3, 2, 3))((0, 3, 1), (1, 3, 1), (2, 3, 0), (2, 3, 1), (3, 3, 1))((0, 3, 3), (1, 3, 2), (1, 3, 3), (2, 3, 3), (3, 3, 3))
119
((0, 0, 0), (0, 0, 1), (0, 0, 2), (0, 0, 3), (1, 0, 2))((0, 0, 4), (0, 1, 3), (0, 1, 4), (0, 2, 4), (0, 3, 4))((0, 4, 4), (1, 4, 4), (2, 3, 4), (2, 4, 4), (3, 4, 4))((3, 4, 2), (4, 4, 1), (4, 4, 2), (4, 4, 3), (4, 4, 4))((4, 0, 4), (4, 1, 4), (4, 2, 3), (4, 2, 4), (4, 3, 4))((1, 0, 4), (1, 1, 4), (1, 2, 4), (1, 3, 4), (2, 2, 4))((1, 0, 3), (2, 0, 3), (2, 0, 4), (3, 0, 3), (4, 0, 3))((2, 1, 4), (3, 0, 4), (3, 1, 4), (3, 2, 4), (3, 3, 4))((4, 0, 2), (4, 1, 0), (4, 1, 1), (4, 1, 2), (4, 1, 3))((1, 4, 0), (2, 4, 0), (3, 3, 0), (3, 4, 0), (4, 4, 0))((1, 0, 0), (2, 0, 0), (3, 0, 0), (3, 1, 0), (4, 0, 0))((0, 1, 0), (0, 2, 0), (0, 3, 0), (0, 4, 0), (1, 3, 0))((0, 4, 3), (1, 4, 3), (2, 4, 2), (2, 4, 3), (3, 4, 3))((3, 0, 2), (3, 1, 2), (3, 1, 3), (3, 2, 2), (3, 3, 2))((4, 2, 2), (4, 3, 0), (4, 3, 1), (4, 3, 2), (4, 3, 3))((1, 0, 1), (2, 0, 1), (3, 0, 1), (3, 1, 1), (4, 0, 1))((0, 4, 1), (1, 4, 1), (1, 4, 2), (2, 4, 1), (3, 4, 1))((0, 1, 1), (1, 1, 0), (1, 1, 1), (1, 1, 2), (1, 1, 3))((0, 3, 3), (1, 3, 2), (1, 3, 3), (2, 3, 3), (3, 3, 3))((0, 3, 1), (1, 3, 1), (2, 3, 0), (2, 3, 1), (3, 3, 1))((0, 2, 3), (1, 2, 2), (1, 2, 3), (2, 2, 3), (3, 2, 3))((0, 1, 2), (0, 2, 1), (0, 2, 2), (0, 3, 2), (0, 4, 2))((2, 0, 2), (2, 1, 2), (2, 1, 3), (2, 2, 2), (2, 3, 2))((1, 2, 0), (2, 1, 0), (2, 2, 0), (3, 2, 0), (4, 2, 0))((1, 2, 1), (2, 1, 1), (2, 2, 1), (3, 2, 1), (4, 2, 1))
120
((0, 0, 0), (0, 0, 1), (0, 0, 2), (0, 0, 3), (1, 0, 2))((0, 0, 4), (0, 1, 3), (0, 1, 4), (0, 2, 4), (0, 3, 4))((0, 4, 4), (1, 4, 4), (2, 3, 4), (2, 4, 4), (3, 4, 4))((3, 4, 2), (4, 4, 1), (4, 4, 2), (4, 4, 3), (4, 4, 4))((4, 0, 4), (4, 1, 4), (4, 2, 3), (4, 2, 4), (4, 3, 4))((1, 0, 4), (1, 1, 4), (1, 2, 4), (1, 3, 4), (2, 2, 4))((1, 0, 3), (2, 0, 3), (2, 0, 4), (3, 0, 3), (4, 0, 3))((2, 1, 4), (3, 0, 4), (3, 1, 4), (3, 2, 4), (3, 3, 4))((4, 0, 2), (4, 1, 0), (4, 1, 1), (4, 1, 2), (4, 1, 3))((1, 4, 0), (2, 4, 0), (3, 3, 0), (3, 4, 0), (4, 4, 0))((1, 0, 0), (2, 0, 0), (3, 0, 0), (3, 1, 0), (4, 0, 0))((0, 1, 0), (0, 2, 0), (0, 3, 0), (0, 4, 0), (1, 3, 0))((0, 4, 3), (1, 4, 3), (2, 4, 2), (2, 4, 3), (3, 4, 3))((3, 0, 2), (3, 1, 2), (3, 1, 3), (3, 2, 2), (3, 3, 2))((4, 2, 2), (4, 3, 0), (4, 3, 1), (4, 3, 2), (4, 3, 3))((1, 0, 1), (2, 0, 1), (3, 0, 1), (3, 1, 1), (4, 0, 1))((0, 4, 1), (1, 4, 1), (1, 4, 2), (2, 4, 1), (3, 4, 1))((0, 1, 1), (1, 1, 0), (1, 1, 1), (1, 1, 2), (1, 1, 3))((0, 3, 3), (1, 3, 2), (1, 3, 3), (2, 3, 3), (3, 3, 3))((0, 3, 1), (1, 3, 1), (2, 3, 0), (2, 3, 1), (3, 3, 1))((0, 2, 3), (1, 2, 3), (2, 1, 3), (2, 2, 3), (3, 2, 3))((1, 2, 0), (2, 1, 0), (2, 2, 0), (3, 2, 0), (4, 2, 0))((1, 2, 1), (2, 1, 1), (2, 2, 1), (3, 2, 1), (4, 2, 1))((1, 2, 2), (2, 0, 2), (2, 1, 2), (2, 2, 2), (2, 3, 2))((0, 1, 2), (0, 2, 1), (0, 2, 2), (0, 3, 2), (0, 4, 2))
121
((0, 0, 0), (0, 0, 1), (0, 0, 2), (0, 0, 3), (1, 0, 2))((0, 0, 4), (0, 1, 3), (0, 1, 4), (0, 2, 4), (0, 3, 4))((0, 4, 4), (1, 4, 4), (2, 3, 4), (2, 4, 4), (3, 4, 4))((3, 4, 2), (4, 4, 1), (4, 4, 2), (4, 4, 3), (4, 4, 4))((4, 0, 4), (4, 1, 4), (4, 2, 3), (4, 2, 4), (4, 3, 4))((1, 0, 4), (1, 1, 4), (1, 2, 4), (1, 3, 4), (2, 2, 4))((1, 0, 3), (2, 0, 3), (2, 0, 4), (3, 0, 3), (4, 0, 3))((2, 1, 4), (3, 0, 4), (3, 1, 4), (3, 2, 4), (3, 3, 4))((4, 0, 2), (4, 1, 0), (4, 1, 1), (4, 1, 2), (4, 1, 3))((1, 4, 0), (2, 4, 0), (3, 3, 0), (3, 4, 0), (4, 4, 0))((1, 0, 0), (2, 0, 0), (3, 0, 0), (3, 1, 0), (4, 0, 0))((0, 1, 0), (0, 2, 0), (0, 3, 0), (0, 4, 0), (1, 3, 0))((0, 4, 3), (1, 4, 3), (2, 4, 2), (2, 4, 3), (3, 4, 3))((3, 0, 2), (3, 1, 2), (3, 1, 3), (3, 2, 2), (3, 3, 2))((4, 2, 2), (4, 3, 0), (4, 3, 1), (4, 3, 2), (4, 3, 3))((1, 0, 1), (2, 0, 1), (3, 0, 1), (3, 1, 1), (4, 0, 1))((0, 4, 1), (1, 4, 1), (1, 4, 2), (2, 4, 1), (3, 4, 1))((0, 1, 1), (1, 1, 0), (1, 1, 1), (1, 1, 2), (1, 1, 3))((0, 3, 3), (1, 3, 2), (1, 3, 3), (2, 3, 3), (3, 3, 3))((1, 2, 0), (2, 2, 0), (2, 3, 0), (3, 2, 0), (4, 2, 0))((2, 0, 2), (2, 1, 0), (2, 1, 1), (2, 1, 2), (2, 1, 3))((0, 3, 1), (1, 3, 1), (2, 3, 1), (2, 3, 2), (3, 3, 1))((1, 2, 1), (2, 2, 1), (2, 2, 2), (3, 2, 1), (4, 2, 1))((0, 1, 2), (0, 2, 1), (0, 2, 2), (0, 3, 2), (0, 4, 2))((0, 2, 3), (1, 2, 2), (1, 2, 3), (2, 2, 3), (3, 2, 3))
122
((0, 0, 0), (0, 0, 1), (0, 0, 2), (0, 0, 3), (1, 0, 2))((0, 0, 4), (0, 1, 3), (0, 1, 4), (0, 2, 4), (0, 3, 4))((0, 4, 4), (1, 4, 4), (2, 3, 4), (2, 4, 4), (3, 4, 4))((3, 4, 2), (4, 4, 1), (4, 4, 2), (4, 4, 3), (4, 4, 4))((4, 0, 4), (4, 1, 4), (4, 2, 3), (4, 2, 4), (4, 3, 4))((1, 0, 4), (1, 1, 4), (1, 2, 4), (1, 3, 4), (2, 2, 4))((1, 0, 3), (2, 0, 3), (2, 0, 4), (3, 0, 3), (4, 0, 3))((2, 1, 4), (3, 0, 4), (3, 1, 4), (3, 2, 4), (3, 3, 4))((4, 0, 2), (4, 1, 0), (4, 1, 1), (4, 1, 2), (4, 1, 3))((1, 4, 0), (2, 4, 0), (3, 3, 0), (3, 4, 0), (4, 4, 0))((1, 0, 0), (2, 0, 0), (3, 0, 0), (3, 1, 0), (4, 0, 0))((0, 1, 0), (0, 2, 0), (0, 3, 0), (0, 4, 0), (1, 3, 0))((0, 4, 3), (1, 4, 3), (2, 4, 2), (2, 4, 3), (3, 4, 3))((3, 0, 2), (3, 1, 2), (3, 1, 3), (3, 2, 2), (3, 3, 2))((4, 2, 2), (4, 3, 0), (4, 3, 1), (4, 3, 2), (4, 3, 3))((1, 0, 1), (2, 0, 1), (3, 0, 1), (3, 1, 1), (4, 0, 1))((0, 4, 1), (1, 4, 1), (1, 4, 2), (2, 4, 1), (3, 4, 1))((0, 1, 1), (1, 1, 0), (1, 1, 1), (1, 1, 2), (1, 1, 3))((0, 3, 3), (1, 3, 3), (2, 3, 2), (2, 3, 3), (3, 3, 3))((2, 0, 2), (2, 1, 0), (2, 1, 1), (2, 1, 2), (2, 1, 3))((0, 2, 3), (1, 2, 2), (1, 2, 3), (2, 2, 3), (3, 2, 3))((1, 2, 1), (2, 2, 1), (2, 2, 2), (3, 2, 1), (4, 2, 1))((1, 2, 0), (2, 2, 0), (2, 3, 0), (3, 2, 0), (4, 2, 0))((0, 3, 1), (1, 3, 1), (1, 3, 2), (2, 3, 1), (3, 3, 1))((0, 1, 2), (0, 2, 1), (0, 2, 2), (0, 3, 2), (0, 4, 2))
123
((0, 0, 0), (0, 0, 1), (0, 0, 2), (0, 0, 3), (1, 0, 2))((0, 0, 4), (0, 1, 3), (0, 1, 4), (0, 2, 4), (0, 3, 4))((0, 4, 4), (1, 4, 4), (2, 3, 4), (2, 4, 4), (3, 4, 4))((3, 4, 2), (4, 4, 1), (4, 4, 2), (4, 4, 3), (4, 4, 4))((4, 0, 4), (4, 1, 4), (4, 2, 3), (4, 2, 4), (4, 3, 4))((1, 0, 4), (1, 1, 4), (1, 2, 4), (1, 3, 4), (2, 2, 4))((1, 0, 3), (2, 0, 3), (2, 0, 4), (3, 0, 3), (4, 0, 3))((2, 1, 4), (3, 0, 4), (3, 1, 4), (3, 2, 4), (3, 3, 4))((4, 0, 2), (4, 1, 0), (4, 1, 1), (4, 1, 2), (4, 1, 3))((1, 4, 0), (2, 4, 0), (3, 3, 0), (3, 4, 0), (4, 4, 0))((1, 0, 0), (2, 0, 0), (3, 0, 0), (3, 1, 0), (4, 0, 0))((0, 1, 0), (0, 2, 0), (0, 3, 0), (0, 4, 0), (1, 3, 0))((0, 4, 3), (1, 4, 3), (2, 4, 2), (2, 4, 3), (3, 4, 3))((3, 0, 2), (3, 1, 2), (3, 1, 3), (3, 2, 2), (3, 3, 2))((4, 2, 2), (4, 3, 0), (4, 3, 1), (4, 3, 2), (4, 3, 3))((1, 0, 1), (2, 0, 1), (2, 0, 2), (3, 0, 1), (4, 0, 1))((1, 2, 0), (2, 2, 0), (2, 3, 0), (3, 2, 0), (4, 2, 0))((0, 3, 3), (1, 3, 2), (1, 3, 3), (2, 3, 3), (3, 3, 3))((0, 4, 1), (1, 4, 1), (1, 4, 2), (2, 4, 1), (3, 4, 1))((0, 3, 1), (1, 3, 1), (2, 3, 1), (2, 3, 2), (3, 3, 1))((1, 2, 1), (2, 2, 1), (3, 1, 1), (3, 2, 1), (4, 2, 1))((0, 1, 2), (0, 2, 1), (0, 2, 2), (0, 3, 2), (0, 4, 2))((0, 1, 1), (1, 1, 0), (1, 1, 1), (1, 1, 2), (1, 1, 3))((0, 2, 3), (1, 2, 2), (1, 2, 3), (2, 2, 3), (3, 2, 3))((2, 1, 0), (2, 1, 1), (2, 1, 2), (2, 1, 3), (2, 2, 2))
124
((0, 0, 0), (0, 0, 1), (0, 0, 2), (0, 0, 3), (1, 0, 2))((0, 0, 4), (0, 1, 3), (0, 1, 4), (0, 2, 4), (0, 3, 4))((0, 4, 4), (1, 4, 4), (2, 3, 4), (2, 4, 4), (3, 4, 4))((3, 4, 2), (4, 4, 1), (4, 4, 2), (4, 4, 3), (4, 4, 4))((4, 0, 4), (4, 1, 4), (4, 2, 3), (4, 2, 4), (4, 3, 4))((1, 0, 4), (1, 1, 4), (1, 2, 4), (1, 3, 4), (2, 2, 4))((1, 0, 3), (2, 0, 3), (2, 0, 4), (3, 0, 3), (4, 0, 3))((2, 1, 4), (3, 0, 4), (3, 1, 4), (3, 2, 4), (3, 3, 4))((4, 0, 2), (4, 1, 0), (4, 1, 1), (4, 1, 2), (4, 1, 3))((1, 4, 0), (2, 4, 0), (3, 3, 0), (3, 4, 0), (4, 4, 0))((1, 0, 0), (2, 0, 0), (3, 0, 0), (3, 1, 0), (4, 0, 0))((0, 1, 0), (0, 2, 0), (0, 3, 0), (0, 4, 0), (1, 3, 0))((0, 4, 3), (1, 4, 3), (2, 4, 2), (2, 4, 3), (3, 4, 3))((3, 0, 2), (3, 1, 2), (3, 1, 3), (3, 2, 2), (3, 3, 2))((4, 2, 2), (4, 3, 0), (4, 3, 1), (4, 3, 2), (4, 3, 3))((1, 0, 1), (2, 0, 1), (2, 0, 2), (3, 0, 1), (4, 0, 1))((1, 2, 0), (2, 2, 0), (2, 3, 0), (3, 2, 0), (4, 2, 0))((0, 3, 3), (1, 3, 2), (1, 3, 3), (2, 3, 3), (3, 3, 3))((0, 4, 1), (1, 4, 1), (1, 4, 2), (2, 4, 1), (3, 4, 1))((0, 3, 1), (1, 3, 1), (2, 3, 1), (2, 3, 2), (3, 3, 1))((1, 2, 1), (2, 2, 1), (2, 2, 2), (3, 2, 1), (4, 2, 1))((0, 1, 2), (0, 2, 1), (0, 2, 2), (0, 3, 2), (0, 4, 2))((0, 2, 3), (1, 2, 2), (1, 2, 3), (2, 2, 3), (3, 2, 3))((2, 1, 0), (2, 1, 1), (2, 1, 2), (2, 1, 3), (3, 1, 1))((0, 1, 1), (1, 1, 0), (1, 1, 1), (1, 1, 2), (1, 1, 3))
125
((0, 0, 0), (0, 0, 1), (0, 0, 2), (0, 0, 3), (1, 0, 2))((0, 0, 4), (0, 1, 3), (0, 1, 4), (0, 2, 4), (0, 3, 4))((0, 4, 4), (1, 4, 4), (2, 3, 4), (2, 4, 4), (3, 4, 4))((3, 4, 2), (4, 4, 1), (4, 4, 2), (4, 4, 3), (4, 4, 4))((4, 0, 4), (4, 1, 4), (4, 2, 3), (4, 2, 4), (4, 3, 4))((1, 0, 4), (1, 1, 4), (1, 2, 4), (1, 3, 4), (2, 2, 4))((1, 0, 3), (2, 0, 3), (2, 0, 4), (3, 0, 3), (4, 0, 3))((2, 1, 4), (3, 0, 4), (3, 1, 4), (3, 2, 4), (3, 3, 4))((4, 0, 2), (4, 1, 0), (4, 1, 1), (4, 1, 2), (4, 1, 3))((1, 4, 0), (2, 4, 0), (3, 3, 0), (3, 4, 0), (4, 4, 0))((1, 0, 0), (2, 0, 0), (3, 0, 0), (3, 1, 0), (4, 0, 0))((0, 1, 0), (0, 2, 0), (0, 3, 0), (0, 4, 0), (1, 3, 0))((0, 4, 3), (1, 4, 3), (2, 4, 2), (2, 4, 3), (3, 4, 3))((3, 0, 2), (3, 1, 2), (3, 1, 3), (3, 2, 2), (3, 3, 2))((4, 2, 2), (4, 3, 0), (4, 3, 1), (4, 3, 2), (4, 3, 3))((1, 0, 1), (2, 0, 1), (2, 0, 2), (3, 0, 1), (4, 0, 1))((1, 2, 0), (2, 2, 0), (2, 3, 0), (3, 2, 0), (4, 2, 0))((0, 3, 3), (1, 3, 3), (2, 3, 2), (2, 3, 3), (3, 3, 3))((0, 2, 3), (1, 2, 2), (1, 2, 3), (2, 2, 3), (3, 2, 3))((0, 4, 1), (1, 4, 1), (1, 4, 2), (2, 4, 1), (3, 4, 1))((0, 3, 1), (1, 3, 1), (1, 3, 2), (2, 3, 1), (3, 3, 1))((0, 1, 2), (0, 2, 1), (0, 2, 2), (0, 3, 2), (0, 4, 2))((2, 1, 0), (2, 1, 1), (2, 1, 2), (2, 1, 3), (2, 2, 2))((0, 1, 1), (1, 1, 0), (1, 1, 1), (1, 1, 2), (1, 1, 3))((1, 2, 1), (2, 2, 1), (3, 1, 1), (3, 2, 1), (4, 2, 1))
126
((0, 0, 0), (0, 0, 1), (0, 0, 2), (0, 0, 3), (1, 0, 2))((0, 0, 4), (0, 1, 3), (0, 1, 4), (0, 2, 4), (0, 3, 4))((0, 4, 4), (1, 4, 4), (2, 3, 4), (2, 4, 4), (3, 4, 4))((3, 4, 2), (4, 4, 1), (4, 4, 2), (4, 4, 3), (4, 4, 4))((4, 0, 4), (4, 1, 4), (4, 2, 3), (4, 2, 4), (4, 3, 4))((1, 0, 4), (1, 1, 4), (1, 2, 4), (1, 3, 4), (2, 2, 4))((1, 0, 3), (2, 0, 3), (2, 0, 4), (3, 0, 3), (4, 0, 3))((2, 1, 4), (3, 0, 4), (3, 1, 4), (3, 2, 4), (3, 3, 4))((4, 0, 2), (4, 1, 0), (4, 1, 1), (4, 1, 2), (4, 1, 3))((1, 4, 0), (2, 4, 0), (3, 3, 0), (3, 4, 0), (4, 4, 0))((1, 0, 0), (2, 0, 0), (3, 0, 0), (3, 1, 0), (4, 0, 0))((0, 1, 0), (0, 2, 0), (0, 3, 0), (0, 4, 0), (1, 3, 0))((0, 4, 3), (1, 4, 3), (2, 4, 2), (2, 4, 3), (3, 4, 3))((3, 0, 2), (3, 1, 2), (3, 1, 3), (3, 2, 2), (3, 3, 2))((4, 2, 2), (4, 3, 0), (4, 3, 1), (4, 3, 2), (4, 3, 3))((1, 0, 1), (2, 0, 1), (2, 0, 2), (3, 0, 1), (4, 0, 1))((1, 2, 0), (2, 2, 0), (2, 3, 0), (3, 2, 0), (4, 2, 0))((0, 3, 3), (1, 3, 3), (2, 3, 2), (2, 3, 3), (3, 3, 3))((0, 2, 3), (1, 2, 2), (1, 2, 3), (2, 2, 3), (3, 2, 3))((0, 4, 1), (1, 4, 1), (1, 4, 2), (2, 4, 1), (3, 4, 1))((0, 3, 1), (1, 3, 1), (1, 3, 2), (2, 3, 1), (3, 3, 1))((0, 1, 2), (0, 2, 1), (0, 2, 2), (0, 3, 2), (0, 4, 2))((1, 2, 1), (2, 2, 1), (2, 2, 2), (3, 2, 1), (4, 2, 1))((0, 1, 1), (1, 1, 0), (1, 1, 1), (1, 1, 2), (1, 1, 3))((2, 1, 0), (2, 1, 1), (2, 1, 2), (2, 1, 3), (3, 1, 1))
127
((0, 0, 0), (0, 0, 1), (0, 0, 2), (0, 0, 3), (1, 0, 2))((0, 0, 4), (0, 1, 3), (0, 1, 4), (0, 2, 4), (0, 3, 4))((0, 4, 4), (1, 4, 4), (2, 3, 4), (2, 4, 4), (3, 4, 4))((3, 4, 2), (4, 4, 1), (4, 4, 2), (4, 4, 3), (4, 4, 4))((4, 0, 4), (4, 1, 4), (4, 2, 3), (4, 2, 4), (4, 3, 4))((1, 0, 4), (1, 1, 4), (1, 2, 4), (1, 3, 4), (2, 2, 4))((1, 0, 3), (2, 0, 3), (2, 0, 4), (3, 0, 3), (4, 0, 3))((2, 1, 4), (3, 0, 4), (3, 1, 4), (3, 2, 4), (3, 3, 4))((4, 0, 2), (4, 1, 0), (4, 1, 1), (4, 1, 2), (4, 1, 3))((1, 4, 0), (2, 4, 0), (3, 3, 0), (3, 4, 0), (4, 4, 0))((1, 0, 0), (2, 0, 0), (3, 0, 0), (3, 1, 0), (4, 0, 0))((0, 1, 0), (0, 2, 0), (0, 3, 0), (0, 4, 0), (1, 3, 0))((0, 4, 3), (1, 4, 3), (2, 4, 2), (2, 4, 3), (3, 4, 3))((3, 0, 2), (3, 1, 2), (3, 1, 3), (3, 2, 2), (3, 3, 2))((4, 2, 2), (4, 3, 0), (4, 3, 1), (4, 3, 2), (4, 3, 3))((1, 0, 1), (2, 0, 1), (2, 1, 1), (3, 0, 1), (4, 0, 1))((1, 2, 0), (2, 1, 0), (2, 2, 0), (3, 2, 0), (4, 2, 0))((0, 2, 3), (1, 2, 3), (2, 1, 3), (2, 2, 3), (3, 2, 3))((0, 3, 3), (1, 3, 2), (1, 3, 3), (2, 3, 3), (3, 3, 3))((0, 4, 1), (1, 4, 1), (1, 4, 2), (2, 4, 1), (3, 4, 1))((0, 1, 1), (1, 1, 0), (1, 1, 1), (1, 1, 2), (1, 1, 3))((0, 3, 1), (1, 3, 1), (2, 3, 0), (2, 3, 1), (3, 3, 1))((1, 2, 1), (2, 2, 1), (3, 1, 1), (3, 2, 1), (4, 2, 1))((0, 1, 2), (0, 2, 1), (0, 2, 2), (0, 3, 2), (0, 4, 2))((1, 2, 2), (2, 0, 2), (2, 1, 2), (2, 2, 2), (2, 3, 2))
128
((0, 0, 0), (0, 0, 1), (0, 0, 2), (0, 0, 3), (1, 0, 2))((0, 0, 4), (0, 1, 3), (0, 1, 4), (0, 2, 4), (0, 3, 4))((0, 4, 4), (1, 4, 4), (2, 3, 4), (2, 4, 4), (3, 4, 4))((3, 4, 2), (4, 4, 1), (4, 4, 2), (4, 4, 3), (4, 4, 4))((4, 0, 4), (4, 1, 4), (4, 2, 3), (4, 2, 4), (4, 3, 4))((1, 0, 4), (1, 1, 4), (1, 2, 4), (1, 3, 4), (2, 2, 4))((1, 0, 3), (2, 0, 3), (2, 0, 4), (3, 0, 3), (4, 0, 3))((2, 1, 4), (3, 0, 4), (3, 1, 4), (3, 2, 4), (3, 3, 4))((4, 0, 2), (4, 1, 0), (4, 1, 1), (4, 1, 2), (4, 1, 3))((1, 4, 0), (2, 4, 0), (3, 3, 0), (3, 4, 0), (4, 4, 0))((1, 0, 0), (2, 0, 0), (3, 0, 0), (3, 1, 0), (4, 0, 0))((0, 1, 0), (0, 2, 0), (0, 3, 0), (0, 4, 0), (1, 3, 0))((0, 4, 3), (1, 4, 3), (2, 4, 2), (2, 4, 3), (3, 4, 3))((3, 0, 2), (3, 1, 2), (3, 1, 3), (3, 2, 2), (3, 3, 2))((4, 2, 2), (4, 3, 0), (4, 3, 1), (4, 3, 2), (4, 3, 3))((1, 0, 1), (2, 0, 1), (2, 1, 1), (3, 0, 1), (4, 0, 1))((1, 2, 0), (2, 1, 0), (2, 2, 0), (3, 2, 0), (4, 2, 0))((2, 0, 2), (2, 1, 2), (2, 1, 3), (2, 2, 2), (2, 3, 2))((0, 3, 1), (1, 3, 1), (2, 3, 0), (2, 3, 1), (3, 3, 1))((1, 2, 1), (2, 2, 1), (3, 1, 1), (3, 2, 1), (4, 2, 1))((0, 1, 2), (0, 2, 1), (0, 2, 2), (0, 3, 2), (0, 4, 2))((0, 1, 1), (1, 1, 0), (1, 1, 1), (1, 1, 2), (1, 1, 3))((0, 2, 3), (1, 2, 2), (1, 2, 3), (2, 2, 3), (3, 2, 3))((0, 4, 1), (1, 4, 1), (1, 4, 2), (2, 4, 1), (3, 4, 1))((0, 3, 3), (1, 3, 2), (1, 3, 3), (2, 3, 3), (3, 3, 3))
129
((0, 0, 0), (0, 0, 1), (0, 0, 2), (0, 0, 3), (1, 0, 2))((0, 0, 4), (0, 1, 3), (0, 1, 4), (0, 2, 4), (0, 3, 4))((0, 4, 4), (1, 4, 4), (2, 3, 4), (2, 4, 4), (3, 4, 4))((3, 4, 2), (4, 4, 1), (4, 4, 2), (4, 4, 3), (4, 4, 4))((4, 0, 4), (4, 1, 4), (4, 2, 3), (4, 2, 4), (4, 3, 4))((1, 0, 4), (1, 1, 4), (1, 2, 4), (1, 3, 4), (2, 2, 4))((1, 0, 3), (2, 0, 3), (2, 0, 4), (3, 0, 3), (4, 0, 3))((2, 1, 4), (3, 0, 4), (3, 1, 4), (3, 2, 4), (3, 3, 4))((4, 0, 2), (4, 1, 0), (4, 1, 1), (4, 1, 2), (4, 1, 3))((1, 4, 0), (2, 4, 0), (3, 3, 0), (3, 4, 0), (4, 4, 0))((1, 0, 0), (2, 0, 0), (2, 1, 0), (3, 0, 0), (4, 0, 0))((1, 2, 0), (2, 2, 0), (2, 3, 0), (3, 2, 0), (4, 2, 0))((0, 1, 0), (0, 2, 0), (0, 2, 1), (0, 3, 0), (0, 4, 0))((1, 0, 1), (2, 0, 1), (2, 0, 2), (3, 0, 1), (4, 0, 1))((0, 4, 1), (1, 4, 1), (2, 4, 1), (2, 4, 2), (3, 4, 1))((0, 4, 3), (1, 4, 2), (1, 4, 3), (2, 4, 3), (3, 4, 3))((0, 2, 3), (1, 2, 3), (2, 1, 3), (2, 2, 3), (3, 2, 3))((0, 3, 3), (1, 3, 3), (2, 3, 2), (2, 3, 3), (3, 3, 3))((0, 3, 1), (1, 3, 0), (1, 3, 1), (2, 3, 1), (3, 3, 1))((0, 1, 2), (0, 2, 2), (0, 3, 2), (0, 4, 2), (1, 3, 2))((3, 3, 2), (4, 3, 0), (4, 3, 1), (4, 3, 2), (4, 3, 3))((3, 0, 2), (3, 1, 0), (3, 1, 1), (3, 1, 2), (3, 1, 3))((0, 1, 1), (1, 1, 0), (1, 1, 1), (1, 1, 2), (1, 1, 3))((1, 2, 2), (2, 1, 2), (2, 2, 2), (3, 2, 2), (4, 2, 2))((1, 2, 1), (2, 1, 1), (2, 2, 1), (3, 2, 1), (4, 2, 1))
130
((0, 0, 0), (0, 0, 1), (0, 0, 2), (0, 0, 3), (1, 0, 2))((0, 0, 4), (0, 1, 3), (0, 1, 4), (0, 2, 4), (0, 3, 4))((0, 4, 4), (1, 4, 4), (2, 3, 4), (2, 4, 4), (3, 4, 4))((3, 4, 2), (4, 4, 1), (4, 4, 2), (4, 4, 3), (4, 4, 4))((4, 0, 4), (4, 1, 4), (4, 2, 3), (4, 2, 4), (4, 3, 4))((1, 0, 4), (1, 1, 4), (1, 2, 4), (1, 3, 4), (2, 2, 4))((1, 0, 3), (2, 0, 3), (2, 0, 4), (3, 0, 3), (4, 0, 3))((2, 1, 4), (3, 0, 4), (3, 1, 4), (3, 2, 4), (3, 3, 4))((4, 0, 2), (4, 1, 0), (4, 1, 1), (4, 1, 2), (4, 1, 3))((1, 4, 0), (2, 4, 0), (3, 3, 0), (3, 4, 0), (4, 4, 0))((1, 0, 0), (2, 0, 0), (2, 1, 0), (3, 0, 0), (4, 0, 0))((1, 2, 0), (2, 2, 0), (2, 3, 0), (3, 2, 0), (4, 2, 0))((0, 1, 0), (0, 2, 0), (0, 2, 1), (0, 3, 0), (0, 4, 0))((1, 0, 1), (2, 0, 1), (2, 0, 2), (3, 0, 1), (4, 0, 1))((0, 4, 1), (1, 4, 1), (1, 4, 2), (2, 4, 1), (3, 4, 1))((0, 4, 3), (1, 4, 3), (2, 4, 2), (2, 4, 3), (3, 4, 3))((0, 2, 3), (1, 2, 3), (2, 1, 3), (2, 2, 3), (3, 2, 3))((0, 3, 3), (1, 3, 3), (2, 3, 2), (2, 3, 3), (3, 3, 3))((0, 3, 1), (1, 3, 0), (1, 3, 1), (2, 3, 1), (3, 3, 1))((0, 1, 2), (0, 2, 2), (0, 3, 2), (0, 4, 2), (1, 3, 2))((3, 3, 2), (4, 3, 0), (4, 3, 1), (4, 3, 2), (4, 3, 3))((3, 0, 2), (3, 1, 0), (3, 1, 1), (3, 1, 2), (3, 1, 3))((0, 1, 1), (1, 1, 0), (1, 1, 1), (1, 1, 2), (1, 1, 3))((1, 2, 2), (2, 1, 2), (2, 2, 2), (3, 2, 2), (4, 2, 2))((1, 2, 1), (2, 1, 1), (2, 2, 1), (3, 2, 1), (4, 2, 1))
131
((0, 0, 0), (0, 0, 1), (0, 0, 2), (0, 0, 3), (1, 0, 2))((0, 0, 4), (0, 1, 3), (0, 1, 4), (0, 2, 4), (0, 3, 4))((0, 4, 4), (1, 4, 4), (2, 3, 4), (2, 4, 4), (3, 4, 4))((3, 4, 2), (4, 4, 1), (4, 4, 2), (4, 4, 3), (4, 4, 4))((4, 0, 4), (4, 1, 4), (4, 2, 3), (4, 2, 4), (4, 3, 4))((1, 0, 4), (1, 1, 4), (1, 2, 4), (1, 3, 4), (2, 2, 4))((1, 0, 3), (2, 0, 3), (2, 0, 4), (3, 0, 3), (4, 0, 3))((2, 1, 4), (3, 0, 4), (3, 1, 4), (3, 2, 4), (3, 3, 4))((4, 0, 2), (4, 1, 0), (4, 1, 1), (4, 1, 2), (4, 1, 3))((1, 4, 0), (2, 4, 0), (3, 3, 0), (3, 4, 0), (4, 4, 0))((1, 0, 0), (2, 0, 0), (2, 1, 0), (3, 0, 0), (4, 0, 0))((1, 2, 0), (2, 2, 0), (2, 3, 0), (3, 2, 0), (4, 2, 0))((0, 1, 0), (0, 2, 0), (0, 3, 0), (0, 4, 0), (1, 3, 0))((0, 4, 3), (1, 4, 2), (1, 4, 3), (2, 4, 3), (3, 4, 3))((0, 2, 3), (1, 2, 3), (2, 1, 3), (2, 2, 3), (3, 2, 3))((0, 3, 3), (1, 3, 2), (1, 3, 3), (2, 3, 3), (3, 3, 3))((0, 1, 2), (0, 2, 1), (0, 2, 2), (0, 3, 2), (0, 4, 2))((0, 4, 1), (1, 4, 1), (2, 4, 1), (2, 4, 2), (3, 4, 1))((0, 3, 1), (1, 3, 1), (2, 3, 1), (2, 3, 2), (3, 3, 1))((1, 0, 1), (2, 0, 1), (2, 0, 2), (3, 0, 1), (4, 0, 1))((3, 3, 2), (4, 3, 0), (4, 3, 1), (4, 3, 2), (4, 3, 3))((3, 0, 2), (3, 1, 0), (3, 1, 1), (3, 1, 2), (3, 1, 3))((0, 1, 1), (1, 1, 0), (1, 1, 1), (1, 1, 2), (1, 1, 3))((1, 2, 2), (2, 1, 2), (2, 2, 2), (3, 2, 2), (4, 2, 2))((1, 2, 1), (2, 1, 1), (2, 2, 1), (3, 2, 1), (4, 2, 1))
132
((0, 0, 0), (0, 0, 1), (0, 0, 2), (0, 0, 3), (1, 0, 2))((0, 0, 4), (0, 1, 3), (0, 1, 4), (0, 2, 4), (0, 3, 4))((0, 4, 4), (1, 4, 4), (2, 3, 4), (2, 4, 4), (3, 4, 4))((3, 4, 2), (4, 4, 1), (4, 4, 2), (4, 4, 3), (4, 4, 4))((4, 0, 4), (4, 1, 4), (4, 2, 3), (4, 2, 4), (4, 3, 4))((1, 0, 4), (1, 1, 4), (1, 2, 4), (1, 3, 4), (2, 2, 4))((1, 0, 3), (2, 0, 3), (2, 0, 4), (3, 0, 3), (4, 0, 3))((2, 1, 4), (3, 0, 4), (3, 1, 4), (3, 2, 4), (3, 3, 4))((4, 0, 2), (4, 1, 0), (4, 1, 1), (4, 1, 2), (4, 1, 3))((1, 4, 0), (2, 4, 0), (3, 3, 0), (3, 4, 0), (4, 4, 0))((1, 0, 0), (2, 0, 0), (2, 1, 0), (3, 0, 0), (4, 0, 0))((1, 2, 0), (2, 2, 0), (2, 3, 0), (3, 2, 0), (4, 2, 0))((0, 1, 0), (0, 2, 0), (0, 3, 0), (0, 4, 0), (1, 3, 0))((0, 4, 3), (1, 4, 2), (1, 4, 3), (2, 4, 3), (3, 4, 3))((0, 2, 3), (1, 2, 3), (2, 1, 3), (2, 2, 3), (3, 2, 3))((0, 3, 3), (1, 3, 3), (2, 3, 2), (2, 3, 3), (3, 3, 3))((0, 4, 1), (1, 4, 1), (2, 4, 1), (2, 4, 2), (3, 4, 1))((1, 0, 1), (2, 0, 1), (2, 0, 2), (3, 0, 1), (4, 0, 1))((0, 3, 1), (1, 3, 1), (1, 3, 2), (2, 3, 1), (3, 3, 1))((0, 1, 2), (0, 2, 1), (0, 2, 2), (0, 3, 2), (0, 4, 2))((3, 3, 2), (4, 3, 0), (4, 3, 1), (4, 3, 2), (4, 3, 3))((3, 0, 2), (3, 1, 0), (3, 1, 1), (3, 1, 2), (3, 1, 3))((0, 1, 1), (1, 1, 0), (1, 1, 1), (1, 1, 2), (1, 1, 3))((1, 2, 2), (2, 1, 2), (2, 2, 2), (3, 2, 2), (4, 2, 2))((1, 2, 1), (2, 1, 1), (2, 2, 1), (3, 2, 1), (4, 2, 1))
133
((0, 0, 0), (0, 0, 1), (0, 0, 2), (0, 0, 3), (1, 0, 2))((0, 0, 4), (0, 1, 3), (0, 1, 4), (0, 2, 4), (0, 3, 4))((0, 4, 4), (1, 4, 4), (2, 3, 4), (2, 4, 4), (3, 4, 4))((3, 4, 2), (4, 4, 1), (4, 4, 2), (4, 4, 3), (4, 4, 4))((4, 0, 4), (4, 1, 4), (4, 2, 3), (4, 2, 4), (4, 3, 4))((1, 0, 4), (1, 1, 4), (1, 2, 4), (1, 3, 4), (2, 2, 4))((1, 0, 3), (2, 0, 3), (2, 0, 4), (3, 0, 3), (4, 0, 3))((2, 1, 4), (3, 0, 4), (3, 1, 4), (3, 2, 4), (3, 3, 4))((4, 0, 2), (4, 1, 0), (4, 1, 1), (4, 1, 2), (4, 1, 3))((1, 4, 0), (2, 4, 0), (3, 3, 0), (3, 4, 0), (4, 4, 0))((1, 0, 0), (2, 0, 0), (2, 1, 0), (3, 0, 0), (4, 0, 0))((1, 2, 0), (2, 2, 0), (2, 3, 0), (3, 2, 0), (4, 2, 0))((0, 1, 0), (0, 2, 0), (0, 3, 0), (0, 4, 0), (1, 3, 0))((0, 4, 3), (1, 4, 3), (2, 4, 2), (2, 4, 3), (3, 4, 3))((0, 2, 3), (1, 2, 3), (2, 1, 3), (2, 2, 3), (3, 2, 3))((0, 3, 3), (1, 3, 2), (1, 3, 3), (2, 3, 3), (3, 3, 3))((0, 4, 1), (1, 4, 1), (1, 4, 2), (2, 4, 1), (3, 4, 1))((0, 1, 2), (0, 2, 1), (0, 2, 2), (0, 3, 2), (0, 4, 2))((0, 3, 1), (1, 3, 1), (2, 3, 1), (2, 3, 2), (3, 3, 1))((1, 0, 1), (2, 0, 1), (2, 0, 2), (3, 0, 1), (4, 0, 1))((3, 3, 2), (4, 3, 0), (4, 3, 1), (4, 3, 2), (4, 3, 3))((3, 0, 2), (3, 1, 0), (3, 1, 1), (3, 1, 2), (3, 1, 3))((0, 1, 1), (1, 1, 0), (1, 1, 1), (1, 1, 2), (1, 1, 3))((1, 2, 2), (2, 1, 2), (2, 2, 2), (3, 2, 2), (4, 2, 2))((1, 2, 1), (2, 1, 1), (2, 2, 1), (3, 2, 1), (4, 2, 1))
134
((0, 0, 0), (0, 0, 1), (0, 0, 2), (0, 0, 3), (1, 0, 2))((0, 0, 4), (0, 1, 3), (0, 1, 4), (0, 2, 4), (0, 3, 4))((0, 4, 4), (1, 4, 4), (2, 3, 4), (2, 4, 4), (3, 4, 4))((3, 4, 2), (4, 4, 1), (4, 4, 2), (4, 4, 3), (4, 4, 4))((4, 0, 4), (4, 1, 4), (4, 2, 3), (4, 2, 4), (4, 3, 4))((1, 0, 4), (1, 1, 4), (1, 2, 4), (1, 3, 4), (2, 2, 4))((1, 0, 3), (2, 0, 3), (2, 0, 4), (3, 0, 3), (4, 0, 3))((2, 1, 4), (3, 0, 4), (3, 1, 4), (3, 2, 4), (3, 3, 4))((4, 0, 2), (4, 1, 0), (4, 1, 1), (4, 1, 2), (4, 1, 3))((1, 4, 0), (2, 4, 0), (3, 3, 0), (3, 4, 0), (4, 4, 0))((1, 0, 0), (2, 0, 0), (2, 1, 0), (3, 0, 0), (4, 0, 0))((1, 2, 0), (2, 2, 0), (2, 3, 0), (3, 2, 0), (4, 2, 0))((0, 1, 0), (0, 2, 0), (0, 3, 0), (0, 4, 0), (1, 3, 0))((0, 4, 3), (1, 4, 3), (2, 4, 2), (2, 4, 3), (3, 4, 3))((0, 2, 3), (1, 2, 3), (2, 1, 3), (2, 2, 3), (3, 2, 3))((0, 3, 3), (1, 3, 3), (2, 3, 2), (2, 3, 3), (3, 3, 3))((1, 0, 1), (2, 0, 1), (2, 0, 2), (3, 0, 1), (4, 0, 1))((3, 3, 2), (4, 3, 0), (4, 3, 1), (4, 3, 2), (4, 3, 3))((3, 0, 2), (3, 1, 0), (3, 1, 1), (3, 1, 2), (3, 1, 3))((1, 2, 2), (2, 1, 2), (2, 2, 2), (3, 2, 2), (4, 2, 2))((0, 4, 1), (1, 4, 1), (1, 4, 2), (2, 4, 1), (3, 4, 1))((0, 1, 1), (1, 1, 0), (1, 1, 1), (1, 1, 2), (1, 1, 3))((1, 2, 1), (2, 1, 1), (2, 2, 1), (3, 2, 1), (4, 2, 1))((0, 3, 1), (1, 3, 1), (1, 3, 2), (2, 3, 1), (3, 3, 1))((0, 1, 2), (0, 2, 1), (0, 2, 2), (0, 3, 2), (0, 4, 2))
135
((0, 0, 0), (0, 0, 1), (0, 0, 2), (0, 0, 3), (1, 0, 2))((0, 0, 4), (0, 1, 3), (0, 1, 4), (0, 2, 4), (0, 3, 4))((0, 4, 4), (1, 4, 4), (2, 3, 4), (2, 4, 4), (3, 4, 4))((3, 4, 2), (4, 4, 1), (4, 4, 2), (4, 4, 3), (4, 4, 4))((4, 0, 4), (4, 1, 4), (4, 2, 3), (4, 2, 4), (4, 3, 4))((1, 0, 4), (1, 1, 4), (1, 2, 4), (1, 3, 4), (2, 2, 4))((1, 0, 3), (2, 0, 3), (2, 0, 4), (3, 0, 3), (4, 0, 3))((2, 1, 4), (3, 0, 4), (3, 1, 4), (3, 2, 4), (3, 3, 4))((4, 0, 2), (4, 1, 0), (4, 1, 1), (4, 1, 2), (4, 1, 3))((1, 4, 0), (2, 4, 0), (3, 3, 0), (3, 4, 0), (4, 4, 0))((1, 0, 0), (2, 0, 0), (2, 1, 0), (3, 0, 0), (4, 0, 0))((1, 2, 0), (2, 2, 0), (3, 1, 0), (3, 2, 0), (4, 2, 0))((0, 1, 0), (0, 2, 0), (0, 3, 0), (0, 4, 0), (1, 3, 0))((4, 2, 2), (4, 3, 0), (4, 3, 1), (4, 3, 2), (4, 3, 3))((1, 0, 1), (2, 0, 1), (3, 0, 1), (3, 1, 1), (4, 0, 1))((0, 4, 1), (1, 4, 1), (2, 4, 1), (2, 4, 2), (3, 4, 1))((0, 1, 1), (1, 1, 0), (1, 1, 1), (1, 1, 2), (1, 1, 3))((0, 4, 3), (1, 4, 2), (1, 4, 3), (2, 4, 3), (3, 4, 3))((3, 0, 2), (3, 1, 2), (3, 1, 3), (3, 2, 2), (3, 3, 2))((0, 2, 3), (1, 2, 3), (2, 1, 3), (2, 2, 3), (3, 2, 3))((0, 3, 3), (1, 3, 2), (1, 3, 3), (2, 3, 3), (3, 3, 3))((0, 3, 1), (1, 3, 1), (2, 3, 0), (2, 3, 1), (3, 3, 1))((0, 1, 2), (0, 2, 1), (0, 2, 2), (0, 3, 2), (0, 4, 2))((1, 2, 2), (2, 0, 2), (2, 1, 2), (2, 2, 2), (2, 3, 2))((1, 2, 1), (2, 1, 1), (2, 2, 1), (3, 2, 1), (4, 2, 1))
136
((0, 0, 0), (0, 0, 1), (0, 0, 2), (0, 0, 3), (1, 0, 2))((0, 0, 4), (0, 1, 3), (0, 1, 4), (0, 2, 4), (0, 3, 4))((0, 4, 4), (1, 4, 4), (2, 3, 4), (2, 4, 4), (3, 4, 4))((3, 4, 2), (4, 4, 1), (4, 4, 2), (4, 4, 3), (4, 4, 4))((4, 0, 4), (4, 1, 4), (4, 2, 3), (4, 2, 4), (4, 3, 4))((1, 0, 4), (1, 1, 4), (1, 2, 4), (1, 3, 4), (2, 2, 4))((1, 0, 3), (2, 0, 3), (2, 0, 4), (3, 0, 3), (4, 0, 3))((2, 1, 4), (3, 0, 4), (3, 1, 4), (3, 2, 4), (3, 3, 4))((4, 0, 2), (4, 1, 0), (4, 1, 1), (4, 1, 2), (4, 1, 3))((1, 4, 0), (2, 4, 0), (3, 3, 0), (3, 4, 0), (4, 4, 0))((1, 0, 0), (2, 0, 0), (2, 1, 0), (3, 0, 0), (4, 0, 0))((1, 2, 0), (2, 2, 0), (3, 1, 0), (3, 2, 0), (4, 2, 0))((0, 1, 0), (0, 2, 0), (0, 3, 0), (0, 4, 0), (1, 3, 0))((4, 2, 2), (4, 3, 0), (4, 3, 1), (4, 3, 2), (4, 3, 3))((1, 0, 1), (2, 0, 1), (3, 0, 1), (3, 1, 1), (4, 0, 1))((0, 4, 1), (1, 4, 1), (2, 4, 1), (2, 4, 2), (3, 4, 1))((0, 1, 1), (1, 1, 0), (1, 1, 1), (1, 1, 2), (1, 1, 3))((0, 4, 3), (1, 4, 2), (1, 4, 3), (2, 4, 3), (3, 4, 3))((3, 0, 2), (3, 1, 2), (3, 1, 3), (3, 2, 2), (3, 3, 2))((2, 0, 2), (2, 1, 2), (2, 1, 3), (2, 2, 2), (2, 3, 2))((0, 3, 1), (1, 3, 1), (2, 3, 0), (2, 3, 1), (3, 3, 1))((1, 2, 1), (2, 1, 1), (2, 2, 1), (3, 2, 1), (4, 2, 1))((0, 1, 2), (0, 2, 1), (0, 2, 2), (0, 3, 2), (0, 4, 2))((0, 2, 3), (1, 2, 2), (1, 2, 3), (2, 2, 3), (3, 2, 3))((0, 3, 3), (1, 3, 2), (1, 3, 3), (2, 3, 3), (3, 3, 3))
137
((0, 0, 0), (0, 0, 1), (0, 0, 2), (0, 0, 3), (1, 0, 2))((0, 0, 4), (0, 1, 3), (0, 1, 4), (0, 2, 4), (0, 3, 4))((0, 4, 4), (1, 4, 4), (2, 3, 4), (2, 4, 4), (3, 4, 4))((3, 4, 2), (4, 4, 1), (4, 4, 2), (4, 4, 3), (4, 4, 4))((4, 0, 4), (4, 1, 4), (4, 2, 3), (4, 2, 4), (4, 3, 4))((1, 0, 4), (1, 1, 4), (1, 2, 4), (1, 3, 4), (2, 2, 4))((1, 0, 3), (2, 0, 3), (2, 0, 4), (3, 0, 3), (4, 0, 3))((2, 1, 4), (3, 0, 4), (3, 1, 4), (3, 2, 4), (3, 3, 4))((4, 0, 2), (4, 1, 0), (4, 1, 1), (4, 1, 2), (4, 1, 3))((1, 4, 0), (2, 4, 0), (3, 3, 0), (3, 4, 0), (4, 4, 0))((1, 0, 0), (2, 0, 0), (2, 1, 0), (3, 0, 0), (4, 0, 0))((1, 2, 0), (2, 2, 0), (3, 1, 0), (3, 2, 0), (4, 2, 0))((0, 1, 0), (0, 2, 0), (0, 3, 0), (0, 4, 0), (1, 3, 0))((4, 2, 2), (4, 3, 0), (4, 3, 1), (4, 3, 2), (4, 3, 3))((1, 0, 1), (2, 0, 1), (3, 0, 1), (3, 1, 1), (4, 0, 1))((0, 4, 1), (1, 4, 1), (1, 4, 2), (2, 4, 1), (3, 4, 1))((0, 1, 1), (1, 1, 0), (1, 1, 1), (1, 1, 2), (1, 1, 3))((1, 2, 1), (2, 1, 1), (2, 2, 1), (3, 2, 1), (4, 2, 1))((0, 1, 2), (0, 2, 1), (0, 2, 2), (0, 3, 2), (0, 4, 2))((0, 2, 3), (1, 2, 2), (1, 2, 3), (2, 2, 3), (3, 2, 3))((2, 0, 2), (2, 1, 2), (2, 1, 3), (2, 2, 2), (2, 3, 2))((0, 4, 3), (1, 4, 3), (2, 4, 2), (2, 4, 3), (3, 4, 3))((0, 3, 3), (1, 3, 2), (1, 3, 3), (2, 3, 3), (3, 3, 3))((0, 3, 1), (1, 3, 1), (2, 3, 0), (2, 3, 1), (3, 3, 1))((3, 0, 2), (3, 1, 2), (3, 1, 3), (3, 2, 2), (3, 3, 2))
138
((0, 0, 0), (0, 0, 1), (0, 0, 2), (0, 0, 3), (1, 0, 2))((0, 0, 4), (0, 1, 3), (0, 1, 4), (0, 2, 4), (0, 3, 4))((0, 4, 4), (1, 4, 4), (2, 3, 4), (2, 4, 4), (3, 4, 4))((3, 4, 2), (4, 4, 1), (4, 4, 2), (4, 4, 3), (4, 4, 4))((4, 0, 4), (4, 1, 4), (4, 2, 3), (4, 2, 4), (4, 3, 4))((1, 0, 4), (1, 1, 4), (1, 2, 4), (1, 3, 4), (2, 2, 4))((1, 0, 3), (2, 0, 3), (2, 0, 4), (3, 0, 3), (4, 0, 3))((2, 1, 4), (3, 0, 4), (3, 1, 4), (3, 2, 4), (3, 3, 4))((4, 0, 2), (4, 1, 0), (4, 1, 1), (4, 1, 2), (4, 1, 3))((1, 4, 0), (2, 4, 0), (3, 3, 0), (3, 4, 0), (4, 4, 0))((1, 0, 0), (2, 0, 0), (2, 1, 0), (3, 0, 0), (4, 0, 0))((1, 2, 0), (2, 2, 0), (3, 1, 0), (3, 2, 0), (4, 2, 0))((0, 1, 0), (0, 2, 0), (0, 3, 0), (0, 4, 0), (1, 3, 0))((4, 2, 2), (4, 3, 0), (4, 3, 1), (4, 3, 2), (4, 3, 3))((1, 0, 1), (2, 0, 1), (3, 0, 1), (3, 1, 1), (4, 0, 1))((0, 4, 1), (1, 4, 1), (1, 4, 2), (2, 4, 1), (3, 4, 1))((0, 1, 1), (1, 1, 0), (1, 1, 1), (1, 1, 2), (1, 1, 3))((1, 2, 1), (2, 1, 1), (2, 2, 1), (3, 2, 1), (4, 2, 1))((0, 1, 2), (0, 2, 1), (0, 2, 2), (0, 3, 2), (0, 4, 2))((1, 2, 2), (2, 0, 2), (2, 1, 2), (2, 2, 2), (2, 3, 2))((0, 3, 1), (1, 3, 1), (2, 3, 0), (2, 3, 1), (3, 3, 1))((0, 3, 3), (1, 3, 2), (1, 3, 3), (2, 3, 3), (3, 3, 3))((3, 0, 2), (3, 1, 2), (3, 1, 3), (3, 2, 2), (3, 3, 2))((0, 4, 3), (1, 4, 3), (2, 4, 2), (2, 4, 3), (3, 4, 3))((0, 2, 3), (1, 2, 3), (2, 1, 3), (2, 2, 3), (3, 2, 3))
139
((0, 0, 0), (0, 0, 1), (0, 0, 2), (0, 0, 3), (1, 0, 2))((0, 0, 4), (0, 1, 3), (0, 1, 4), (0, 2, 4), (0, 3, 4))((0, 4, 4), (1, 4, 4), (2, 3, 4), (2, 4, 4), (3, 4, 4))((3, 4, 2), (4, 4, 1), (4, 4, 2), (4, 4, 3), (4, 4, 4))((4, 0, 4), (4, 1, 4), (4, 2, 3), (4, 2, 4), (4, 3, 4))((1, 0, 4), (1, 1, 4), (1, 2, 4), (1, 3, 4), (2, 2, 4))((1, 0, 3), (2, 0, 3), (2, 0, 4), (3, 0, 3), (4, 0, 3))((2, 1, 4), (3, 0, 4), (3, 1, 4), (3, 2, 4), (3, 3, 4))((4, 0, 2), (4, 1, 0), (4, 1, 1), (4, 1, 2), (4, 1, 3))((1, 4, 0), (2, 4, 0), (3, 3, 0), (3, 4, 0), (4, 4, 0))((1, 0, 0), (2, 0, 0), (2, 1, 0), (3, 0, 0), (4, 0, 0))((1, 2, 0), (2, 2, 0), (3, 1, 0), (3, 2, 0), (4, 2, 0))((0, 1, 0), (0, 2, 0), (0, 3, 0), (0, 4, 0), (1, 3, 0))((4, 2, 2), (4, 3, 0), (4, 3, 1), (4, 3, 2), (4, 3, 3))((1, 0, 1), (2, 0, 1), (2, 1, 1), (3, 0, 1), (4, 0, 1))((0, 4, 3), (1, 4, 2), (1, 4, 3), (2, 4, 3), (3, 4, 3))((3, 0, 2), (3, 1, 2), (3, 1, 3), (3, 2, 2), (3, 3, 2))((0, 2, 3), (1, 2, 3), (2, 1, 3), (2, 2, 3), (3, 2, 3))((0, 3, 3), (1, 3, 2), (1, 3, 3), (2, 3, 3), (3, 3, 3))((0, 3, 1), (1, 3, 1), (2, 3, 0), (2, 3, 1), (3, 3, 1))((0, 4, 1), (1, 4, 1), (2, 4, 1), (2, 4, 2), (3, 4, 1))((1, 2, 1), (2, 2, 1), (3, 1, 1), (3, 2, 1), (4, 2, 1))((0, 1, 2), (0, 2, 1), (0, 2, 2), (0, 3, 2), (0, 4, 2))((0, 1, 1), (1, 1, 0), (1, 1, 1), (1, 1, 2), (1, 1, 3))((1, 2, 2), (2, 0, 2), (2, 1, 2), (2, 2, 2), (2, 3, 2))
140
((0, 0, 0), (0, 0, 1), (0, 0, 2), (0, 0, 3), (1, 0, 2))((0, 0, 4), (0, 1, 3), (0, 1, 4), (0, 2, 4), (0, 3, 4))((0, 4, 4), (1, 4, 4), (2, 3, 4), (2, 4, 4), (3, 4, 4))((3, 4, 2), (4, 4, 1), (4, 4, 2), (4, 4, 3), (4, 4, 4))((4, 0, 4), (4, 1, 4), (4, 2, 3), (4, 2, 4), (4, 3, 4))((1, 0, 4), (1, 1, 4), (1, 2, 4), (1, 3, 4), (2, 2, 4))((1, 0, 3), (2, 0, 3), (2, 0, 4), (3, 0, 3), (4, 0, 3))((2, 1, 4), (3, 0, 4), (3, 1, 4), (3, 2, 4), (3, 3, 4))((4, 0, 2), (4, 1, 0), (4, 1, 1), (4, 1, 2), (4, 1, 3))((1, 4, 0), (2, 4, 0), (3, 3, 0), (3, 4, 0), (4, 4, 0))((1, 0, 0), (2, 0, 0), (2, 1, 0), (3, 0, 0), (4, 0, 0))((1, 2, 0), (2, 2, 0), (3, 1, 0), (3, 2, 0), (4, 2, 0))((0, 1, 0), (0, 2, 0), (0, 3, 0), (0, 4, 0), (1, 3, 0))((4, 2, 2), (4, 3, 0), (4, 3, 1), (4, 3, 2), (4, 3, 3))((1, 0, 1), (2, 0, 1), (2, 1, 1), (3, 0, 1), (4, 0, 1))((0, 4, 3), (1, 4, 2), (1, 4, 3), (2, 4, 3), (3, 4, 3))((3, 0, 2), (3, 1, 2), (3, 1, 3), (3, 2, 2), (3, 3, 2))((2, 0, 2), (2, 1, 2), (2, 1, 3), (2, 2, 2), (2, 3, 2))((0, 4, 1), (1, 4, 1), (2, 4, 1), (2, 4, 2), (3, 4, 1))((0, 1, 1), (1, 1, 0), (1, 1, 1), (1, 1, 2), (1, 1, 3))((1, 2, 1), (2, 2, 1), (3, 1, 1), (3, 2, 1), (4, 2, 1))((0, 1, 2), (0, 2, 1), (0, 2, 2), (0, 3, 2), (0, 4, 2))((0, 2, 3), (1, 2, 2), (1, 2, 3), (2, 2, 3), (3, 2, 3))((0, 3, 1), (1, 3, 1), (2, 3, 0), (2, 3, 1), (3, 3, 1))((0, 3, 3), (1, 3, 2), (1, 3, 3), (2, 3, 3), (3, 3, 3))
141
((0, 0, 0), (0, 0, 1), (0, 0, 2), (0, 0, 3), (1, 0, 2))((0, 0, 4), (0, 1, 3), (0, 1, 4), (0, 2, 4), (0, 3, 4))((0, 4, 4), (1, 4, 4), (2, 3, 4), (2, 4, 4), (3, 4, 4))((3, 4, 2), (4, 4, 1), (4, 4, 2), (4, 4, 3), (4, 4, 4))((4, 0, 4), (4, 1, 4), (4, 2, 3), (4, 2, 4), (4, 3, 4))((1, 0, 4), (1, 1, 4), (1, 2, 4), (1, 3, 4), (2, 2, 4))((1, 0, 3), (2, 0, 3), (2, 0, 4), (3, 0, 3), (4, 0, 3))((2, 1, 4), (3, 0, 4), (3, 1, 4), (3, 2, 4), (3, 3, 4))((4, 0, 2), (4, 1, 0), (4, 1, 1), (4, 1, 2), (4, 1, 3))((1, 4, 0), (2, 4, 0), (3, 3, 0), (3, 4, 0), (4, 4, 0))((1, 0, 0), (2, 0, 0), (2, 1, 0), (3, 0, 0), (4, 0, 0))((1, 2, 0), (2, 2, 0), (3, 1, 0), (3, 2, 0), (4, 2, 0))((0, 1, 0), (0, 2, 0), (0, 3, 0), (0, 4, 0), (1, 3, 0))((4, 2, 2), (4, 3, 0), (4, 3, 1), (4, 3, 2), (4, 3, 3))((1, 0, 1), (2, 0, 1), (2, 1, 1), (3, 0, 1), (4, 0, 1))((0, 4, 3), (1, 4, 3), (2, 4, 2), (2, 4, 3), (3, 4, 3))((3, 0, 2), (3, 1, 2), (3, 1, 3), (3, 2, 2), (3, 3, 2))((0, 2, 3), (1, 2, 3), (2, 1, 3), (2, 2, 3), (3, 2, 3))((0, 3, 3), (1, 3, 2), (1, 3, 3), (2, 3, 3), (3, 3, 3))((0, 3, 1), (1, 3, 1), (2, 3, 0), (2, 3, 1), (3, 3, 1))((1, 2, 1), (2, 2, 1), (3, 1, 1), (3, 2, 1), (4, 2, 1))((0, 1, 2), (0, 2, 1), (0, 2, 2), (0, 3, 2), (0, 4, 2))((0, 1, 1), (1, 1, 0), (1, 1, 1), (1, 1, 2), (1, 1, 3))((1, 2, 2), (2, 0, 2), (2, 1, 2), (2, 2, 2), (2, 3, 2))((0, 4, 1), (1, 4, 1), (1, 4, 2), (2, 4, 1), (3, 4, 1))
142
((0, 0, 0), (0, 0, 1), (0, 0, 2), (0, 0, 3), (1, 0, 2))((0, 0, 4), (0, 1, 3), (0, 1, 4), (0, 2, 4), (0, 3, 4))((0, 4, 4), (1, 4, 4), (2, 3, 4), (2, 4, 4), (3, 4, 4))((3, 4, 2), (4, 4, 1), (4, 4, 2), (4, 4, 3), (4, 4, 4))((4, 0, 4), (4, 1, 4), (4, 2, 3), (4, 2, 4), (4, 3, 4))((1, 0, 4), (1, 1, 4), (1, 2, 4), (1, 3, 4), (2, 2, 4))((1, 0, 3), (2, 0, 3), (2, 0, 4), (3, 0, 3), (4, 0, 3))((2, 1, 4), (3, 0, 4), (3, 1, 4), (3, 2, 4), (3, 3, 4))((4, 0, 2), (4, 1, 0), (4, 1, 1), (4, 1, 2), (4, 1, 3))((1, 4, 0), (2, 4, 0), (3, 3, 0), (3, 4, 0), (4, 4, 0))((1, 0, 0), (2, 0, 0), (2, 1, 0), (3, 0, 0), (4, 0, 0))((1, 2, 0), (2, 2, 0), (3, 1, 0), (3, 2, 0), (4, 2, 0))((0, 1, 0), (0, 2, 0), (0, 3, 0), (0, 4, 0), (1, 3, 0))((4, 2, 2), (4, 3, 0), (4, 3, 1), (4, 3, 2), (4, 3, 3))((1, 0, 1), (2, 0, 1), (2, 1, 1), (3, 0, 1), (4, 0, 1))((0, 4, 3), (1, 4, 3), (2, 4, 2), (2, 4, 3), (3, 4, 3))((3, 0, 2), (3, 1, 2), (3, 1, 3), (3, 2, 2), (3, 3, 2))((2, 0, 2), (2, 1, 2), (2, 1, 3), (2, 2, 2), (2, 3, 2))((0, 3, 1), (1, 3, 1), (2, 3, 0), (2, 3, 1), (3, 3, 1))((0, 4, 1), (1, 4, 1), (1, 4, 2), (2, 4, 1), (3, 4, 1))((0, 1, 1), (1, 1, 0), (1, 1, 1), (1, 1, 2), (1, 1, 3))((1, 2, 1), (2, 2, 1), (3, 1, 1), (3, 2, 1), (4, 2, 1))((0, 1, 2), (0, 2, 1), (0, 2, 2), (0, 3, 2), (0, 4, 2))((0, 2, 3), (1, 2, 2), (1, 2, 3), (2, 2, 3), (3, 2, 3))((0, 3, 3), (1, 3, 2), (1, 3, 3), (2, 3, 3), (3, 3, 3))
143
((0, 0, 0), (0, 0, 1), (0, 0, 2), (0, 0, 3), (1, 0, 2))((0, 0, 4), (0, 1, 3), (0, 1, 4), (0, 2, 4), (0, 3, 4))((0, 4, 4), (1, 4, 4), (2, 3, 4), (2, 4, 4), (3, 4, 4))((3, 4, 2), (4, 4, 1), (4, 4, 2), (4, 4, 3), (4, 4, 4))((4, 0, 4), (4, 1, 4), (4, 2, 3), (4, 2, 4), (4, 3, 4))((1, 0, 4), (1, 1, 4), (1, 2, 4), (1, 3, 4), (2, 2, 4))((1, 0, 3), (2, 0, 3), (2, 0, 4), (3, 0, 3), (4, 0, 3))((3, 0, 4), (3, 1, 3), (3, 1, 4), (3, 2, 4), (3, 3, 4))((0, 4, 3), (1, 4, 2), (1, 4, 3), (2, 4, 3), (3, 4, 3))((2, 0, 2), (2, 1, 1), (2, 1, 2), (2, 1, 3), (2, 1, 4))((0, 4, 1), (1, 4, 1), (2, 4, 1), (2, 4, 2), (3, 4, 1))((0, 1, 1), (1, 1, 0), (1, 1, 1), (1, 1, 2), (1, 1, 3))((0, 1, 0), (0, 2, 0), (0, 3, 0), (0, 4, 0), (1, 3, 0))((1, 4, 0), (2, 4, 0), (3, 3, 0), (3, 4, 0), (4, 4, 0))((1, 0, 1), (2, 0, 1), (3, 0, 1), (3, 1, 1), (4, 0, 1))((1, 0, 0), (2, 0, 0), (3, 0, 0), (3, 1, 0), (4, 0, 0))((1, 2, 0), (2, 1, 0), (2, 2, 0), (3, 2, 0), (4, 2, 0))((4, 2, 1), (4, 3, 0), (4, 3, 1), (4, 3, 2), (4, 3, 3))((4, 0, 2), (4, 1, 0), (4, 1, 1), (4, 1, 2), (4, 1, 3))((0, 3, 3), (1, 3, 3), (2, 3, 2), (2, 3, 3), (3, 3, 3))((0, 3, 1), (1, 3, 1), (2, 3, 0), (2, 3, 1), (3, 3, 1))((0, 1, 2), (0, 2, 2), (0, 3, 2), (0, 4, 2), (1, 3, 2))((0, 2, 1), (1, 2, 1), (1, 2, 2), (2, 2, 1), (3, 2, 1))((0, 2, 3), (1, 2, 3), (2, 2, 2), (2, 2, 3), (3, 2, 3))((3, 0, 2), (3, 1, 2), (3, 2, 2), (3, 3, 2), (4, 2, 2))
144
((0, 0, 0), (0, 0, 1), (0, 0, 2), (0, 0, 3), (1, 0, 2))((0, 0, 4), (0, 1, 3), (0, 1, 4), (0, 2, 4), (0, 3, 4))((0, 4, 4), (1, 4, 4), (2, 3, 4), (2, 4, 4), (3, 4, 4))((3, 4, 2), (4, 4, 1), (4, 4, 2), (4, 4, 3), (4, 4, 4))((4, 0, 4), (4, 1, 4), (4, 2, 3), (4, 2, 4), (4, 3, 4))((1, 0, 4), (1, 1, 4), (1, 2, 4), (1, 3, 4), (2, 2, 4))((1, 0, 3), (2, 0, 3), (2, 0, 4), (3, 0, 3), (4, 0, 3))((3, 0, 4), (3, 1, 3), (3, 1, 4), (3, 2, 4), (3, 3, 4))((0, 4, 3), (1, 4, 2), (1, 4, 3), (2, 4, 3), (3, 4, 3))((2, 0, 2), (2, 1, 1), (2, 1, 2), (2, 1, 3), (2, 1, 4))((0, 4, 1), (1, 4, 1), (2, 4, 1), (2, 4, 2), (3, 4, 1))((0, 1, 1), (1, 1, 0), (1, 1, 1), (1, 1, 2), (1, 1, 3))((0, 1, 0), (0, 2, 0), (0, 3, 0), (0, 4, 0), (1, 3, 0))((1, 4, 0), (2, 4, 0), (3, 3, 0), (3, 4, 0), (4, 4, 0))((1, 0, 1), (2, 0, 1), (3, 0, 1), (3, 1, 1), (4, 0, 1))((1, 0, 0), (2, 0, 0), (3, 0, 0), (3, 1, 0), (4, 0, 0))((1, 2, 0), (2, 1, 0), (2, 2, 0), (3, 2, 0), (4, 2, 0))((4, 2, 1), (4, 3, 0), (4, 3, 1), (4, 3, 2), (4, 3, 3))((4, 0, 2), (4, 1, 0), (4, 1, 1), (4, 1, 2), (4, 1, 3))((0, 3, 3), (1, 3, 3), (2, 3, 2), (2, 3, 3), (3, 3, 3))((0, 3, 1), (1, 3, 1), (2, 3, 0), (2, 3, 1), (3, 3, 1))((0, 1, 2), (0, 2, 2), (0, 3, 2), (0, 4, 2), (1, 3, 2))((0, 2, 1), (1, 2, 1), (2, 2, 1), (2, 2, 2), (3, 2, 1))((3, 0, 2), (3, 1, 2), (3, 2, 2), (3, 3, 2), (4, 2, 2))((0, 2, 3), (1, 2, 2), (1, 2, 3), (2, 2, 3), (3, 2, 3))
145
((0, 0, 0), (0, 0, 1), (0, 0, 2), (0, 0, 3), (1, 0, 2))((0, 0, 4), (0, 1, 3), (0, 1, 4), (0, 2, 4), (0, 3, 4))((0, 4, 4), (1, 4, 4), (2, 3, 4), (2, 4, 4), (3, 4, 4))((3, 4, 2), (4, 4, 1), (4, 4, 2), (4, 4, 3), (4, 4, 4))((4, 0, 4), (4, 1, 4), (4, 2, 3), (4, 2, 4), (4, 3, 4))((1, 0, 4), (1, 1, 4), (1, 2, 4), (1, 3, 4), (2, 2, 4))((1, 0, 3), (2, 0, 3), (2, 0, 4), (3, 0, 3), (4, 0, 3))((3, 0, 4), (3, 1, 3), (3, 1, 4), (3, 2, 4), (3, 3, 4))((0, 4, 3), (1, 4, 2), (1, 4, 3), (2, 4, 3), (3, 4, 3))((2, 0, 2), (2, 1, 1), (2, 1, 2), (2, 1, 3), (2, 1, 4))((0, 4, 1), (1, 4, 1), (2, 4, 1), (2, 4, 2), (3, 4, 1))((0, 1, 1), (1, 1, 0), (1, 1, 1), (1, 1, 2), (1, 1, 3))((0, 1, 0), (0, 2, 0), (0, 3, 0), (0, 4, 0), (1, 3, 0))((1, 4, 0), (2, 4, 0), (3, 3, 0), (3, 4, 0), (4, 4, 0))((1, 0, 1), (2, 0, 1), (3, 0, 1), (3, 1, 1), (4, 0, 1))((1, 0, 0), (2, 0, 0), (2, 1, 0), (3, 0, 0), (4, 0, 0))((1, 2, 0), (2, 2, 0), (3, 1, 0), (3, 2, 0), (4, 2, 0))((4, 0, 2), (4, 1, 0), (4, 1, 1), (4, 1, 2), (4, 1, 3))((3, 0, 2), (3, 1, 2), (3, 2, 2), (3, 3, 2), (4, 2, 2))((4, 2, 1), (4, 3, 0), (4, 3, 1), (4, 3, 2), (4, 3, 3))((0, 2, 1), (1, 2, 1), (1, 2, 2), (2, 2, 1), (3, 2, 1))((0, 2, 3), (1, 2, 3), (2, 2, 2), (2, 2, 3), (3, 2, 3))((0, 3, 3), (1, 3, 3), (2, 3, 2), (2, 3, 3), (3, 3, 3))((0, 3, 1), (1, 3, 1), (2, 3, 0), (2, 3, 1), (3, 3, 1))((0, 1, 2), (0, 2, 2), (0, 3, 2), (0, 4, 2), (1, 3, 2))
146
((0, 0, 0), (0, 0, 1), (0, 0, 2), (0, 0, 3), (1, 0, 2))((0, 0, 4), (0, 1, 3), (0, 1, 4), (0, 2, 4), (0, 3, 4))((0, 4, 4), (1, 4, 4), (2, 3, 4), (2, 4, 4), (3, 4, 4))((3, 4, 2), (4, 4, 1), (4, 4, 2), (4, 4, 3), (4, 4, 4))((4, 0, 4), (4, 1, 4), (4, 2, 3), (4, 2, 4), (4, 3, 4))((1, 0, 4), (1, 1, 4), (1, 2, 4), (1, 3, 4), (2, 2, 4))((1, 0, 3), (2, 0, 3), (2, 0, 4), (3, 0, 3), (4, 0, 3))((3, 0, 4), (3, 1, 3), (3, 1, 4), (3, 2, 4), (3, 3, 4))((0, 4, 3), (1, 4, 2), (1, 4, 3), (2, 4, 3), (3, 4, 3))((2, 0, 2), (2, 1, 1), (2, 1, 2), (2, 1, 3), (2, 1, 4))((0, 4, 1), (1, 4, 1), (2, 4, 1), (2, 4, 2), (3, 4, 1))((0, 1, 1), (1, 1, 0), (1, 1, 1), (1, 1, 2), (1, 1, 3))((0, 1, 0), (0, 2, 0), (0, 3, 0), (0, 4, 0), (1, 3, 0))((1, 4, 0), (2, 4, 0), (3, 3, 0), (3, 4, 0), (4, 4, 0))((1, 0, 1), (2, 0, 1), (3, 0, 1), (3, 1, 1), (4, 0, 1))((1, 0, 0), (2, 0, 0), (2, 1, 0), (3, 0, 0), (4, 0, 0))((1, 2, 0), (2, 2, 0), (3, 1, 0), (3, 2, 0), (4, 2, 0))((4, 0, 2), (4, 1, 0), (4, 1, 1), (4, 1, 2), (4, 1, 3))((3, 0, 2), (3, 1, 2), (3, 2, 2), (3, 3, 2), (4, 2, 2))((4, 2, 1), (4, 3, 0), (4, 3, 1), (4, 3, 2), (4, 3, 3))((0, 2, 3), (1, 2, 2), (1, 2, 3), (2, 2, 3), (3, 2, 3))((0, 3, 3), (1, 3, 3), (2, 3, 2), (2, 3, 3), (3, 3, 3))((0, 3, 1), (1, 3, 1), (2, 3, 0), (2, 3, 1), (3, 3, 1))((0, 2, 1), (1, 2, 1), (2, 2, 1), (2, 2, 2), (3, 2, 1))((0, 1, 2), (0, 2, 2), (0, 3, 2), (0, 4, 2), (1, 3, 2))
147
((0, 0, 0), (0, 0, 1), (0, 0, 2), (0, 0, 3), (1, 0, 2))((0, 0, 4), (0, 1, 3), (0, 1, 4), (0, 2, 4), (0, 3, 4))((0, 4, 4), (1, 4, 4), (2, 3, 4), (2, 4, 4), (3, 4, 4))((3, 4, 2), (4, 4, 1), (4, 4, 2), (4, 4, 3), (4, 4, 4))((4, 0, 4), (4, 1, 4), (4, 2, 3), (4, 2, 4), (4, 3, 4))((1, 0, 4), (1, 1, 4), (1, 2, 4), (1, 3, 4), (2, 2, 4))((1, 0, 3), (2, 0, 3), (2, 0, 4), (3, 0, 3), (4, 0, 3))((3, 0, 4), (3, 1, 3), (3, 1, 4), (3, 2, 4), (3, 3, 4))((0, 4, 3), (1, 4, 3), (2, 4, 2), (2, 4, 3), (3, 4, 3))((4, 0, 2), (4, 1, 0), (4, 1, 1), (4, 1, 2), (4, 1, 3))((1, 4, 0), (2, 4, 0), (3, 3, 0), (3, 4, 0), (4, 4, 0))((4, 2, 1), (4, 3, 0), (4, 3, 1), (4, 3, 2), (4, 3, 3))((0, 3, 3), (1, 3, 3), (2, 3, 2), (2, 3, 3), (3, 3, 3))((2, 0, 2), (2, 1, 1), (2, 1, 2), (2, 1, 3), (2, 1, 4))((1, 0, 1), (2, 0, 1), (3, 0, 1), (3, 1, 1), (4, 0, 1))((1, 0, 0), (2, 0, 0), (3, 0, 0), (3, 1, 0), (4, 0, 0))((1, 2, 0), (2, 1, 0), (2, 2, 0), (3, 2, 0), (4, 2, 0))((0, 3, 1), (1, 3, 1), (2, 3, 0), (2, 3, 1), (3, 3, 1))((0, 1, 0), (0, 2, 0), (0, 3, 0), (0, 4, 0), (1, 3, 0))((0, 1, 1), (1, 1, 0), (1, 1, 1), (1, 1, 2), (1, 1, 3))((0, 4, 1), (1, 4, 1), (1, 4, 2), (2, 4, 1), (3, 4, 1))((0, 1, 2), (0, 2, 2), (0, 3, 2), (0, 4, 2), (1, 3, 2))((0, 2, 1), (1, 2, 1), (2, 2, 1), (2, 2, 2), (3, 2, 1))((3, 0, 2), (3, 1, 2), (3, 2, 2), (3, 3, 2), (4, 2, 2))((0, 2, 3), (1, 2, 2), (1, 2, 3), (2, 2, 3), (3, 2, 3))
148
((0, 0, 0), (0, 0, 1), (0, 0, 2), (0, 0, 3), (1, 0, 2))((0, 0, 4), (0, 1, 3), (0, 1, 4), (0, 2, 4), (0, 3, 4))((0, 4, 4), (1, 4, 4), (2, 3, 4), (2, 4, 4), (3, 4, 4))((3, 4, 2), (4, 4, 1), (4, 4, 2), (4, 4, 3), (4, 4, 4))((4, 0, 4), (4, 1, 4), (4, 2, 3), (4, 2, 4), (4, 3, 4))((1, 0, 4), (1, 1, 4), (1, 2, 4), (1, 3, 4), (2, 2, 4))((1, 0, 3), (2, 0, 3), (2, 0, 4), (3, 0, 3), (4, 0, 3))((3, 0, 4), (3, 1, 3), (3, 1, 4), (3, 2, 4), (3, 3, 4))((0, 4, 3), (1, 4, 3), (2, 4, 2), (2, 4, 3), (3, 4, 3))((4, 0, 2), (4, 1, 0), (4, 1, 1), (4, 1, 2), (4, 1, 3))((1, 4, 0), (2, 4, 0), (3, 3, 0), (3, 4, 0), (4, 4, 0))((4, 2, 1), (4, 3, 0), (4, 3, 1), (4, 3, 2), (4, 3, 3))((0, 3, 3), (1, 3, 3), (2, 3, 2), (2, 3, 3), (3, 3, 3))((2, 0, 2), (2, 1, 1), (2, 1, 2), (2, 1, 3), (2, 1, 4))((1, 0, 1), (2, 0, 1), (3, 0, 1), (3, 1, 1), (4, 0, 1))((1, 0, 0), (2, 0, 0), (3, 0, 0), (3, 1, 0), (4, 0, 0))((1, 2, 0), (2, 1, 0), (2, 2, 0), (3, 2, 0), (4, 2, 0))((0, 3, 1), (1, 3, 1), (2, 3, 0), (2, 3, 1), (3, 3, 1))((0, 1, 0), (0, 2, 0), (0, 3, 0), (0, 4, 0), (1, 3, 0))((0, 1, 1), (1, 1, 0), (1, 1, 1), (1, 1, 2), (1, 1, 3))((0, 4, 1), (1, 4, 1), (1, 4, 2), (2, 4, 1), (3, 4, 1))((0, 1, 2), (0, 2, 2), (0, 3, 2), (0, 4, 2), (1, 3, 2))((0, 2, 1), (1, 2, 1), (1, 2, 2), (2, 2, 1), (3, 2, 1))((0, 2, 3), (1, 2, 3), (2, 2, 2), (2, 2, 3), (3, 2, 3))((3, 0, 2), (3, 1, 2), (3, 2, 2), (3, 3, 2), (4, 2, 2))
149
((0, 0, 0), (0, 0, 1), (0, 0, 2), (0, 0, 3), (1, 0, 2))((0, 0, 4), (0, 1, 3), (0, 1, 4), (0, 2, 4), (0, 3, 4))((0, 4, 4), (1, 4, 4), (2, 3, 4), (2, 4, 4), (3, 4, 4))((3, 4, 2), (4, 4, 1), (4, 4, 2), (4, 4, 3), (4, 4, 4))((4, 0, 4), (4, 1, 4), (4, 2, 3), (4, 2, 4), (4, 3, 4))((1, 0, 4), (1, 1, 4), (1, 2, 4), (1, 3, 4), (2, 2, 4))((1, 0, 3), (2, 0, 3), (2, 0, 4), (3, 0, 3), (4, 0, 3))((3, 0, 4), (3, 1, 3), (3, 1, 4), (3, 2, 4), (3, 3, 4))((0, 4, 3), (1, 4, 3), (2, 4, 2), (2, 4, 3), (3, 4, 3))((4, 0, 2), (4, 1, 0), (4, 1, 1), (4, 1, 2), (4, 1, 3))((1, 4, 0), (2, 4, 0), (3, 3, 0), (3, 4, 0), (4, 4, 0))((4, 2, 1), (4, 3, 0), (4, 3, 1), (4, 3, 2), (4, 3, 3))((0, 3, 3), (1, 3, 3), (2, 3, 2), (2, 3, 3), (3, 3, 3))((2, 0, 2), (2, 1, 1), (2, 1, 2), (2, 1, 3), (2, 1, 4))((1, 0, 1), (2, 0, 1), (3, 0, 1), (3, 1, 1), (4, 0, 1))((1, 0, 0), (2, 0, 0), (2, 1, 0), (3, 0, 0), (4, 0, 0))((1, 2, 0), (2, 2, 0), (3, 1, 0), (3, 2, 0), (4, 2, 0))((0, 3, 1), (1, 3, 1), (2, 3, 0), (2, 3, 1), (3, 3, 1))((0, 4, 1), (1, 4, 1), (1, 4, 2), (2, 4, 1), (3, 4, 1))((0, 1, 0), (0, 2, 0), (0, 3, 0), (0, 4, 0), (1, 3, 0))((0, 1, 1), (1, 1, 0), (1, 1, 1), (1, 1, 2), (1, 1, 3))((0, 1, 2), (0, 2, 2), (0, 3, 2), (0, 4, 2), (1, 3, 2))((0, 2, 3), (1, 2, 2), (1, 2, 3), (2, 2, 3), (3, 2, 3))((3, 0, 2), (3, 1, 2), (3, 2, 2), (3, 3, 2), (4, 2, 2))((0, 2, 1), (1, 2, 1), (2, 2, 1), (2, 2, 2), (3, 2, 1))
150
((0, 0, 0), (0, 0, 1), (0, 0, 2), (0, 0, 3), (1, 0, 2))((0, 0, 4), (0, 1, 3), (0, 1, 4), (0, 2, 4), (0, 3, 4))((0, 4, 4), (1, 4, 4), (2, 3, 4), (2, 4, 4), (3, 4, 4))((3, 4, 2), (4, 4, 1), (4, 4, 2), (4, 4, 3), (4, 4, 4))((4, 0, 4), (4, 1, 4), (4, 2, 3), (4, 2, 4), (4, 3, 4))((1, 0, 4), (1, 1, 4), (1, 2, 4), (1, 3, 4), (2, 2, 4))((1, 0, 3), (2, 0, 3), (2, 0, 4), (3, 0, 3), (4, 0, 3))((3, 0, 4), (3, 1, 3), (3, 1, 4), (3, 2, 4), (3, 3, 4))((0, 4, 3), (1, 4, 3), (2, 4, 2), (2, 4, 3), (3, 4, 3))((4, 0, 2), (4, 1, 0), (4, 1, 1), (4, 1, 2), (4, 1, 3))((1, 4, 0), (2, 4, 0), (3, 3, 0), (3, 4, 0), (4, 4, 0))((4, 2, 1), (4, 3, 0), (4, 3, 1), (4, 3, 2), (4, 3, 3))((0, 3, 3), (1, 3, 3), (2, 3, 2), (2, 3, 3), (3, 3, 3))((2, 0, 2), (2, 1, 1), (2, 1, 2), (2, 1, 3), (2, 1, 4))((1, 0, 1), (2, 0, 1), (3, 0, 1), (3, 1, 1), (4, 0, 1))((1, 0, 0), (2, 0, 0), (2, 1, 0), (3, 0, 0), (4, 0, 0))((1, 2, 0), (2, 2, 0), (3, 1, 0), (3, 2, 0), (4, 2, 0))((0, 3, 1), (1, 3, 1), (2, 3, 0), (2, 3, 1), (3, 3, 1))((0, 4, 1), (1, 4, 1), (1, 4, 2), (2, 4, 1), (3, 4, 1))((0, 1, 0), (0, 2, 0), (0, 3, 0), (0, 4, 0), (1, 3, 0))((0, 1, 1), (1, 1, 0), (1, 1, 1), (1, 1, 2), (1, 1, 3))((0, 1, 2), (0, 2, 2), (0, 3, 2), (0, 4, 2), (1, 3, 2))((0, 2, 3), (1, 2, 3), (2, 2, 2), (2, 2, 3), (3, 2, 3))((0, 2, 1), (1, 2, 1), (1, 2, 2), (2, 2, 1), (3, 2, 1))((3, 0, 2), (3, 1, 2), (3, 2, 2), (3, 3, 2), (4, 2, 2))
151
((0, 0, 0), (0, 0, 1), (0, 0, 2), (0, 0, 3), (1, 0, 2))((0, 0, 4), (0, 1, 3), (0, 1, 4), (0, 2, 4), (0, 3, 4))((0, 4, 4), (1, 4, 4), (2, 3, 4), (2, 4, 4), (3, 4, 4))((3, 4, 2), (4, 4, 1), (4, 4, 2), (4, 4, 3), (4, 4, 4))((4, 0, 4), (4, 1, 4), (4, 2, 3), (4, 2, 4), (4, 3, 4))((1, 0, 4), (1, 1, 4), (1, 2, 4), (1, 3, 4), (2, 1, 4))((1, 0, 3), (2, 0, 3), (2, 0, 4), (3, 0, 3), (4, 0, 3))((2, 2, 4), (3, 0, 4), (3, 1, 4), (3, 2, 4), (3, 3, 4))((4, 0, 2), (4, 1, 0), (4, 1, 1), (4, 1, 2), (4, 1, 3))((1, 0, 0), (2, 0, 0), (3, 0, 0), (3, 1, 0), (4, 0, 0))((0, 1, 0), (0, 2, 0), (0, 3, 0), (0, 4, 0), (1, 3, 0))((1, 0, 1), (2, 0, 1), (3, 0, 1), (3, 1, 1), (4, 0, 1))((4, 2, 2), (4, 3, 0), (4, 3, 1), (4, 3, 2), (4, 3, 3))((1, 4, 0), (2, 3, 0), (2, 4, 0), (3, 4, 0), (4, 4, 0))((1, 2, 0), (2, 2, 0), (3, 2, 0), (3, 3, 0), (4, 2, 0))((0, 4, 3), (1, 4, 2), (1, 4, 3), (2, 4, 3), (3, 4, 3))((3, 0, 2), (3, 1, 2), (3, 1, 3), (3, 2, 2), (3, 3, 2))((0, 4, 1), (1, 4, 1), (2, 4, 1), (2, 4, 2), (3, 4, 1))((0, 1, 1), (1, 1, 0), (1, 1, 1), (1, 1, 2), (1, 1, 3))((2, 0, 2), (2, 1, 0), (2, 1, 1), (2, 1, 2), (2, 1, 3))((0, 3, 3), (1, 3, 3), (2, 3, 2), (2, 3, 3), (3, 3, 3))((0, 2, 3), (1, 2, 2), (1, 2, 3), (2, 2, 3), (3, 2, 3))((1, 2, 1), (2, 2, 1), (2, 2, 2), (3, 2, 1), (4, 2, 1))((0, 3, 1), (1, 3, 1), (1, 3, 2), (2, 3, 1), (3, 3, 1))((0, 1, 2), (0, 2, 1), (0, 2, 2), (0, 3, 2), (0, 4, 2))
152
((0, 0, 0), (0, 0, 1), (0, 0, 2), (0, 0, 3), (1, 0, 2))((0, 0, 4), (0, 1, 3), (0, 1, 4), (0, 2, 4), (0, 3, 4))((0, 4, 4), (1, 4, 4), (2, 3, 4), (2, 4, 4), (3, 4, 4))((3, 4, 2), (4, 4, 1), (4, 4, 2), (4, 4, 3), (4, 4, 4))((4, 0, 4), (4, 1, 4), (4, 2, 3), (4, 2, 4), (4, 3, 4))((1, 0, 4), (1, 1, 4), (1, 2, 4), (1, 3, 4), (2, 1, 4))((1, 0, 3), (2, 0, 3), (2, 0, 4), (3, 0, 3), (4, 0, 3))((2, 2, 4), (3, 0, 4), (3, 1, 4), (3, 2, 4), (3, 3, 4))((4, 0, 2), (4, 1, 0), (4, 1, 1), (4, 1, 2), (4, 1, 3))((1, 0, 0), (2, 0, 0), (3, 0, 0), (3, 1, 0), (4, 0, 0))((0, 1, 0), (0, 2, 0), (0, 3, 0), (0, 4, 0), (1, 3, 0))((1, 0, 1), (2, 0, 1), (3, 0, 1), (3, 1, 1), (4, 0, 1))((4, 2, 2), (4, 3, 0), (4, 3, 1), (4, 3, 2), (4, 3, 3))((1, 4, 0), (2, 3, 0), (2, 4, 0), (3, 4, 0), (4, 4, 0))((1, 2, 0), (2, 2, 0), (3, 2, 0), (3, 3, 0), (4, 2, 0))((0, 4, 3), (1, 4, 2), (1, 4, 3), (2, 4, 3), (3, 4, 3))((3, 0, 2), (3, 1, 2), (3, 1, 3), (3, 2, 2), (3, 3, 2))((0, 4, 1), (1, 4, 1), (2, 4, 1), (2, 4, 2), (3, 4, 1))((0, 1, 1), (1, 1, 0), (1, 1, 1), (1, 1, 2), (1, 1, 3))((2, 0, 2), (2, 1, 0), (2, 1, 1), (2, 1, 2), (2, 1, 3))((0, 3, 1), (1, 3, 1), (2, 3, 1), (2, 3, 2), (3, 3, 1))((1, 2, 1), (2, 2, 1), (2, 2, 2), (3, 2, 1), (4, 2, 1))((0, 1, 2), (0, 2, 1), (0, 2, 2), (0, 3, 2), (0, 4, 2))((0, 2, 3), (1, 2, 2), (1, 2, 3), (2, 2, 3), (3, 2, 3))((0, 3, 3), (1, 3, 2), (1, 3, 3), (2, 3, 3), (3, 3, 3))
153
((0, 0, 0), (0, 0, 1), (0, 0, 2), (0, 0, 3), (1, 0, 2))((0, 0, 4), (0, 1, 3), (0, 1, 4), (0, 2, 4), (0, 3, 4))((0, 4, 4), (1, 4, 4), (2, 3, 4), (2, 4, 4), (3, 4, 4))((3, 4, 2), (4, 4, 1), (4, 4, 2), (4, 4, 3), (4, 4, 4))((4, 0, 4), (4, 1, 4), (4, 2, 3), (4, 2, 4), (4, 3, 4))((1, 0, 4), (1, 1, 4), (1, 2, 4), (1, 3, 4), (2, 1, 4))((1, 0, 3), (2, 0, 3), (2, 0, 4), (3, 0, 3), (4, 0, 3))((2, 2, 4), (3, 0, 4), (3, 1, 4), (3, 2, 4), (3, 3, 4))((4, 0, 2), (4, 1, 0), (4, 1, 1), (4, 1, 2), (4, 1, 3))((1, 0, 0), (2, 0, 0), (3, 0, 0), (3, 1, 0), (4, 0, 0))((0, 1, 0), (0, 2, 0), (0, 3, 0), (0, 4, 0), (1, 3, 0))((1, 0, 1), (2, 0, 1), (3, 0, 1), (3, 1, 1), (4, 0, 1))((4, 2, 2), (4, 3, 0), (4, 3, 1), (4, 3, 2), (4, 3, 3))((1, 4, 0), (2, 3, 0), (2, 4, 0), (3, 4, 0), (4, 4, 0))((1, 2, 0), (2, 2, 0), (3, 2, 0), (3, 3, 0), (4, 2, 0))((0, 4, 3), (1, 4, 3), (2, 4, 2), (2, 4, 3), (3, 4, 3))((3, 0, 2), (3, 1, 2), (3, 1, 3), (3, 2, 2), (3, 3, 2))((0, 4, 1), (1, 4, 1), (1, 4, 2), (2, 4, 1), (3, 4, 1))((0, 1, 1), (1, 1, 0), (1, 1, 1), (1, 1, 2), (1, 1, 3))((0, 3, 1), (1, 3, 1), (1, 3, 2), (2, 3, 1), (3, 3, 1))((1, 2, 1), (2, 2, 1), (2, 2, 2), (3, 2, 1), (4, 2, 1))((0, 3, 3), (1, 3, 3), (2, 3, 2), (2, 3, 3), (3, 3, 3))((2, 0, 2), (2, 1, 0), (2, 1, 1), (2, 1, 2), (2, 1, 3))((0, 2, 3), (1, 2, 2), (1, 2, 3), (2, 2, 3), (3, 2, 3))((0, 1, 2), (0, 2, 1), (0, 2, 2), (0, 3, 2), (0, 4, 2))
154
((0, 0, 0), (0, 0, 1), (0, 0, 2), (0, 0, 3), (1, 0, 2))((0, 0, 4), (0, 1, 3), (0, 1, 4), (0, 2, 4), (0, 3, 4))((0, 4, 4), (1, 4, 4), (2, 3, 4), (2, 4, 4), (3, 4, 4))((3, 4, 2), (4, 4, 1), (4, 4, 2), (4, 4, 3), (4, 4, 4))((4, 0, 4), (4, 1, 4), (4, 2, 3), (4, 2, 4), (4, 3, 4))((1, 0, 4), (1, 1, 4), (1, 2, 4), (1, 3, 4), (2, 1, 4))((1, 0, 3), (2, 0, 3), (2, 0, 4), (3, 0, 3), (4, 0, 3))((2, 2, 4), (3, 0, 4), (3, 1, 4), (3, 2, 4), (3, 3, 4))((4, 0, 2), (4, 1, 0), (4, 1, 1), (4, 1, 2), (4, 1, 3))((1, 0, 0), (2, 0, 0), (3, 0, 0), (3, 1, 0), (4, 0, 0))((0, 1, 0), (0, 2, 0), (0, 3, 0), (0, 4, 0), (1, 3, 0))((1, 0, 1), (2, 0, 1), (3, 0, 1), (3, 1, 1), (4, 0, 1))((4, 2, 2), (4, 3, 0), (4, 3, 1), (4, 3, 2), (4, 3, 3))((1, 4, 0), (2, 3, 0), (2, 4, 0), (3, 4, 0), (4, 4, 0))((1, 2, 0), (2, 2, 0), (3, 2, 0), (3, 3, 0), (4, 2, 0))((0, 4, 3), (1, 4, 3), (2, 4, 2), (2, 4, 3), (3, 4, 3))((3, 0, 2), (3, 1, 2), (3, 1, 3), (3, 2, 2), (3, 3, 2))((0, 4, 1), (1, 4, 1), (1, 4, 2), (2, 4, 1), (3, 4, 1))((0, 1, 1), (1, 1, 0), (1, 1, 1), (1, 1, 2), (1, 1, 3))((0, 3, 3), (1, 3, 2), (1, 3, 3), (2, 3, 3), (3, 3, 3))((0, 2, 3), (1, 2, 2), (1, 2, 3), (2, 2, 3), (3, 2, 3))((0, 1, 2), (0, 2, 1), (0, 2, 2), (0, 3, 2), (0, 4, 2))((2, 0, 2), (2, 1, 0), (2, 1, 1), (2, 1, 2), (2, 1, 3))((0, 3, 1), (1, 3, 1), (2, 3, 1), (2, 3, 2), (3, 3, 1))((1, 2, 1), (2, 2, 1), (2, 2, 2), (3, 2, 1), (4, 2, 1))
155
((0, 0, 0), (0, 0, 1), (0, 0, 2), (0, 0, 3), (1, 0, 2))((0, 0, 4), (0, 1, 3), (0, 1, 4), (0, 2, 4), (0, 3, 4))((0, 4, 4), (1, 4, 4), (2, 3, 4), (2, 4, 4), (3, 4, 4))((3, 4, 2), (4, 4, 1), (4, 4, 2), (4, 4, 3), (4, 4, 4))((4, 0, 4), (4, 1, 4), (4, 2, 3), (4, 2, 4), (4, 3, 4))((1, 0, 4), (1, 1, 4), (1, 2, 4), (1, 3, 4), (2, 1, 4))((1, 0, 3), (2, 0, 3), (2, 0, 4), (3, 0, 3), (4, 0, 3))((2, 2, 4), (3, 0, 4), (3, 1, 4), (3, 2, 4), (3, 3, 4))((4, 0, 2), (4, 1, 0), (4, 1, 1), (4, 1, 2), (4, 1, 3))((1, 0, 0), (2, 0, 0), (3, 0, 0), (3, 1, 0), (4, 0, 0))((0, 1, 0), (0, 2, 0), (0, 3, 0), (0, 4, 0), (1, 3, 0))((1, 0, 1), (2, 0, 1), (3, 0, 1), (3, 1, 1), (4, 0, 1))((4, 2, 2), (4, 3, 0), (4, 3, 1), (4, 3, 2), (4, 3, 3))((1, 4, 0), (2, 4, 0), (3, 3, 0), (3, 4, 0), (4, 4, 0))((0, 4, 1), (1, 4, 1), (2, 4, 1), (2, 4, 2), (3, 4, 1))((0, 1, 1), (1, 1, 0), (1, 1, 1), (1, 1, 2), (1, 1, 3))((0, 4, 3), (1, 4, 2), (1, 4, 3), (2, 4, 3), (3, 4, 3))((3, 0, 2), (3, 1, 2), (3, 1, 3), (3, 2, 2), (3, 3, 2))((0, 3, 3), (1, 3, 2), (1, 3, 3), (2, 3, 3), (3, 3, 3))((0, 3, 1), (1, 3, 1), (2, 3, 0), (2, 3, 1), (3, 3, 1))((0, 2, 3), (1, 2, 2), (1, 2, 3), (2, 2, 3), (3, 2, 3))((0, 1, 2), (0, 2, 1), (0, 2, 2), (0, 3, 2), (0, 4, 2))((2, 0, 2), (2, 1, 2), (2, 1, 3), (2, 2, 2), (2, 3, 2))((1, 2, 0), (2, 1, 0), (2, 2, 0), (3, 2, 0), (4, 2, 0))((1, 2, 1), (2, 1, 1), (2, 2, 1), (3, 2, 1), (4, 2, 1))
156
((0, 0, 0), (0, 0, 1), (0, 0, 2), (0, 0, 3), (1, 0, 2))((0, 0, 4), (0, 1, 3), (0, 1, 4), (0, 2, 4), (0, 3, 4))((0, 4, 4), (1, 4, 4), (2, 3, 4), (2, 4, 4), (3, 4, 4))((3, 4, 2), (4, 4, 1), (4, 4, 2), (4, 4, 3), (4, 4, 4))((4, 0, 4), (4, 1, 4), (4, 2, 3), (4, 2, 4), (4, 3, 4))((1, 0, 4), (1, 1, 4), (1, 2, 4), (1, 3, 4), (2, 1, 4))((1, 0, 3), (2, 0, 3), (2, 0, 4), (3, 0, 3), (4, 0, 3))((2, 2, 4), (3, 0, 4), (3, 1, 4), (3, 2, 4), (3, 3, 4))((4, 0, 2), (4, 1, 0), (4, 1, 1), (4, 1, 2), (4, 1, 3))((1, 0, 0), (2, 0, 0), (3, 0, 0), (3, 1, 0), (4, 0, 0))((0, 1, 0), (0, 2, 0), (0, 3, 0), (0, 4, 0), (1, 3, 0))((1, 0, 1), (2, 0, 1), (3, 0, 1), (3, 1, 1), (4, 0, 1))((4, 2, 2), (4, 3, 0), (4, 3, 1), (4, 3, 2), (4, 3, 3))((1, 4, 0), (2, 4, 0), (3, 3, 0), (3, 4, 0), (4, 4, 0))((0, 4, 1), (1, 4, 1), (2, 4, 1), (2, 4, 2), (3, 4, 1))((0, 1, 1), (1, 1, 0), (1, 1, 1), (1, 1, 2), (1, 1, 3))((0, 4, 3), (1, 4, 2), (1, 4, 3), (2, 4, 3), (3, 4, 3))((3, 0, 2), (3, 1, 2), (3, 1, 3), (3, 2, 2), (3, 3, 2))((0, 3, 3), (1, 3, 2), (1, 3, 3), (2, 3, 3), (3, 3, 3))((0, 3, 1), (1, 3, 1), (2, 3, 0), (2, 3, 1), (3, 3, 1))((0, 2, 3), (1, 2, 3), (2, 1, 3), (2, 2, 3), (3, 2, 3))((1, 2, 0), (2, 1, 0), (2, 2, 0), (3, 2, 0), (4, 2, 0))((1, 2, 1), (2, 1, 1), (2, 2, 1), (3, 2, 1), (4, 2, 1))((1, 2, 2), (2, 0, 2), (2, 1, 2), (2, 2, 2), (2, 3, 2))((0, 1, 2), (0, 2, 1), (0, 2, 2), (0, 3, 2), (0, 4, 2))
157
((0, 0, 0), (0, 0, 1), (0, 0, 2), (0, 0, 3), (1, 0, 2))((0, 0, 4), (0, 1, 3), (0, 1, 4), (0, 2, 4), (0, 3, 4))((0, 4, 4), (1, 4, 4), (2, 3, 4), (2, 4, 4), (3, 4, 4))((3, 4, 2), (4, 4, 1), (4, 4, 2), (4, 4, 3), (4, 4, 4))((4, 0, 4), (4, 1, 4), (4, 2, 3), (4, 2, 4), (4, 3, 4))((1, 0, 4), (1, 1, 4), (1, 2, 4), (1, 3, 4), (2, 1, 4))((1, 0, 3), (2, 0, 3), (2, 0, 4), (3, 0, 3), (4, 0, 3))((2, 2, 4), (3, 0, 4), (3, 1, 4), (3, 2, 4), (3, 3, 4))((4, 0, 2), (4, 1, 0), (4, 1, 1), (4, 1, 2), (4, 1, 3))((1, 0, 0), (2, 0, 0), (3, 0, 0), (3, 1, 0), (4, 0, 0))((0, 1, 0), (0, 2, 0), (0, 3, 0), (0, 4, 0), (1, 3, 0))((1, 0, 1), (2, 0, 1), (3, 0, 1), (3, 1, 1), (4, 0, 1))((4, 2, 2), (4, 3, 0), (4, 3, 1), (4, 3, 2), (4, 3, 3))((1, 4, 0), (2, 4, 0), (3, 3, 0), (3, 4, 0), (4, 4, 0))((0, 4, 1), (1, 4, 1), (2, 4, 1), (2, 4, 2), (3, 4, 1))((0, 1, 1), (1, 1, 0), (1, 1, 1), (1, 1, 2), (1, 1, 3))((0, 4, 3), (1, 4, 2), (1, 4, 3), (2, 4, 3), (3, 4, 3))((3, 0, 2), (3, 1, 2), (3, 1, 3), (3, 2, 2), (3, 3, 2))((0, 3, 3), (1, 3, 2), (1, 3, 3), (2, 3, 3), (3, 3, 3))((1, 2, 0), (2, 2, 0), (2, 3, 0), (3, 2, 0), (4, 2, 0))((2, 0, 2), (2, 1, 0), (2, 1, 1), (2, 1, 2), (2, 1, 3))((0, 3, 1), (1, 3, 1), (2, 3, 1), (2, 3, 2), (3, 3, 1))((1, 2, 1), (2, 2, 1), (2, 2, 2), (3, 2, 1), (4, 2, 1))((0, 1, 2), (0, 2, 1), (0, 2, 2), (0, 3, 2), (0, 4, 2))((0, 2, 3), (1, 2, 2), (1, 2, 3), (2, 2, 3), (3, 2, 3))
158
((0, 0, 0), (0, 0, 1), (0, 0, 2), (0, 0, 3), (1, 0, 2))((0, 0, 4), (0, 1, 3), (0, 1, 4), (0, 2, 4), (0, 3, 4))((0, 4, 4), (1, 4, 4), (2, 3, 4), (2, 4, 4), (3, 4, 4))((3, 4, 2), (4, 4, 1), (4, 4, 2), (4, 4, 3), (4, 4, 4))((4, 0, 4), (4, 1, 4), (4, 2, 3), (4, 2, 4), (4, 3, 4))((1, 0, 4), (1, 1, 4), (1, 2, 4), (1, 3, 4), (2, 1, 4))((1, 0, 3), (2, 0, 3), (2, 0, 4), (3, 0, 3), (4, 0, 3))((2, 2, 4), (3, 0, 4), (3, 1, 4), (3, 2, 4), (3, 3, 4))((4, 0, 2), (4, 1, 0), (4, 1, 1), (4, 1, 2), (4, 1, 3))((1, 0, 0), (2, 0, 0), (3, 0, 0), (3, 1, 0), (4, 0, 0))((0, 1, 0), (0, 2, 0), (0, 3, 0), (0, 4, 0), (1, 3, 0))((1, 0, 1), (2, 0, 1), (3, 0, 1), (3, 1, 1), (4, 0, 1))((4, 2, 2), (4, 3, 0), (4, 3, 1), (4, 3, 2), (4, 3, 3))((1, 4, 0), (2, 4, 0), (3, 3, 0), (3, 4, 0), (4, 4, 0))((0, 4, 1), (1, 4, 1), (2, 4, 1), (2, 4, 2), (3, 4, 1))((0, 1, 1), (1, 1, 0), (1, 1, 1), (1, 1, 2), (1, 1, 3))((0, 4, 3), (1, 4, 2), (1, 4, 3), (2, 4, 3), (3, 4, 3))((3, 0, 2), (3, 1, 2), (3, 1, 3), (3, 2, 2), (3, 3, 2))((0, 3, 3), (1, 3, 3), (2, 3, 2), (2, 3, 3), (3, 3, 3))((2, 0, 2), (2, 1, 0), (2, 1, 1), (2, 1, 2), (2, 1, 3))((0, 2, 3), (1, 2, 2), (1, 2, 3), (2, 2, 3), (3, 2, 3))((1, 2, 1), (2, 2, 1), (2, 2, 2), (3, 2, 1), (4, 2, 1))((1, 2, 0), (2, 2, 0), (2, 3, 0), (3, 2, 0), (4, 2, 0))((0, 3, 1), (1, 3, 1), (1, 3, 2), (2, 3, 1), (3, 3, 1))((0, 1, 2), (0, 2, 1), (0, 2, 2), (0, 3, 2), (0, 4, 2))
159
((0, 0, 0), (0, 0, 1), (0, 0, 2), (0, 0, 3), (1, 0, 2))((0, 0, 4), (0, 1, 3), (0, 1, 4), (0, 2, 4), (0, 3, 4))((0, 4, 4), (1, 4, 4), (2, 3, 4), (2, 4, 4), (3, 4, 4))((3, 4, 2), (4, 4, 1), (4, 4, 2), (4, 4, 3), (4, 4, 4))((4, 0, 4), (4, 1, 4), (4, 2, 3), (4, 2, 4), (4, 3, 4))((1, 0, 4), (1, 1, 4), (1, 2, 4), (1, 3, 4), (2, 1, 4))((1, 0, 3), (2, 0, 3), (2, 0, 4), (3, 0, 3), (4, 0, 3))((2, 2, 4), (3, 0, 4), (3, 1, 4), (3, 2, 4), (3, 3, 4))((4, 0, 2), (4, 1, 0), (4, 1, 1), (4, 1, 2), (4, 1, 3))((1, 0, 0), (2, 0, 0), (3, 0, 0), (3, 1, 0), (4, 0, 0))((0, 1, 0), (0, 2, 0), (0, 3, 0), (0, 4, 0), (1, 3, 0))((1, 0, 1), (2, 0, 1), (3, 0, 1), (3, 1, 1), (4, 0, 1))((4, 2, 2), (4, 3, 0), (4, 3, 1), (4, 3, 2), (4, 3, 3))((1, 4, 0), (2, 4, 0), (3, 3, 0), (3, 4, 0), (4, 4, 0))((0, 4, 1), (1, 4, 1), (1, 4, 2), (2, 4, 1), (3, 4, 1))((0, 1, 1), (1, 1, 0), (1, 1, 1), (1, 1, 2), (1, 1, 3))((0, 4, 3), (1, 4, 3), (2, 4, 2), (2, 4, 3), (3, 4, 3))((3, 0, 2), (3, 1, 2), (3, 1, 3), (3, 2, 2), (3, 3, 2))((2, 0, 2), (2, 1, 0), (2, 1, 1), (2, 1, 2), (2, 1, 3))((1, 2, 0), (2, 2, 0), (2, 3, 0), (3, 2, 0), (4, 2, 0))((0, 3, 3), (1, 3, 3), (2, 3, 2), (2, 3, 3), (3, 3, 3))((0, 2, 3), (1, 2, 2), (1, 2, 3), (2, 2, 3), (3, 2, 3))((1, 2, 1), (2, 2, 1), (2, 2, 2), (3, 2, 1), (4, 2, 1))((0, 3, 1), (1, 3, 1), (1, 3, 2), (2, 3, 1), (3, 3, 1))((0, 1, 2), (0, 2, 1), (0, 2, 2), (0, 3, 2), (0, 4, 2))
160
((0, 0, 0), (0, 0, 1), (0, 0, 2), (0, 0, 3), (1, 0, 2))((0, 0, 4), (0, 1, 3), (0, 1, 4), (0, 2, 4), (0, 3, 4))((0, 4, 4), (1, 4, 4), (2, 3, 4), (2, 4, 4), (3, 4, 4))((3, 4, 2), (4, 4, 1), (4, 4, 2), (4, 4, 3), (4, 4, 4))((4, 0, 4), (4, 1, 4), (4, 2, 3), (4, 2, 4), (4, 3, 4))((1, 0, 4), (1, 1, 4), (1, 2, 4), (1, 3, 4), (2, 1, 4))((1, 0, 3), (2, 0, 3), (2, 0, 4), (3, 0, 3), (4, 0, 3))((2, 2, 4), (3, 0, 4), (3, 1, 4), (3, 2, 4), (3, 3, 4))((4, 0, 2), (4, 1, 0), (4, 1, 1), (4, 1, 2), (4, 1, 3))((1, 0, 0), (2, 0, 0), (3, 0, 0), (3, 1, 0), (4, 0, 0))((0, 1, 0), (0, 2, 0), (0, 3, 0), (0, 4, 0), (1, 3, 0))((1, 0, 1), (2, 0, 1), (3, 0, 1), (3, 1, 1), (4, 0, 1))((4, 2, 2), (4, 3, 0), (4, 3, 1), (4, 3, 2), (4, 3, 3))((1, 4, 0), (2, 4, 0), (3, 3, 0), (3, 4, 0), (4, 4, 0))((0, 4, 1), (1, 4, 1), (1, 4, 2), (2, 4, 1), (3, 4, 1))((0, 1, 1), (1, 1, 0), (1, 1, 1), (1, 1, 2), (1, 1, 3))((0, 4, 3), (1, 4, 3), (2, 4, 2), (2, 4, 3), (3, 4, 3))((3, 0, 2), (3, 1, 2), (3, 1, 3), (3, 2, 2), (3, 3, 2))((2, 0, 2), (2, 1, 0), (2, 1, 1), (2, 1, 2), (2, 1, 3))((1, 2, 0), (2, 2, 0), (2, 3, 0), (3, 2, 0), (4, 2, 0))((0, 3, 1), (1, 3, 1), (2, 3, 1), (2, 3, 2), (3, 3, 1))((1, 2, 1), (2, 2, 1), (2, 2, 2), (3, 2, 1), (4, 2, 1))((0, 1, 2), (0, 2, 1), (0, 2, 2), (0, 3, 2), (0, 4, 2))((0, 2, 3), (1, 2, 2), (1, 2, 3), (2, 2, 3), (3, 2, 3))((0, 3, 3), (1, 3, 2), (1, 3, 3), (2, 3, 3), (3, 3, 3))
161
((0, 0, 0), (0, 0, 1), (0, 0, 2), (0, 0, 3), (1, 0, 2))((0, 0, 4), (0, 1, 3), (0, 1, 4), (0, 2, 4), (0, 3, 4))((0, 4, 4), (1, 4, 4), (2, 3, 4), (2, 4, 4), (3, 4, 4))((3, 4, 2), (4, 4, 1), (4, 4, 2), (4, 4, 3), (4, 4, 4))((4, 0, 4), (4, 1, 4), (4, 2, 3), (4, 2, 4), (4, 3, 4))((1, 0, 4), (1, 1, 4), (1, 2, 4), (1, 3, 4), (2, 1, 4))((1, 0, 3), (2, 0, 3), (2, 0, 4), (3, 0, 3), (4, 0, 3))((2, 2, 4), (3, 0, 4), (3, 1, 4), (3, 2, 4), (3, 3, 4))((4, 0, 2), (4, 1, 0), (4, 1, 1), (4, 1, 2), (4, 1, 3))((1, 0, 0), (2, 0, 0), (3, 0, 0), (3, 1, 0), (4, 0, 0))((0, 1, 0), (0, 2, 0), (0, 3, 0), (0, 4, 0), (1, 3, 0))((1, 0, 1), (2, 0, 1), (3, 0, 1), (3, 1, 1), (4, 0, 1))((4, 2, 2), (4, 3, 0), (4, 3, 1), (4, 3, 2), (4, 3, 3))((1, 4, 0), (2, 4, 0), (3, 3, 0), (3, 4, 0), (4, 4, 0))((0, 4, 1), (1, 4, 1), (1, 4, 2), (2, 4, 1), (3, 4, 1))((0, 1, 1), (1, 1, 0), (1, 1, 1), (1, 1, 2), (1, 1, 3))((0, 4, 3), (1, 4, 3), (2, 4, 2), (2, 4, 3), (3, 4, 3))((3, 0, 2), (3, 1, 2), (3, 1, 3), (3, 2, 2), (3, 3, 2))((1, 2, 0), (2, 1, 0), (2, 2, 0), (3, 2, 0), (4, 2, 0))((0, 2, 3), (1, 2, 3), (2, 1, 3), (2, 2, 3), (3, 2, 3))((0, 3, 3), (1, 3, 2), (1, 3, 3), (2, 3, 3), (3, 3, 3))((0, 3, 1), (1, 3, 1), (2, 3, 0), (2, 3, 1), (3, 3, 1))((0, 1, 2), (0, 2, 1), (0, 2, 2), (0, 3, 2), (0, 4, 2))((1, 2, 2), (2, 0, 2), (2, 1, 2), (2, 2, 2), (2, 3, 2))((1, 2, 1), (2, 1, 1), (2, 2, 1), (3, 2, 1), (4, 2, 1))
162
((0, 0, 0), (0, 0, 1), (0, 0, 2), (0, 0, 3), (1, 0, 2))((0, 0, 4), (0, 1, 3), (0, 1, 4), (0, 2, 4), (0, 3, 4))((0, 4, 4), (1, 4, 4), (2, 3, 4), (2, 4, 4), (3, 4, 4))((3, 4, 2), (4, 4, 1), (4, 4, 2), (4, 4, 3), (4, 4, 4))((4, 0, 4), (4, 1, 4), (4, 2, 3), (4, 2, 4), (4, 3, 4))((1, 0, 4), (1, 1, 4), (1, 2, 4), (1, 3, 4), (2, 1, 4))((1, 0, 3), (2, 0, 3), (2, 0, 4), (3, 0, 3), (4, 0, 3))((2, 2, 4), (3, 0, 4), (3, 1, 4), (3, 2, 4), (3, 3, 4))((4, 0, 2), (4, 1, 0), (4, 1, 1), (4, 1, 2), (4, 1, 3))((1, 0, 0), (2, 0, 0), (3, 0, 0), (3, 1, 0), (4, 0, 0))((0, 1, 0), (0, 2, 0), (0, 3, 0), (0, 4, 0), (1, 3, 0))((1, 0, 1), (2, 0, 1), (3, 0, 1), (3, 1, 1), (4, 0, 1))((4, 2, 2), (4, 3, 0), (4, 3, 1), (4, 3, 2), (4, 3, 3))((1, 4, 0), (2, 4, 0), (3, 3, 0), (3, 4, 0), (4, 4, 0))((0, 4, 1), (1, 4, 1), (1, 4, 2), (2, 4, 1), (3, 4, 1))((0, 1, 1), (1, 1, 0), (1, 1, 1), (1, 1, 2), (1, 1, 3))((0, 4, 3), (1, 4, 3), (2, 4, 2), (2, 4, 3), (3, 4, 3))((3, 0, 2), (3, 1, 2), (3, 1, 3), (3, 2, 2), (3, 3, 2))((1, 2, 0), (2, 1, 0), (2, 2, 0), (3, 2, 0), (4, 2, 0))((2, 0, 2), (2, 1, 2), (2, 1, 3), (2, 2, 2), (2, 3, 2))((0, 3, 1), (1, 3, 1), (2, 3, 0), (2, 3, 1), (3, 3, 1))((1, 2, 1), (2, 1, 1), (2, 2, 1), (3, 2, 1), (4, 2, 1))((0, 1, 2), (0, 2, 1), (0, 2, 2), (0, 3, 2), (0, 4, 2))((0, 2, 3), (1, 2, 2), (1, 2, 3), (2, 2, 3), (3, 2, 3))((0, 3, 3), (1, 3, 2), (1, 3, 3), (2, 3, 3), (3, 3, 3))
163
((0, 0, 0), (0, 0, 1), (0, 0, 2), (0, 0, 3), (1, 0, 2))((0, 0, 4), (0, 1, 3), (0, 1, 4), (0, 2, 4), (0, 3, 4))((0, 4, 4), (1, 4, 4), (2, 3, 4), (2, 4, 4), (3, 4, 4))((3, 4, 2), (4, 4, 1), (4, 4, 2), (4, 4, 3), (4, 4, 4))((4, 0, 4), (4, 1, 4), (4, 2, 3), (4, 2, 4), (4, 3, 4))((1, 0, 4), (1, 1, 4), (1, 2, 4), (1, 3, 4), (2, 1, 4))((1, 0, 3), (2, 0, 3), (2, 0, 4), (3, 0, 3), (4, 0, 3))((2, 2, 4), (3, 0, 4), (3, 1, 4), (3, 2, 4), (3, 3, 4))((4, 0, 2), (4, 1, 0), (4, 1, 1), (4, 1, 2), (4, 1, 3))((1, 0, 0), (2, 0, 0), (3, 0, 0), (3, 1, 0), (4, 0, 0))((0, 1, 0), (0, 2, 0), (0, 3, 0), (0, 4, 0), (1, 3, 0))((1, 0, 1), (2, 0, 1), (2, 0, 2), (3, 0, 1), (4, 0, 1))((1, 4, 0), (2, 3, 0), (2, 4, 0), (3, 4, 0), (4, 4, 0))((1, 2, 0), (2, 2, 0), (3, 2, 0), (3, 3, 0), (4, 2, 0))((4, 2, 2), (4, 3, 0), (4, 3, 1), (4, 3, 2), (4, 3, 3))((0, 4, 3), (1, 4, 2), (1, 4, 3), (2, 4, 3), (3, 4, 3))((3, 0, 2), (3, 1, 2), (3, 1, 3), (3, 2, 2), (3, 3, 2))((0, 3, 3), (1, 3, 2), (1, 3, 3), (2, 3, 3), (3, 3, 3))((0, 2, 3), (1, 2, 2), (1, 2, 3), (2, 2, 3), (3, 2, 3))((0, 1, 2), (0, 2, 1), (0, 2, 2), (0, 3, 2), (0, 4, 2))((0, 4, 1), (1, 4, 1), (2, 4, 1), (2, 4, 2), (3, 4, 1))((0, 3, 1), (1, 3, 1), (2, 3, 1), (2, 3, 2), (3, 3, 1))((2, 1, 0), (2, 1, 1), (2, 1, 2), (2, 1, 3), (2, 2, 2))((1, 2, 1), (2, 2, 1), (3, 1, 1), (3, 2, 1), (4, 2, 1))((0, 1, 1), (1, 1, 0), (1, 1, 1), (1, 1, 2), (1, 1, 3))
164
((0, 0, 0), (0, 0, 1), (0, 0, 2), (0, 0, 3), (1, 0, 2))((0, 0, 4), (0, 1, 3), (0, 1, 4), (0, 2, 4), (0, 3, 4))((0, 4, 4), (1, 4, 4), (2, 3, 4), (2, 4, 4), (3, 4, 4))((3, 4, 2), (4, 4, 1), (4, 4, 2), (4, 4, 3), (4, 4, 4))((4, 0, 4), (4, 1, 4), (4, 2, 3), (4, 2, 4), (4, 3, 4))((1, 0, 4), (1, 1, 4), (1, 2, 4), (1, 3, 4), (2, 1, 4))((1, 0, 3), (2, 0, 3), (2, 0, 4), (3, 0, 3), (4, 0, 3))((2, 2, 4), (3, 0, 4), (3, 1, 4), (3, 2, 4), (3, 3, 4))((4, 0, 2), (4, 1, 0), (4, 1, 1), (4, 1, 2), (4, 1, 3))((1, 0, 0), (2, 0, 0), (3, 0, 0), (3, 1, 0), (4, 0, 0))((0, 1, 0), (0, 2, 0), (0, 3, 0), (0, 4, 0), (1, 3, 0))((1, 0, 1), (2, 0, 1), (2, 0, 2), (3, 0, 1), (4, 0, 1))((1, 4, 0), (2, 3, 0), (2, 4, 0), (3, 4, 0), (4, 4, 0))((1, 2, 0), (2, 2, 0), (3, 2, 0), (3, 3, 0), (4, 2, 0))((4, 2, 2), (4, 3, 0), (4, 3, 1), (4, 3, 2), (4, 3, 3))((0, 4, 3), (1, 4, 2), (1, 4, 3), (2, 4, 3), (3, 4, 3))((3, 0, 2), (3, 1, 2), (3, 1, 3), (3, 2, 2), (3, 3, 2))((0, 3, 3), (1, 3, 2), (1, 3, 3), (2, 3, 3), (3, 3, 3))((0, 2, 3), (1, 2, 2), (1, 2, 3), (2, 2, 3), (3, 2, 3))((0, 1, 2), (0, 2, 1), (0, 2, 2), (0, 3, 2), (0, 4, 2))((0, 4, 1), (1, 4, 1), (2, 4, 1), (2, 4, 2), (3, 4, 1))((0, 3, 1), (1, 3, 1), (2, 3, 1), (2, 3, 2), (3, 3, 1))((1, 2, 1), (2, 2, 1), (2, 2, 2), (3, 2, 1), (4, 2, 1))((0, 1, 1), (1, 1, 0), (1, 1, 1), (1, 1, 2), (1, 1, 3))((2, 1, 0), (2, 1, 1), (2, 1, 2), (2, 1, 3), (3, 1, 1))
165
((0, 0, 0), (0, 0, 1), (0, 0, 2), (0, 0, 3), (1, 0, 2))((0, 0, 4), (0, 1, 3), (0, 1, 4), (0, 2, 4), (0, 3, 4))((0, 4, 4), (1, 4, 4), (2, 3, 4), (2, 4, 4), (3, 4, 4))((3, 4, 2), (4, 4, 1), (4, 4, 2), (4, 4, 3), (4, 4, 4))((4, 0, 4), (4, 1, 4), (4, 2, 3), (4, 2, 4), (4, 3, 4))((1, 0, 4), (1, 1, 4), (1, 2, 4), (1, 3, 4), (2, 1, 4))((1, 0, 3), (2, 0, 3), (2, 0, 4), (3, 0, 3), (4, 0, 3))((2, 2, 4), (3, 0, 4), (3, 1, 4), (3, 2, 4), (3, 3, 4))((4, 0, 2), (4, 1, 0), (4, 1, 1), (4, 1, 2), (4, 1, 3))((1, 0, 0), (2, 0, 0), (3, 0, 0), (3, 1, 0), (4, 0, 0))((0, 1, 0), (0, 2, 0), (0, 3, 0), (0, 4, 0), (1, 3, 0))((1, 0, 1), (2, 0, 1), (2, 0, 2), (3, 0, 1), (4, 0, 1))((1, 4, 0), (2, 3, 0), (2, 4, 0), (3, 4, 0), (4, 4, 0))((1, 2, 0), (2, 2, 0), (3, 2, 0), (3, 3, 0), (4, 2, 0))((4, 2, 2), (4, 3, 0), (4, 3, 1), (4, 3, 2), (4, 3, 3))((0, 4, 3), (1, 4, 2), (1, 4, 3), (2, 4, 3), (3, 4, 3))((3, 0, 2), (3, 1, 2), (3, 1, 3), (3, 2, 2), (3, 3, 2))((0, 3, 3), (1, 3, 3), (2, 3, 2), (2, 3, 3), (3, 3, 3))((0, 4, 1), (1, 4, 1), (2, 4, 1), (2, 4, 2), (3, 4, 1))((0, 3, 1), (1, 3, 1), (1, 3, 2), (2, 3, 1), (3, 3, 1))((0, 1, 2), (0, 2, 1), (0, 2, 2), (0, 3, 2), (0, 4, 2))((0, 2, 3), (1, 2, 2), (1, 2, 3), (2, 2, 3), (3, 2, 3))((2, 1, 0), (2, 1, 1), (2, 1, 2), (2, 1, 3), (2, 2, 2))((0, 1, 1), (1, 1, 0), (1, 1, 1), (1, 1, 2), (1, 1, 3))((1, 2, 1), (2, 2, 1), (3, 1, 1), (3, 2, 1), (4, 2, 1))
166
((0, 0, 0), (0, 0, 1), (0, 0, 2), (0, 0, 3), (1, 0, 2))((0, 0, 4), (0, 1, 3), (0, 1, 4), (0, 2, 4), (0, 3, 4))((0, 4, 4), (1, 4, 4), (2, 3, 4), (2, 4, 4), (3, 4, 4))((3, 4, 2), (4, 4, 1), (4, 4, 2), (4, 4, 3), (4, 4, 4))((4, 0, 4), (4, 1, 4), (4, 2, 3), (4, 2, 4), (4, 3, 4))((1, 0, 4), (1, 1, 4), (1, 2, 4), (1, 3, 4), (2, 1, 4))((1, 0, 3), (2, 0, 3), (2, 0, 4), (3, 0, 3), (4, 0, 3))((2, 2, 4), (3, 0, 4), (3, 1, 4), (3, 2, 4), (3, 3, 4))((4, 0, 2), (4, 1, 0), (4, 1, 1), (4, 1, 2), (4, 1, 3))((1, 0, 0), (2, 0, 0), (3, 0, 0), (3, 1, 0), (4, 0, 0))((0, 1, 0), (0, 2, 0), (0, 3, 0), (0, 4, 0), (1, 3, 0))((1, 0, 1), (2, 0, 1), (2, 0, 2), (3, 0, 1), (4, 0, 1))((1, 4, 0), (2, 3, 0), (2, 4, 0), (3, 4, 0), (4, 4, 0))((1, 2, 0), (2, 2, 0), (3, 2, 0), (3, 3, 0), (4, 2, 0))((4, 2, 2), (4, 3, 0), (4, 3, 1), (4, 3, 2), (4, 3, 3))((0, 4, 3), (1, 4, 2), (1, 4, 3), (2, 4, 3), (3, 4, 3))((3, 0, 2), (3, 1, 2), (3, 1, 3), (3, 2, 2), (3, 3, 2))((0, 3, 3), (1, 3, 3), (2, 3, 2), (2, 3, 3), (3, 3, 3))((0, 4, 1), (1, 4, 1), (2, 4, 1), (2, 4, 2), (3, 4, 1))((0, 3, 1), (1, 3, 1), (1, 3, 2), (2, 3, 1), (3, 3, 1))((0, 1, 2), (0, 2, 1), (0, 2, 2), (0, 3, 2), (0, 4, 2))((0, 2, 3), (1, 2, 2), (1, 2, 3), (2, 2, 3), (3, 2, 3))((1, 2, 1), (2, 2, 1), (2, 2, 2), (3, 2, 1), (4, 2, 1))((0, 1, 1), (1, 1, 0), (1, 1, 1), (1, 1, 2), (1, 1, 3))((2, 1, 0), (2, 1, 1), (2, 1, 2), (2, 1, 3), (3, 1, 1))
167
((0, 0, 0), (0, 0, 1), (0, 0, 2), (0, 0, 3), (1, 0, 2))((0, 0, 4), (0, 1, 3), (0, 1, 4), (0, 2, 4), (0, 3, 4))((0, 4, 4), (1, 4, 4), (2, 3, 4), (2, 4, 4), (3, 4, 4))((3, 4, 2), (4, 4, 1), (4, 4, 2), (4, 4, 3), (4, 4, 4))((4, 0, 4), (4, 1, 4), (4, 2, 3), (4, 2, 4), (4, 3, 4))((1, 0, 4), (1, 1, 4), (1, 2, 4), (1, 3, 4), (2, 1, 4))((1, 0, 3), (2, 0, 3), (2, 0, 4), (3, 0, 3), (4, 0, 3))((2, 2, 4), (3, 0, 4), (3, 1, 4), (3, 2, 4), (3, 3, 4))((4, 0, 2), (4, 1, 0), (4, 1, 1), (4, 1, 2), (4, 1, 3))((1, 0, 0), (2, 0, 0), (3, 0, 0), (3, 1, 0), (4, 0, 0))((0, 1, 0), (0, 2, 0), (0, 3, 0), (0, 4, 0), (1, 3, 0))((1, 0, 1), (2, 0, 1), (2, 0, 2), (3, 0, 1), (4, 0, 1))((1, 4, 0), (2, 3, 0), (2, 4, 0), (3, 4, 0), (4, 4, 0))((1, 2, 0), (2, 2, 0), (3, 2, 0), (3, 3, 0), (4, 2, 0))((4, 2, 2), (4, 3, 0), (4, 3, 1), (4, 3, 2), (4, 3, 3))((0, 4, 3), (1, 4, 3), (2, 4, 2), (2, 4, 3), (3, 4, 3))((3, 0, 2), (3, 1, 2), (3, 1, 3), (3, 2, 2), (3, 3, 2))((0, 3, 3), (1, 3, 2), (1, 3, 3), (2, 3, 3), (3, 3, 3))((0, 4, 1), (1, 4, 1), (1, 4, 2), (2, 4, 1), (3, 4, 1))((0, 3, 1), (1, 3, 1), (2, 3, 1), (2, 3, 2), (3, 3, 1))((1, 2, 1), (2, 2, 1), (3, 1, 1), (3, 2, 1), (4, 2, 1))((0, 1, 1), (1, 1, 0), (1, 1, 1), (1, 1, 2), (1, 1, 3))((2, 1, 0), (2, 1, 1), (2, 1, 2), (2, 1, 3), (2, 2, 2))((0, 2, 3), (1, 2, 2), (1, 2, 3), (2, 2, 3), (3, 2, 3))((0, 1, 2), (0, 2, 1), (0, 2, 2), (0, 3, 2), (0, 4, 2))
168
((0, 0, 0), (0, 0, 1), (0, 0, 2), (0, 0, 3), (1, 0, 2))((0, 0, 4), (0, 1, 3), (0, 1, 4), (0, 2, 4), (0, 3, 4))((0, 4, 4), (1, 4, 4), (2, 3, 4), (2, 4, 4), (3, 4, 4))((3, 4, 2), (4, 4, 1), (4, 4, 2), (4, 4, 3), (4, 4, 4))((4, 0, 4), (4, 1, 4), (4, 2, 3), (4, 2, 4), (4, 3, 4))((1, 0, 4), (1, 1, 4), (1, 2, 4), (1, 3, 4), (2, 1, 4))((1, 0, 3), (2, 0, 3), (2, 0, 4), (3, 0, 3), (4, 0, 3))((2, 2, 4), (3, 0, 4), (3, 1, 4), (3, 2, 4), (3, 3, 4))((4, 0, 2), (4, 1, 0), (4, 1, 1), (4, 1, 2), (4, 1, 3))((1, 0, 0), (2, 0, 0), (3, 0, 0), (3, 1, 0), (4, 0, 0))((0, 1, 0), (0, 2, 0), (0, 3, 0), (0, 4, 0), (1, 3, 0))((1, 0, 1), (2, 0, 1), (2, 0, 2), (3, 0, 1), (4, 0, 1))((1, 4, 0), (2, 3, 0), (2, 4, 0), (3, 4, 0), (4, 4, 0))((1, 2, 0), (2, 2, 0), (3, 2, 0), (3, 3, 0), (4, 2, 0))((4, 2, 2), (4, 3, 0), (4, 3, 1), (4, 3, 2), (4, 3, 3))((0, 4, 3), (1, 4, 3), (2, 4, 2), (2, 4, 3), (3, 4, 3))((3, 0, 2), (3, 1, 2), (3, 1, 3), (3, 2, 2), (3, 3, 2))((0, 3, 3), (1, 3, 2), (1, 3, 3), (2, 3, 3), (3, 3, 3))((0, 4, 1), (1, 4, 1), (1, 4, 2), (2, 4, 1), (3, 4, 1))((0, 3, 1), (1, 3, 1), (2, 3, 1), (2, 3, 2), (3, 3, 1))((1, 2, 1), (2, 2, 1), (2, 2, 2), (3, 2, 1), (4, 2, 1))((0, 1, 2), (0, 2, 1), (0, 2, 2), (0, 3, 2), (0, 4, 2))((0, 2, 3), (1, 2, 2), (1, 2, 3), (2, 2, 3), (3, 2, 3))((2, 1, 0), (2, 1, 1), (2, 1, 2), (2, 1, 3), (3, 1, 1))((0, 1, 1), (1, 1, 0), (1, 1, 1), (1, 1, 2), (1, 1, 3))
169
((0, 0, 0), (0, 0, 1), (0, 0, 2), (0, 0, 3), (1, 0, 2))((0, 0, 4), (0, 1, 3), (0, 1, 4), (0, 2, 4), (0, 3, 4))((0, 4, 4), (1, 4, 4), (2, 3, 4), (2, 4, 4), (3, 4, 4))((3, 4, 2), (4, 4, 1), (4, 4, 2), (4, 4, 3), (4, 4, 4))((4, 0, 4), (4, 1, 4), (4, 2, 3), (4, 2, 4), (4, 3, 4))((1, 0, 4), (1, 1, 4), (1, 2, 4), (1, 3, 4), (2, 1, 4))((1, 0, 3), (2, 0, 3), (2, 0, 4), (3, 0, 3), (4, 0, 3))((2, 2, 4), (3, 0, 4), (3, 1, 4), (3, 2, 4), (3, 3, 4))((4, 0, 2), (4, 1, 0), (4, 1, 1), (4, 1, 2), (4, 1, 3))((1, 0, 0), (2, 0, 0), (3, 0, 0), (3, 1, 0), (4, 0, 0))((0, 1, 0), (0, 2, 0), (0, 3, 0), (0, 4, 0), (1, 3, 0))((1, 0, 1), (2, 0, 1), (2, 0, 2), (3, 0, 1), (4, 0, 1))((1, 4, 0), (2, 3, 0), (2, 4, 0), (3, 4, 0), (4, 4, 0))((1, 2, 0), (2, 2, 0), (3, 2, 0), (3, 3, 0), (4, 2, 0))((4, 2, 2), (4, 3, 0), (4, 3, 1), (4, 3, 2), (4, 3, 3))((0, 4, 3), (1, 4, 3), (2, 4, 2), (2, 4, 3), (3, 4, 3))((3, 0, 2), (3, 1, 2), (3, 1, 3), (3, 2, 2), (3, 3, 2))((0, 3, 3), (1, 3, 3), (2, 3, 2), (2, 3, 3), (3, 3, 3))((0, 2, 3), (1, 2, 2), (1, 2, 3), (2, 2, 3), (3, 2, 3))((0, 4, 1), (1, 4, 1), (1, 4, 2), (2, 4, 1), (3, 4, 1))((0, 3, 1), (1, 3, 1), (1, 3, 2), (2, 3, 1), (3, 3, 1))((0, 1, 2), (0, 2, 1), (0, 2, 2), (0, 3, 2), (0, 4, 2))((2, 1, 0), (2, 1, 1), (2, 1, 2), (2, 1, 3), (2, 2, 2))((0, 1, 1), (1, 1, 0), (1, 1, 1), (1, 1, 2), (1, 1, 3))((1, 2, 1), (2, 2, 1), (3, 1, 1), (3, 2, 1), (4, 2, 1))
170
((0, 0, 0), (0, 0, 1), (0, 0, 2), (0, 0, 3), (1, 0, 2))((0, 0, 4), (0, 1, 3), (0, 1, 4), (0, 2, 4), (0, 3, 4))((0, 4, 4), (1, 4, 4), (2, 3, 4), (2, 4, 4), (3, 4, 4))((3, 4, 2), (4, 4, 1), (4, 4, 2), (4, 4, 3), (4, 4, 4))((4, 0, 4), (4, 1, 4), (4, 2, 3), (4, 2, 4), (4, 3, 4))((1, 0, 4), (1, 1, 4), (1, 2, 4), (1, 3, 4), (2, 1, 4))((1, 0, 3), (2, 0, 3), (2, 0, 4), (3, 0, 3), (4, 0, 3))((2, 2, 4), (3, 0, 4), (3, 1, 4), (3, 2, 4), (3, 3, 4))((4, 0, 2), (4, 1, 0), (4, 1, 1), (4, 1, 2), (4, 1, 3))((1, 0, 0), (2, 0, 0), (3, 0, 0), (3, 1, 0), (4, 0, 0))((0, 1, 0), (0, 2, 0), (0, 3, 0), (0, 4, 0), (1, 3, 0))((1, 0, 1), (2, 0, 1), (2, 0, 2), (3, 0, 1), (4, 0, 1))((1, 4, 0), (2, 3, 0), (2, 4, 0), (3, 4, 0), (4, 4, 0))((1, 2, 0), (2, 2, 0), (3, 2, 0), (3, 3, 0), (4, 2, 0))((4, 2, 2), (4, 3, 0), (4, 3, 1), (4, 3, 2), (4, 3, 3))((0, 4, 3), (1, 4, 3), (2, 4, 2), (2, 4, 3), (3, 4, 3))((3, 0, 2), (3, 1, 2), (3, 1, 3), (3, 2, 2), (3, 3, 2))((0, 3, 3), (1, 3, 3), (2, 3, 2), (2, 3, 3), (3, 3, 3))((0, 2, 3), (1, 2, 2), (1, 2, 3), (2, 2, 3), (3, 2, 3))((0, 4, 1), (1, 4, 1), (1, 4, 2), (2, 4, 1), (3, 4, 1))((0, 3, 1), (1, 3, 1), (1, 3, 2), (2, 3, 1), (3, 3, 1))((0, 1, 2), (0, 2, 1), (0, 2, 2), (0, 3, 2), (0, 4, 2))((1, 2, 1), (2, 2, 1), (2, 2, 2), (3, 2, 1), (4, 2, 1))((0, 1, 1), (1, 1, 0), (1, 1, 1), (1, 1, 2), (1, 1, 3))((2, 1, 0), (2, 1, 1), (2, 1, 2), (2, 1, 3), (3, 1, 1))
171
((0, 0, 0), (0, 0, 1), (0, 0, 2), (0, 0, 3), (1, 0, 2))((0, 0, 4), (0, 1, 3), (0, 1, 4), (0, 2, 4), (0, 3, 4))((0, 4, 4), (1, 4, 4), (2, 3, 4), (2, 4, 4), (3, 4, 4))((3, 4, 2), (4, 4, 1), (4, 4, 2), (4, 4, 3), (4, 4, 4))((4, 0, 4), (4, 1, 4), (4, 2, 3), (4, 2, 4), (4, 3, 4))((1, 0, 4), (1, 1, 4), (1, 2, 4), (1, 3, 4), (2, 1, 4))((1, 0, 3), (2, 0, 3), (2, 0, 4), (3, 0, 3), (4, 0, 3))((2, 2, 4), (3, 0, 4), (3, 1, 4), (3, 2, 4), (3, 3, 4))((4, 0, 2), (4, 1, 0), (4, 1, 1), (4, 1, 2), (4, 1, 3))((1, 0, 0), (2, 0, 0), (3, 0, 0), (3, 1, 0), (4, 0, 0))((0, 1, 0), (0, 2, 0), (0, 3, 0), (0, 4, 0), (1, 3, 0))((1, 0, 1), (2, 0, 1), (2, 0, 2), (3, 0, 1), (4, 0, 1))((1, 4, 0), (2, 4, 0), (3, 3, 0), (3, 4, 0), (4, 4, 0))((0, 4, 3), (1, 4, 2), (1, 4, 3), (2, 4, 3), (3, 4, 3))((3, 0, 2), (3, 1, 2), (3, 1, 3), (3, 2, 2), (3, 3, 2))((4, 2, 2), (4, 3, 0), (4, 3, 1), (4, 3, 2), (4, 3, 3))((0, 3, 3), (1, 3, 2), (1, 3, 3), (2, 3, 3), (3, 3, 3))((1, 2, 0), (2, 2, 0), (2, 3, 0), (3, 2, 0), (4, 2, 0))((0, 1, 2), (0, 2, 1), (0, 2, 2), (0, 3, 2), (0, 4, 2))((0, 4, 1), (1, 4, 1), (2, 4, 1), (2, 4, 2), (3, 4, 1))((0, 3, 1), (1, 3, 1), (2, 3, 1), (2, 3, 2), (3, 3, 1))((0, 2, 3), (1, 2, 2), (1, 2, 3), (2, 2, 3), (3, 2, 3))((2, 1, 0), (2, 1, 1), (2, 1, 2), (2, 1, 3), (2, 2, 2))((1, 2, 1), (2, 2, 1), (3, 1, 1), (3, 2, 1), (4, 2, 1))((0, 1, 1), (1, 1, 0), (1, 1, 1), (1, 1, 2), (1, 1, 3))
172
((0, 0, 0), (0, 0, 1), (0, 0, 2), (0, 0, 3), (1, 0, 2))((0, 0, 4), (0, 1, 3), (0, 1, 4), (0, 2, 4), (0, 3, 4))((0, 4, 4), (1, 4, 4), (2, 3, 4), (2, 4, 4), (3, 4, 4))((3, 4, 2), (4, 4, 1), (4, 4, 2), (4, 4, 3), (4, 4, 4))((4, 0, 4), (4, 1, 4), (4, 2, 3), (4, 2, 4), (4, 3, 4))((1, 0, 4), (1, 1, 4), (1, 2, 4), (1, 3, 4), (2, 1, 4))((1, 0, 3), (2, 0, 3), (2, 0, 4), (3, 0, 3), (4, 0, 3))((2, 2, 4), (3, 0, 4), (3, 1, 4), (3, 2, 4), (3, 3, 4))((4, 0, 2), (4, 1, 0), (4, 1, 1), (4, 1, 2), (4, 1, 3))((1, 0, 0), (2, 0, 0), (3, 0, 0), (3, 1, 0), (4, 0, 0))((0, 1, 0), (0, 2, 0), (0, 3, 0), (0, 4, 0), (1, 3, 0))((1, 0, 1), (2, 0, 1), (2, 0, 2), (3, 0, 1), (4, 0, 1))((1, 4, 0), (2, 4, 0), (3, 3, 0), (3, 4, 0), (4, 4, 0))((0, 4, 3), (1, 4, 2), (1, 4, 3), (2, 4, 3), (3, 4, 3))((3, 0, 2), (3, 1, 2), (3, 1, 3), (3, 2, 2), (3, 3, 2))((4, 2, 2), (4, 3, 0), (4, 3, 1), (4, 3, 2), (4, 3, 3))((0, 3, 3), (1, 3, 2), (1, 3, 3), (2, 3, 3), (3, 3, 3))((1, 2, 0), (2, 2, 0), (2, 3, 0), (3, 2, 0), (4, 2, 0))((0, 1, 2), (0, 2, 1), (0, 2, 2), (0, 3, 2), (0, 4, 2))((0, 4, 1), (1, 4, 1), (2, 4, 1), (2, 4, 2), (3, 4, 1))((0, 3, 1), (1, 3, 1), (2, 3, 1), (2, 3, 2), (3, 3, 1))((0, 2, 3), (1, 2, 2), (1, 2, 3), (2, 2, 3), (3, 2, 3))((1, 2, 1), (2, 2, 1), (2, 2, 2), (3, 2, 1), (4, 2, 1))((0, 1, 1), (1, 1, 0), (1, 1, 1), (1, 1, 2), (1, 1, 3))((2, 1, 0), (2, 1, 1), (2, 1, 2), (2, 1, 3), (3, 1, 1))
173
((0, 0, 0), (0, 0, 1), (0, 0, 2), (0, 0, 3), (1, 0, 2))((0, 0, 4), (0, 1, 3), (0, 1, 4), (0, 2, 4), (0, 3, 4))((0, 4, 4), (1, 4, 4), (2, 3, 4), (2, 4, 4), (3, 4, 4))((3, 4, 2), (4, 4, 1), (4, 4, 2), (4, 4, 3), (4, 4, 4))((4, 0, 4), (4, 1, 4), (4, 2, 3), (4, 2, 4), (4, 3, 4))((1, 0, 4), (1, 1, 4), (1, 2, 4), (1, 3, 4), (2, 1, 4))((1, 0, 3), (2, 0, 3), (2, 0, 4), (3, 0, 3), (4, 0, 3))((2, 2, 4), (3, 0, 4), (3, 1, 4), (3, 2, 4), (3, 3, 4))((4, 0, 2), (4, 1, 0), (4, 1, 1), (4, 1, 2), (4, 1, 3))((1, 0, 0), (2, 0, 0), (3, 0, 0), (3, 1, 0), (4, 0, 0))((0, 1, 0), (0, 2, 0), (0, 3, 0), (0, 4, 0), (1, 3, 0))((1, 0, 1), (2, 0, 1), (2, 0, 2), (3, 0, 1), (4, 0, 1))((1, 4, 0), (2, 4, 0), (3, 3, 0), (3, 4, 0), (4, 4, 0))((0, 4, 3), (1, 4, 2), (1, 4, 3), (2, 4, 3), (3, 4, 3))((3, 0, 2), (3, 1, 2), (3, 1, 3), (3, 2, 2), (3, 3, 2))((4, 2, 2), (4, 3, 0), (4, 3, 1), (4, 3, 2), (4, 3, 3))((0, 3, 3), (1, 3, 3), (2, 3, 2), (2, 3, 3), (3, 3, 3))((0, 4, 1), (1, 4, 1), (2, 4, 1), (2, 4, 2), (3, 4, 1))((1, 2, 0), (2, 2, 0), (2, 3, 0), (3, 2, 0), (4, 2, 0))((0, 3, 1), (1, 3, 1), (1, 3, 2), (2, 3, 1), (3, 3, 1))((1, 2, 1), (2, 2, 1), (3, 1, 1), (3, 2, 1), (4, 2, 1))((0, 1, 2), (0, 2, 1), (0, 2, 2), (0, 3, 2), (0, 4, 2))((0, 1, 1), (1, 1, 0), (1, 1, 1), (1, 1, 2), (1, 1, 3))((0, 2, 3), (1, 2, 2), (1, 2, 3), (2, 2, 3), (3, 2, 3))((2, 1, 0), (2, 1, 1), (2, 1, 2), (2, 1, 3), (2, 2, 2))
174
((0, 0, 0), (0, 0, 1), (0, 0, 2), (0, 0, 3), (1, 0, 2))((0, 0, 4), (0, 1, 3), (0, 1, 4), (0, 2, 4), (0, 3, 4))((0, 4, 4), (1, 4, 4), (2, 3, 4), (2, 4, 4), (3, 4, 4))((3, 4, 2), (4, 4, 1), (4, 4, 2), (4, 4, 3), (4, 4, 4))((4, 0, 4), (4, 1, 4), (4, 2, 3), (4, 2, 4), (4, 3, 4))((1, 0, 4), (1, 1, 4), (1, 2, 4), (1, 3, 4), (2, 1, 4))((1, 0, 3), (2, 0, 3), (2, 0, 4), (3, 0, 3), (4, 0, 3))((2, 2, 4), (3, 0, 4), (3, 1, 4), (3, 2, 4), (3, 3, 4))((4, 0, 2), (4, 1, 0), (4, 1, 1), (4, 1, 2), (4, 1, 3))((1, 0, 0), (2, 0, 0), (3, 0, 0), (3, 1, 0), (4, 0, 0))((0, 1, 0), (0, 2, 0), (0, 3, 0), (0, 4, 0), (1, 3, 0))((1, 0, 1), (2, 0, 1), (2, 0, 2), (3, 0, 1), (4, 0, 1))((1, 4, 0), (2, 4, 0), (3, 3, 0), (3, 4, 0), (4, 4, 0))((0, 4, 3), (1, 4, 2), (1, 4, 3), (2, 4, 3), (3, 4, 3))((3, 0, 2), (3, 1, 2), (3, 1, 3), (3, 2, 2), (3, 3, 2))((4, 2, 2), (4, 3, 0), (4, 3, 1), (4, 3, 2), (4, 3, 3))((0, 3, 3), (1, 3, 3), (2, 3, 2), (2, 3, 3), (3, 3, 3))((0, 4, 1), (1, 4, 1), (2, 4, 1), (2, 4, 2), (3, 4, 1))((1, 2, 0), (2, 2, 0), (2, 3, 0), (3, 2, 0), (4, 2, 0))((0, 3, 1), (1, 3, 1), (1, 3, 2), (2, 3, 1), (3, 3, 1))((1, 2, 1), (2, 2, 1), (2, 2, 2), (3, 2, 1), (4, 2, 1))((0, 1, 2), (0, 2, 1), (0, 2, 2), (0, 3, 2), (0, 4, 2))((0, 2, 3), (1, 2, 2), (1, 2, 3), (2, 2, 3), (3, 2, 3))((2, 1, 0), (2, 1, 1), (2, 1, 2), (2, 1, 3), (3, 1, 1))((0, 1, 1), (1, 1, 0), (1, 1, 1), (1, 1, 2), (1, 1, 3))
175
((0, 0, 0), (0, 0, 1), (0, 0, 2), (0, 0, 3), (1, 0, 2))((0, 0, 4), (0, 1, 3), (0, 1, 4), (0, 2, 4), (0, 3, 4))((0, 4, 4), (1, 4, 4), (2, 3, 4), (2, 4, 4), (3, 4, 4))((3, 4, 2), (4, 4, 1), (4, 4, 2), (4, 4, 3), (4, 4, 4))((4, 0, 4), (4, 1, 4), (4, 2, 3), (4, 2, 4), (4, 3, 4))((1, 0, 4), (1, 1, 4), (1, 2, 4), (1, 3, 4), (2, 1, 4))((1, 0, 3), (2, 0, 3), (2, 0, 4), (3, 0, 3), (4, 0, 3))((2, 2, 4), (3, 0, 4), (3, 1, 4), (3, 2, 4), (3, 3, 4))((4, 0, 2), (4, 1, 0), (4, 1, 1), (4, 1, 2), (4, 1, 3))((1, 0, 0), (2, 0, 0), (3, 0, 0), (3, 1, 0), (4, 0, 0))((0, 1, 0), (0, 2, 0), (0, 3, 0), (0, 4, 0), (1, 3, 0))((1, 0, 1), (2, 0, 1), (2, 0, 2), (3, 0, 1), (4, 0, 1))((1, 4, 0), (2, 4, 0), (3, 3, 0), (3, 4, 0), (4, 4, 0))((0, 4, 3), (1, 4, 3), (2, 4, 2), (2, 4, 3), (3, 4, 3))((3, 0, 2), (3, 1, 2), (3, 1, 3), (3, 2, 2), (3, 3, 2))((4, 2, 2), (4, 3, 0), (4, 3, 1), (4, 3, 2), (4, 3, 3))((1, 2, 0), (2, 2, 0), (2, 3, 0), (3, 2, 0), (4, 2, 0))((0, 3, 3), (1, 3, 2), (1, 3, 3), (2, 3, 3), (3, 3, 3))((0, 4, 1), (1, 4, 1), (1, 4, 2), (2, 4, 1), (3, 4, 1))((0, 3, 1), (1, 3, 1), (2, 3, 1), (2, 3, 2), (3, 3, 1))((1, 2, 1), (2, 2, 1), (3, 1, 1), (3, 2, 1), (4, 2, 1))((0, 1, 1), (1, 1, 0), (1, 1, 1), (1, 1, 2), (1, 1, 3))((2, 1, 0), (2, 1, 1), (2, 1, 2), (2, 1, 3), (2, 2, 2))((0, 2, 3), (1, 2, 2), (1, 2, 3), (2, 2, 3), (3, 2, 3))((0, 1, 2), (0, 2, 1), (0, 2, 2), (0, 3, 2), (0, 4, 2))
176
((0, 0, 0), (0, 0, 1), (0, 0, 2), (0, 0, 3), (1, 0, 2))((0, 0, 4), (0, 1, 3), (0, 1, 4), (0, 2, 4), (0, 3, 4))((0, 4, 4), (1, 4, 4), (2, 3, 4), (2, 4, 4), (3, 4, 4))((3, 4, 2), (4, 4, 1), (4, 4, 2), (4, 4, 3), (4, 4, 4))((4, 0, 4), (4, 1, 4), (4, 2, 3), (4, 2, 4), (4, 3, 4))((1, 0, 4), (1, 1, 4), (1, 2, 4), (1, 3, 4), (2, 1, 4))((1, 0, 3), (2, 0, 3), (2, 0, 4), (3, 0, 3), (4, 0, 3))((2, 2, 4), (3, 0, 4), (3, 1, 4), (3, 2, 4), (3, 3, 4))((4, 0, 2), (4, 1, 0), (4, 1, 1), (4, 1, 2), (4, 1, 3))((1, 0, 0), (2, 0, 0), (3, 0, 0), (3, 1, 0), (4, 0, 0))((0, 1, 0), (0, 2, 0), (0, 3, 0), (0, 4, 0), (1, 3, 0))((1, 0, 1), (2, 0, 1), (2, 0, 2), (3, 0, 1), (4, 0, 1))((1, 4, 0), (2, 4, 0), (3, 3, 0), (3, 4, 0), (4, 4, 0))((0, 4, 3), (1, 4, 3), (2, 4, 2), (2, 4, 3), (3, 4, 3))((3, 0, 2), (3, 1, 2), (3, 1, 3), (3, 2, 2), (3, 3, 2))((4, 2, 2), (4, 3, 0), (4, 3, 1), (4, 3, 2), (4, 3, 3))((1, 2, 0), (2, 2, 0), (2, 3, 0), (3, 2, 0), (4, 2, 0))((0, 3, 3), (1, 3, 2), (1, 3, 3), (2, 3, 3), (3, 3, 3))((0, 4, 1), (1, 4, 1), (1, 4, 2), (2, 4, 1), (3, 4, 1))((0, 3, 1), (1, 3, 1), (2, 3, 1), (2, 3, 2), (3, 3, 1))((1, 2, 1), (2, 2, 1), (2, 2, 2), (3, 2, 1), (4, 2, 1))((0, 1, 2), (0, 2, 1), (0, 2, 2), (0, 3, 2), (0, 4, 2))((0, 2, 3), (1, 2, 2), (1, 2, 3), (2, 2, 3), (3, 2, 3))((2, 1, 0), (2, 1, 1), (2, 1, 2), (2, 1, 3), (3, 1, 1))((0, 1, 1), (1, 1, 0), (1, 1, 1), (1, 1, 2), (1, 1, 3))
177
((0, 0, 0), (0, 0, 1), (0, 0, 2), (0, 0, 3), (1, 0, 2))((0, 0, 4), (0, 1, 3), (0, 1, 4), (0, 2, 4), (0, 3, 4))((0, 4, 4), (1, 4, 4), (2, 3, 4), (2, 4, 4), (3, 4, 4))((3, 4, 2), (4, 4, 1), (4, 4, 2), (4, 4, 3), (4, 4, 4))((4, 0, 4), (4, 1, 4), (4, 2, 3), (4, 2, 4), (4, 3, 4))((1, 0, 4), (1, 1, 4), (1, 2, 4), (1, 3, 4), (2, 1, 4))((1, 0, 3), (2, 0, 3), (2, 0, 4), (3, 0, 3), (4, 0, 3))((2, 2, 4), (3, 0, 4), (3, 1, 4), (3, 2, 4), (3, 3, 4))((4, 0, 2), (4, 1, 0), (4, 1, 1), (4, 1, 2), (4, 1, 3))((1, 0, 0), (2, 0, 0), (3, 0, 0), (3, 1, 0), (4, 0, 0))((0, 1, 0), (0, 2, 0), (0, 3, 0), (0, 4, 0), (1, 3, 0))((1, 0, 1), (2, 0, 1), (2, 0, 2), (3, 0, 1), (4, 0, 1))((1, 4, 0), (2, 4, 0), (3, 3, 0), (3, 4, 0), (4, 4, 0))((0, 4, 3), (1, 4, 3), (2, 4, 2), (2, 4, 3), (3, 4, 3))((3, 0, 2), (3, 1, 2), (3, 1, 3), (3, 2, 2), (3, 3, 2))((4, 2, 2), (4, 3, 0), (4, 3, 1), (4, 3, 2), (4, 3, 3))((1, 2, 0), (2, 2, 0), (2, 3, 0), (3, 2, 0), (4, 2, 0))((0, 3, 3), (1, 3, 3), (2, 3, 2), (2, 3, 3), (3, 3, 3))((0, 2, 3), (1, 2, 2), (1, 2, 3), (2, 2, 3), (3, 2, 3))((0, 4, 1), (1, 4, 1), (1, 4, 2), (2, 4, 1), (3, 4, 1))((0, 3, 1), (1, 3, 1), (1, 3, 2), (2, 3, 1), (3, 3, 1))((0, 1, 2), (0, 2, 1), (0, 2, 2), (0, 3, 2), (0, 4, 2))((2, 1, 0), (2, 1, 1), (2, 1, 2), (2, 1, 3), (2, 2, 2))((0, 1, 1), (1, 1, 0), (1, 1, 1), (1, 1, 2), (1, 1, 3))((1, 2, 1), (2, 2, 1), (3, 1, 1), (3, 2, 1), (4, 2, 1))
178
((0, 0, 0), (0, 0, 1), (0, 0, 2), (0, 0, 3), (1, 0, 2))((0, 0, 4), (0, 1, 3), (0, 1, 4), (0, 2, 4), (0, 3, 4))((0, 4, 4), (1, 4, 4), (2, 3, 4), (2, 4, 4), (3, 4, 4))((3, 4, 2), (4, 4, 1), (4, 4, 2), (4, 4, 3), (4, 4, 4))((4, 0, 4), (4, 1, 4), (4, 2, 3), (4, 2, 4), (4, 3, 4))((1, 0, 4), (1, 1, 4), (1, 2, 4), (1, 3, 4), (2, 1, 4))((1, 0, 3), (2, 0, 3), (2, 0, 4), (3, 0, 3), (4, 0, 3))((2, 2, 4), (3, 0, 4), (3, 1, 4), (3, 2, 4), (3, 3, 4))((4, 0, 2), (4, 1, 0), (4, 1, 1), (4, 1, 2), (4, 1, 3))((1, 0, 0), (2, 0, 0), (3, 0, 0), (3, 1, 0), (4, 0, 0))((0, 1, 0), (0, 2, 0), (0, 3, 0), (0, 4, 0), (1, 3, 0))((1, 0, 1), (2, 0, 1), (2, 0, 2), (3, 0, 1), (4, 0, 1))((1, 4, 0), (2, 4, 0), (3, 3, 0), (3, 4, 0), (4, 4, 0))((0, 4, 3), (1, 4, 3), (2, 4, 2), (2, 4, 3), (3, 4, 3))((3, 0, 2), (3, 1, 2), (3, 1, 3), (3, 2, 2), (3, 3, 2))((4, 2, 2), (4, 3, 0), (4, 3, 1), (4, 3, 2), (4, 3, 3))((1, 2, 0), (2, 2, 0), (2, 3, 0), (3, 2, 0), (4, 2, 0))((0, 3, 3), (1, 3, 3), (2, 3, 2), (2, 3, 3), (3, 3, 3))((0, 2, 3), (1, 2, 2), (1, 2, 3), (2, 2, 3), (3, 2, 3))((0, 4, 1), (1, 4, 1), (1, 4, 2), (2, 4, 1), (3, 4, 1))((0, 3, 1), (1, 3, 1), (1, 3, 2), (2, 3, 1), (3, 3, 1))((0, 1, 2), (0, 2, 1), (0, 2, 2), (0, 3, 2), (0, 4, 2))((1, 2, 1), (2, 2, 1), (2, 2, 2), (3, 2, 1), (4, 2, 1))((0, 1, 1), (1, 1, 0), (1, 1, 1), (1, 1, 2), (1, 1, 3))((2, 1, 0), (2, 1, 1), (2, 1, 2), (2, 1, 3), (3, 1, 1))
179
((0, 0, 0), (0, 0, 1), (0, 0, 2), (0, 0, 3), (1, 0, 2))((0, 0, 4), (0, 1, 3), (0, 1, 4), (0, 2, 4), (0, 3, 4))((0, 4, 4), (1, 4, 4), (2, 3, 4), (2, 4, 4), (3, 4, 4))((3, 4, 2), (4, 4, 1), (4, 4, 2), (4, 4, 3), (4, 4, 4))((4, 0, 4), (4, 1, 4), (4, 2, 3), (4, 2, 4), (4, 3, 4))((1, 0, 4), (1, 1, 4), (1, 2, 4), (1, 3, 4), (2, 1, 4))((1, 0, 3), (2, 0, 3), (2, 0, 4), (3, 0, 3), (4, 0, 3))((2, 2, 4), (3, 0, 4), (3, 1, 4), (3, 2, 4), (3, 3, 4))((4, 0, 2), (4, 1, 0), (4, 1, 1), (4, 1, 2), (4, 1, 3))((1, 0, 0), (2, 0, 0), (3, 0, 0), (3, 1, 0), (4, 0, 0))((0, 1, 0), (0, 2, 0), (0, 3, 0), (0, 4, 0), (1, 3, 0))((1, 0, 1), (2, 0, 1), (2, 1, 1), (3, 0, 1), (4, 0, 1))((4, 2, 2), (4, 3, 0), (4, 3, 1), (4, 3, 2), (4, 3, 3))((1, 4, 0), (2, 4, 0), (3, 3, 0), (3, 4, 0), (4, 4, 0))((1, 2, 0), (2, 1, 0), (2, 2, 0), (3, 2, 0), (4, 2, 0))((0, 4, 3), (1, 4, 2), (1, 4, 3), (2, 4, 3), (3, 4, 3))((3, 0, 2), (3, 1, 2), (3, 1, 3), (3, 2, 2), (3, 3, 2))((0, 2, 3), (1, 2, 3), (2, 1, 3), (2, 2, 3), (3, 2, 3))((0, 3, 3), (1, 3, 2), (1, 3, 3), (2, 3, 3), (3, 3, 3))((0, 3, 1), (1, 3, 1), (2, 3, 0), (2, 3, 1), (3, 3, 1))((0, 4, 1), (1, 4, 1), (2, 4, 1), (2, 4, 2), (3, 4, 1))((0, 1, 1), (1, 1, 0), (1, 1, 1), (1, 1, 2), (1, 1, 3))((1, 2, 1), (2, 2, 1), (3, 1, 1), (3, 2, 1), (4, 2, 1))((1, 2, 2), (2, 0, 2), (2, 1, 2), (2, 2, 2), (2, 3, 2))((0, 1, 2), (0, 2, 1), (0, 2, 2), (0, 3, 2), (0, 4, 2))
180
((0, 0, 0), (0, 0, 1), (0, 0, 2), (0, 0, 3), (1, 0, 2))((0, 0, 4), (0, 1, 3), (0, 1, 4), (0, 2, 4), (0, 3, 4))((0, 4, 4), (1, 4, 4), (2, 3, 4), (2, 4, 4), (3, 4, 4))((3, 4, 2), (4, 4, 1), (4, 4, 2), (4, 4, 3), (4, 4, 4))((4, 0, 4), (4, 1, 4), (4, 2, 3), (4, 2, 4), (4, 3, 4))((1, 0, 4), (1, 1, 4), (1, 2, 4), (1, 3, 4), (2, 1, 4))((1, 0, 3), (2, 0, 3), (2, 0, 4), (3, 0, 3), (4, 0, 3))((2, 2, 4), (3, 0, 4), (3, 1, 4), (3, 2, 4), (3, 3, 4))((4, 0, 2), (4, 1, 0), (4, 1, 1), (4, 1, 2), (4, 1, 3))((1, 0, 0), (2, 0, 0), (3, 0, 0), (3, 1, 0), (4, 0, 0))((0, 1, 0), (0, 2, 0), (0, 3, 0), (0, 4, 0), (1, 3, 0))((1, 0, 1), (2, 0, 1), (2, 1, 1), (3, 0, 1), (4, 0, 1))((4, 2, 2), (4, 3, 0), (4, 3, 1), (4, 3, 2), (4, 3, 3))((1, 4, 0), (2, 4, 0), (3, 3, 0), (3, 4, 0), (4, 4, 0))((1, 2, 0), (2, 1, 0), (2, 2, 0), (3, 2, 0), (4, 2, 0))((0, 4, 3), (1, 4, 2), (1, 4, 3), (2, 4, 3), (3, 4, 3))((3, 0, 2), (3, 1, 2), (3, 1, 3), (3, 2, 2), (3, 3, 2))((2, 0, 2), (2, 1, 2), (2, 1, 3), (2, 2, 2), (2, 3, 2))((0, 4, 1), (1, 4, 1), (2, 4, 1), (2, 4, 2), (3, 4, 1))((1, 2, 1), (2, 2, 1), (3, 1, 1), (3, 2, 1), (4, 2, 1))((0, 1, 2), (0, 2, 1), (0, 2, 2), (0, 3, 2), (0, 4, 2))((0, 1, 1), (1, 1, 0), (1, 1, 1), (1, 1, 2), (1, 1, 3))((0, 2, 3), (1, 2, 2), (1, 2, 3), (2, 2, 3), (3, 2, 3))((0, 3, 1), (1, 3, 1), (2, 3, 0), (2, 3, 1), (3, 3, 1))((0, 3, 3), (1, 3, 2), (1, 3, 3), (2, 3, 3), (3, 3, 3))
181
((0, 0, 0), (0, 0, 1), (0, 0, 2), (0, 0, 3), (1, 0, 2))((0, 0, 4), (0, 1, 3), (0, 1, 4), (0, 2, 4), (0, 3, 4))((0, 4, 4), (1, 4, 4), (2, 3, 4), (2, 4, 4), (3, 4, 4))((3, 4, 2), (4, 4, 1), (4, 4, 2), (4, 4, 3), (4, 4, 4))((4, 0, 4), (4, 1, 4), (4, 2, 3), (4, 2, 4), (4, 3, 4))((1, 0, 4), (1, 1, 4), (1, 2, 4), (1, 3, 4), (2, 1, 4))((1, 0, 3), (2, 0, 3), (2, 0, 4), (3, 0, 3), (4, 0, 3))((2, 2, 4), (3, 0, 4), (3, 1, 4), (3, 2, 4), (3, 3, 4))((4, 0, 2), (4, 1, 0), (4, 1, 1), (4, 1, 2), (4, 1, 3))((1, 0, 0), (2, 0, 0), (3, 0, 0), (3, 1, 0), (4, 0, 0))((0, 1, 0), (0, 2, 0), (0, 3, 0), (0, 4, 0), (1, 3, 0))((1, 0, 1), (2, 0, 1), (2, 1, 1), (3, 0, 1), (4, 0, 1))((4, 2, 2), (4, 3, 0), (4, 3, 1), (4, 3, 2), (4, 3, 3))((1, 4, 0), (2, 4, 0), (3, 3, 0), (3, 4, 0), (4, 4, 0))((1, 2, 0), (2, 1, 0), (2, 2, 0), (3, 2, 0), (4, 2, 0))((0, 4, 3), (1, 4, 3), (2, 4, 2), (2, 4, 3), (3, 4, 3))((3, 0, 2), (3, 1, 2), (3, 1, 3), (3, 2, 2), (3, 3, 2))((0, 2, 3), (1, 2, 3), (2, 1, 3), (2, 2, 3), (3, 2, 3))((0, 3, 3), (1, 3, 2), (1, 3, 3), (2, 3, 3), (3, 3, 3))((0, 3, 1), (1, 3, 1), (2, 3, 0), (2, 3, 1), (3, 3, 1))((0, 1, 1), (1, 1, 0), (1, 1, 1), (1, 1, 2), (1, 1, 3))((1, 2, 1), (2, 2, 1), (3, 1, 1), (3, 2, 1), (4, 2, 1))((0, 1, 2), (0, 2, 1), (0, 2, 2), (0, 3, 2), (0, 4, 2))((1, 2, 2), (2, 0, 2), (2, 1, 2), (2, 2, 2), (2, 3, 2))((0, 4, 1), (1, 4, 1), (1, 4, 2), (2, 4, 1), (3, 4, 1))
182
((0, 0, 0), (0, 0, 1), (0, 0, 2), (0, 0, 3), (1, 0, 2))((0, 0, 4), (0, 1, 3), (0, 1, 4), (0, 2, 4), (0, 3, 4))((0, 4, 4), (1, 4, 4), (2, 3, 4), (2, 4, 4), (3, 4, 4))((3, 4, 2), (4, 4, 1), (4, 4, 2), (4, 4, 3), (4, 4, 4))((4, 0, 4), (4, 1, 4), (4, 2, 3), (4, 2, 4), (4, 3, 4))((1, 0, 4), (1, 1, 4), (1, 2, 4), (1, 3, 4), (2, 1, 4))((1, 0, 3), (2, 0, 3), (2, 0, 4), (3, 0, 3), (4, 0, 3))((2, 2, 4), (3, 0, 4), (3, 1, 4), (3, 2, 4), (3, 3, 4))((4, 0, 2), (4, 1, 0), (4, 1, 1), (4, 1, 2), (4, 1, 3))((1, 0, 0), (2, 0, 0), (3, 0, 0), (3, 1, 0), (4, 0, 0))((0, 1, 0), (0, 2, 0), (0, 3, 0), (0, 4, 0), (1, 3, 0))((1, 0, 1), (2, 0, 1), (2, 1, 1), (3, 0, 1), (4, 0, 1))((4, 2, 2), (4, 3, 0), (4, 3, 1), (4, 3, 2), (4, 3, 3))((1, 4, 0), (2, 4, 0), (3, 3, 0), (3, 4, 0), (4, 4, 0))((1, 2, 0), (2, 1, 0), (2, 2, 0), (3, 2, 0), (4, 2, 0))((0, 4, 3), (1, 4, 3), (2, 4, 2), (2, 4, 3), (3, 4, 3))((3, 0, 2), (3, 1, 2), (3, 1, 3), (3, 2, 2), (3, 3, 2))((2, 0, 2), (2, 1, 2), (2, 1, 3), (2, 2, 2), (2, 3, 2))((0, 3, 1), (1, 3, 1), (2, 3, 0), (2, 3, 1), (3, 3, 1))((0, 4, 1), (1, 4, 1), (1, 4, 2), (2, 4, 1), (3, 4, 1))((1, 2, 1), (2, 2, 1), (3, 1, 1), (3, 2, 1), (4, 2, 1))((0, 1, 2), (0, 2, 1), (0, 2, 2), (0, 3, 2), (0, 4, 2))((0, 1, 1), (1, 1, 0), (1, 1, 1), (1, 1, 2), (1, 1, 3))((0, 2, 3), (1, 2, 2), (1, 2, 3), (2, 2, 3), (3, 2, 3))((0, 3, 3), (1, 3, 2), (1, 3, 3), (2, 3, 3), (3, 3, 3))
183
((0, 0, 0), (0, 0, 1), (0, 0, 2), (0, 0, 3), (1, 0, 2))((0, 0, 4), (0, 1, 3), (0, 1, 4), (0, 2, 4), (0, 3, 4))((0, 4, 4), (1, 4, 4), (2, 3, 4), (2, 4, 4), (3, 4, 4))((3, 4, 2), (4, 4, 1), (4, 4, 2), (4, 4, 3), (4, 4, 4))((4, 0, 4), (4, 1, 4), (4, 2, 3), (4, 2, 4), (4, 3, 4))((1, 0, 4), (1, 1, 4), (1, 2, 4), (1, 3, 4), (2, 1, 4))((1, 0, 3), (2, 0, 3), (2, 0, 4), (3, 0, 3), (4, 0, 3))((2, 2, 4), (3, 0, 4), (3, 1, 4), (3, 2, 4), (3, 3, 4))((4, 0, 2), (4, 1, 0), (4, 1, 1), (4, 1, 2), (4, 1, 3))((1, 0, 0), (2, 0, 0), (3, 0, 0), (3, 1, 0), (4, 0, 0))((0, 1, 0), (0, 2, 0), (0, 2, 1), (0, 3, 0), (0, 4, 0))((0, 4, 3), (1, 4, 2), (1, 4, 3), (2, 4, 3), (3, 4, 3))((3, 0, 2), (3, 1, 2), (3, 1, 3), (3, 2, 2), (3, 3, 2))((4, 2, 2), (4, 3, 0), (4, 3, 1), (4, 3, 2), (4, 3, 3))((1, 0, 1), (2, 0, 1), (3, 0, 1), (3, 1, 1), (4, 0, 1))((0, 1, 1), (1, 1, 0), (1, 1, 1), (1, 1, 2), (1, 1, 3))((1, 2, 0), (2, 2, 0), (3, 2, 0), (3, 3, 0), (4, 2, 0))((1, 4, 0), (2, 3, 0), (2, 4, 0), (3, 4, 0), (4, 4, 0))((0, 4, 1), (1, 4, 1), (2, 4, 1), (2, 4, 2), (3, 4, 1))((2, 0, 2), (2, 1, 0), (2, 1, 1), (2, 1, 2), (2, 1, 3))((1, 2, 1), (2, 2, 1), (2, 2, 2), (3, 2, 1), (4, 2, 1))((0, 2, 3), (1, 2, 2), (1, 2, 3), (2, 2, 3), (3, 2, 3))((0, 3, 3), (1, 3, 3), (2, 3, 2), (2, 3, 3), (3, 3, 3))((0, 3, 1), (1, 3, 0), (1, 3, 1), (2, 3, 1), (3, 3, 1))((0, 1, 2), (0, 2, 2), (0, 3, 2), (0, 4, 2), (1, 3, 2))
184
((0, 0, 0), (0, 0, 1), (0, 0, 2), (0, 0, 3), (1, 0, 2))((0, 0, 4), (0, 1, 3), (0, 1, 4), (0, 2, 4), (0, 3, 4))((0, 4, 4), (1, 4, 4), (2, 3, 4), (2, 4, 4), (3, 4, 4))((3, 4, 2), (4, 4, 1), (4, 4, 2), (4, 4, 3), (4, 4, 4))((4, 0, 4), (4, 1, 4), (4, 2, 3), (4, 2, 4), (4, 3, 4))((1, 0, 4), (1, 1, 4), (1, 2, 4), (1, 3, 4), (2, 1, 4))((1, 0, 3), (2, 0, 3), (2, 0, 4), (3, 0, 3), (4, 0, 3))((2, 2, 4), (3, 0, 4), (3, 1, 4), (3, 2, 4), (3, 3, 4))((4, 0, 2), (4, 1, 0), (4, 1, 1), (4, 1, 2), (4, 1, 3))((1, 0, 0), (2, 0, 0), (3, 0, 0), (3, 1, 0), (4, 0, 0))((0, 1, 0), (0, 2, 0), (0, 2, 1), (0, 3, 0), (0, 4, 0))((0, 4, 3), (1, 4, 2), (1, 4, 3), (2, 4, 3), (3, 4, 3))((3, 0, 2), (3, 1, 2), (3, 1, 3), (3, 2, 2), (3, 3, 2))((4, 2, 2), (4, 3, 0), (4, 3, 1), (4, 3, 2), (4, 3, 3))((1, 0, 1), (2, 0, 1), (3, 0, 1), (3, 1, 1), (4, 0, 1))((0, 1, 1), (1, 1, 0), (1, 1, 1), (1, 1, 2), (1, 1, 3))((1, 4, 0), (2, 4, 0), (3, 3, 0), (3, 4, 0), (4, 4, 0))((0, 4, 1), (1, 4, 1), (2, 4, 1), (2, 4, 2), (3, 4, 1))((0, 3, 3), (1, 3, 3), (2, 3, 2), (2, 3, 3), (3, 3, 3))((2, 0, 2), (2, 1, 0), (2, 1, 1), (2, 1, 2), (2, 1, 3))((0, 3, 1), (1, 3, 0), (1, 3, 1), (2, 3, 1), (3, 3, 1))((1, 2, 0), (2, 2, 0), (2, 3, 0), (3, 2, 0), (4, 2, 0))((1, 2, 1), (2, 2, 1), (2, 2, 2), (3, 2, 1), (4, 2, 1))((0, 2, 3), (1, 2, 2), (1, 2, 3), (2, 2, 3), (3, 2, 3))((0, 1, 2), (0, 2, 2), (0, 3, 2), (0, 4, 2), (1, 3, 2))
185
((0, 0, 0), (0, 0, 1), (0, 0, 2), (0, 0, 3), (1, 0, 2))((0, 0, 4), (0, 1, 3), (0, 1, 4), (0, 2, 4), (0, 3, 4))((0, 4, 4), (1, 4, 4), (2, 3, 4), (2, 4, 4), (3, 4, 4))((3, 4, 2), (4, 4, 1), (4, 4, 2), (4, 4, 3), (4, 4, 4))((4, 0, 4), (4, 1, 4), (4, 2, 3), (4, 2, 4), (4, 3, 4))((1, 0, 4), (1, 1, 4), (1, 2, 4), (1, 3, 4), (2, 1, 4))((1, 0, 3), (2, 0, 3), (2, 0, 4), (3, 0, 3), (4, 0, 3))((2, 2, 4), (3, 0, 4), (3, 1, 4), (3, 2, 4), (3, 3, 4))((4, 0, 2), (4, 1, 0), (4, 1, 1), (4, 1, 2), (4, 1, 3))((1, 0, 0), (2, 0, 0), (3, 0, 0), (3, 1, 0), (4, 0, 0))((0, 1, 0), (0, 2, 0), (0, 2, 1), (0, 3, 0), (0, 4, 0))((0, 4, 3), (1, 4, 2), (1, 4, 3), (2, 4, 3), (3, 4, 3))((3, 0, 2), (3, 1, 2), (3, 1, 3), (3, 2, 2), (3, 3, 2))((4, 2, 2), (4, 3, 0), (4, 3, 1), (4, 3, 2), (4, 3, 3))((1, 0, 1), (2, 0, 1), (2, 0, 2), (3, 0, 1), (4, 0, 1))((0, 3, 3), (1, 3, 3), (2, 3, 2), (2, 3, 3), (3, 3, 3))((0, 4, 1), (1, 4, 1), (2, 4, 1), (2, 4, 2), (3, 4, 1))((1, 4, 0), (2, 3, 0), (2, 4, 0), (3, 4, 0), (4, 4, 0))((0, 3, 1), (1, 3, 0), (1, 3, 1), (2, 3, 1), (3, 3, 1))((1, 2, 0), (2, 2, 0), (3, 2, 0), (3, 3, 0), (4, 2, 0))((0, 1, 2), (0, 2, 2), (0, 3, 2), (0, 4, 2), (1, 3, 2))((0, 2, 3), (1, 2, 2), (1, 2, 3), (2, 2, 3), (3, 2, 3))((2, 1, 0), (2, 1, 1), (2, 1, 2), (2, 1, 3), (2, 2, 2))((0, 1, 1), (1, 1, 0), (1, 1, 1), (1, 1, 2), (1, 1, 3))((1, 2, 1), (2, 2, 1), (3, 1, 1), (3, 2, 1), (4, 2, 1))
186
((0, 0, 0), (0, 0, 1), (0, 0, 2), (0, 0, 3), (1, 0, 2))((0, 0, 4), (0, 1, 3), (0, 1, 4), (0, 2, 4), (0, 3, 4))((0, 4, 4), (1, 4, 4), (2, 3, 4), (2, 4, 4), (3, 4, 4))((3, 4, 2), (4, 4, 1), (4, 4, 2), (4, 4, 3), (4, 4, 4))((4, 0, 4), (4, 1, 4), (4, 2, 3), (4, 2, 4), (4, 3, 4))((1, 0, 4), (1, 1, 4), (1, 2, 4), (1, 3, 4), (2, 1, 4))((1, 0, 3), (2, 0, 3), (2, 0, 4), (3, 0, 3), (4, 0, 3))((2, 2, 4), (3, 0, 4), (3, 1, 4), (3, 2, 4), (3, 3, 4))((4, 0, 2), (4, 1, 0), (4, 1, 1), (4, 1, 2), (4, 1, 3))((1, 0, 0), (2, 0, 0), (3, 0, 0), (3, 1, 0), (4, 0, 0))((0, 1, 0), (0, 2, 0), (0, 2, 1), (0, 3, 0), (0, 4, 0))((0, 4, 3), (1, 4, 2), (1, 4, 3), (2, 4, 3), (3, 4, 3))((3, 0, 2), (3, 1, 2), (3, 1, 3), (3, 2, 2), (3, 3, 2))((4, 2, 2), (4, 3, 0), (4, 3, 1), (4, 3, 2), (4, 3, 3))((1, 0, 1), (2, 0, 1), (2, 0, 2), (3, 0, 1), (4, 0, 1))((0, 3, 3), (1, 3, 3), (2, 3, 2), (2, 3, 3), (3, 3, 3))((0, 4, 1), (1, 4, 1), (2, 4, 1), (2, 4, 2), (3, 4, 1))((1, 4, 0), (2, 3, 0), (2, 4, 0), (3, 4, 0), (4, 4, 0))((0, 3, 1), (1, 3, 0), (1, 3, 1), (2, 3, 1), (3, 3, 1))((1, 2, 0), (2, 2, 0), (3, 2, 0), (3, 3, 0), (4, 2, 0))((0, 1, 2), (0, 2, 2), (0, 3, 2), (0, 4, 2), (1, 3, 2))((0, 2, 3), (1, 2, 2), (1, 2, 3), (2, 2, 3), (3, 2, 3))((1, 2, 1), (2, 2, 1), (2, 2, 2), (3, 2, 1), (4, 2, 1))((0, 1, 1), (1, 1, 0), (1, 1, 1), (1, 1, 2), (1, 1, 3))((2, 1, 0), (2, 1, 1), (2, 1, 2), (2, 1, 3), (3, 1, 1))
187
((0, 0, 0), (0, 0, 1), (0, 0, 2), (0, 0, 3), (1, 0, 2))((0, 0, 4), (0, 1, 3), (0, 1, 4), (0, 2, 4), (0, 3, 4))((0, 4, 4), (1, 4, 4), (2, 3, 4), (2, 4, 4), (3, 4, 4))((3, 4, 2), (4, 4, 1), (4, 4, 2), (4, 4, 3), (4, 4, 4))((4, 0, 4), (4, 1, 4), (4, 2, 3), (4, 2, 4), (4, 3, 4))((1, 0, 4), (1, 1, 4), (1, 2, 4), (1, 3, 4), (2, 1, 4))((1, 0, 3), (2, 0, 3), (2, 0, 4), (3, 0, 3), (4, 0, 3))((2, 2, 4), (3, 0, 4), (3, 1, 4), (3, 2, 4), (3, 3, 4))((4, 0, 2), (4, 1, 0), (4, 1, 1), (4, 1, 2), (4, 1, 3))((1, 0, 0), (2, 0, 0), (3, 0, 0), (3, 1, 0), (4, 0, 0))((0, 1, 0), (0, 2, 0), (0, 2, 1), (0, 3, 0), (0, 4, 0))((0, 4, 3), (1, 4, 2), (1, 4, 3), (2, 4, 3), (3, 4, 3))((3, 0, 2), (3, 1, 2), (3, 1, 3), (3, 2, 2), (3, 3, 2))((4, 2, 2), (4, 3, 0), (4, 3, 1), (4, 3, 2), (4, 3, 3))((1, 0, 1), (2, 0, 1), (2, 0, 2), (3, 0, 1), (4, 0, 1))((0, 3, 3), (1, 3, 3), (2, 3, 2), (2, 3, 3), (3, 3, 3))((0, 4, 1), (1, 4, 1), (2, 4, 1), (2, 4, 2), (3, 4, 1))((1, 4, 0), (2, 4, 0), (3, 3, 0), (3, 4, 0), (4, 4, 0))((0, 3, 1), (1, 3, 0), (1, 3, 1), (2, 3, 1), (3, 3, 1))((1, 2, 0), (2, 2, 0), (2, 3, 0), (3, 2, 0), (4, 2, 0))((0, 1, 2), (0, 2, 2), (0, 3, 2), (0, 4, 2), (1, 3, 2))((0, 2, 3), (1, 2, 2), (1, 2, 3), (2, 2, 3), (3, 2, 3))((2, 1, 0), (2, 1, 1), (2, 1, 2), (2, 1, 3), (2, 2, 2))((1, 2, 1), (2, 2, 1), (3, 1, 1), (3, 2, 1), (4, 2, 1))((0, 1, 1), (1, 1, 0), (1, 1, 1), (1, 1, 2), (1, 1, 3))
188
((0, 0, 0), (0, 0, 1), (0, 0, 2), (0, 0, 3), (1, 0, 2))((0, 0, 4), (0, 1, 3), (0, 1, 4), (0, 2, 4), (0, 3, 4))((0, 4, 4), (1, 4, 4), (2, 3, 4), (2, 4, 4), (3, 4, 4))((3, 4, 2), (4, 4, 1), (4, 4, 2), (4, 4, 3), (4, 4, 4))((4, 0, 4), (4, 1, 4), (4, 2, 3), (4, 2, 4), (4, 3, 4))((1, 0, 4), (1, 1, 4), (1, 2, 4), (1, 3, 4), (2, 1, 4))((1, 0, 3), (2, 0, 3), (2, 0, 4), (3, 0, 3), (4, 0, 3))((2, 2, 4), (3, 0, 4), (3, 1, 4), (3, 2, 4), (3, 3, 4))((4, 0, 2), (4, 1, 0), (4, 1, 1), (4, 1, 2), (4, 1, 3))((1, 0, 0), (2, 0, 0), (3, 0, 0), (3, 1, 0), (4, 0, 0))((0, 1, 0), (0, 2, 0), (0, 2, 1), (0, 3, 0), (0, 4, 0))((0, 4, 3), (1, 4, 2), (1, 4, 3), (2, 4, 3), (3, 4, 3))((3, 0, 2), (3, 1, 2), (3, 1, 3), (3, 2, 2), (3, 3, 2))((4, 2, 2), (4, 3, 0), (4, 3, 1), (4, 3, 2), (4, 3, 3))((1, 0, 1), (2, 0, 1), (2, 0, 2), (3, 0, 1), (4, 0, 1))((0, 3, 3), (1, 3, 3), (2, 3, 2), (2, 3, 3), (3, 3, 3))((0, 4, 1), (1, 4, 1), (2, 4, 1), (2, 4, 2), (3, 4, 1))((1, 4, 0), (2, 4, 0), (3, 3, 0), (3, 4, 0), (4, 4, 0))((0, 3, 1), (1, 3, 0), (1, 3, 1), (2, 3, 1), (3, 3, 1))((1, 2, 0), (2, 2, 0), (2, 3, 0), (3, 2, 0), (4, 2, 0))((0, 1, 2), (0, 2, 2), (0, 3, 2), (0, 4, 2), (1, 3, 2))((0, 2, 3), (1, 2, 2), (1, 2, 3), (2, 2, 3), (3, 2, 3))((1, 2, 1), (2, 2, 1), (2, 2, 2), (3, 2, 1), (4, 2, 1))((0, 1, 1), (1, 1, 0), (1, 1, 1), (1, 1, 2), (1, 1, 3))((2, 1, 0), (2, 1, 1), (2, 1, 2), (2, 1, 3), (3, 1, 1))
189
((0, 0, 0), (0, 0, 1), (0, 0, 2), (0, 0, 3), (1, 0, 2))((0, 0, 4), (0, 1, 3), (0, 1, 4), (0, 2, 4), (0, 3, 4))((0, 4, 4), (1, 4, 4), (2, 3, 4), (2, 4, 4), (3, 4, 4))((3, 4, 2), (4, 4, 1), (4, 4, 2), (4, 4, 3), (4, 4, 4))((4, 0, 4), (4, 1, 4), (4, 2, 3), (4, 2, 4), (4, 3, 4))((1, 0, 4), (1, 1, 4), (1, 2, 4), (1, 3, 4), (2, 1, 4))((1, 0, 3), (2, 0, 3), (2, 0, 4), (3, 0, 3), (4, 0, 3))((2, 2, 4), (3, 0, 4), (3, 1, 4), (3, 2, 4), (3, 3, 4))((4, 0, 2), (4, 1, 0), (4, 1, 1), (4, 1, 2), (4, 1, 3))((1, 0, 0), (2, 0, 0), (3, 0, 0), (3, 1, 0), (4, 0, 0))((0, 1, 0), (0, 2, 0), (0, 2, 1), (0, 3, 0), (0, 4, 0))((0, 4, 3), (1, 4, 3), (2, 4, 2), (2, 4, 3), (3, 4, 3))((3, 0, 2), (3, 1, 2), (3, 1, 3), (3, 2, 2), (3, 3, 2))((4, 2, 2), (4, 3, 0), (4, 3, 1), (4, 3, 2), (4, 3, 3))((1, 0, 1), (2, 0, 1), (3, 0, 1), (3, 1, 1), (4, 0, 1))((0, 1, 1), (1, 1, 0), (1, 1, 1), (1, 1, 2), (1, 1, 3))((0, 4, 1), (1, 4, 1), (1, 4, 2), (2, 4, 1), (3, 4, 1))((1, 4, 0), (2, 3, 0), (2, 4, 0), (3, 4, 0), (4, 4, 0))((1, 2, 0), (2, 2, 0), (3, 2, 0), (3, 3, 0), (4, 2, 0))((2, 0, 2), (2, 1, 0), (2, 1, 1), (2, 1, 2), (2, 1, 3))((1, 2, 1), (2, 2, 1), (2, 2, 2), (3, 2, 1), (4, 2, 1))((0, 2, 3), (1, 2, 2), (1, 2, 3), (2, 2, 3), (3, 2, 3))((0, 3, 3), (1, 3, 3), (2, 3, 2), (2, 3, 3), (3, 3, 3))((0, 3, 1), (1, 3, 0), (1, 3, 1), (2, 3, 1), (3, 3, 1))((0, 1, 2), (0, 2, 2), (0, 3, 2), (0, 4, 2), (1, 3, 2))
190
((0, 0, 0), (0, 0, 1), (0, 0, 2), (0, 0, 3), (1, 0, 2))((0, 0, 4), (0, 1, 3), (0, 1, 4), (0, 2, 4), (0, 3, 4))((0, 4, 4), (1, 4, 4), (2, 3, 4), (2, 4, 4), (3, 4, 4))((3, 4, 2), (4, 4, 1), (4, 4, 2), (4, 4, 3), (4, 4, 4))((4, 0, 4), (4, 1, 4), (4, 2, 3), (4, 2, 4), (4, 3, 4))((1, 0, 4), (1, 1, 4), (1, 2, 4), (1, 3, 4), (2, 1, 4))((1, 0, 3), (2, 0, 3), (2, 0, 4), (3, 0, 3), (4, 0, 3))((2, 2, 4), (3, 0, 4), (3, 1, 4), (3, 2, 4), (3, 3, 4))((4, 0, 2), (4, 1, 0), (4, 1, 1), (4, 1, 2), (4, 1, 3))((1, 0, 0), (2, 0, 0), (3, 0, 0), (3, 1, 0), (4, 0, 0))((0, 1, 0), (0, 2, 0), (0, 2, 1), (0, 3, 0), (0, 4, 0))((0, 4, 3), (1, 4, 3), (2, 4, 2), (2, 4, 3), (3, 4, 3))((3, 0, 2), (3, 1, 2), (3, 1, 3), (3, 2, 2), (3, 3, 2))((4, 2, 2), (4, 3, 0), (4, 3, 1), (4, 3, 2), (4, 3, 3))((1, 0, 1), (2, 0, 1), (3, 0, 1), (3, 1, 1), (4, 0, 1))((0, 1, 1), (1, 1, 0), (1, 1, 1), (1, 1, 2), (1, 1, 3))((0, 4, 1), (1, 4, 1), (1, 4, 2), (2, 4, 1), (3, 4, 1))((1, 4, 0), (2, 4, 0), (3, 3, 0), (3, 4, 0), (4, 4, 0))((0, 3, 3), (1, 3, 3), (2, 3, 2), (2, 3, 3), (3, 3, 3))((2, 0, 2), (2, 1, 0), (2, 1, 1), (2, 1, 2), (2, 1, 3))((0, 3, 1), (1, 3, 0), (1, 3, 1), (2, 3, 1), (3, 3, 1))((1, 2, 0), (2, 2, 0), (2, 3, 0), (3, 2, 0), (4, 2, 0))((1, 2, 1), (2, 2, 1), (2, 2, 2), (3, 2, 1), (4, 2, 1))((0, 2, 3), (1, 2, 2), (1, 2, 3), (2, 2, 3), (3, 2, 3))((0, 1, 2), (0, 2, 2), (0, 3, 2), (0, 4, 2), (1, 3, 2))
191
((0, 0, 0), (0, 0, 1), (0, 0, 2), (0, 0, 3), (1, 0, 2))((0, 0, 4), (0, 1, 3), (0, 1, 4), (0, 2, 4), (0, 3, 4))((0, 4, 4), (1, 4, 4), (2, 3, 4), (2, 4, 4), (3, 4, 4))((3, 4, 2), (4, 4, 1), (4, 4, 2), (4, 4, 3), (4, 4, 4))((4, 0, 4), (4, 1, 4), (4, 2, 3), (4, 2, 4), (4, 3, 4))((1, 0, 4), (1, 1, 4), (1, 2, 4), (1, 3, 4), (2, 1, 4))((1, 0, 3), (2, 0, 3), (2, 0, 4), (3, 0, 3), (4, 0, 3))((2, 2, 4), (3, 0, 4), (3, 1, 4), (3, 2, 4), (3, 3, 4))((4, 0, 2), (4, 1, 0), (4, 1, 1), (4, 1, 2), (4, 1, 3))((1, 0, 0), (2, 0, 0), (3, 0, 0), (3, 1, 0), (4, 0, 0))((0, 1, 0), (0, 2, 0), (0, 2, 1), (0, 3, 0), (0, 4, 0))((0, 4, 3), (1, 4, 3), (2, 4, 2), (2, 4, 3), (3, 4, 3))((3, 0, 2), (3, 1, 2), (3, 1, 3), (3, 2, 2), (3, 3, 2))((4, 2, 2), (4, 3, 0), (4, 3, 1), (4, 3, 2), (4, 3, 3))((1, 0, 1), (2, 0, 1), (2, 0, 2), (3, 0, 1), (4, 0, 1))((0, 3, 3), (1, 3, 3), (2, 3, 2), (2, 3, 3), (3, 3, 3))((0, 2, 3), (1, 2, 2), (1, 2, 3), (2, 2, 3), (3, 2, 3))((0, 4, 1), (1, 4, 1), (1, 4, 2), (2, 4, 1), (3, 4, 1))((2, 1, 0), (2, 1, 1), (2, 1, 2), (2, 1, 3), (2, 2, 2))((0, 1, 1), (1, 1, 0), (1, 1, 1), (1, 1, 2), (1, 1, 3))((0, 3, 1), (1, 3, 0), (1, 3, 1), (2, 3, 1), (3, 3, 1))((1, 2, 1), (2, 2, 1), (3, 1, 1), (3, 2, 1), (4, 2, 1))((0, 1, 2), (0, 2, 2), (0, 3, 2), (0, 4, 2), (1, 3, 2))((1, 2, 0), (2, 2, 0), (3, 2, 0), (3, 3, 0), (4, 2, 0))((1, 4, 0), (2, 3, 0), (2, 4, 0), (3, 4, 0), (4, 4, 0))
192
((0, 0, 0), (0, 0, 1), (0, 0, 2), (0, 0, 3), (1, 0, 2))((0, 0, 4), (0, 1, 3), (0, 1, 4), (0, 2, 4), (0, 3, 4))((0, 4, 4), (1, 4, 4), (2, 3, 4), (2, 4, 4), (3, 4, 4))((3, 4, 2), (4, 4, 1), (4, 4, 2), (4, 4, 3), (4, 4, 4))((4, 0, 4), (4, 1, 4), (4, 2, 3), (4, 2, 4), (4, 3, 4))((1, 0, 4), (1, 1, 4), (1, 2, 4), (1, 3, 4), (2, 1, 4))((1, 0, 3), (2, 0, 3), (2, 0, 4), (3, 0, 3), (4, 0, 3))((2, 2, 4), (3, 0, 4), (3, 1, 4), (3, 2, 4), (3, 3, 4))((4, 0, 2), (4, 1, 0), (4, 1, 1), (4, 1, 2), (4, 1, 3))((1, 0, 0), (2, 0, 0), (3, 0, 0), (3, 1, 0), (4, 0, 0))((0, 1, 0), (0, 2, 0), (0, 2, 1), (0, 3, 0), (0, 4, 0))((0, 4, 3), (1, 4, 3), (2, 4, 2), (2, 4, 3), (3, 4, 3))((3, 0, 2), (3, 1, 2), (3, 1, 3), (3, 2, 2), (3, 3, 2))((4, 2, 2), (4, 3, 0), (4, 3, 1), (4, 3, 2), (4, 3, 3))((1, 0, 1), (2, 0, 1), (2, 0, 2), (3, 0, 1), (4, 0, 1))((0, 3, 3), (1, 3, 3), (2, 3, 2), (2, 3, 3), (3, 3, 3))((0, 2, 3), (1, 2, 2), (1, 2, 3), (2, 2, 3), (3, 2, 3))((0, 4, 1), (1, 4, 1), (1, 4, 2), (2, 4, 1), (3, 4, 1))((2, 1, 0), (2, 1, 1), (2, 1, 2), (2, 1, 3), (2, 2, 2))((0, 1, 1), (1, 1, 0), (1, 1, 1), (1, 1, 2), (1, 1, 3))((0, 3, 1), (1, 3, 0), (1, 3, 1), (2, 3, 1), (3, 3, 1))((1, 2, 1), (2, 2, 1), (3, 1, 1), (3, 2, 1), (4, 2, 1))((0, 1, 2), (0, 2, 2), (0, 3, 2), (0, 4, 2), (1, 3, 2))((1, 2, 0), (2, 2, 0), (2, 3, 0), (3, 2, 0), (4, 2, 0))((1, 4, 0), (2, 4, 0), (3, 3, 0), (3, 4, 0), (4, 4, 0))
193
((0, 0, 0), (0, 0, 1), (0, 0, 2), (0, 0, 3), (1, 0, 2))((0, 0, 4), (0, 1, 3), (0, 1, 4), (0, 2, 4), (0, 3, 4))((0, 4, 4), (1, 4, 4), (2, 3, 4), (2, 4, 4), (3, 4, 4))((3, 4, 2), (4, 4, 1), (4, 4, 2), (4, 4, 3), (4, 4, 4))((4, 0, 4), (4, 1, 4), (4, 2, 3), (4, 2, 4), (4, 3, 4))((1, 0, 4), (1, 1, 4), (1, 2, 4), (1, 3, 4), (2, 1, 4))((1, 0, 3), (2, 0, 3), (2, 0, 4), (3, 0, 3), (4, 0, 3))((2, 2, 4), (3, 0, 4), (3, 1, 4), (3, 2, 4), (3, 3, 4))((4, 0, 2), (4, 1, 0), (4, 1, 1), (4, 1, 2), (4, 1, 3))((1, 0, 0), (2, 0, 0), (3, 0, 0), (3, 1, 0), (4, 0, 0))((0, 1, 0), (0, 2, 0), (0, 2, 1), (0, 3, 0), (0, 4, 0))((0, 4, 3), (1, 4, 3), (2, 4, 2), (2, 4, 3), (3, 4, 3))((3, 0, 2), (3, 1, 2), (3, 1, 3), (3, 2, 2), (3, 3, 2))((4, 2, 2), (4, 3, 0), (4, 3, 1), (4, 3, 2), (4, 3, 3))((1, 0, 1), (2, 0, 1), (2, 0, 2), (3, 0, 1), (4, 0, 1))((0, 3, 3), (1, 3, 3), (2, 3, 2), (2, 3, 3), (3, 3, 3))((0, 2, 3), (1, 2, 2), (1, 2, 3), (2, 2, 3), (3, 2, 3))((0, 4, 1), (1, 4, 1), (1, 4, 2), (2, 4, 1), (3, 4, 1))((1, 2, 1), (2, 2, 1), (2, 2, 2), (3, 2, 1), (4, 2, 1))((1, 4, 0), (2, 3, 0), (2, 4, 0), (3, 4, 0), (4, 4, 0))((1, 2, 0), (2, 2, 0), (3, 2, 0), (3, 3, 0), (4, 2, 0))((0, 3, 1), (1, 3, 0), (1, 3, 1), (2, 3, 1), (3, 3, 1))((0, 1, 2), (0, 2, 2), (0, 3, 2), (0, 4, 2), (1, 3, 2))((0, 1, 1), (1, 1, 0), (1, 1, 1), (1, 1, 2), (1, 1, 3))((2, 1, 0), (2, 1, 1), (2, 1, 2), (2, 1, 3), (3, 1, 1))
194
((0, 0, 0), (0, 0, 1), (0, 0, 2), (0, 0, 3), (1, 0, 2))((0, 0, 4), (0, 1, 3), (0, 1, 4), (0, 2, 4), (0, 3, 4))((0, 4, 4), (1, 4, 4), (2, 3, 4), (2, 4, 4), (3, 4, 4))((3, 4, 2), (4, 4, 1), (4, 4, 2), (4, 4, 3), (4, 4, 4))((4, 0, 4), (4, 1, 4), (4, 2, 3), (4, 2, 4), (4, 3, 4))((1, 0, 4), (1, 1, 4), (1, 2, 4), (1, 3, 4), (2, 1, 4))((1, 0, 3), (2, 0, 3), (2, 0, 4), (3, 0, 3), (4, 0, 3))((2, 2, 4), (3, 0, 4), (3, 1, 4), (3, 2, 4), (3, 3, 4))((4, 0, 2), (4, 1, 0), (4, 1, 1), (4, 1, 2), (4, 1, 3))((1, 0, 0), (2, 0, 0), (3, 0, 0), (3, 1, 0), (4, 0, 0))((0, 1, 0), (0, 2, 0), (0, 2, 1), (0, 3, 0), (0, 4, 0))((0, 4, 3), (1, 4, 3), (2, 4, 2), (2, 4, 3), (3, 4, 3))((3, 0, 2), (3, 1, 2), (3, 1, 3), (3, 2, 2), (3, 3, 2))((4, 2, 2), (4, 3, 0), (4, 3, 1), (4, 3, 2), (4, 3, 3))((1, 0, 1), (2, 0, 1), (2, 0, 2), (3, 0, 1), (4, 0, 1))((0, 3, 3), (1, 3, 3), (2, 3, 2), (2, 3, 3), (3, 3, 3))((0, 2, 3), (1, 2, 2), (1, 2, 3), (2, 2, 3), (3, 2, 3))((0, 4, 1), (1, 4, 1), (1, 4, 2), (2, 4, 1), (3, 4, 1))((1, 2, 1), (2, 2, 1), (2, 2, 2), (3, 2, 1), (4, 2, 1))((1, 4, 0), (2, 4, 0), (3, 3, 0), (3, 4, 0), (4, 4, 0))((0, 3, 1), (1, 3, 0), (1, 3, 1), (2, 3, 1), (3, 3, 1))((0, 1, 2), (0, 2, 2), (0, 3, 2), (0, 4, 2), (1, 3, 2))((1, 2, 0), (2, 2, 0), (2, 3, 0), (3, 2, 0), (4, 2, 0))((2, 1, 0), (2, 1, 1), (2, 1, 2), (2, 1, 3), (3, 1, 1))((0, 1, 1), (1, 1, 0), (1, 1, 1), (1, 1, 2), (1, 1, 3))
195
((0, 0, 0), (0, 0, 1), (0, 0, 2), (0, 0, 3), (1, 0, 2))((0, 0, 4), (0, 1, 3), (0, 1, 4), (0, 2, 4), (0, 3, 4))((0, 4, 4), (1, 4, 4), (2, 3, 4), (2, 4, 4), (3, 4, 4))((3, 4, 2), (4, 4, 1), (4, 4, 2), (4, 4, 3), (4, 4, 4))((4, 0, 4), (4, 1, 4), (4, 2, 3), (4, 2, 4), (4, 3, 4))((1, 0, 4), (1, 1, 4), (1, 2, 4), (1, 3, 4), (2, 1, 4))((1, 0, 3), (2, 0, 3), (2, 0, 4), (3, 0, 3), (4, 0, 3))((2, 2, 4), (3, 0, 4), (3, 1, 4), (3, 2, 4), (3, 3, 4))((4, 0, 2), (4, 1, 0), (4, 1, 1), (4, 1, 2), (4, 1, 3))((1, 0, 0), (2, 0, 0), (2, 1, 0), (3, 0, 0), (4, 0, 0))((1, 4, 0), (2, 3, 0), (2, 4, 0), (3, 4, 0), (4, 4, 0))((1, 2, 0), (2, 2, 0), (3, 2, 0), (3, 3, 0), (4, 2, 0))((0, 1, 0), (0, 2, 0), (0, 3, 0), (0, 4, 0), (1, 3, 0))((1, 0, 1), (2, 0, 1), (2, 0, 2), (3, 0, 1), (4, 0, 1))((0, 4, 3), (1, 4, 2), (1, 4, 3), (2, 4, 3), (3, 4, 3))((0, 2, 3), (1, 2, 3), (2, 1, 3), (2, 2, 3), (3, 2, 3))((0, 3, 3), (1, 3, 2), (1, 3, 3), (2, 3, 3), (3, 3, 3))((0, 1, 2), (0, 2, 1), (0, 2, 2), (0, 3, 2), (0, 4, 2))((0, 4, 1), (1, 4, 1), (2, 4, 1), (2, 4, 2), (3, 4, 1))((0, 3, 1), (1, 3, 1), (2, 3, 1), (2, 3, 2), (3, 3, 1))((3, 3, 2), (4, 3, 0), (4, 3, 1), (4, 3, 2), (4, 3, 3))((3, 0, 2), (3, 1, 0), (3, 1, 1), (3, 1, 2), (3, 1, 3))((0, 1, 1), (1, 1, 0), (1, 1, 1), (1, 1, 2), (1, 1, 3))((1, 2, 2), (2, 1, 2), (2, 2, 2), (3, 2, 2), (4, 2, 2))((1, 2, 1), (2, 1, 1), (2, 2, 1), (3, 2, 1), (4, 2, 1))
196
((0, 0, 0), (0, 0, 1), (0, 0, 2), (0, 0, 3), (1, 0, 2))((0, 0, 4), (0, 1, 3), (0, 1, 4), (0, 2, 4), (0, 3, 4))((0, 4, 4), (1, 4, 4), (2, 3, 4), (2, 4, 4), (3, 4, 4))((3, 4, 2), (4, 4, 1), (4, 4, 2), (4, 4, 3), (4, 4, 4))((4, 0, 4), (4, 1, 4), (4, 2, 3), (4, 2, 4), (4, 3, 4))((1, 0, 4), (1, 1, 4), (1, 2, 4), (1, 3, 4), (2, 1, 4))((1, 0, 3), (2, 0, 3), (2, 0, 4), (3, 0, 3), (4, 0, 3))((2, 2, 4), (3, 0, 4), (3, 1, 4), (3, 2, 4), (3, 3, 4))((4, 0, 2), (4, 1, 0), (4, 1, 1), (4, 1, 2), (4, 1, 3))((1, 0, 0), (2, 0, 0), (2, 1, 0), (3, 0, 0), (4, 0, 0))((1, 4, 0), (2, 3, 0), (2, 4, 0), (3, 4, 0), (4, 4, 0))((1, 2, 0), (2, 2, 0), (3, 2, 0), (3, 3, 0), (4, 2, 0))((0, 1, 0), (0, 2, 0), (0, 3, 0), (0, 4, 0), (1, 3, 0))((1, 0, 1), (2, 0, 1), (2, 0, 2), (3, 0, 1), (4, 0, 1))((0, 4, 3), (1, 4, 2), (1, 4, 3), (2, 4, 3), (3, 4, 3))((0, 2, 3), (1, 2, 3), (2, 1, 3), (2, 2, 3), (3, 2, 3))((0, 3, 3), (1, 3, 3), (2, 3, 2), (2, 3, 3), (3, 3, 3))((0, 4, 1), (1, 4, 1), (2, 4, 1), (2, 4, 2), (3, 4, 1))((0, 3, 1), (1, 3, 1), (1, 3, 2), (2, 3, 1), (3, 3, 1))((0, 1, 2), (0, 2, 1), (0, 2, 2), (0, 3, 2), (0, 4, 2))((3, 3, 2), (4, 3, 0), (4, 3, 1), (4, 3, 2), (4, 3, 3))((3, 0, 2), (3, 1, 0), (3, 1, 1), (3, 1, 2), (3, 1, 3))((0, 1, 1), (1, 1, 0), (1, 1, 1), (1, 1, 2), (1, 1, 3))((1, 2, 2), (2, 1, 2), (2, 2, 2), (3, 2, 2), (4, 2, 2))((1, 2, 1), (2, 1, 1), (2, 2, 1), (3, 2, 1), (4, 2, 1))
197
((0, 0, 0), (0, 0, 1), (0, 0, 2), (0, 0, 3), (1, 0, 2))((0, 0, 4), (0, 1, 3), (0, 1, 4), (0, 2, 4), (0, 3, 4))((0, 4, 4), (1, 4, 4), (2, 3, 4), (2, 4, 4), (3, 4, 4))((3, 4, 2), (4, 4, 1), (4, 4, 2), (4, 4, 3), (4, 4, 4))((4, 0, 4), (4, 1, 4), (4, 2, 3), (4, 2, 4), (4, 3, 4))((1, 0, 4), (1, 1, 4), (1, 2, 4), (1, 3, 4), (2, 1, 4))((1, 0, 3), (2, 0, 3), (2, 0, 4), (3, 0, 3), (4, 0, 3))((2, 2, 4), (3, 0, 4), (3, 1, 4), (3, 2, 4), (3, 3, 4))((4, 0, 2), (4, 1, 0), (4, 1, 1), (4, 1, 2), (4, 1, 3))((1, 0, 0), (2, 0, 0), (2, 1, 0), (3, 0, 0), (4, 0, 0))((1, 4, 0), (2, 3, 0), (2, 4, 0), (3, 4, 0), (4, 4, 0))((1, 2, 0), (2, 2, 0), (3, 2, 0), (3, 3, 0), (4, 2, 0))((0, 1, 0), (0, 2, 0), (0, 3, 0), (0, 4, 0), (1, 3, 0))((1, 0, 1), (2, 0, 1), (2, 0, 2), (3, 0, 1), (4, 0, 1))((0, 4, 3), (1, 4, 3), (2, 4, 2), (2, 4, 3), (3, 4, 3))((0, 2, 3), (1, 2, 3), (2, 1, 3), (2, 2, 3), (3, 2, 3))((0, 3, 3), (1, 3, 2), (1, 3, 3), (2, 3, 3), (3, 3, 3))((0, 4, 1), (1, 4, 1), (1, 4, 2), (2, 4, 1), (3, 4, 1))((0, 1, 2), (0, 2, 1), (0, 2, 2), (0, 3, 2), (0, 4, 2))((0, 3, 1), (1, 3, 1), (2, 3, 1), (2, 3, 2), (3, 3, 1))((3, 3, 2), (4, 3, 0), (4, 3, 1), (4, 3, 2), (4, 3, 3))((3, 0, 2), (3, 1, 0), (3, 1, 1), (3, 1, 2), (3, 1, 3))((0, 1, 1), (1, 1, 0), (1, 1, 1), (1, 1, 2), (1, 1, 3))((1, 2, 2), (2, 1, 2), (2, 2, 2), (3, 2, 2), (4, 2, 2))((1, 2, 1), (2, 1, 1), (2, 2, 1), (3, 2, 1), (4, 2, 1))
198
((0, 0, 0), (0, 0, 1), (0, 0, 2), (0, 0, 3), (1, 0, 2))((0, 0, 4), (0, 1, 3), (0, 1, 4), (0, 2, 4), (0, 3, 4))((0, 4, 4), (1, 4, 4), (2, 3, 4), (2, 4, 4), (3, 4, 4))((3, 4, 2), (4, 4, 1), (4, 4, 2), (4, 4, 3), (4, 4, 4))((4, 0, 4), (4, 1, 4), (4, 2, 3), (4, 2, 4), (4, 3, 4))((1, 0, 4), (1, 1, 4), (1, 2, 4), (1, 3, 4), (2, 1, 4))((1, 0, 3), (2, 0, 3), (2, 0, 4), (3, 0, 3), (4, 0, 3))((2, 2, 4), (3, 0, 4), (3, 1, 4), (3, 2, 4), (3, 3, 4))((4, 0, 2), (4, 1, 0), (4, 1, 1), (4, 1, 2), (4, 1, 3))((1, 0, 0), (2, 0, 0), (2, 1, 0), (3, 0, 0), (4, 0, 0))((1, 4, 0), (2, 3, 0), (2, 4, 0), (3, 4, 0), (4, 4, 0))((1, 2, 0), (2, 2, 0), (3, 2, 0), (3, 3, 0), (4, 2, 0))((0, 1, 0), (0, 2, 0), (0, 3, 0), (0, 4, 0), (1, 3, 0))((1, 0, 1), (2, 0, 1), (2, 0, 2), (3, 0, 1), (4, 0, 1))((0, 4, 3), (1, 4, 3), (2, 4, 2), (2, 4, 3), (3, 4, 3))((0, 2, 3), (1, 2, 3), (2, 1, 3), (2, 2, 3), (3, 2, 3))((0, 3, 3), (1, 3, 3), (2, 3, 2), (2, 3, 3), (3, 3, 3))((3, 3, 2), (4, 3, 0), (4, 3, 1), (4, 3, 2), (4, 3, 3))((3, 0, 2), (3, 1, 0), (3, 1, 1), (3, 1, 2), (3, 1, 3))((1, 2, 2), (2, 1, 2), (2, 2, 2), (3, 2, 2), (4, 2, 2))((0, 4, 1), (1, 4, 1), (1, 4, 2), (2, 4, 1), (3, 4, 1))((0, 1, 1), (1, 1, 0), (1, 1, 1), (1, 1, 2), (1, 1, 3))((1, 2, 1), (2, 1, 1), (2, 2, 1), (3, 2, 1), (4, 2, 1))((0, 3, 1), (1, 3, 1), (1, 3, 2), (2, 3, 1), (3, 3, 1))((0, 1, 2), (0, 2, 1), (0, 2, 2), (0, 3, 2), (0, 4, 2))
199
((0, 0, 0), (0, 0, 1), (0, 0, 2), (0, 0, 3), (1, 0, 2))((0, 0, 4), (0, 1, 3), (0, 1, 4), (0, 2, 4), (0, 3, 4))((0, 4, 4), (1, 4, 4), (2, 3, 4), (2, 4, 4), (3, 4, 4))((3, 4, 2), (4, 4, 1), (4, 4, 2), (4, 4, 3), (4, 4, 4))((4, 0, 4), (4, 1, 4), (4, 2, 3), (4, 2, 4), (4, 3, 4))((1, 0, 4), (1, 1, 4), (1, 2, 4), (1, 3, 4), (2, 1, 4))((1, 0, 3), (2, 0, 3), (2, 0, 4), (3, 0, 3), (4, 0, 3))((2, 2, 4), (3, 0, 4), (3, 1, 4), (3, 2, 4), (3, 3, 4))((4, 0, 2), (4, 1, 0), (4, 1, 1), (4, 1, 2), (4, 1, 3))((1, 0, 0), (2, 0, 0), (2, 1, 0), (3, 0, 0), (4, 0, 0))((1, 4, 0), (2, 3, 0), (2, 4, 0), (3, 4, 0), (4, 4, 0))((1, 2, 0), (2, 2, 0), (3, 2, 0), (3, 3, 0), (4, 2, 0))((0, 1, 0), (0, 2, 0), (0, 2, 1), (0, 3, 0), (0, 4, 0))((0, 4, 3), (1, 4, 2), (1, 4, 3), (2, 4, 3), (3, 4, 3))((0, 2, 3), (1, 2, 3), (2, 1, 3), (2, 2, 3), (3, 2, 3))((0, 3, 3), (1, 3, 3), (2, 3, 2), (2, 3, 3), (3, 3, 3))((0, 4, 1), (1, 4, 1), (2, 4, 1), (2, 4, 2), (3, 4, 1))((0, 3, 1), (1, 3, 0), (1, 3, 1), (2, 3, 1), (3, 3, 1))((1, 0, 1), (2, 0, 1), (2, 0, 2), (3, 0, 1), (4, 0, 1))((0, 1, 2), (0, 2, 2), (0, 3, 2), (0, 4, 2), (1, 3, 2))((3, 3, 2), (4, 3, 0), (4, 3, 1), (4, 3, 2), (4, 3, 3))((3, 0, 2), (3, 1, 0), (3, 1, 1), (3, 1, 2), (3, 1, 3))((0, 1, 1), (1, 1, 0), (1, 1, 1), (1, 1, 2), (1, 1, 3))((1, 2, 2), (2, 1, 2), (2, 2, 2), (3, 2, 2), (4, 2, 2))((1, 2, 1), (2, 1, 1), (2, 2, 1), (3, 2, 1), (4, 2, 1))
200
((0, 0, 0), (0, 0, 1), (0, 0, 2), (0, 0, 3), (1, 0, 2))((0, 0, 4), (0, 1, 3), (0, 1, 4), (0, 2, 4), (0, 3, 4))((0, 4, 4), (1, 4, 4), (2, 3, 4), (2, 4, 4), (3, 4, 4))((3, 4, 2), (4, 4, 1), (4, 4, 2), (4, 4, 3), (4, 4, 4))((4, 0, 4), (4, 1, 4), (4, 2, 3), (4, 2, 4), (4, 3, 4))((1, 0, 4), (1, 1, 4), (1, 2, 4), (1, 3, 4), (2, 1, 4))((1, 0, 3), (2, 0, 3), (2, 0, 4), (3, 0, 3), (4, 0, 3))((2, 2, 4), (3, 0, 4), (3, 1, 4), (3, 2, 4), (3, 3, 4))((4, 0, 2), (4, 1, 0), (4, 1, 1), (4, 1, 2), (4, 1, 3))((1, 0, 0), (2, 0, 0), (2, 1, 0), (3, 0, 0), (4, 0, 0))((1, 4, 0), (2, 3, 0), (2, 4, 0), (3, 4, 0), (4, 4, 0))((1, 2, 0), (2, 2, 0), (3, 2, 0), (3, 3, 0), (4, 2, 0))((0, 1, 0), (0, 2, 0), (0, 2, 1), (0, 3, 0), (0, 4, 0))((0, 4, 3), (1, 4, 3), (2, 4, 2), (2, 4, 3), (3, 4, 3))((0, 4, 1), (1, 4, 1), (1, 4, 2), (2, 4, 1), (3, 4, 1))((0, 2, 3), (1, 2, 3), (2, 1, 3), (2, 2, 3), (3, 2, 3))((0, 3, 3), (1, 3, 3), (2, 3, 2), (2, 3, 3), (3, 3, 3))((0, 3, 1), (1, 3, 0), (1, 3, 1), (2, 3, 1), (3, 3, 1))((1, 0, 1), (2, 0, 1), (2, 0, 2), (3, 0, 1), (4, 0, 1))((0, 1, 2), (0, 2, 2), (0, 3, 2), (0, 4, 2), (1, 3, 2))((3, 3, 2), (4, 3, 0), (4, 3, 1), (4, 3, 2), (4, 3, 3))((3, 0, 2), (3, 1, 0), (3, 1, 1), (3, 1, 2), (3, 1, 3))((0, 1, 1), (1, 1, 0), (1, 1, 1), (1, 1, 2), (1, 1, 3))((1, 2, 2), (2, 1, 2), (2, 2, 2), (3, 2, 2), (4, 2, 2))((1, 2, 1), (2, 1, 1), (2, 2, 1), (3, 2, 1), (4, 2, 1))
201
((0, 0, 0), (0, 0, 1), (0, 0, 2), (0, 0, 3), (1, 0, 2))((0, 0, 4), (0, 1, 3), (0, 1, 4), (0, 2, 4), (0, 3, 4))((0, 4, 4), (1, 4, 4), (2, 3, 4), (2, 4, 4), (3, 4, 4))((3, 4, 2), (4, 4, 1), (4, 4, 2), (4, 4, 3), (4, 4, 4))((4, 0, 4), (4, 1, 4), (4, 2, 3), (4, 2, 4), (4, 3, 4))((1, 0, 4), (1, 1, 4), (1, 2, 4), (1, 3, 4), (2, 1, 4))((1, 0, 3), (2, 0, 3), (2, 0, 4), (3, 0, 3), (4, 0, 3))((2, 2, 4), (3, 0, 4), (3, 1, 4), (3, 2, 4), (3, 3, 4))((4, 0, 2), (4, 1, 0), (4, 1, 1), (4, 1, 2), (4, 1, 3))((1, 0, 0), (2, 0, 0), (2, 1, 0), (3, 0, 0), (4, 0, 0))((1, 4, 0), (2, 4, 0), (3, 3, 0), (3, 4, 0), (4, 4, 0))((1, 0, 1), (2, 0, 1), (3, 0, 1), (3, 1, 1), (4, 0, 1))((1, 2, 0), (2, 2, 0), (3, 1, 0), (3, 2, 0), (4, 2, 0))((0, 1, 0), (0, 2, 0), (0, 3, 0), (0, 4, 0), (1, 3, 0))((4, 2, 2), (4, 3, 0), (4, 3, 1), (4, 3, 2), (4, 3, 3))((0, 4, 1), (1, 4, 1), (2, 4, 1), (2, 4, 2), (3, 4, 1))((0, 1, 1), (1, 1, 0), (1, 1, 1), (1, 1, 2), (1, 1, 3))((0, 4, 3), (1, 4, 2), (1, 4, 3), (2, 4, 3), (3, 4, 3))((3, 0, 2), (3, 1, 2), (3, 1, 3), (3, 2, 2), (3, 3, 2))((0, 2, 3), (1, 2, 3), (2, 1, 3), (2, 2, 3), (3, 2, 3))((0, 3, 3), (1, 3, 2), (1, 3, 3), (2, 3, 3), (3, 3, 3))((0, 3, 1), (1, 3, 1), (2, 3, 0), (2, 3, 1), (3, 3, 1))((0, 1, 2), (0, 2, 1), (0, 2, 2), (0, 3, 2), (0, 4, 2))((1, 2, 2), (2, 0, 2), (2, 1, 2), (2, 2, 2), (2, 3, 2))((1, 2, 1), (2, 1, 1), (2, 2, 1), (3, 2, 1), (4, 2, 1))
202
((0, 0, 0), (0, 0, 1), (0, 0, 2), (0, 0, 3), (1, 0, 2))((0, 0, 4), (0, 1, 3), (0, 1, 4), (0, 2, 4), (0, 3, 4))((0, 4, 4), (1, 4, 4), (2, 3, 4), (2, 4, 4), (3, 4, 4))((3, 4, 2), (4, 4, 1), (4, 4, 2), (4, 4, 3), (4, 4, 4))((4, 0, 4), (4, 1, 4), (4, 2, 3), (4, 2, 4), (4, 3, 4))((1, 0, 4), (1, 1, 4), (1, 2, 4), (1, 3, 4), (2, 1, 4))((1, 0, 3), (2, 0, 3), (2, 0, 4), (3, 0, 3), (4, 0, 3))((2, 2, 4), (3, 0, 4), (3, 1, 4), (3, 2, 4), (3, 3, 4))((4, 0, 2), (4, 1, 0), (4, 1, 1), (4, 1, 2), (4, 1, 3))((1, 0, 0), (2, 0, 0), (2, 1, 0), (3, 0, 0), (4, 0, 0))((1, 4, 0), (2, 4, 0), (3, 3, 0), (3, 4, 0), (4, 4, 0))((1, 0, 1), (2, 0, 1), (3, 0, 1), (3, 1, 1), (4, 0, 1))((1, 2, 0), (2, 2, 0), (3, 1, 0), (3, 2, 0), (4, 2, 0))((0, 1, 0), (0, 2, 0), (0, 3, 0), (0, 4, 0), (1, 3, 0))((4, 2, 2), (4, 3, 0), (4, 3, 1), (4, 3, 2), (4, 3, 3))((0, 4, 1), (1, 4, 1), (2, 4, 1), (2, 4, 2), (3, 4, 1))((0, 1, 1), (1, 1, 0), (1, 1, 1), (1, 1, 2), (1, 1, 3))((0, 4, 3), (1, 4, 2), (1, 4, 3), (2, 4, 3), (3, 4, 3))((3, 0, 2), (3, 1, 2), (3, 1, 3), (3, 2, 2), (3, 3, 2))((2, 0, 2), (2, 1, 2), (2, 1, 3), (2, 2, 2), (2, 3, 2))((0, 3, 1), (1, 3, 1), (2, 3, 0), (2, 3, 1), (3, 3, 1))((1, 2, 1), (2, 1, 1), (2, 2, 1), (3, 2, 1), (4, 2, 1))((0, 1, 2), (0, 2, 1), (0, 2, 2), (0, 3, 2), (0, 4, 2))((0, 2, 3), (1, 2, 2), (1, 2, 3), (2, 2, 3), (3, 2, 3))((0, 3, 3), (1, 3, 2), (1, 3, 3), (2, 3, 3), (3, 3, 3))
203
((0, 0, 0), (0, 0, 1), (0, 0, 2), (0, 0, 3), (1, 0, 2))((0, 0, 4), (0, 1, 3), (0, 1, 4), (0, 2, 4), (0, 3, 4))((0, 4, 4), (1, 4, 4), (2, 3, 4), (2, 4, 4), (3, 4, 4))((3, 4, 2), (4, 4, 1), (4, 4, 2), (4, 4, 3), (4, 4, 4))((4, 0, 4), (4, 1, 4), (4, 2, 3), (4, 2, 4), (4, 3, 4))((1, 0, 4), (1, 1, 4), (1, 2, 4), (1, 3, 4), (2, 1, 4))((1, 0, 3), (2, 0, 3), (2, 0, 4), (3, 0, 3), (4, 0, 3))((2, 2, 4), (3, 0, 4), (3, 1, 4), (3, 2, 4), (3, 3, 4))((4, 0, 2), (4, 1, 0), (4, 1, 1), (4, 1, 2), (4, 1, 3))((1, 0, 0), (2, 0, 0), (2, 1, 0), (3, 0, 0), (4, 0, 0))((1, 4, 0), (2, 4, 0), (3, 3, 0), (3, 4, 0), (4, 4, 0))((1, 0, 1), (2, 0, 1), (3, 0, 1), (3, 1, 1), (4, 0, 1))((1, 2, 0), (2, 2, 0), (3, 1, 0), (3, 2, 0), (4, 2, 0))((0, 1, 0), (0, 2, 0), (0, 3, 0), (0, 4, 0), (1, 3, 0))((4, 2, 2), (4, 3, 0), (4, 3, 1), (4, 3, 2), (4, 3, 3))((0, 4, 1), (1, 4, 1), (1, 4, 2), (2, 4, 1), (3, 4, 1))((0, 1, 1), (1, 1, 0), (1, 1, 1), (1, 1, 2), (1, 1, 3))((1, 2, 1), (2, 1, 1), (2, 2, 1), (3, 2, 1), (4, 2, 1))((0, 1, 2), (0, 2, 1), (0, 2, 2), (0, 3, 2), (0, 4, 2))((0, 2, 3), (1, 2, 2), (1, 2, 3), (2, 2, 3), (3, 2, 3))((2, 0, 2), (2, 1, 2), (2, 1, 3), (2, 2, 2), (2, 3, 2))((0, 4, 3), (1, 4, 3), (2, 4, 2), (2, 4, 3), (3, 4, 3))((0, 3, 3), (1, 3, 2), (1, 3, 3), (2, 3, 3), (3, 3, 3))((0, 3, 1), (1, 3, 1), (2, 3, 0), (2, 3, 1), (3, 3, 1))((3, 0, 2), (3, 1, 2), (3, 1, 3), (3, 2, 2), (3, 3, 2))
204
((0, 0, 0), (0, 0, 1), (0, 0, 2), (0, 0, 3), (1, 0, 2))((0, 0, 4), (0, 1, 3), (0, 1, 4), (0, 2, 4), (0, 3, 4))((0, 4, 4), (1, 4, 4), (2, 3, 4), (2, 4, 4), (3, 4, 4))((3, 4, 2), (4, 4, 1), (4, 4, 2), (4, 4, 3), (4, 4, 4))((4, 0, 4), (4, 1, 4), (4, 2, 3), (4, 2, 4), (4, 3, 4))((1, 0, 4), (1, 1, 4), (1, 2, 4), (1, 3, 4), (2, 1, 4))((1, 0, 3), (2, 0, 3), (2, 0, 4), (3, 0, 3), (4, 0, 3))((2, 2, 4), (3, 0, 4), (3, 1, 4), (3, 2, 4), (3, 3, 4))((4, 0, 2), (4, 1, 0), (4, 1, 1), (4, 1, 2), (4, 1, 3))((1, 0, 0), (2, 0, 0), (2, 1, 0), (3, 0, 0), (4, 0, 0))((1, 4, 0), (2, 4, 0), (3, 3, 0), (3, 4, 0), (4, 4, 0))((1, 0, 1), (2, 0, 1), (3, 0, 1), (3, 1, 1), (4, 0, 1))((1, 2, 0), (2, 2, 0), (3, 1, 0), (3, 2, 0), (4, 2, 0))((0, 1, 0), (0, 2, 0), (0, 3, 0), (0, 4, 0), (1, 3, 0))((4, 2, 2), (4, 3, 0), (4, 3, 1), (4, 3, 2), (4, 3, 3))((0, 4, 1), (1, 4, 1), (1, 4, 2), (2, 4, 1), (3, 4, 1))((0, 1, 1), (1, 1, 0), (1, 1, 1), (1, 1, 2), (1, 1, 3))((1, 2, 1), (2, 1, 1), (2, 2, 1), (3, 2, 1), (4, 2, 1))((0, 1, 2), (0, 2, 1), (0, 2, 2), (0, 3, 2), (0, 4, 2))((1, 2, 2), (2, 0, 2), (2, 1, 2), (2, 2, 2), (2, 3, 2))((0, 3, 1), (1, 3, 1), (2, 3, 0), (2, 3, 1), (3, 3, 1))((0, 3, 3), (1, 3, 2), (1, 3, 3), (2, 3, 3), (3, 3, 3))((3, 0, 2), (3, 1, 2), (3, 1, 3), (3, 2, 2), (3, 3, 2))((0, 4, 3), (1, 4, 3), (2, 4, 2), (2, 4, 3), (3, 4, 3))((0, 2, 3), (1, 2, 3), (2, 1, 3), (2, 2, 3), (3, 2, 3))
205
((0, 0, 0), (0, 0, 1), (0, 0, 2), (0, 0, 3), (1, 0, 2))((0, 0, 4), (0, 1, 3), (0, 1, 4), (0, 2, 4), (0, 3, 4))((0, 4, 4), (1, 4, 4), (2, 3, 4), (2, 4, 4), (3, 4, 4))((3, 4, 2), (4, 4, 1), (4, 4, 2), (4, 4, 3), (4, 4, 4))((4, 0, 4), (4, 1, 4), (4, 2, 3), (4, 2, 4), (4, 3, 4))((1, 0, 4), (1, 1, 4), (1, 2, 4), (1, 3, 4), (2, 1, 4))((1, 0, 3), (2, 0, 3), (2, 0, 4), (3, 0, 3), (4, 0, 3))((2, 2, 4), (3, 0, 4), (3, 1, 4), (3, 2, 4), (3, 3, 4))((4, 0, 2), (4, 1, 0), (4, 1, 1), (4, 1, 2), (4, 1, 3))((1, 0, 0), (2, 0, 0), (2, 1, 0), (3, 0, 0), (4, 0, 0))((1, 4, 0), (2, 4, 0), (3, 3, 0), (3, 4, 0), (4, 4, 0))((1, 0, 1), (2, 0, 1), (2, 0, 2), (3, 0, 1), (4, 0, 1))((0, 1, 0), (0, 2, 0), (0, 3, 0), (0, 4, 0), (1, 3, 0))((3, 3, 2), (4, 3, 0), (4, 3, 1), (4, 3, 2), (4, 3, 3))((3, 0, 2), (3, 1, 0), (3, 1, 1), (3, 1, 2), (3, 1, 3))((1, 2, 0), (2, 2, 0), (2, 3, 0), (3, 2, 0), (4, 2, 0))((0, 4, 1), (1, 4, 1), (2, 4, 1), (2, 4, 2), (3, 4, 1))((0, 1, 1), (1, 1, 0), (1, 1, 1), (1, 1, 2), (1, 1, 3))((0, 4, 3), (1, 4, 2), (1, 4, 3), (2, 4, 3), (3, 4, 3))((0, 2, 3), (1, 2, 3), (2, 1, 3), (2, 2, 3), (3, 2, 3))((1, 2, 2), (2, 1, 2), (2, 2, 2), (3, 2, 2), (4, 2, 2))((1, 2, 1), (2, 1, 1), (2, 2, 1), (3, 2, 1), (4, 2, 1))((0, 1, 2), (0, 2, 1), (0, 2, 2), (0, 3, 2), (0, 4, 2))((0, 3, 1), (1, 3, 1), (2, 3, 1), (2, 3, 2), (3, 3, 1))((0, 3, 3), (1, 3, 2), (1, 3, 3), (2, 3, 3), (3, 3, 3))
206
((0, 0, 0), (0, 0, 1), (0, 0, 2), (0, 0, 3), (1, 0, 2))((0, 0, 4), (0, 1, 3), (0, 1, 4), (0, 2, 4), (0, 3, 4))((0, 4, 4), (1, 4, 4), (2, 3, 4), (2, 4, 4), (3, 4, 4))((3, 4, 2), (4, 4, 1), (4, 4, 2), (4, 4, 3), (4, 4, 4))((4, 0, 4), (4, 1, 4), (4, 2, 3), (4, 2, 4), (4, 3, 4))((1, 0, 4), (1, 1, 4), (1, 2, 4), (1, 3, 4), (2, 1, 4))((1, 0, 3), (2, 0, 3), (2, 0, 4), (3, 0, 3), (4, 0, 3))((2, 2, 4), (3, 0, 4), (3, 1, 4), (3, 2, 4), (3, 3, 4))((4, 0, 2), (4, 1, 0), (4, 1, 1), (4, 1, 2), (4, 1, 3))((1, 0, 0), (2, 0, 0), (2, 1, 0), (3, 0, 0), (4, 0, 0))((1, 4, 0), (2, 4, 0), (3, 3, 0), (3, 4, 0), (4, 4, 0))((1, 0, 1), (2, 0, 1), (2, 0, 2), (3, 0, 1), (4, 0, 1))((0, 1, 0), (0, 2, 0), (0, 3, 0), (0, 4, 0), (1, 3, 0))((3, 3, 2), (4, 3, 0), (4, 3, 1), (4, 3, 2), (4, 3, 3))((3, 0, 2), (3, 1, 0), (3, 1, 1), (3, 1, 2), (3, 1, 3))((1, 2, 0), (2, 2, 0), (2, 3, 0), (3, 2, 0), (4, 2, 0))((0, 4, 1), (1, 4, 1), (2, 4, 1), (2, 4, 2), (3, 4, 1))((0, 1, 1), (1, 1, 0), (1, 1, 1), (1, 1, 2), (1, 1, 3))((0, 4, 3), (1, 4, 2), (1, 4, 3), (2, 4, 3), (3, 4, 3))((0, 2, 3), (1, 2, 3), (2, 1, 3), (2, 2, 3), (3, 2, 3))((1, 2, 2), (2, 1, 2), (2, 2, 2), (3, 2, 2), (4, 2, 2))((1, 2, 1), (2, 1, 1), (2, 2, 1), (3, 2, 1), (4, 2, 1))((0, 1, 2), (0, 2, 1), (0, 2, 2), (0, 3, 2), (0, 4, 2))((0, 3, 1), (1, 3, 1), (1, 3, 2), (2, 3, 1), (3, 3, 1))((0, 3, 3), (1, 3, 3), (2, 3, 2), (2, 3, 3), (3, 3, 3))
207
((0, 0, 0), (0, 0, 1), (0, 0, 2), (0, 0, 3), (1, 0, 2))((0, 0, 4), (0, 1, 3), (0, 1, 4), (0, 2, 4), (0, 3, 4))((0, 4, 4), (1, 4, 4), (2, 3, 4), (2, 4, 4), (3, 4, 4))((3, 4, 2), (4, 4, 1), (4, 4, 2), (4, 4, 3), (4, 4, 4))((4, 0, 4), (4, 1, 4), (4, 2, 3), (4, 2, 4), (4, 3, 4))((1, 0, 4), (1, 1, 4), (1, 2, 4), (1, 3, 4), (2, 1, 4))((1, 0, 3), (2, 0, 3), (2, 0, 4), (3, 0, 3), (4, 0, 3))((2, 2, 4), (3, 0, 4), (3, 1, 4), (3, 2, 4), (3, 3, 4))((4, 0, 2), (4, 1, 0), (4, 1, 1), (4, 1, 2), (4, 1, 3))((1, 0, 0), (2, 0, 0), (2, 1, 0), (3, 0, 0), (4, 0, 0))((1, 4, 0), (2, 4, 0), (3, 3, 0), (3, 4, 0), (4, 4, 0))((1, 0, 1), (2, 0, 1), (2, 0, 2), (3, 0, 1), (4, 0, 1))((0, 1, 0), (0, 2, 0), (0, 3, 0), (0, 4, 0), (1, 3, 0))((3, 3, 2), (4, 3, 0), (4, 3, 1), (4, 3, 2), (4, 3, 3))((3, 0, 2), (3, 1, 0), (3, 1, 1), (3, 1, 2), (3, 1, 3))((1, 2, 0), (2, 2, 0), (2, 3, 0), (3, 2, 0), (4, 2, 0))((0, 4, 1), (1, 4, 1), (1, 4, 2), (2, 4, 1), (3, 4, 1))((0, 1, 1), (1, 1, 0), (1, 1, 1), (1, 1, 2), (1, 1, 3))((1, 2, 1), (2, 1, 1), (2, 2, 1), (3, 2, 1), (4, 2, 1))((0, 1, 2), (0, 2, 1), (0, 2, 2), (0, 3, 2), (0, 4, 2))((0, 3, 1), (1, 3, 1), (2, 3, 1), (2, 3, 2), (3, 3, 1))((0, 3, 3), (1, 3, 2), (1, 3, 3), (2, 3, 3), (3, 3, 3))((0, 4, 3), (1, 4, 3), (2, 4, 2), (2, 4, 3), (3, 4, 3))((1, 2, 2), (2, 1, 2), (2, 2, 2), (3, 2, 2), (4, 2, 2))((0, 2, 3), (1, 2, 3), (2, 1, 3), (2, 2, 3), (3, 2, 3))
208
((0, 0, 0), (0, 0, 1), (0, 0, 2), (0, 0, 3), (1, 0, 2))((0, 0, 4), (0, 1, 3), (0, 1, 4), (0, 2, 4), (0, 3, 4))((0, 4, 4), (1, 4, 4), (2, 3, 4), (2, 4, 4), (3, 4, 4))((3, 4, 2), (4, 4, 1), (4, 4, 2), (4, 4, 3), (4, 4, 4))((4, 0, 4), (4, 1, 4), (4, 2, 3), (4, 2, 4), (4, 3, 4))((1, 0, 4), (1, 1, 4), (1, 2, 4), (1, 3, 4), (2, 1, 4))((1, 0, 3), (2, 0, 3), (2, 0, 4), (3, 0, 3), (4, 0, 3))((2, 2, 4), (3, 0, 4), (3, 1, 4), (3, 2, 4), (3, 3, 4))((4, 0, 2), (4, 1, 0), (4, 1, 1), (4, 1, 2), (4, 1, 3))((1, 0, 0), (2, 0, 0), (2, 1, 0), (3, 0, 0), (4, 0, 0))((1, 4, 0), (2, 4, 0), (3, 3, 0), (3, 4, 0), (4, 4, 0))((1, 0, 1), (2, 0, 1), (2, 0, 2), (3, 0, 1), (4, 0, 1))((0, 1, 0), (0, 2, 0), (0, 3, 0), (0, 4, 0), (1, 3, 0))((3, 3, 2), (4, 3, 0), (4, 3, 1), (4, 3, 2), (4, 3, 3))((3, 0, 2), (3, 1, 0), (3, 1, 1), (3, 1, 2), (3, 1, 3))((1, 2, 0), (2, 2, 0), (2, 3, 0), (3, 2, 0), (4, 2, 0))((0, 4, 1), (1, 4, 1), (1, 4, 2), (2, 4, 1), (3, 4, 1))((0, 1, 1), (1, 1, 0), (1, 1, 1), (1, 1, 2), (1, 1, 3))((1, 2, 1), (2, 1, 1), (2, 2, 1), (3, 2, 1), (4, 2, 1))((0, 1, 2), (0, 2, 1), (0, 2, 2), (0, 3, 2), (0, 4, 2))((0, 3, 1), (1, 3, 1), (1, 3, 2), (2, 3, 1), (3, 3, 1))((0, 4, 3), (1, 4, 3), (2, 4, 2), (2, 4, 3), (3, 4, 3))((0, 2, 3), (1, 2, 3), (2, 1, 3), (2, 2, 3), (3, 2, 3))((1, 2, 2), (2, 1, 2), (2, 2, 2), (3, 2, 2), (4, 2, 2))((0, 3, 3), (1, 3, 3), (2, 3, 2), (2, 3, 3), (3, 3, 3))
209
((0, 0, 0), (0, 0, 1), (0, 0, 2), (0, 0, 3), (1, 0, 2))((0, 0, 4), (0, 1, 3), (0, 1, 4), (0, 2, 4), (0, 3, 4))((0, 4, 4), (1, 4, 4), (2, 3, 4), (2, 4, 4), (3, 4, 4))((3, 4, 2), (4, 4, 1), (4, 4, 2), (4, 4, 3), (4, 4, 4))((4, 0, 4), (4, 1, 4), (4, 2, 3), (4, 2, 4), (4, 3, 4))((1, 0, 4), (1, 1, 4), (1, 2, 4), (1, 3, 4), (2, 1, 4))((1, 0, 3), (2, 0, 3), (2, 0, 4), (3, 0, 3), (4, 0, 3))((2, 2, 4), (3, 0, 4), (3, 1, 4), (3, 2, 4), (3, 3, 4))((4, 0, 2), (4, 1, 0), (4, 1, 1), (4, 1, 2), (4, 1, 3))((1, 0, 0), (2, 0, 0), (2, 1, 0), (3, 0, 0), (4, 0, 0))((1, 4, 0), (2, 4, 0), (3, 3, 0), (3, 4, 0), (4, 4, 0))((1, 0, 1), (2, 0, 1), (2, 0, 2), (3, 0, 1), (4, 0, 1))((0, 1, 0), (0, 2, 0), (0, 2, 1), (0, 3, 0), (0, 4, 0))((0, 4, 1), (1, 4, 1), (2, 4, 1), (2, 4, 2), (3, 4, 1))((0, 4, 3), (1, 4, 2), (1, 4, 3), (2, 4, 3), (3, 4, 3))((0, 2, 3), (1, 2, 3), (2, 1, 3), (2, 2, 3), (3, 2, 3))((0, 3, 3), (1, 3, 3), (2, 3, 2), (2, 3, 3), (3, 3, 3))((0, 3, 1), (1, 3, 0), (1, 3, 1), (2, 3, 1), (3, 3, 1))((1, 2, 0), (2, 2, 0), (2, 3, 0), (3, 2, 0), (4, 2, 0))((0, 1, 2), (0, 2, 2), (0, 3, 2), (0, 4, 2), (1, 3, 2))((3, 3, 2), (4, 3, 0), (4, 3, 1), (4, 3, 2), (4, 3, 3))((3, 0, 2), (3, 1, 0), (3, 1, 1), (3, 1, 2), (3, 1, 3))((0, 1, 1), (1, 1, 0), (1, 1, 1), (1, 1, 2), (1, 1, 3))((1, 2, 2), (2, 1, 2), (2, 2, 2), (3, 2, 2), (4, 2, 2))((1, 2, 1), (2, 1, 1), (2, 2, 1), (3, 2, 1), (4, 2, 1))
210
((0, 0, 0), (0, 0, 1), (0, 0, 2), (0, 0, 3), (1, 0, 2))((0, 0, 4), (0, 1, 3), (0, 1, 4), (0, 2, 4), (0, 3, 4))((0, 4, 4), (1, 4, 4), (2, 3, 4), (2, 4, 4), (3, 4, 4))((3, 4, 2), (4, 4, 1), (4, 4, 2), (4, 4, 3), (4, 4, 4))((4, 0, 4), (4, 1, 4), (4, 2, 3), (4, 2, 4), (4, 3, 4))((1, 0, 4), (1, 1, 4), (1, 2, 4), (1, 3, 4), (2, 1, 4))((1, 0, 3), (2, 0, 3), (2, 0, 4), (3, 0, 3), (4, 0, 3))((2, 2, 4), (3, 0, 4), (3, 1, 4), (3, 2, 4), (3, 3, 4))((4, 0, 2), (4, 1, 0), (4, 1, 1), (4, 1, 2), (4, 1, 3))((1, 0, 0), (2, 0, 0), (2, 1, 0), (3, 0, 0), (4, 0, 0))((1, 4, 0), (2, 4, 0), (3, 3, 0), (3, 4, 0), (4, 4, 0))((1, 0, 1), (2, 0, 1), (2, 0, 2), (3, 0, 1), (4, 0, 1))((0, 1, 0), (0, 2, 0), (0, 2, 1), (0, 3, 0), (0, 4, 0))((0, 4, 1), (1, 4, 1), (1, 4, 2), (2, 4, 1), (3, 4, 1))((0, 4, 3), (1, 4, 3), (2, 4, 2), (2, 4, 3), (3, 4, 3))((0, 2, 3), (1, 2, 3), (2, 1, 3), (2, 2, 3), (3, 2, 3))((0, 3, 3), (1, 3, 3), (2, 3, 2), (2, 3, 3), (3, 3, 3))((0, 3, 1), (1, 3, 0), (1, 3, 1), (2, 3, 1), (3, 3, 1))((1, 2, 0), (2, 2, 0), (2, 3, 0), (3, 2, 0), (4, 2, 0))((0, 1, 2), (0, 2, 2), (0, 3, 2), (0, 4, 2), (1, 3, 2))((3, 3, 2), (4, 3, 0), (4, 3, 1), (4, 3, 2), (4, 3, 3))((3, 0, 2), (3, 1, 0), (3, 1, 1), (3, 1, 2), (3, 1, 3))((0, 1, 1), (1, 1, 0), (1, 1, 1), (1, 1, 2), (1, 1, 3))((1, 2, 2), (2, 1, 2), (2, 2, 2), (3, 2, 2), (4, 2, 2))((1, 2, 1), (2, 1, 1), (2, 2, 1), (3, 2, 1), (4, 2, 1))
211
((0, 0, 0), (0, 0, 1), (0, 0, 2), (0, 0, 3), (1, 0, 2))((0, 0, 4), (0, 1, 3), (0, 1, 4), (0, 2, 4), (0, 3, 4))((0, 4, 4), (1, 4, 4), (2, 3, 4), (2, 4, 4), (3, 4, 4))((3, 4, 2), (4, 4, 1), (4, 4, 2), (4, 4, 3), (4, 4, 4))((4, 0, 4), (4, 1, 4), (4, 2, 3), (4, 2, 4), (4, 3, 4))((1, 0, 4), (1, 1, 4), (1, 2, 4), (1, 3, 4), (2, 1, 4))((1, 0, 3), (2, 0, 3), (2, 0, 4), (3, 0, 3), (4, 0, 3))((2, 2, 4), (3, 0, 4), (3, 1, 4), (3, 2, 4), (3, 3, 4))((4, 0, 2), (4, 1, 0), (4, 1, 1), (4, 1, 2), (4, 1, 3))((1, 0, 0), (2, 0, 0), (2, 1, 0), (3, 0, 0), (4, 0, 0))((1, 4, 0), (2, 4, 0), (3, 3, 0), (3, 4, 0), (4, 4, 0))((1, 0, 1), (2, 0, 1), (2, 1, 1), (3, 0, 1), (4, 0, 1))((4, 2, 2), (4, 3, 0), (4, 3, 1), (4, 3, 2), (4, 3, 3))((0, 1, 0), (0, 2, 0), (0, 3, 0), (0, 4, 0), (1, 3, 0))((1, 2, 0), (2, 2, 0), (3, 1, 0), (3, 2, 0), (4, 2, 0))((0, 4, 3), (1, 4, 2), (1, 4, 3), (2, 4, 3), (3, 4, 3))((3, 0, 2), (3, 1, 2), (3, 1, 3), (3, 2, 2), (3, 3, 2))((0, 2, 3), (1, 2, 3), (2, 1, 3), (2, 2, 3), (3, 2, 3))((0, 3, 3), (1, 3, 2), (1, 3, 3), (2, 3, 3), (3, 3, 3))((0, 3, 1), (1, 3, 1), (2, 3, 0), (2, 3, 1), (3, 3, 1))((0, 1, 1), (1, 1, 0), (1, 1, 1), (1, 1, 2), (1, 1, 3))((0, 4, 1), (1, 4, 1), (2, 4, 1), (2, 4, 2), (3, 4, 1))((1, 2, 1), (2, 2, 1), (3, 1, 1), (3, 2, 1), (4, 2, 1))((1, 2, 2), (2, 0, 2), (2, 1, 2), (2, 2, 2), (2, 3, 2))((0, 1, 2), (0, 2, 1), (0, 2, 2), (0, 3, 2), (0, 4, 2))
212
((0, 0, 0), (0, 0, 1), (0, 0, 2), (0, 0, 3), (1, 0, 2))((0, 0, 4), (0, 1, 3), (0, 1, 4), (0, 2, 4), (0, 3, 4))((0, 4, 4), (1, 4, 4), (2, 3, 4), (2, 4, 4), (3, 4, 4))((3, 4, 2), (4, 4, 1), (4, 4, 2), (4, 4, 3), (4, 4, 4))((4, 0, 4), (4, 1, 4), (4, 2, 3), (4, 2, 4), (4, 3, 4))((1, 0, 4), (1, 1, 4), (1, 2, 4), (1, 3, 4), (2, 1, 4))((1, 0, 3), (2, 0, 3), (2, 0, 4), (3, 0, 3), (4, 0, 3))((2, 2, 4), (3, 0, 4), (3, 1, 4), (3, 2, 4), (3, 3, 4))((4, 0, 2), (4, 1, 0), (4, 1, 1), (4, 1, 2), (4, 1, 3))((1, 0, 0), (2, 0, 0), (2, 1, 0), (3, 0, 0), (4, 0, 0))((1, 4, 0), (2, 4, 0), (3, 3, 0), (3, 4, 0), (4, 4, 0))((1, 0, 1), (2, 0, 1), (2, 1, 1), (3, 0, 1), (4, 0, 1))((4, 2, 2), (4, 3, 0), (4, 3, 1), (4, 3, 2), (4, 3, 3))((0, 1, 0), (0, 2, 0), (0, 3, 0), (0, 4, 0), (1, 3, 0))((1, 2, 0), (2, 2, 0), (3, 1, 0), (3, 2, 0), (4, 2, 0))((0, 4, 3), (1, 4, 2), (1, 4, 3), (2, 4, 3), (3, 4, 3))((3, 0, 2), (3, 1, 2), (3, 1, 3), (3, 2, 2), (3, 3, 2))((2, 0, 2), (2, 1, 2), (2, 1, 3), (2, 2, 2), (2, 3, 2))((0, 4, 1), (1, 4, 1), (2, 4, 1), (2, 4, 2), (3, 4, 1))((1, 2, 1), (2, 2, 1), (3, 1, 1), (3, 2, 1), (4, 2, 1))((0, 1, 2), (0, 2, 1), (0, 2, 2), (0, 3, 2), (0, 4, 2))((0, 1, 1), (1, 1, 0), (1, 1, 1), (1, 1, 2), (1, 1, 3))((0, 2, 3), (1, 2, 2), (1, 2, 3), (2, 2, 3), (3, 2, 3))((0, 3, 1), (1, 3, 1), (2, 3, 0), (2, 3, 1), (3, 3, 1))((0, 3, 3), (1, 3, 2), (1, 3, 3), (2, 3, 3), (3, 3, 3))
213
((0, 0, 0), (0, 0, 1), (0, 0, 2), (0, 0, 3), (1, 0, 2))((0, 0, 4), (0, 1, 3), (0, 1, 4), (0, 2, 4), (0, 3, 4))((0, 4, 4), (1, 4, 4), (2, 3, 4), (2, 4, 4), (3, 4, 4))((3, 4, 2), (4, 4, 1), (4, 4, 2), (4, 4, 3), (4, 4, 4))((4, 0, 4), (4, 1, 4), (4, 2, 3), (4, 2, 4), (4, 3, 4))((1, 0, 4), (1, 1, 4), (1, 2, 4), (1, 3, 4), (2, 1, 4))((1, 0, 3), (2, 0, 3), (2, 0, 4), (3, 0, 3), (4, 0, 3))((2, 2, 4), (3, 0, 4), (3, 1, 4), (3, 2, 4), (3, 3, 4))((4, 0, 2), (4, 1, 0), (4, 1, 1), (4, 1, 2), (4, 1, 3))((1, 0, 0), (2, 0, 0), (2, 1, 0), (3, 0, 0), (4, 0, 0))((1, 4, 0), (2, 4, 0), (3, 3, 0), (3, 4, 0), (4, 4, 0))((1, 0, 1), (2, 0, 1), (2, 1, 1), (3, 0, 1), (4, 0, 1))((4, 2, 2), (4, 3, 0), (4, 3, 1), (4, 3, 2), (4, 3, 3))((0, 1, 0), (0, 2, 0), (0, 3, 0), (0, 4, 0), (1, 3, 0))((1, 2, 0), (2, 2, 0), (3, 1, 0), (3, 2, 0), (4, 2, 0))((0, 4, 3), (1, 4, 3), (2, 4, 2), (2, 4, 3), (3, 4, 3))((3, 0, 2), (3, 1, 2), (3, 1, 3), (3, 2, 2), (3, 3, 2))((0, 2, 3), (1, 2, 3), (2, 1, 3), (2, 2, 3), (3, 2, 3))((0, 3, 3), (1, 3, 2), (1, 3, 3), (2, 3, 3), (3, 3, 3))((0, 3, 1), (1, 3, 1), (2, 3, 0), (2, 3, 1), (3, 3, 1))((0, 1, 1), (1, 1, 0), (1, 1, 1), (1, 1, 2), (1, 1, 3))((1, 2, 1), (2, 2, 1), (3, 1, 1), (3, 2, 1), (4, 2, 1))((0, 1, 2), (0, 2, 1), (0, 2, 2), (0, 3, 2), (0, 4, 2))((1, 2, 2), (2, 0, 2), (2, 1, 2), (2, 2, 2), (2, 3, 2))((0, 4, 1), (1, 4, 1), (1, 4, 2), (2, 4, 1), (3, 4, 1))
214
((0, 0, 0), (0, 0, 1), (0, 0, 2), (0, 0, 3), (1, 0, 2))((0, 0, 4), (0, 1, 3), (0, 1, 4), (0, 2, 4), (0, 3, 4))((0, 4, 4), (1, 4, 4), (2, 3, 4), (2, 4, 4), (3, 4, 4))((3, 4, 2), (4, 4, 1), (4, 4, 2), (4, 4, 3), (4, 4, 4))((4, 0, 4), (4, 1, 4), (4, 2, 3), (4, 2, 4), (4, 3, 4))((1, 0, 4), (1, 1, 4), (1, 2, 4), (1, 3, 4), (2, 1, 4))((1, 0, 3), (2, 0, 3), (2, 0, 4), (3, 0, 3), (4, 0, 3))((2, 2, 4), (3, 0, 4), (3, 1, 4), (3, 2, 4), (3, 3, 4))((4, 0, 2), (4, 1, 0), (4, 1, 1), (4, 1, 2), (4, 1, 3))((1, 0, 0), (2, 0, 0), (2, 1, 0), (3, 0, 0), (4, 0, 0))((1, 4, 0), (2, 4, 0), (3, 3, 0), (3, 4, 0), (4, 4, 0))((1, 0, 1), (2, 0, 1), (2, 1, 1), (3, 0, 1), (4, 0, 1))((4, 2, 2), (4, 3, 0), (4, 3, 1), (4, 3, 2), (4, 3, 3))((0, 1, 0), (0, 2, 0), (0, 3, 0), (0, 4, 0), (1, 3, 0))((1, 2, 0), (2, 2, 0), (3, 1, 0), (3, 2, 0), (4, 2, 0))((0, 4, 3), (1, 4, 3), (2, 4, 2), (2, 4, 3), (3, 4, 3))((3, 0, 2), (3, 1, 2), (3, 1, 3), (3, 2, 2), (3, 3, 2))((2, 0, 2), (2, 1, 2), (2, 1, 3), (2, 2, 2), (2, 3, 2))((0, 3, 1), (1, 3, 1), (2, 3, 0), (2, 3, 1), (3, 3, 1))((0, 4, 1), (1, 4, 1), (1, 4, 2), (2, 4, 1), (3, 4, 1))((1, 2, 1), (2, 2, 1), (3, 1, 1), (3, 2, 1), (4, 2, 1))((0, 1, 2), (0, 2, 1), (0, 2, 2), (0, 3, 2), (0, 4, 2))((0, 1, 1), (1, 1, 0), (1, 1, 1), (1, 1, 2), (1, 1, 3))((0, 2, 3), (1, 2, 2), (1, 2, 3), (2, 2, 3), (3, 2, 3))((0, 3, 3), (1, 3, 2), (1, 3, 3), (2, 3, 3), (3, 3, 3))
215
((0, 0, 0), (0, 0, 1), (0, 0, 2), (0, 0, 3), (1, 0, 2))((0, 0, 4), (0, 1, 3), (0, 1, 4), (0, 2, 4), (0, 3, 4))((0, 4, 4), (1, 4, 4), (2, 3, 4), (2, 4, 4), (3, 4, 4))((3, 4, 2), (4, 4, 1), (4, 4, 2), (4, 4, 3), (4, 4, 4))((4, 0, 4), (4, 1, 4), (4, 2, 3), (4, 2, 4), (4, 3, 4))((1, 0, 4), (1, 1, 4), (1, 2, 4), (1, 3, 4), (2, 1, 4))((1, 0, 3), (2, 0, 3), (2, 0, 4), (3, 0, 3), (4, 0, 3))((3, 0, 4), (3, 1, 3), (3, 1, 4), (3, 2, 4), (3, 3, 4))((0, 4, 3), (1, 4, 2), (1, 4, 3), (2, 4, 3), (3, 4, 3))((4, 0, 2), (4, 1, 0), (4, 1, 1), (4, 1, 2), (4, 1, 3))((1, 0, 0), (2, 0, 0), (3, 0, 0), (3, 1, 0), (4, 0, 0))((0, 1, 0), (0, 2, 0), (0, 3, 0), (0, 4, 0), (1, 3, 0))((1, 0, 1), (2, 0, 1), (3, 0, 1), (3, 1, 1), (4, 0, 1))((4, 2, 1), (4, 3, 0), (4, 3, 1), (4, 3, 2), (4, 3, 3))((1, 4, 0), (2, 3, 0), (2, 4, 0), (3, 4, 0), (4, 4, 0))((1, 2, 0), (2, 2, 0), (3, 2, 0), (3, 3, 0), (4, 2, 0))((0, 4, 1), (1, 4, 1), (2, 4, 1), (2, 4, 2), (3, 4, 1))((0, 1, 1), (1, 1, 0), (1, 1, 1), (1, 1, 2), (1, 1, 3))((2, 0, 2), (2, 1, 0), (2, 1, 1), (2, 1, 2), (2, 1, 3))((3, 0, 2), (3, 1, 2), (3, 2, 2), (3, 3, 2), (4, 2, 2))((0, 3, 3), (1, 3, 3), (2, 3, 2), (2, 3, 3), (3, 3, 3))((0, 3, 1), (1, 3, 1), (1, 3, 2), (2, 3, 1), (3, 3, 1))((0, 2, 1), (1, 2, 1), (2, 2, 1), (2, 2, 2), (3, 2, 1))((0, 2, 3), (1, 2, 3), (2, 2, 3), (2, 2, 4), (3, 2, 3))((0, 1, 2), (0, 2, 2), (0, 3, 2), (0, 4, 2), (1, 2, 2))
216
((0, 0, 0), (0, 0, 1), (0, 0, 2), (0, 0, 3), (1, 0, 2))((0, 0, 4), (0, 1, 3), (0, 1, 4), (0, 2, 4), (0, 3, 4))((0, 4, 4), (1, 4, 4), (2, 3, 4), (2, 4, 4), (3, 4, 4))((3, 4, 2), (4, 4, 1), (4, 4, 2), (4, 4, 3), (4, 4, 4))((4, 0, 4), (4, 1, 4), (4, 2, 3), (4, 2, 4), (4, 3, 4))((1, 0, 4), (1, 1, 4), (1, 2, 4), (1, 3, 4), (2, 1, 4))((1, 0, 3), (2, 0, 3), (2, 0, 4), (3, 0, 3), (4, 0, 3))((3, 0, 4), (3, 1, 3), (3, 1, 4), (3, 2, 4), (3, 3, 4))((0, 4, 3), (1, 4, 2), (1, 4, 3), (2, 4, 3), (3, 4, 3))((4, 0, 2), (4, 1, 0), (4, 1, 1), (4, 1, 2), (4, 1, 3))((1, 0, 0), (2, 0, 0), (3, 0, 0), (3, 1, 0), (4, 0, 0))((0, 1, 0), (0, 2, 0), (0, 3, 0), (0, 4, 0), (1, 3, 0))((1, 0, 1), (2, 0, 1), (3, 0, 1), (3, 1, 1), (4, 0, 1))((4, 2, 1), (4, 3, 0), (4, 3, 1), (4, 3, 2), (4, 3, 3))((1, 4, 0), (2, 3, 0), (2, 4, 0), (3, 4, 0), (4, 4, 0))((1, 2, 0), (2, 2, 0), (3, 2, 0), (3, 3, 0), (4, 2, 0))((0, 4, 1), (1, 4, 1), (2, 4, 1), (2, 4, 2), (3, 4, 1))((0, 1, 1), (1, 1, 0), (1, 1, 1), (1, 1, 2), (1, 1, 3))((2, 0, 2), (2, 1, 0), (2, 1, 1), (2, 1, 2), (2, 1, 3))((3, 0, 2), (3, 1, 2), (3, 2, 2), (3, 3, 2), (4, 2, 2))((0, 3, 1), (1, 3, 1), (2, 3, 1), (2, 3, 2), (3, 3, 1))((0, 2, 1), (1, 2, 1), (2, 2, 1), (2, 2, 2), (3, 2, 1))((0, 2, 3), (1, 2, 3), (2, 2, 3), (2, 2, 4), (3, 2, 3))((0, 3, 3), (1, 3, 2), (1, 3, 3), (2, 3, 3), (3, 3, 3))((0, 1, 2), (0, 2, 2), (0, 3, 2), (0, 4, 2), (1, 2, 2))
217
((0, 0, 0), (0, 0, 1), (0, 0, 2), (0, 0, 3), (1, 0, 2))((0, 0, 4), (0, 1, 3), (0, 1, 4), (0, 2, 4), (0, 3, 4))((0, 4, 4), (1, 4, 4), (2, 3, 4), (2, 4, 4), (3, 4, 4))((3, 4, 2), (4, 4, 1), (4, 4, 2), (4, 4, 3), (4, 4, 4))((4, 0, 4), (4, 1, 4), (4, 2, 3), (4, 2, 4), (4, 3, 4))((1, 0, 4), (1, 1, 4), (1, 2, 4), (1, 3, 4), (2, 1, 4))((1, 0, 3), (2, 0, 3), (2, 0, 4), (3, 0, 3), (4, 0, 3))((3, 0, 4), (3, 1, 3), (3, 1, 4), (3, 2, 4), (3, 3, 4))((0, 4, 3), (1, 4, 2), (1, 4, 3), (2, 4, 3), (3, 4, 3))((4, 0, 2), (4, 1, 0), (4, 1, 1), (4, 1, 2), (4, 1, 3))((1, 0, 0), (2, 0, 0), (3, 0, 0), (3, 1, 0), (4, 0, 0))((0, 1, 0), (0, 2, 0), (0, 3, 0), (0, 4, 0), (1, 3, 0))((1, 0, 1), (2, 0, 1), (3, 0, 1), (3, 1, 1), (4, 0, 1))((4, 2, 1), (4, 3, 0), (4, 3, 1), (4, 3, 2), (4, 3, 3))((1, 4, 0), (2, 4, 0), (3, 3, 0), (3, 4, 0), (4, 4, 0))((0, 4, 1), (1, 4, 1), (2, 4, 1), (2, 4, 2), (3, 4, 1))((0, 1, 1), (1, 1, 0), (1, 1, 1), (1, 1, 2), (1, 1, 3))((0, 3, 3), (1, 3, 2), (1, 3, 3), (2, 3, 3), (3, 3, 3))((0, 3, 1), (1, 3, 1), (2, 3, 0), (2, 3, 1), (3, 3, 1))((1, 2, 0), (2, 1, 0), (2, 2, 0), (3, 2, 0), (4, 2, 0))((0, 2, 1), (1, 2, 1), (2, 1, 1), (2, 2, 1), (3, 2, 1))((0, 2, 3), (1, 2, 3), (2, 2, 3), (2, 2, 4), (3, 2, 3))((2, 0, 2), (2, 1, 2), (2, 1, 3), (2, 2, 2), (2, 3, 2))((3, 0, 2), (3, 1, 2), (3, 2, 2), (3, 3, 2), (4, 2, 2))((0, 1, 2), (0, 2, 2), (0, 3, 2), (0, 4, 2), (1, 2, 2))
218
((0, 0, 0), (0, 0, 1), (0, 0, 2), (0, 0, 3), (1, 0, 2))((0, 0, 4), (0, 1, 3), (0, 1, 4), (0, 2, 4), (0, 3, 4))((0, 4, 4), (1, 4, 4), (2, 3, 4), (2, 4, 4), (3, 4, 4))((3, 4, 2), (4, 4, 1), (4, 4, 2), (4, 4, 3), (4, 4, 4))((4, 0, 4), (4, 1, 4), (4, 2, 3), (4, 2, 4), (4, 3, 4))((1, 0, 4), (1, 1, 4), (1, 2, 4), (1, 3, 4), (2, 1, 4))((1, 0, 3), (2, 0, 3), (2, 0, 4), (3, 0, 3), (4, 0, 3))((3, 0, 4), (3, 1, 3), (3, 1, 4), (3, 2, 4), (3, 3, 4))((0, 4, 3), (1, 4, 2), (1, 4, 3), (2, 4, 3), (3, 4, 3))((4, 0, 2), (4, 1, 0), (4, 1, 1), (4, 1, 2), (4, 1, 3))((1, 0, 0), (2, 0, 0), (3, 0, 0), (3, 1, 0), (4, 0, 0))((0, 1, 0), (0, 2, 0), (0, 3, 0), (0, 4, 0), (1, 3, 0))((1, 0, 1), (2, 0, 1), (3, 0, 1), (3, 1, 1), (4, 0, 1))((4, 2, 1), (4, 3, 0), (4, 3, 1), (4, 3, 2), (4, 3, 3))((1, 4, 0), (2, 4, 0), (3, 3, 0), (3, 4, 0), (4, 4, 0))((0, 4, 1), (1, 4, 1), (2, 4, 1), (2, 4, 2), (3, 4, 1))((0, 1, 1), (1, 1, 0), (1, 1, 1), (1, 1, 2), (1, 1, 3))((0, 3, 3), (1, 3, 2), (1, 3, 3), (2, 3, 3), (3, 3, 3))((1, 2, 0), (2, 2, 0), (2, 3, 0), (3, 2, 0), (4, 2, 0))((0, 3, 1), (1, 3, 1), (2, 3, 1), (2, 3, 2), (3, 3, 1))((2, 0, 2), (2, 1, 0), (2, 1, 1), (2, 1, 2), (2, 1, 3))((0, 2, 1), (1, 2, 1), (2, 2, 1), (2, 2, 2), (3, 2, 1))((3, 0, 2), (3, 1, 2), (3, 2, 2), (3, 3, 2), (4, 2, 2))((0, 2, 3), (1, 2, 3), (2, 2, 3), (2, 2, 4), (3, 2, 3))((0, 1, 2), (0, 2, 2), (0, 3, 2), (0, 4, 2), (1, 2, 2))
219
((0, 0, 0), (0, 0, 1), (0, 0, 2), (0, 0, 3), (1, 0, 2))((0, 0, 4), (0, 1, 3), (0, 1, 4), (0, 2, 4), (0, 3, 4))((0, 4, 4), (1, 4, 4), (2, 3, 4), (2, 4, 4), (3, 4, 4))((3, 4, 2), (4, 4, 1), (4, 4, 2), (4, 4, 3), (4, 4, 4))((4, 0, 4), (4, 1, 4), (4, 2, 3), (4, 2, 4), (4, 3, 4))((1, 0, 4), (1, 1, 4), (1, 2, 4), (1, 3, 4), (2, 1, 4))((1, 0, 3), (2, 0, 3), (2, 0, 4), (3, 0, 3), (4, 0, 3))((3, 0, 4), (3, 1, 3), (3, 1, 4), (3, 2, 4), (3, 3, 4))((0, 4, 3), (1, 4, 2), (1, 4, 3), (2, 4, 3), (3, 4, 3))((4, 0, 2), (4, 1, 0), (4, 1, 1), (4, 1, 2), (4, 1, 3))((1, 0, 0), (2, 0, 0), (3, 0, 0), (3, 1, 0), (4, 0, 0))((0, 1, 0), (0, 2, 0), (0, 3, 0), (0, 4, 0), (1, 3, 0))((1, 0, 1), (2, 0, 1), (3, 0, 1), (3, 1, 1), (4, 0, 1))((4, 2, 1), (4, 3, 0), (4, 3, 1), (4, 3, 2), (4, 3, 3))((1, 4, 0), (2, 4, 0), (3, 3, 0), (3, 4, 0), (4, 4, 0))((0, 4, 1), (1, 4, 1), (2, 4, 1), (2, 4, 2), (3, 4, 1))((0, 1, 1), (1, 1, 0), (1, 1, 1), (1, 1, 2), (1, 1, 3))((0, 3, 3), (1, 3, 3), (2, 3, 2), (2, 3, 3), (3, 3, 3))((2, 0, 2), (2, 1, 0), (2, 1, 1), (2, 1, 2), (2, 1, 3))((1, 2, 0), (2, 2, 0), (2, 3, 0), (3, 2, 0), (4, 2, 0))((0, 3, 1), (1, 3, 1), (1, 3, 2), (2, 3, 1), (3, 3, 1))((0, 1, 2), (0, 2, 2), (0, 3, 2), (0, 4, 2), (1, 2, 2))((3, 0, 2), (3, 1, 2), (3, 2, 2), (3, 3, 2), (4, 2, 2))((0, 2, 1), (1, 2, 1), (2, 2, 1), (2, 2, 2), (3, 2, 1))((0, 2, 3), (1, 2, 3), (2, 2, 3), (2, 2, 4), (3, 2, 3))
220
((0, 0, 0), (0, 0, 1), (0, 0, 2), (0, 0, 3), (1, 0, 2))((0, 0, 4), (0, 1, 3), (0, 1, 4), (0, 2, 4), (0, 3, 4))((0, 4, 4), (1, 4, 4), (2, 3, 4), (2, 4, 4), (3, 4, 4))((3, 4, 2), (4, 4, 1), (4, 4, 2), (4, 4, 3), (4, 4, 4))((4, 0, 4), (4, 1, 4), (4, 2, 3), (4, 2, 4), (4, 3, 4))((1, 0, 4), (1, 1, 4), (1, 2, 4), (1, 3, 4), (2, 1, 4))((1, 0, 3), (2, 0, 3), (2, 0, 4), (3, 0, 3), (4, 0, 3))((3, 0, 4), (3, 1, 3), (3, 1, 4), (3, 2, 4), (3, 3, 4))((0, 4, 3), (1, 4, 2), (1, 4, 3), (2, 4, 3), (3, 4, 3))((4, 0, 2), (4, 1, 0), (4, 1, 1), (4, 1, 2), (4, 1, 3))((1, 0, 0), (2, 0, 0), (3, 0, 0), (3, 1, 0), (4, 0, 0))((0, 1, 0), (0, 2, 0), (0, 3, 0), (0, 4, 0), (1, 3, 0))((1, 0, 1), (2, 0, 1), (3, 0, 1), (3, 0, 2), (4, 0, 1))((1, 4, 0), (2, 3, 0), (2, 4, 0), (3, 4, 0), (4, 4, 0))((1, 2, 0), (2, 2, 0), (3, 2, 0), (3, 3, 0), (4, 2, 0))((3, 3, 2), (4, 3, 0), (4, 3, 1), (4, 3, 2), (4, 3, 3))((0, 3, 3), (1, 3, 2), (1, 3, 3), (2, 3, 3), (3, 3, 3))((0, 1, 2), (0, 2, 1), (0, 2, 2), (0, 3, 2), (0, 4, 2))((1, 2, 2), (2, 2, 2), (3, 1, 2), (3, 2, 2), (4, 2, 2))((2, 0, 2), (2, 1, 0), (2, 1, 1), (2, 1, 2), (2, 1, 3))((0, 1, 1), (1, 1, 0), (1, 1, 1), (1, 1, 2), (1, 1, 3))((0, 3, 1), (1, 3, 1), (2, 3, 1), (2, 3, 2), (3, 3, 1))((1, 2, 1), (2, 2, 1), (3, 1, 1), (3, 2, 1), (4, 2, 1))((0, 2, 3), (1, 2, 3), (2, 2, 3), (2, 2, 4), (3, 2, 3))((0, 4, 1), (1, 4, 1), (2, 4, 1), (2, 4, 2), (3, 4, 1))
221
((0, 0, 0), (0, 0, 1), (0, 0, 2), (0, 0, 3), (1, 0, 2))((0, 0, 4), (0, 1, 3), (0, 1, 4), (0, 2, 4), (0, 3, 4))((0, 4, 4), (1, 4, 4), (2, 3, 4), (2, 4, 4), (3, 4, 4))((3, 4, 2), (4, 4, 1), (4, 4, 2), (4, 4, 3), (4, 4, 4))((4, 0, 4), (4, 1, 4), (4, 2, 3), (4, 2, 4), (4, 3, 4))((1, 0, 4), (1, 1, 4), (1, 2, 4), (1, 3, 4), (2, 1, 4))((1, 0, 3), (2, 0, 3), (2, 0, 4), (3, 0, 3), (4, 0, 3))((3, 0, 4), (3, 1, 3), (3, 1, 4), (3, 2, 4), (3, 3, 4))((0, 4, 3), (1, 4, 2), (1, 4, 3), (2, 4, 3), (3, 4, 3))((4, 0, 2), (4, 1, 0), (4, 1, 1), (4, 1, 2), (4, 1, 3))((1, 0, 0), (2, 0, 0), (3, 0, 0), (3, 1, 0), (4, 0, 0))((0, 1, 0), (0, 2, 0), (0, 3, 0), (0, 4, 0), (1, 3, 0))((1, 0, 1), (2, 0, 1), (3, 0, 1), (3, 0, 2), (4, 0, 1))((1, 4, 0), (2, 3, 0), (2, 4, 0), (3, 4, 0), (4, 4, 0))((1, 2, 0), (2, 2, 0), (3, 2, 0), (3, 3, 0), (4, 2, 0))((3, 3, 2), (4, 3, 0), (4, 3, 1), (4, 3, 2), (4, 3, 3))((0, 3, 3), (1, 3, 3), (2, 3, 2), (2, 3, 3), (3, 3, 3))((0, 4, 1), (1, 4, 1), (2, 4, 1), (2, 4, 2), (3, 4, 1))((2, 0, 2), (2, 1, 0), (2, 1, 1), (2, 1, 2), (2, 1, 3))((1, 2, 1), (2, 2, 1), (3, 1, 1), (3, 2, 1), (4, 2, 1))((0, 3, 1), (1, 3, 1), (1, 3, 2), (2, 3, 1), (3, 3, 1))((0, 1, 1), (1, 1, 0), (1, 1, 1), (1, 1, 2), (1, 1, 3))((1, 2, 2), (2, 2, 2), (3, 1, 2), (3, 2, 2), (4, 2, 2))((0, 2, 3), (1, 2, 3), (2, 2, 3), (2, 2, 4), (3, 2, 3))((0, 1, 2), (0, 2, 1), (0, 2, 2), (0, 3, 2), (0, 4, 2))
222
((0, 0, 0), (0, 0, 1), (0, 0, 2), (0, 0, 3), (1, 0, 2))((0, 0, 4), (0, 1, 3), (0, 1, 4), (0, 2, 4), (0, 3, 4))((0, 4, 4), (1, 4, 4), (2, 3, 4), (2, 4, 4), (3, 4, 4))((3, 4, 2), (4, 4, 1), (4, 4, 2), (4, 4, 3), (4, 4, 4))((4, 0, 4), (4, 1, 4), (4, 2, 3), (4, 2, 4), (4, 3, 4))((1, 0, 4), (1, 1, 4), (1, 2, 4), (1, 3, 4), (2, 1, 4))((1, 0, 3), (2, 0, 3), (2, 0, 4), (3, 0, 3), (4, 0, 3))((3, 0, 4), (3, 1, 3), (3, 1, 4), (3, 2, 4), (3, 3, 4))((0, 4, 3), (1, 4, 2), (1, 4, 3), (2, 4, 3), (3, 4, 3))((4, 0, 2), (4, 1, 0), (4, 1, 1), (4, 1, 2), (4, 1, 3))((1, 0, 0), (2, 0, 0), (3, 0, 0), (3, 1, 0), (4, 0, 0))((0, 1, 0), (0, 2, 0), (0, 3, 0), (0, 4, 0), (1, 3, 0))((1, 0, 1), (2, 0, 1), (3, 0, 1), (3, 0, 2), (4, 0, 1))((1, 4, 0), (2, 4, 0), (3, 3, 0), (3, 4, 0), (4, 4, 0))((3, 3, 2), (4, 3, 0), (4, 3, 1), (4, 3, 2), (4, 3, 3))((0, 3, 3), (1, 3, 2), (1, 3, 3), (2, 3, 3), (3, 3, 3))((1, 2, 0), (2, 2, 0), (2, 3, 0), (3, 2, 0), (4, 2, 0))((0, 1, 2), (0, 2, 1), (0, 2, 2), (0, 3, 2), (0, 4, 2))((1, 2, 2), (2, 2, 2), (3, 1, 2), (3, 2, 2), (4, 2, 2))((2, 0, 2), (2, 1, 0), (2, 1, 1), (2, 1, 2), (2, 1, 3))((0, 1, 1), (1, 1, 0), (1, 1, 1), (1, 1, 2), (1, 1, 3))((0, 3, 1), (1, 3, 1), (2, 3, 1), (2, 3, 2), (3, 3, 1))((1, 2, 1), (2, 2, 1), (3, 1, 1), (3, 2, 1), (4, 2, 1))((0, 2, 3), (1, 2, 3), (2, 2, 3), (2, 2, 4), (3, 2, 3))((0, 4, 1), (1, 4, 1), (2, 4, 1), (2, 4, 2), (3, 4, 1))
223
((0, 0, 0), (0, 0, 1), (0, 0, 2), (0, 0, 3), (1, 0, 2))((0, 0, 4), (0, 1, 3), (0, 1, 4), (0, 2, 4), (0, 3, 4))((0, 4, 4), (1, 4, 4), (2, 3, 4), (2, 4, 4), (3, 4, 4))((3, 4, 2), (4, 4, 1), (4, 4, 2), (4, 4, 3), (4, 4, 4))((4, 0, 4), (4, 1, 4), (4, 2, 3), (4, 2, 4), (4, 3, 4))((1, 0, 4), (1, 1, 4), (1, 2, 4), (1, 3, 4), (2, 1, 4))((1, 0, 3), (2, 0, 3), (2, 0, 4), (3, 0, 3), (4, 0, 3))((3, 0, 4), (3, 1, 3), (3, 1, 4), (3, 2, 4), (3, 3, 4))((0, 4, 3), (1, 4, 2), (1, 4, 3), (2, 4, 3), (3, 4, 3))((4, 0, 2), (4, 1, 0), (4, 1, 1), (4, 1, 2), (4, 1, 3))((1, 0, 0), (2, 0, 0), (3, 0, 0), (3, 1, 0), (4, 0, 0))((0, 1, 0), (0, 2, 0), (0, 3, 0), (0, 4, 0), (1, 3, 0))((1, 0, 1), (2, 0, 1), (3, 0, 1), (3, 0, 2), (4, 0, 1))((1, 4, 0), (2, 4, 0), (3, 3, 0), (3, 4, 0), (4, 4, 0))((3, 3, 2), (4, 3, 0), (4, 3, 1), (4, 3, 2), (4, 3, 3))((0, 3, 3), (1, 3, 3), (2, 3, 2), (2, 3, 3), (3, 3, 3))((0, 4, 1), (1, 4, 1), (2, 4, 1), (2, 4, 2), (3, 4, 1))((2, 0, 2), (2, 1, 0), (2, 1, 1), (2, 1, 2), (2, 1, 3))((0, 1, 1), (1, 1, 0), (1, 1, 1), (1, 1, 2), (1, 1, 3))((1, 2, 1), (2, 2, 1), (3, 1, 1), (3, 2, 1), (4, 2, 1))((1, 2, 2), (2, 2, 2), (3, 1, 2), (3, 2, 2), (4, 2, 2))((0, 1, 2), (0, 2, 1), (0, 2, 2), (0, 3, 2), (0, 4, 2))((0, 2, 3), (1, 2, 3), (2, 2, 3), (2, 2, 4), (3, 2, 3))((1, 2, 0), (2, 2, 0), (2, 3, 0), (3, 2, 0), (4, 2, 0))((0, 3, 1), (1, 3, 1), (1, 3, 2), (2, 3, 1), (3, 3, 1))
224
((0, 0, 0), (0, 0, 1), (0, 0, 2), (0, 0, 3), (1, 0, 2))((0, 0, 4), (0, 1, 3), (0, 1, 4), (0, 2, 4), (0, 3, 4))((0, 4, 4), (1, 4, 4), (2, 3, 4), (2, 4, 4), (3, 4, 4))((3, 4, 2), (4, 4, 1), (4, 4, 2), (4, 4, 3), (4, 4, 4))((4, 0, 4), (4, 1, 4), (4, 2, 3), (4, 2, 4), (4, 3, 4))((1, 0, 4), (1, 1, 4), (1, 2, 4), (1, 3, 4), (2, 1, 4))((1, 0, 3), (2, 0, 3), (2, 0, 4), (3, 0, 3), (4, 0, 3))((3, 0, 4), (3, 1, 3), (3, 1, 4), (3, 2, 4), (3, 3, 4))((0, 4, 3), (1, 4, 2), (1, 4, 3), (2, 4, 3), (3, 4, 3))((4, 0, 2), (4, 1, 0), (4, 1, 1), (4, 1, 2), (4, 1, 3))((1, 0, 0), (2, 0, 0), (3, 0, 0), (3, 1, 0), (4, 0, 0))((0, 1, 0), (0, 2, 0), (0, 3, 0), (0, 4, 0), (1, 3, 0))((1, 0, 1), (2, 0, 1), (2, 0, 2), (3, 0, 1), (4, 0, 1))((4, 2, 1), (4, 3, 0), (4, 3, 1), (4, 3, 2), (4, 3, 3))((1, 4, 0), (2, 3, 0), (2, 4, 0), (3, 4, 0), (4, 4, 0))((1, 2, 0), (2, 2, 0), (3, 2, 0), (3, 3, 0), (4, 2, 0))((0, 3, 3), (1, 3, 2), (1, 3, 3), (2, 3, 3), (3, 3, 3))((0, 1, 2), (0, 2, 2), (0, 3, 2), (0, 4, 2), (1, 2, 2))((3, 0, 2), (3, 1, 2), (3, 2, 2), (3, 3, 2), (4, 2, 2))((0, 2, 3), (1, 2, 3), (2, 2, 3), (2, 2, 4), (3, 2, 3))((0, 4, 1), (1, 4, 1), (2, 4, 1), (2, 4, 2), (3, 4, 1))((0, 3, 1), (1, 3, 1), (2, 3, 1), (2, 3, 2), (3, 3, 1))((0, 2, 1), (1, 2, 1), (2, 2, 1), (2, 2, 2), (3, 2, 1))((0, 1, 1), (1, 1, 0), (1, 1, 1), (1, 1, 2), (1, 1, 3))((2, 1, 0), (2, 1, 1), (2, 1, 2), (2, 1, 3), (3, 1, 1))
225
((0, 0, 0), (0, 0, 1), (0, 0, 2), (0, 0, 3), (1, 0, 2))((0, 0, 4), (0, 1, 3), (0, 1, 4), (0, 2, 4), (0, 3, 4))((0, 4, 4), (1, 4, 4), (2, 3, 4), (2, 4, 4), (3, 4, 4))((3, 4, 2), (4, 4, 1), (4, 4, 2), (4, 4, 3), (4, 4, 4))((4, 0, 4), (4, 1, 4), (4, 2, 3), (4, 2, 4), (4, 3, 4))((1, 0, 4), (1, 1, 4), (1, 2, 4), (1, 3, 4), (2, 1, 4))((1, 0, 3), (2, 0, 3), (2, 0, 4), (3, 0, 3), (4, 0, 3))((3, 0, 4), (3, 1, 3), (3, 1, 4), (3, 2, 4), (3, 3, 4))((0, 4, 3), (1, 4, 2), (1, 4, 3), (2, 4, 3), (3, 4, 3))((4, 0, 2), (4, 1, 0), (4, 1, 1), (4, 1, 2), (4, 1, 3))((1, 0, 0), (2, 0, 0), (3, 0, 0), (3, 1, 0), (4, 0, 0))((0, 1, 0), (0, 2, 0), (0, 3, 0), (0, 4, 0), (1, 3, 0))((1, 0, 1), (2, 0, 1), (2, 0, 2), (3, 0, 1), (4, 0, 1))((4, 2, 1), (4, 3, 0), (4, 3, 1), (4, 3, 2), (4, 3, 3))((1, 4, 0), (2, 3, 0), (2, 4, 0), (3, 4, 0), (4, 4, 0))((1, 2, 0), (2, 2, 0), (3, 2, 0), (3, 3, 0), (4, 2, 0))((0, 3, 3), (1, 3, 3), (2, 3, 2), (2, 3, 3), (3, 3, 3))((0, 4, 1), (1, 4, 1), (2, 4, 1), (2, 4, 2), (3, 4, 1))((0, 3, 1), (1, 3, 1), (1, 3, 2), (2, 3, 1), (3, 3, 1))((0, 1, 2), (0, 2, 2), (0, 3, 2), (0, 4, 2), (1, 2, 2))((3, 0, 2), (3, 1, 2), (3, 2, 2), (3, 3, 2), (4, 2, 2))((0, 2, 1), (1, 2, 1), (2, 2, 1), (2, 2, 2), (3, 2, 1))((0, 2, 3), (1, 2, 3), (2, 2, 3), (2, 2, 4), (3, 2, 3))((2, 1, 0), (2, 1, 1), (2, 1, 2), (2, 1, 3), (3, 1, 1))((0, 1, 1), (1, 1, 0), (1, 1, 1), (1, 1, 2), (1, 1, 3))
226
((0, 0, 0), (0, 0, 1), (0, 0, 2), (0, 0, 3), (1, 0, 2))((0, 0, 4), (0, 1, 3), (0, 1, 4), (0, 2, 4), (0, 3, 4))((0, 4, 4), (1, 4, 4), (2, 3, 4), (2, 4, 4), (3, 4, 4))((3, 4, 2), (4, 4, 1), (4, 4, 2), (4, 4, 3), (4, 4, 4))((4, 0, 4), (4, 1, 4), (4, 2, 3), (4, 2, 4), (4, 3, 4))((1, 0, 4), (1, 1, 4), (1, 2, 4), (1, 3, 4), (2, 1, 4))((1, 0, 3), (2, 0, 3), (2, 0, 4), (3, 0, 3), (4, 0, 3))((3, 0, 4), (3, 1, 3), (3, 1, 4), (3, 2, 4), (3, 3, 4))((0, 4, 3), (1, 4, 2), (1, 4, 3), (2, 4, 3), (3, 4, 3))((4, 0, 2), (4, 1, 0), (4, 1, 1), (4, 1, 2), (4, 1, 3))((1, 0, 0), (2, 0, 0), (3, 0, 0), (3, 1, 0), (4, 0, 0))((0, 1, 0), (0, 2, 0), (0, 3, 0), (0, 4, 0), (1, 3, 0))((1, 0, 1), (2, 0, 1), (2, 0, 2), (3, 0, 1), (4, 0, 1))((4, 2, 1), (4, 3, 0), (4, 3, 1), (4, 3, 2), (4, 3, 3))((1, 4, 0), (2, 4, 0), (3, 3, 0), (3, 4, 0), (4, 4, 0))((0, 3, 3), (1, 3, 2), (1, 3, 3), (2, 3, 3), (3, 3, 3))((1, 2, 0), (2, 2, 0), (2, 3, 0), (3, 2, 0), (4, 2, 0))((0, 1, 2), (0, 2, 2), (0, 3, 2), (0, 4, 2), (1, 2, 2))((3, 0, 2), (3, 1, 2), (3, 2, 2), (3, 3, 2), (4, 2, 2))((0, 2, 3), (1, 2, 3), (2, 2, 3), (2, 2, 4), (3, 2, 3))((0, 4, 1), (1, 4, 1), (2, 4, 1), (2, 4, 2), (3, 4, 1))((0, 3, 1), (1, 3, 1), (2, 3, 1), (2, 3, 2), (3, 3, 1))((0, 2, 1), (1, 2, 1), (2, 2, 1), (2, 2, 2), (3, 2, 1))((0, 1, 1), (1, 1, 0), (1, 1, 1), (1, 1, 2), (1, 1, 3))((2, 1, 0), (2, 1, 1), (2, 1, 2), (2, 1, 3), (3, 1, 1))
227
((0, 0, 0), (0, 0, 1), (0, 0, 2), (0, 0, 3), (1, 0, 2))((0, 0, 4), (0, 1, 3), (0, 1, 4), (0, 2, 4), (0, 3, 4))((0, 4, 4), (1, 4, 4), (2, 3, 4), (2, 4, 4), (3, 4, 4))((3, 4, 2), (4, 4, 1), (4, 4, 2), (4, 4, 3), (4, 4, 4))((4, 0, 4), (4, 1, 4), (4, 2, 3), (4, 2, 4), (4, 3, 4))((1, 0, 4), (1, 1, 4), (1, 2, 4), (1, 3, 4), (2, 1, 4))((1, 0, 3), (2, 0, 3), (2, 0, 4), (3, 0, 3), (4, 0, 3))((3, 0, 4), (3, 1, 3), (3, 1, 4), (3, 2, 4), (3, 3, 4))((0, 4, 3), (1, 4, 2), (1, 4, 3), (2, 4, 3), (3, 4, 3))((4, 0, 2), (4, 1, 0), (4, 1, 1), (4, 1, 2), (4, 1, 3))((1, 0, 0), (2, 0, 0), (3, 0, 0), (3, 1, 0), (4, 0, 0))((0, 1, 0), (0, 2, 0), (0, 3, 0), (0, 4, 0), (1, 3, 0))((1, 0, 1), (2, 0, 1), (2, 0, 2), (3, 0, 1), (4, 0, 1))((4, 2, 1), (4, 3, 0), (4, 3, 1), (4, 3, 2), (4, 3, 3))((1, 4, 0), (2, 4, 0), (3, 3, 0), (3, 4, 0), (4, 4, 0))((0, 3, 3), (1, 3, 3), (2, 3, 2), (2, 3, 3), (3, 3, 3))((0, 4, 1), (1, 4, 1), (2, 4, 1), (2, 4, 2), (3, 4, 1))((1, 2, 0), (2, 2, 0), (2, 3, 0), (3, 2, 0), (4, 2, 0))((0, 3, 1), (1, 3, 1), (1, 3, 2), (2, 3, 1), (3, 3, 1))((0, 1, 2), (0, 2, 2), (0, 3, 2), (0, 4, 2), (1, 2, 2))((3, 0, 2), (3, 1, 2), (3, 2, 2), (3, 3, 2), (4, 2, 2))((0, 2, 1), (1, 2, 1), (2, 2, 1), (2, 2, 2), (3, 2, 1))((0, 2, 3), (1, 2, 3), (2, 2, 3), (2, 2, 4), (3, 2, 3))((0, 1, 1), (1, 1, 0), (1, 1, 1), (1, 1, 2), (1, 1, 3))((2, 1, 0), (2, 1, 1), (2, 1, 2), (2, 1, 3), (3, 1, 1))
228
((0, 0, 0), (0, 0, 1), (0, 0, 2), (0, 0, 3), (1, 0, 2))((0, 0, 4), (0, 1, 3), (0, 1, 4), (0, 2, 4), (0, 3, 4))((0, 4, 4), (1, 4, 4), (2, 3, 4), (2, 4, 4), (3, 4, 4))((3, 4, 2), (4, 4, 1), (4, 4, 2), (4, 4, 3), (4, 4, 4))((4, 0, 4), (4, 1, 4), (4, 2, 3), (4, 2, 4), (4, 3, 4))((1, 0, 4), (1, 1, 4), (1, 2, 4), (1, 3, 4), (2, 1, 4))((1, 0, 3), (2, 0, 3), (2, 0, 4), (3, 0, 3), (4, 0, 3))((3, 0, 4), (3, 1, 3), (3, 1, 4), (3, 2, 4), (3, 3, 4))((0, 4, 3), (1, 4, 2), (1, 4, 3), (2, 4, 3), (3, 4, 3))((4, 0, 2), (4, 1, 0), (4, 1, 1), (4, 1, 2), (4, 1, 3))((1, 0, 0), (2, 0, 0), (3, 0, 0), (3, 1, 0), (4, 0, 0))((0, 1, 0), (0, 2, 0), (0, 2, 1), (0, 3, 0), (0, 4, 0))((1, 4, 0), (2, 3, 0), (2, 4, 0), (3, 4, 0), (4, 4, 0))((0, 4, 1), (1, 4, 1), (2, 4, 1), (2, 4, 2), (3, 4, 1))((1, 2, 0), (2, 2, 0), (3, 2, 0), (3, 3, 0), (4, 2, 0))((3, 3, 2), (4, 3, 0), (4, 3, 1), (4, 3, 2), (4, 3, 3))((1, 0, 1), (2, 0, 1), (3, 0, 1), (3, 0, 2), (4, 0, 1))((0, 3, 3), (1, 3, 3), (2, 3, 2), (2, 3, 3), (3, 3, 3))((0, 3, 1), (1, 3, 0), (1, 3, 1), (2, 3, 1), (3, 3, 1))((2, 0, 2), (2, 1, 0), (2, 1, 1), (2, 1, 2), (2, 1, 3))((1, 2, 2), (2, 2, 2), (3, 1, 2), (3, 2, 2), (4, 2, 2))((1, 2, 1), (2, 2, 1), (3, 1, 1), (3, 2, 1), (4, 2, 1))((0, 1, 1), (1, 1, 0), (1, 1, 1), (1, 1, 2), (1, 1, 3))((0, 2, 3), (1, 2, 3), (2, 2, 3), (2, 2, 4), (3, 2, 3))((0, 1, 2), (0, 2, 2), (0, 3, 2), (0, 4, 2), (1, 3, 2))
229
((0, 0, 0), (0, 0, 1), (0, 0, 2), (0, 0, 3), (1, 0, 2))((0, 0, 4), (0, 1, 3), (0, 1, 4), (0, 2, 4), (0, 3, 4))((0, 4, 4), (1, 4, 4), (2, 3, 4), (2, 4, 4), (3, 4, 4))((3, 4, 2), (4, 4, 1), (4, 4, 2), (4, 4, 3), (4, 4, 4))((4, 0, 4), (4, 1, 4), (4, 2, 3), (4, 2, 4), (4, 3, 4))((1, 0, 4), (1, 1, 4), (1, 2, 4), (1, 3, 4), (2, 1, 4))((1, 0, 3), (2, 0, 3), (2, 0, 4), (3, 0, 3), (4, 0, 3))((3, 0, 4), (3, 1, 3), (3, 1, 4), (3, 2, 4), (3, 3, 4))((0, 4, 3), (1, 4, 2), (1, 4, 3), (2, 4, 3), (3, 4, 3))((4, 0, 2), (4, 1, 0), (4, 1, 1), (4, 1, 2), (4, 1, 3))((1, 0, 0), (2, 0, 0), (3, 0, 0), (3, 1, 0), (4, 0, 0))((0, 1, 0), (0, 2, 0), (0, 2, 1), (0, 3, 0), (0, 4, 0))((1, 4, 0), (2, 4, 0), (3, 3, 0), (3, 4, 0), (4, 4, 0))((0, 4, 1), (1, 4, 1), (2, 4, 1), (2, 4, 2), (3, 4, 1))((1, 0, 1), (2, 0, 1), (3, 0, 1), (3, 0, 2), (4, 0, 1))((1, 2, 0), (2, 2, 0), (2, 3, 0), (3, 2, 0), (4, 2, 0))((3, 3, 2), (4, 3, 0), (4, 3, 1), (4, 3, 2), (4, 3, 3))((0, 3, 3), (1, 3, 3), (2, 3, 2), (2, 3, 3), (3, 3, 3))((0, 3, 1), (1, 3, 0), (1, 3, 1), (2, 3, 1), (3, 3, 1))((2, 0, 2), (2, 1, 0), (2, 1, 1), (2, 1, 2), (2, 1, 3))((0, 1, 1), (1, 1, 0), (1, 1, 1), (1, 1, 2), (1, 1, 3))((1, 2, 1), (2, 2, 1), (3, 1, 1), (3, 2, 1), (4, 2, 1))((1, 2, 2), (2, 2, 2), (3, 1, 2), (3, 2, 2), (4, 2, 2))((0, 2, 3), (1, 2, 3), (2, 2, 3), (2, 2, 4), (3, 2, 3))((0, 1, 2), (0, 2, 2), (0, 3, 2), (0, 4, 2), (1, 3, 2))
230
((0, 0, 0), (0, 0, 1), (0, 0, 2), (0, 0, 3), (1, 0, 2))((0, 0, 4), (0, 1, 3), (0, 1, 4), (0, 2, 4), (0, 3, 4))((0, 4, 4), (1, 4, 4), (2, 3, 4), (2, 4, 4), (3, 4, 4))((3, 4, 2), (4, 4, 1), (4, 4, 2), (4, 4, 3), (4, 4, 4))((4, 0, 4), (4, 1, 4), (4, 2, 3), (4, 2, 4), (4, 3, 4))((1, 0, 4), (1, 1, 4), (1, 2, 4), (1, 3, 4), (2, 1, 4))((1, 0, 3), (2, 0, 3), (2, 0, 4), (3, 0, 3), (4, 0, 3))((3, 0, 4), (3, 1, 3), (3, 1, 4), (3, 2, 4), (3, 3, 4))((0, 4, 3), (1, 4, 2), (1, 4, 3), (2, 4, 3), (3, 4, 3))((4, 0, 2), (4, 1, 0), (4, 1, 1), (4, 1, 2), (4, 1, 3))((1, 0, 0), (2, 0, 0), (2, 1, 0), (3, 0, 0), (4, 0, 0))((2, 0, 2), (2, 1, 2), (2, 1, 3), (2, 2, 2), (2, 3, 2))((0, 4, 1), (1, 4, 1), (2, 4, 1), (2, 4, 2), (3, 4, 1))((0, 2, 3), (1, 2, 3), (2, 2, 3), (2, 2, 4), (3, 2, 3))((1, 4, 0), (2, 4, 0), (3, 3, 0), (3, 4, 0), (4, 4, 0))((0, 3, 3), (1, 3, 2), (1, 3, 3), (2, 3, 3), (3, 3, 3))((3, 0, 2), (3, 1, 2), (3, 2, 2), (3, 3, 2), (4, 2, 2))((1, 2, 0), (2, 2, 0), (3, 1, 0), (3, 2, 0), (4, 2, 0))((0, 1, 0), (0, 2, 0), (0, 3, 0), (0, 4, 0), (1, 3, 0))((0, 3, 1), (1, 3, 1), (2, 3, 0), (2, 3, 1), (3, 3, 1))((4, 2, 1), (4, 3, 0), (4, 3, 1), (4, 3, 2), (4, 3, 3))((0, 1, 2), (0, 2, 2), (0, 3, 2), (0, 4, 2), (1, 2, 2))((0, 2, 1), (1, 2, 1), (2, 1, 1), (2, 2, 1), (3, 2, 1))((0, 1, 1), (1, 1, 0), (1, 1, 1), (1, 1, 2), (1, 1, 3))((1, 0, 1), (2, 0, 1), (3, 0, 1), (3, 1, 1), (4, 0, 1))
231
((0, 0, 0), (0, 0, 1), (0, 0, 2), (0, 0, 3), (1, 0, 2))((0, 0, 4), (0, 1, 3), (0, 1, 4), (0, 2, 4), (0, 3, 4))((0, 4, 4), (1, 4, 4), (2, 3, 4), (2, 4, 4), (3, 4, 4))((3, 4, 2), (4, 4, 1), (4, 4, 2), (4, 4, 3), (4, 4, 4))((4, 0, 4), (4, 1, 4), (4, 2, 3), (4, 2, 4), (4, 3, 4))((1, 0, 4), (1, 1, 4), (1, 2, 4), (1, 3, 4), (2, 1, 4))((1, 0, 3), (2, 0, 3), (2, 0, 4), (3, 0, 3), (4, 0, 3))((3, 0, 4), (3, 1, 3), (3, 1, 4), (3, 2, 4), (3, 3, 4))((0, 4, 3), (1, 4, 3), (2, 4, 2), (2, 4, 3), (3, 4, 3))((4, 0, 2), (4, 1, 0), (4, 1, 1), (4, 1, 2), (4, 1, 3))((1, 0, 0), (2, 0, 0), (3, 0, 0), (3, 1, 0), (4, 0, 0))((0, 1, 0), (0, 2, 0), (0, 2, 1), (0, 3, 0), (0, 4, 0))((1, 4, 0), (2, 3, 0), (2, 4, 0), (3, 4, 0), (4, 4, 0))((0, 4, 1), (1, 4, 1), (1, 4, 2), (2, 4, 1), (3, 4, 1))((3, 3, 2), (4, 3, 0), (4, 3, 1), (4, 3, 2), (4, 3, 3))((1, 2, 0), (2, 2, 0), (3, 2, 0), (3, 3, 0), (4, 2, 0))((1, 0, 1), (2, 0, 1), (3, 0, 1), (3, 0, 2), (4, 0, 1))((0, 3, 3), (1, 3, 3), (2, 3, 2), (2, 3, 3), (3, 3, 3))((0, 3, 1), (1, 3, 0), (1, 3, 1), (2, 3, 1), (3, 3, 1))((2, 0, 2), (2, 1, 0), (2, 1, 1), (2, 1, 2), (2, 1, 3))((1, 2, 2), (2, 2, 2), (3, 1, 2), (3, 2, 2), (4, 2, 2))((1, 2, 1), (2, 2, 1), (3, 1, 1), (3, 2, 1), (4, 2, 1))((0, 1, 1), (1, 1, 0), (1, 1, 1), (1, 1, 2), (1, 1, 3))((0, 2, 3), (1, 2, 3), (2, 2, 3), (2, 2, 4), (3, 2, 3))((0, 1, 2), (0, 2, 2), (0, 3, 2), (0, 4, 2), (1, 3, 2))
232
((0, 0, 0), (0, 0, 1), (0, 0, 2), (0, 0, 3), (1, 0, 2))((0, 0, 4), (0, 1, 3), (0, 1, 4), (0, 2, 4), (0, 3, 4))((0, 4, 4), (1, 4, 4), (2, 3, 4), (2, 4, 4), (3, 4, 4))((3, 4, 2), (4, 4, 1), (4, 4, 2), (4, 4, 3), (4, 4, 4))((4, 0, 4), (4, 1, 4), (4, 2, 3), (4, 2, 4), (4, 3, 4))((1, 0, 4), (1, 1, 4), (1, 2, 4), (1, 3, 4), (2, 1, 4))((1, 0, 3), (2, 0, 3), (2, 0, 4), (3, 0, 3), (4, 0, 3))((3, 0, 4), (3, 1, 3), (3, 1, 4), (3, 2, 4), (3, 3, 4))((0, 4, 3), (1, 4, 3), (2, 4, 2), (2, 4, 3), (3, 4, 3))((4, 0, 2), (4, 1, 0), (4, 1, 1), (4, 1, 2), (4, 1, 3))((1, 0, 0), (2, 0, 0), (3, 0, 0), (3, 1, 0), (4, 0, 0))((0, 1, 0), (0, 2, 0), (0, 2, 1), (0, 3, 0), (0, 4, 0))((1, 4, 0), (2, 4, 0), (3, 3, 0), (3, 4, 0), (4, 4, 0))((0, 4, 1), (1, 4, 1), (1, 4, 2), (2, 4, 1), (3, 4, 1))((3, 3, 2), (4, 3, 0), (4, 3, 1), (4, 3, 2), (4, 3, 3))((1, 0, 1), (2, 0, 1), (3, 0, 1), (3, 0, 2), (4, 0, 1))((0, 3, 3), (1, 3, 3), (2, 3, 2), (2, 3, 3), (3, 3, 3))((0, 3, 1), (1, 3, 0), (1, 3, 1), (2, 3, 1), (3, 3, 1))((1, 2, 0), (2, 2, 0), (2, 3, 0), (3, 2, 0), (4, 2, 0))((2, 0, 2), (2, 1, 0), (2, 1, 1), (2, 1, 2), (2, 1, 3))((1, 2, 2), (2, 2, 2), (3, 1, 2), (3, 2, 2), (4, 2, 2))((1, 2, 1), (2, 2, 1), (3, 1, 1), (3, 2, 1), (4, 2, 1))((0, 1, 1), (1, 1, 0), (1, 1, 1), (1, 1, 2), (1, 1, 3))((0, 2, 3), (1, 2, 3), (2, 2, 3), (2, 2, 4), (3, 2, 3))((0, 1, 2), (0, 2, 2), (0, 3, 2), (0, 4, 2), (1, 3, 2))
233
((0, 0, 0), (0, 0, 1), (0, 0, 2), (0, 0, 3), (1, 0, 2))((0, 0, 4), (0, 1, 3), (0, 1, 4), (0, 2, 4), (0, 3, 4))((0, 4, 4), (1, 4, 4), (2, 3, 4), (2, 4, 4), (3, 4, 4))((3, 4, 2), (4, 4, 1), (4, 4, 2), (4, 4, 3), (4, 4, 4))((4, 0, 4), (4, 1, 4), (4, 2, 3), (4, 2, 4), (4, 3, 4))((1, 0, 4), (1, 1, 4), (1, 2, 4), (1, 3, 4), (2, 1, 4))((1, 0, 3), (2, 0, 3), (2, 0, 4), (3, 0, 3), (4, 0, 3))((3, 0, 4), (3, 1, 3), (3, 1, 4), (3, 2, 4), (3, 3, 4))((0, 4, 3), (1, 4, 3), (2, 4, 2), (2, 4, 3), (3, 4, 3))((4, 0, 2), (4, 1, 0), (4, 1, 1), (4, 1, 2), (4, 1, 3))((1, 0, 0), (2, 0, 0), (3, 0, 0), (3, 1, 0), (4, 0, 0))((0, 1, 0), (0, 2, 0), (0, 3, 0), (0, 4, 0), (1, 3, 0))((1, 0, 1), (2, 0, 1), (3, 0, 1), (3, 1, 1), (4, 0, 1))((4, 2, 1), (4, 3, 0), (4, 3, 1), (4, 3, 2), (4, 3, 3))((1, 4, 0), (2, 3, 0), (2, 4, 0), (3, 4, 0), (4, 4, 0))((1, 2, 0), (2, 2, 0), (3, 2, 0), (3, 3, 0), (4, 2, 0))((0, 4, 1), (1, 4, 1), (1, 4, 2), (2, 4, 1), (3, 4, 1))((0, 1, 1), (1, 1, 0), (1, 1, 1), (1, 1, 2), (1, 1, 3))((2, 0, 2), (2, 1, 0), (2, 1, 1), (2, 1, 2), (2, 1, 3))((3, 0, 2), (3, 1, 2), (3, 2, 2), (3, 3, 2), (4, 2, 2))((0, 3, 1), (1, 3, 1), (1, 3, 2), (2, 3, 1), (3, 3, 1))((0, 2, 1), (1, 2, 1), (2, 2, 1), (2, 2, 2), (3, 2, 1))((0, 2, 3), (1, 2, 3), (2, 2, 3), (2, 2, 4), (3, 2, 3))((0, 1, 2), (0, 2, 2), (0, 3, 2), (0, 4, 2), (1, 2, 2))((0, 3, 3), (1, 3, 3), (2, 3, 2), (2, 3, 3), (3, 3, 3))
234
((0, 0, 0), (0, 0, 1), (0, 0, 2), (0, 0, 3), (1, 0, 2))((0, 0, 4), (0, 1, 3), (0, 1, 4), (0, 2, 4), (0, 3, 4))((0, 4, 4), (1, 4, 4), (2, 3, 4), (2, 4, 4), (3, 4, 4))((3, 4, 2), (4, 4, 1), (4, 4, 2), (4, 4, 3), (4, 4, 4))((4, 0, 4), (4, 1, 4), (4, 2, 3), (4, 2, 4), (4, 3, 4))((1, 0, 4), (1, 1, 4), (1, 2, 4), (1, 3, 4), (2, 1, 4))((1, 0, 3), (2, 0, 3), (2, 0, 4), (3, 0, 3), (4, 0, 3))((3, 0, 4), (3, 1, 3), (3, 1, 4), (3, 2, 4), (3, 3, 4))((0, 4, 3), (1, 4, 3), (2, 4, 2), (2, 4, 3), (3, 4, 3))((4, 0, 2), (4, 1, 0), (4, 1, 1), (4, 1, 2), (4, 1, 3))((1, 0, 0), (2, 0, 0), (3, 0, 0), (3, 1, 0), (4, 0, 0))((0, 1, 0), (0, 2, 0), (0, 3, 0), (0, 4, 0), (1, 3, 0))((1, 0, 1), (2, 0, 1), (3, 0, 1), (3, 1, 1), (4, 0, 1))((4, 2, 1), (4, 3, 0), (4, 3, 1), (4, 3, 2), (4, 3, 3))((1, 4, 0), (2, 3, 0), (2, 4, 0), (3, 4, 0), (4, 4, 0))((1, 2, 0), (2, 2, 0), (3, 2, 0), (3, 3, 0), (4, 2, 0))((0, 4, 1), (1, 4, 1), (1, 4, 2), (2, 4, 1), (3, 4, 1))((0, 1, 1), (1, 1, 0), (1, 1, 1), (1, 1, 2), (1, 1, 3))((2, 0, 2), (2, 1, 0), (2, 1, 1), (2, 1, 2), (2, 1, 3))((3, 0, 2), (3, 1, 2), (3, 2, 2), (3, 3, 2), (4, 2, 2))((0, 3, 3), (1, 3, 2), (1, 3, 3), (2, 3, 3), (3, 3, 3))((0, 3, 1), (1, 3, 1), (2, 3, 1), (2, 3, 2), (3, 3, 1))((0, 2, 1), (1, 2, 1), (2, 2, 1), (2, 2, 2), (3, 2, 1))((0, 2, 3), (1, 2, 3), (2, 2, 3), (2, 2, 4), (3, 2, 3))((0, 1, 2), (0, 2, 2), (0, 3, 2), (0, 4, 2), (1, 2, 2))
235
((0, 0, 0), (0, 0, 1), (0, 0, 2), (0, 0, 3), (1, 0, 2))((0, 0, 4), (0, 1, 3), (0, 1, 4), (0, 2, 4), (0, 3, 4))((0, 4, 4), (1, 4, 4), (2, 3, 4), (2, 4, 4), (3, 4, 4))((3, 4, 2), (4, 4, 1), (4, 4, 2), (4, 4, 3), (4, 4, 4))((4, 0, 4), (4, 1, 4), (4, 2, 3), (4, 2, 4), (4, 3, 4))((1, 0, 4), (1, 1, 4), (1, 2, 4), (1, 3, 4), (2, 1, 4))((1, 0, 3), (2, 0, 3), (2, 0, 4), (3, 0, 3), (4, 0, 3))((3, 0, 4), (3, 1, 3), (3, 1, 4), (3, 2, 4), (3, 3, 4))((0, 4, 3), (1, 4, 3), (2, 4, 2), (2, 4, 3), (3, 4, 3))((4, 0, 2), (4, 1, 0), (4, 1, 1), (4, 1, 2), (4, 1, 3))((1, 0, 0), (2, 0, 0), (3, 0, 0), (3, 1, 0), (4, 0, 0))((0, 1, 0), (0, 2, 0), (0, 3, 0), (0, 4, 0), (1, 3, 0))((1, 0, 1), (2, 0, 1), (3, 0, 1), (3, 1, 1), (4, 0, 1))((4, 2, 1), (4, 3, 0), (4, 3, 1), (4, 3, 2), (4, 3, 3))((1, 4, 0), (2, 4, 0), (3, 3, 0), (3, 4, 0), (4, 4, 0))((0, 4, 1), (1, 4, 1), (1, 4, 2), (2, 4, 1), (3, 4, 1))((0, 1, 1), (1, 1, 0), (1, 1, 1), (1, 1, 2), (1, 1, 3))((0, 3, 3), (1, 3, 2), (1, 3, 3), (2, 3, 3), (3, 3, 3))((0, 3, 1), (1, 3, 1), (2, 3, 0), (2, 3, 1), (3, 3, 1))((1, 2, 0), (2, 1, 0), (2, 2, 0), (3, 2, 0), (4, 2, 0))((0, 2, 1), (1, 2, 1), (2, 1, 1), (2, 2, 1), (3, 2, 1))((0, 2, 3), (1, 2, 3), (2, 2, 3), (2, 2, 4), (3, 2, 3))((2, 0, 2), (2, 1, 2), (2, 1, 3), (2, 2, 2), (2, 3, 2))((3, 0, 2), (3, 1, 2), (3, 2, 2), (3, 3, 2), (4, 2, 2))((0, 1, 2), (0, 2, 2), (0, 3, 2), (0, 4, 2), (1, 2, 2))
236
((0, 0, 0), (0, 0, 1), (0, 0, 2), (0, 0, 3), (1, 0, 2))((0, 0, 4), (0, 1, 3), (0, 1, 4), (0, 2, 4), (0, 3, 4))((0, 4, 4), (1, 4, 4), (2, 3, 4), (2, 4, 4), (3, 4, 4))((3, 4, 2), (4, 4, 1), (4, 4, 2), (4, 4, 3), (4, 4, 4))((4, 0, 4), (4, 1, 4), (4, 2, 3), (4, 2, 4), (4, 3, 4))((1, 0, 4), (1, 1, 4), (1, 2, 4), (1, 3, 4), (2, 1, 4))((1, 0, 3), (2, 0, 3), (2, 0, 4), (3, 0, 3), (4, 0, 3))((3, 0, 4), (3, 1, 3), (3, 1, 4), (3, 2, 4), (3, 3, 4))((0, 4, 3), (1, 4, 3), (2, 4, 2), (2, 4, 3), (3, 4, 3))((4, 0, 2), (4, 1, 0), (4, 1, 1), (4, 1, 2), (4, 1, 3))((1, 0, 0), (2, 0, 0), (3, 0, 0), (3, 1, 0), (4, 0, 0))((0, 1, 0), (0, 2, 0), (0, 3, 0), (0, 4, 0), (1, 3, 0))((1, 0, 1), (2, 0, 1), (3, 0, 1), (3, 1, 1), (4, 0, 1))((4, 2, 1), (4, 3, 0), (4, 3, 1), (4, 3, 2), (4, 3, 3))((1, 4, 0), (2, 4, 0), (3, 3, 0), (3, 4, 0), (4, 4, 0))((0, 4, 1), (1, 4, 1), (1, 4, 2), (2, 4, 1), (3, 4, 1))((0, 1, 1), (1, 1, 0), (1, 1, 1), (1, 1, 2), (1, 1, 3))((0, 3, 3), (1, 3, 2), (1, 3, 3), (2, 3, 3), (3, 3, 3))((1, 2, 0), (2, 2, 0), (2, 3, 0), (3, 2, 0), (4, 2, 0))((0, 3, 1), (1, 3, 1), (2, 3, 1), (2, 3, 2), (3, 3, 1))((2, 0, 2), (2, 1, 0), (2, 1, 1), (2, 1, 2), (2, 1, 3))((0, 2, 1), (1, 2, 1), (2, 2, 1), (2, 2, 2), (3, 2, 1))((3, 0, 2), (3, 1, 2), (3, 2, 2), (3, 3, 2), (4, 2, 2))((0, 2, 3), (1, 2, 3), (2, 2, 3), (2, 2, 4), (3, 2, 3))((0, 1, 2), (0, 2, 2), (0, 3, 2), (0, 4, 2), (1, 2, 2))
237
((0, 0, 0), (0, 0, 1), (0, 0, 2), (0, 0, 3), (1, 0, 2))((0, 0, 4), (0, 1, 3), (0, 1, 4), (0, 2, 4), (0, 3, 4))((0, 4, 4), (1, 4, 4), (2, 3, 4), (2, 4, 4), (3, 4, 4))((3, 4, 2), (4, 4, 1), (4, 4, 2), (4, 4, 3), (4, 4, 4))((4, 0, 4), (4, 1, 4), (4, 2, 3), (4, 2, 4), (4, 3, 4))((1, 0, 4), (1, 1, 4), (1, 2, 4), (1, 3, 4), (2, 1, 4))((1, 0, 3), (2, 0, 3), (2, 0, 4), (3, 0, 3), (4, 0, 3))((3, 0, 4), (3, 1, 3), (3, 1, 4), (3, 2, 4), (3, 3, 4))((0, 4, 3), (1, 4, 3), (2, 4, 2), (2, 4, 3), (3, 4, 3))((4, 0, 2), (4, 1, 0), (4, 1, 1), (4, 1, 2), (4, 1, 3))((1, 0, 0), (2, 0, 0), (3, 0, 0), (3, 1, 0), (4, 0, 0))((0, 1, 0), (0, 2, 0), (0, 3, 0), (0, 4, 0), (1, 3, 0))((1, 0, 1), (2, 0, 1), (3, 0, 1), (3, 1, 1), (4, 0, 1))((4, 2, 1), (4, 3, 0), (4, 3, 1), (4, 3, 2), (4, 3, 3))((1, 4, 0), (2, 4, 0), (3, 3, 0), (3, 4, 0), (4, 4, 0))((0, 4, 1), (1, 4, 1), (1, 4, 2), (2, 4, 1), (3, 4, 1))((0, 1, 1), (1, 1, 0), (1, 1, 1), (1, 1, 2), (1, 1, 3))((0, 3, 3), (1, 3, 3), (2, 3, 2), (2, 3, 3), (3, 3, 3))((2, 0, 2), (2, 1, 0), (2, 1, 1), (2, 1, 2), (2, 1, 3))((1, 2, 0), (2, 2, 0), (2, 3, 0), (3, 2, 0), (4, 2, 0))((0, 3, 1), (1, 3, 1), (1, 3, 2), (2, 3, 1), (3, 3, 1))((0, 1, 2), (0, 2, 2), (0, 3, 2), (0, 4, 2), (1, 2, 2))((3, 0, 2), (3, 1, 2), (3, 2, 2), (3, 3, 2), (4, 2, 2))((0, 2, 1), (1, 2, 1), (2, 2, 1), (2, 2, 2), (3, 2, 1))((0, 2, 3), (1, 2, 3), (2, 2, 3), (2, 2, 4), (3, 2, 3))
238
((0, 0, 0), (0, 0, 1), (0, 0, 2), (0, 0, 3), (1, 0, 2))((0, 0, 4), (0, 1, 3), (0, 1, 4), (0, 2, 4), (0, 3, 4))((0, 4, 4), (1, 4, 4), (2, 3, 4), (2, 4, 4), (3, 4, 4))((3, 4, 2), (4, 4, 1), (4, 4, 2), (4, 4, 3), (4, 4, 4))((4, 0, 4), (4, 1, 4), (4, 2, 3), (4, 2, 4), (4, 3, 4))((1, 0, 4), (1, 1, 4), (1, 2, 4), (1, 3, 4), (2, 1, 4))((1, 0, 3), (2, 0, 3), (2, 0, 4), (3, 0, 3), (4, 0, 3))((3, 0, 4), (3, 1, 3), (3, 1, 4), (3, 2, 4), (3, 3, 4))((0, 4, 3), (1, 4, 3), (2, 4, 2), (2, 4, 3), (3, 4, 3))((4, 0, 2), (4, 1, 0), (4, 1, 1), (4, 1, 2), (4, 1, 3))((1, 0, 0), (2, 0, 0), (3, 0, 0), (3, 1, 0), (4, 0, 0))((0, 1, 0), (0, 2, 0), (0, 3, 0), (0, 4, 0), (1, 3, 0))((1, 0, 1), (2, 0, 1), (3, 0, 1), (3, 0, 2), (4, 0, 1))((1, 4, 0), (2, 3, 0), (2, 4, 0), (3, 4, 0), (4, 4, 0))((1, 2, 0), (2, 2, 0), (3, 2, 0), (3, 3, 0), (4, 2, 0))((3, 3, 2), (4, 3, 0), (4, 3, 1), (4, 3, 2), (4, 3, 3))((0, 3, 3), (1, 3, 2), (1, 3, 3), (2, 3, 3), (3, 3, 3))((0, 4, 1), (1, 4, 1), (1, 4, 2), (2, 4, 1), (3, 4, 1))((0, 3, 1), (1, 3, 1), (2, 3, 1), (2, 3, 2), (3, 3, 1))((2, 0, 2), (2, 1, 0), (2, 1, 1), (2, 1, 2), (2, 1, 3))((0, 1, 1), (1, 1, 0), (1, 1, 1), (1, 1, 2), (1, 1, 3))((1, 2, 2), (2, 2, 2), (3, 1, 2), (3, 2, 2), (4, 2, 2))((1, 2, 1), (2, 2, 1), (3, 1, 1), (3, 2, 1), (4, 2, 1))((0, 2, 3), (1, 2, 3), (2, 2, 3), (2, 2, 4), (3, 2, 3))((0, 1, 2), (0, 2, 1), (0, 2, 2), (0, 3, 2), (0, 4, 2))
239
((0, 0, 0), (0, 0, 1), (0, 0, 2), (0, 0, 3), (1, 0, 2))((0, 0, 4), (0, 1, 3), (0, 1, 4), (0, 2, 4), (0, 3, 4))((0, 4, 4), (1, 4, 4), (2, 3, 4), (2, 4, 4), (3, 4, 4))((3, 4, 2), (4, 4, 1), (4, 4, 2), (4, 4, 3), (4, 4, 4))((4, 0, 4), (4, 1, 4), (4, 2, 3), (4, 2, 4), (4, 3, 4))((1, 0, 4), (1, 1, 4), (1, 2, 4), (1, 3, 4), (2, 1, 4))((1, 0, 3), (2, 0, 3), (2, 0, 4), (3, 0, 3), (4, 0, 3))((3, 0, 4), (3, 1, 3), (3, 1, 4), (3, 2, 4), (3, 3, 4))((0, 4, 3), (1, 4, 3), (2, 4, 2), (2, 4, 3), (3, 4, 3))((4, 0, 2), (4, 1, 0), (4, 1, 1), (4, 1, 2), (4, 1, 3))((1, 0, 0), (2, 0, 0), (3, 0, 0), (3, 1, 0), (4, 0, 0))((0, 1, 0), (0, 2, 0), (0, 3, 0), (0, 4, 0), (1, 3, 0))((1, 0, 1), (2, 0, 1), (3, 0, 1), (3, 0, 2), (4, 0, 1))((1, 4, 0), (2, 3, 0), (2, 4, 0), (3, 4, 0), (4, 4, 0))((1, 2, 0), (2, 2, 0), (3, 2, 0), (3, 3, 0), (4, 2, 0))((3, 3, 2), (4, 3, 0), (4, 3, 1), (4, 3, 2), (4, 3, 3))((0, 3, 3), (1, 3, 3), (2, 3, 2), (2, 3, 3), (3, 3, 3))((2, 0, 2), (2, 1, 0), (2, 1, 1), (2, 1, 2), (2, 1, 3))((1, 2, 2), (2, 2, 2), (3, 1, 2), (3, 2, 2), (4, 2, 2))((0, 2, 3), (1, 2, 3), (2, 2, 3), (2, 2, 4), (3, 2, 3))((0, 4, 1), (1, 4, 1), (1, 4, 2), (2, 4, 1), (3, 4, 1))((1, 2, 1), (2, 2, 1), (3, 1, 1), (3, 2, 1), (4, 2, 1))((0, 1, 2), (0, 2, 1), (0, 2, 2), (0, 3, 2), (0, 4, 2))((0, 1, 1), (1, 1, 0), (1, 1, 1), (1, 1, 2), (1, 1, 3))((0, 3, 1), (1, 3, 1), (1, 3, 2), (2, 3, 1), (3, 3, 1))
240
((0, 0, 0), (0, 0, 1), (0, 0, 2), (0, 0, 3), (1, 0, 2))((0, 0, 4), (0, 1, 3), (0, 1, 4), (0, 2, 4), (0, 3, 4))((0, 4, 4), (1, 4, 4), (2, 3, 4), (2, 4, 4), (3, 4, 4))((3, 4, 2), (4, 4, 1), (4, 4, 2), (4, 4, 3), (4, 4, 4))((4, 0, 4), (4, 1, 4), (4, 2, 3), (4, 2, 4), (4, 3, 4))((1, 0, 4), (1, 1, 4), (1, 2, 4), (1, 3, 4), (2, 1, 4))((1, 0, 3), (2, 0, 3), (2, 0, 4), (3, 0, 3), (4, 0, 3))((3, 0, 4), (3, 1, 3), (3, 1, 4), (3, 2, 4), (3, 3, 4))((0, 4, 3), (1, 4, 3), (2, 4, 2), (2, 4, 3), (3, 4, 3))((4, 0, 2), (4, 1, 0), (4, 1, 1), (4, 1, 2), (4, 1, 3))((1, 0, 0), (2, 0, 0), (3, 0, 0), (3, 1, 0), (4, 0, 0))((0, 1, 0), (0, 2, 0), (0, 3, 0), (0, 4, 0), (1, 3, 0))((1, 0, 1), (2, 0, 1), (3, 0, 1), (3, 0, 2), (4, 0, 1))((1, 4, 0), (2, 4, 0), (3, 3, 0), (3, 4, 0), (4, 4, 0))((3, 3, 2), (4, 3, 0), (4, 3, 1), (4, 3, 2), (4, 3, 3))((0, 3, 3), (1, 3, 2), (1, 3, 3), (2, 3, 3), (3, 3, 3))((0, 4, 1), (1, 4, 1), (1, 4, 2), (2, 4, 1), (3, 4, 1))((1, 2, 0), (2, 2, 0), (2, 3, 0), (3, 2, 0), (4, 2, 0))((0, 1, 2), (0, 2, 1), (0, 2, 2), (0, 3, 2), (0, 4, 2))((1, 2, 2), (2, 2, 2), (3, 1, 2), (3, 2, 2), (4, 2, 2))((0, 3, 1), (1, 3, 1), (2, 3, 1), (2, 3, 2), (3, 3, 1))((2, 0, 2), (2, 1, 0), (2, 1, 1), (2, 1, 2), (2, 1, 3))((0, 1, 1), (1, 1, 0), (1, 1, 1), (1, 1, 2), (1, 1, 3))((1, 2, 1), (2, 2, 1), (3, 1, 1), (3, 2, 1), (4, 2, 1))((0, 2, 3), (1, 2, 3), (2, 2, 3), (2, 2, 4), (3, 2, 3))
241
((0, 0, 0), (0, 0, 1), (0, 0, 2), (0, 0, 3), (1, 0, 2))((0, 0, 4), (0, 1, 3), (0, 1, 4), (0, 2, 4), (0, 3, 4))((0, 4, 4), (1, 4, 4), (2, 3, 4), (2, 4, 4), (3, 4, 4))((3, 4, 2), (4, 4, 1), (4, 4, 2), (4, 4, 3), (4, 4, 4))((4, 0, 4), (4, 1, 4), (4, 2, 3), (4, 2, 4), (4, 3, 4))((1, 0, 4), (1, 1, 4), (1, 2, 4), (1, 3, 4), (2, 1, 4))((1, 0, 3), (2, 0, 3), (2, 0, 4), (3, 0, 3), (4, 0, 3))((3, 0, 4), (3, 1, 3), (3, 1, 4), (3, 2, 4), (3, 3, 4))((0, 4, 3), (1, 4, 3), (2, 4, 2), (2, 4, 3), (3, 4, 3))((4, 0, 2), (4, 1, 0), (4, 1, 1), (4, 1, 2), (4, 1, 3))((1, 0, 0), (2, 0, 0), (3, 0, 0), (3, 1, 0), (4, 0, 0))((0, 1, 0), (0, 2, 0), (0, 3, 0), (0, 4, 0), (1, 3, 0))((1, 0, 1), (2, 0, 1), (3, 0, 1), (3, 0, 2), (4, 0, 1))((1, 4, 0), (2, 4, 0), (3, 3, 0), (3, 4, 0), (4, 4, 0))((3, 3, 2), (4, 3, 0), (4, 3, 1), (4, 3, 2), (4, 3, 3))((0, 3, 3), (1, 3, 3), (2, 3, 2), (2, 3, 3), (3, 3, 3))((2, 0, 2), (2, 1, 0), (2, 1, 1), (2, 1, 2), (2, 1, 3))((1, 2, 2), (2, 2, 2), (3, 1, 2), (3, 2, 2), (4, 2, 2))((0, 2, 3), (1, 2, 3), (2, 2, 3), (2, 2, 4), (3, 2, 3))((0, 4, 1), (1, 4, 1), (1, 4, 2), (2, 4, 1), (3, 4, 1))((1, 2, 1), (2, 2, 1), (3, 1, 1), (3, 2, 1), (4, 2, 1))((0, 1, 1), (1, 1, 0), (1, 1, 1), (1, 1, 2), (1, 1, 3))((0, 1, 2), (0, 2, 1), (0, 2, 2), (0, 3, 2), (0, 4, 2))((1, 2, 0), (2, 2, 0), (2, 3, 0), (3, 2, 0), (4, 2, 0))((0, 3, 1), (1, 3, 1), (1, 3, 2), (2, 3, 1), (3, 3, 1))
242
((0, 0, 0), (0, 0, 1), (0, 0, 2), (0, 0, 3), (1, 0, 2))((0, 0, 4), (0, 1, 3), (0, 1, 4), (0, 2, 4), (0, 3, 4))((0, 4, 4), (1, 4, 4), (2, 3, 4), (2, 4, 4), (3, 4, 4))((3, 4, 2), (4, 4, 1), (4, 4, 2), (4, 4, 3), (4, 4, 4))((4, 0, 4), (4, 1, 4), (4, 2, 3), (4, 2, 4), (4, 3, 4))((1, 0, 4), (1, 1, 4), (1, 2, 4), (1, 3, 4), (2, 1, 4))((1, 0, 3), (2, 0, 3), (2, 0, 4), (3, 0, 3), (4, 0, 3))((3, 0, 4), (3, 1, 3), (3, 1, 4), (3, 2, 4), (3, 3, 4))((0, 4, 3), (1, 4, 3), (2, 4, 2), (2, 4, 3), (3, 4, 3))((4, 0, 2), (4, 1, 0), (4, 1, 1), (4, 1, 2), (4, 1, 3))((1, 0, 0), (2, 0, 0), (3, 0, 0), (3, 1, 0), (4, 0, 0))((0, 1, 0), (0, 2, 0), (0, 3, 0), (0, 4, 0), (1, 3, 0))((1, 0, 1), (2, 0, 1), (2, 0, 2), (3, 0, 1), (4, 0, 1))((4, 2, 1), (4, 3, 0), (4, 3, 1), (4, 3, 2), (4, 3, 3))((1, 4, 0), (2, 3, 0), (2, 4, 0), (3, 4, 0), (4, 4, 0))((1, 2, 0), (2, 2, 0), (3, 2, 0), (3, 3, 0), (4, 2, 0))((0, 3, 3), (1, 3, 2), (1, 3, 3), (2, 3, 3), (3, 3, 3))((0, 4, 1), (1, 4, 1), (1, 4, 2), (2, 4, 1), (3, 4, 1))((0, 3, 1), (1, 3, 1), (2, 3, 1), (2, 3, 2), (3, 3, 1))((0, 1, 2), (0, 2, 2), (0, 3, 2), (0, 4, 2), (1, 2, 2))((3, 0, 2), (3, 1, 2), (3, 2, 2), (3, 3, 2), (4, 2, 2))((0, 2, 1), (1, 2, 1), (2, 2, 1), (2, 2, 2), (3, 2, 1))((0, 2, 3), (1, 2, 3), (2, 2, 3), (2, 2, 4), (3, 2, 3))((0, 1, 1), (1, 1, 0), (1, 1, 1), (1, 1, 2), (1, 1, 3))((2, 1, 0), (2, 1, 1), (2, 1, 2), (2, 1, 3), (3, 1, 1))
243
((0, 0, 0), (0, 0, 1), (0, 0, 2), (0, 0, 3), (1, 0, 2))((0, 0, 4), (0, 1, 3), (0, 1, 4), (0, 2, 4), (0, 3, 4))((0, 4, 4), (1, 4, 4), (2, 3, 4), (2, 4, 4), (3, 4, 4))((3, 4, 2), (4, 4, 1), (4, 4, 2), (4, 4, 3), (4, 4, 4))((4, 0, 4), (4, 1, 4), (4, 2, 3), (4, 2, 4), (4, 3, 4))((1, 0, 4), (1, 1, 4), (1, 2, 4), (1, 3, 4), (2, 1, 4))((1, 0, 3), (2, 0, 3), (2, 0, 4), (3, 0, 3), (4, 0, 3))((3, 0, 4), (3, 1, 3), (3, 1, 4), (3, 2, 4), (3, 3, 4))((0, 4, 3), (1, 4, 3), (2, 4, 2), (2, 4, 3), (3, 4, 3))((4, 0, 2), (4, 1, 0), (4, 1, 1), (4, 1, 2), (4, 1, 3))((1, 0, 0), (2, 0, 0), (3, 0, 0), (3, 1, 0), (4, 0, 0))((0, 1, 0), (0, 2, 0), (0, 3, 0), (0, 4, 0), (1, 3, 0))((1, 0, 1), (2, 0, 1), (2, 0, 2), (3, 0, 1), (4, 0, 1))((4, 2, 1), (4, 3, 0), (4, 3, 1), (4, 3, 2), (4, 3, 3))((1, 4, 0), (2, 3, 0), (2, 4, 0), (3, 4, 0), (4, 4, 0))((1, 2, 0), (2, 2, 0), (3, 2, 0), (3, 3, 0), (4, 2, 0))((0, 3, 3), (1, 3, 3), (2, 3, 2), (2, 3, 3), (3, 3, 3))((0, 1, 2), (0, 2, 2), (0, 3, 2), (0, 4, 2), (1, 2, 2))((3, 0, 2), (3, 1, 2), (3, 2, 2), (3, 3, 2), (4, 2, 2))((0, 4, 1), (1, 4, 1), (1, 4, 2), (2, 4, 1), (3, 4, 1))((0, 3, 1), (1, 3, 1), (1, 3, 2), (2, 3, 1), (3, 3, 1))((0, 2, 1), (1, 2, 1), (2, 2, 1), (2, 2, 2), (3, 2, 1))((0, 2, 3), (1, 2, 3), (2, 2, 3), (2, 2, 4), (3, 2, 3))((2, 1, 0), (2, 1, 1), (2, 1, 2), (2, 1, 3), (3, 1, 1))((0, 1, 1), (1, 1, 0), (1, 1, 1), (1, 1, 2), (1, 1, 3))
244
((0, 0, 0), (0, 0, 1), (0, 0, 2), (0, 0, 3), (1, 0, 2))((0, 0, 4), (0, 1, 3), (0, 1, 4), (0, 2, 4), (0, 3, 4))((0, 4, 4), (1, 4, 4), (2, 3, 4), (2, 4, 4), (3, 4, 4))((3, 4, 2), (4, 4, 1), (4, 4, 2), (4, 4, 3), (4, 4, 4))((4, 0, 4), (4, 1, 4), (4, 2, 3), (4, 2, 4), (4, 3, 4))((1, 0, 4), (1, 1, 4), (1, 2, 4), (1, 3, 4), (2, 1, 4))((1, 0, 3), (2, 0, 3), (2, 0, 4), (3, 0, 3), (4, 0, 3))((3, 0, 4), (3, 1, 3), (3, 1, 4), (3, 2, 4), (3, 3, 4))((0, 4, 3), (1, 4, 3), (2, 4, 2), (2, 4, 3), (3, 4, 3))((4, 0, 2), (4, 1, 0), (4, 1, 1), (4, 1, 2), (4, 1, 3))((1, 0, 0), (2, 0, 0), (3, 0, 0), (3, 1, 0), (4, 0, 0))((0, 1, 0), (0, 2, 0), (0, 3, 0), (0, 4, 0), (1, 3, 0))((1, 0, 1), (2, 0, 1), (2, 0, 2), (3, 0, 1), (4, 0, 1))((4, 2, 1), (4, 3, 0), (4, 3, 1), (4, 3, 2), (4, 3, 3))((1, 4, 0), (2, 4, 0), (3, 3, 0), (3, 4, 0), (4, 4, 0))((0, 3, 3), (1, 3, 2), (1, 3, 3), (2, 3, 3), (3, 3, 3))((0, 4, 1), (1, 4, 1), (1, 4, 2), (2, 4, 1), (3, 4, 1))((1, 2, 0), (2, 2, 0), (2, 3, 0), (3, 2, 0), (4, 2, 0))((0, 3, 1), (1, 3, 1), (2, 3, 1), (2, 3, 2), (3, 3, 1))((0, 1, 2), (0, 2, 2), (0, 3, 2), (0, 4, 2), (1, 2, 2))((3, 0, 2), (3, 1, 2), (3, 2, 2), (3, 3, 2), (4, 2, 2))((0, 2, 1), (1, 2, 1), (2, 2, 1), (2, 2, 2), (3, 2, 1))((0, 2, 3), (1, 2, 3), (2, 2, 3), (2, 2, 4), (3, 2, 3))((2, 1, 0), (2, 1, 1), (2, 1, 2), (2, 1, 3), (3, 1, 1))((0, 1, 1), (1, 1, 0), (1, 1, 1), (1, 1, 2), (1, 1, 3))
245
((0, 0, 0), (0, 0, 1), (0, 0, 2), (0, 0, 3), (1, 0, 2))((0, 0, 4), (0, 1, 3), (0, 1, 4), (0, 2, 4), (0, 3, 4))((0, 4, 4), (1, 4, 4), (2, 3, 4), (2, 4, 4), (3, 4, 4))((3, 4, 2), (4, 4, 1), (4, 4, 2), (4, 4, 3), (4, 4, 4))((4, 0, 4), (4, 1, 4), (4, 2, 3), (4, 2, 4), (4, 3, 4))((1, 0, 4), (1, 1, 4), (1, 2, 4), (1, 3, 4), (2, 1, 4))((1, 0, 3), (2, 0, 3), (2, 0, 4), (3, 0, 3), (4, 0, 3))((3, 0, 4), (3, 1, 3), (3, 1, 4), (3, 2, 4), (3, 3, 4))((0, 4, 3), (1, 4, 3), (2, 4, 2), (2, 4, 3), (3, 4, 3))((4, 0, 2), (4, 1, 0), (4, 1, 1), (4, 1, 2), (4, 1, 3))((1, 0, 0), (2, 0, 0), (3, 0, 0), (3, 1, 0), (4, 0, 0))((0, 1, 0), (0, 2, 0), (0, 3, 0), (0, 4, 0), (1, 3, 0))((1, 0, 1), (2, 0, 1), (2, 0, 2), (3, 0, 1), (4, 0, 1))((4, 2, 1), (4, 3, 0), (4, 3, 1), (4, 3, 2), (4, 3, 3))((1, 4, 0), (2, 4, 0), (3, 3, 0), (3, 4, 0), (4, 4, 0))((0, 3, 3), (1, 3, 3), (2, 3, 2), (2, 3, 3), (3, 3, 3))((1, 2, 0), (2, 2, 0), (2, 3, 0), (3, 2, 0), (4, 2, 0))((0, 1, 2), (0, 2, 2), (0, 3, 2), (0, 4, 2), (1, 2, 2))((3, 0, 2), (3, 1, 2), (3, 2, 2), (3, 3, 2), (4, 2, 2))((0, 4, 1), (1, 4, 1), (1, 4, 2), (2, 4, 1), (3, 4, 1))((0, 3, 1), (1, 3, 1), (1, 3, 2), (2, 3, 1), (3, 3, 1))((0, 2, 1), (1, 2, 1), (2, 2, 1), (2, 2, 2), (3, 2, 1))((0, 2, 3), (1, 2, 3), (2, 2, 3), (2, 2, 4), (3, 2, 3))((0, 1, 1), (1, 1, 0), (1, 1, 1), (1, 1, 2), (1, 1, 3))((2, 1, 0), (2, 1, 1), (2, 1, 2), (2, 1, 3), (3, 1, 1))
246
((0, 0, 0), (0, 0, 1), (0, 0, 2), (0, 0, 3), (1, 0, 2))((0, 0, 4), (0, 1, 3), (0, 1, 4), (0, 2, 4), (0, 3, 4))((0, 4, 4), (1, 4, 4), (2, 3, 4), (2, 4, 4), (3, 4, 4))((3, 4, 2), (4, 4, 1), (4, 4, 2), (4, 4, 3), (4, 4, 4))((4, 0, 4), (4, 1, 4), (4, 2, 3), (4, 2, 4), (4, 3, 4))((1, 0, 4), (1, 1, 4), (1, 2, 4), (1, 3, 4), (2, 1, 4))((1, 0, 3), (2, 0, 3), (2, 0, 4), (3, 0, 3), (4, 0, 3))((3, 0, 4), (3, 1, 3), (3, 1, 4), (3, 2, 4), (3, 3, 4))((0, 4, 3), (1, 4, 3), (2, 4, 2), (2, 4, 3), (3, 4, 3))((4, 0, 2), (4, 1, 0), (4, 1, 1), (4, 1, 2), (4, 1, 3))((1, 0, 0), (2, 0, 0), (2, 1, 0), (3, 0, 0), (4, 0, 0))((2, 0, 2), (2, 1, 2), (2, 1, 3), (2, 2, 2), (2, 3, 2))((0, 2, 3), (1, 2, 3), (2, 2, 3), (2, 2, 4), (3, 2, 3))((0, 3, 3), (1, 3, 2), (1, 3, 3), (2, 3, 3), (3, 3, 3))((0, 4, 1), (1, 4, 1), (1, 4, 2), (2, 4, 1), (3, 4, 1))((1, 4, 0), (2, 4, 0), (3, 3, 0), (3, 4, 0), (4, 4, 0))((3, 0, 2), (3, 1, 2), (3, 2, 2), (3, 3, 2), (4, 2, 2))((1, 2, 0), (2, 2, 0), (3, 1, 0), (3, 2, 0), (4, 2, 0))((0, 1, 0), (0, 2, 0), (0, 3, 0), (0, 4, 0), (1, 3, 0))((0, 3, 1), (1, 3, 1), (2, 3, 0), (2, 3, 1), (3, 3, 1))((4, 2, 1), (4, 3, 0), (4, 3, 1), (4, 3, 2), (4, 3, 3))((0, 1, 2), (0, 2, 2), (0, 3, 2), (0, 4, 2), (1, 2, 2))((0, 2, 1), (1, 2, 1), (2, 1, 1), (2, 2, 1), (3, 2, 1))((0, 1, 1), (1, 1, 0), (1, 1, 1), (1, 1, 2), (1, 1, 3))((1, 0, 1), (2, 0, 1), (3, 0, 1), (3, 1, 1), (4, 0, 1))
247
((0, 0, 0), (0, 0, 1), (0, 0, 2), (0, 0, 3), (1, 0, 2))((0, 0, 4), (0, 1, 3), (0, 1, 4), (0, 2, 4), (0, 3, 4))((0, 4, 4), (1, 4, 4), (2, 3, 4), (2, 4, 4), (3, 4, 4))((4, 1, 4), (4, 2, 4), (4, 3, 3), (4, 3, 4), (4, 4, 4))((4, 3, 1), (4, 4, 0), (4, 4, 1), (4, 4, 2), (4, 4, 3))((1, 0, 4), (1, 1, 4), (1, 2, 4), (1, 3, 4), (2, 2, 4))((3, 0, 3), (4, 0, 1), (4, 0, 2), (4, 0, 3), (4, 0, 4))((3, 0, 4), (3, 1, 4), (3, 2, 3), (3, 2, 4), (3, 3, 4))((2, 0, 1), (2, 0, 2), (2, 0, 3), (2, 0, 4), (3, 0, 2))((3, 2, 2), (4, 2, 0), (4, 2, 1), (4, 2, 2), (4, 2, 3))((1, 0, 0), (2, 0, 0), (3, 0, 0), (3, 0, 1), (4, 0, 0))((1, 0, 3), (1, 1, 2), (1, 1, 3), (1, 2, 3), (1, 3, 3))((3, 1, 2), (4, 1, 0), (4, 1, 1), (4, 1, 2), (4, 1, 3))((2, 1, 1), (2, 1, 2), (2, 1, 3), (2, 1, 4), (3, 1, 3))((1, 2, 2), (2, 2, 0), (2, 2, 1), (2, 2, 2), (2, 2, 3))((0, 1, 0), (1, 1, 0), (1, 2, 0), (2, 1, 0), (3, 1, 0))((0, 1, 1), (1, 0, 1), (1, 1, 1), (1, 2, 1), (1, 3, 1))((3, 1, 1), (3, 2, 0), (3, 2, 1), (3, 3, 1), (3, 4, 1))((1, 3, 2), (2, 3, 2), (3, 3, 2), (3, 3, 3), (4, 3, 2))((0, 4, 3), (1, 4, 3), (2, 3, 3), (2, 4, 3), (3, 4, 3))((0, 3, 0), (0, 3, 1), (0, 3, 2), (0, 3, 3), (0, 4, 1))((0, 1, 2), (0, 2, 0), (0, 2, 1), (0, 2, 2), (0, 2, 3))((1, 3, 0), (2, 3, 0), (2, 3, 1), (3, 3, 0), (4, 3, 0))((0, 4, 0), (1, 4, 0), (2, 4, 0), (2, 4, 1), (3, 4, 0))((0, 4, 2), (1, 4, 1), (1, 4, 2), (2, 4, 2), (3, 4, 2))
248
((0, 0, 0), (0, 0, 1), (0, 0, 2), (0, 0, 3), (1, 0, 2))((0, 0, 4), (0, 1, 3), (0, 1, 4), (0, 2, 4), (0, 3, 4))((0, 4, 4), (1, 4, 4), (2, 3, 4), (2, 4, 4), (3, 4, 4))((4, 1, 4), (4, 2, 4), (4, 3, 3), (4, 3, 4), (4, 4, 4))((4, 3, 1), (4, 4, 0), (4, 4, 1), (4, 4, 2), (4, 4, 3))((1, 0, 4), (1, 1, 4), (1, 2, 4), (1, 3, 4), (2, 2, 4))((3, 0, 3), (4, 0, 1), (4, 0, 2), (4, 0, 3), (4, 0, 4))((3, 0, 4), (3, 1, 4), (3, 2, 3), (3, 2, 4), (3, 3, 4))((2, 0, 1), (2, 0, 2), (2, 0, 3), (2, 0, 4), (3, 0, 2))((3, 2, 2), (4, 2, 0), (4, 2, 1), (4, 2, 2), (4, 2, 3))((1, 0, 0), (2, 0, 0), (3, 0, 0), (3, 0, 1), (4, 0, 0))((1, 0, 3), (1, 1, 2), (1, 1, 3), (1, 2, 3), (1, 3, 3))((3, 1, 2), (4, 1, 0), (4, 1, 1), (4, 1, 2), (4, 1, 3))((2, 1, 1), (2, 1, 2), (2, 1, 3), (2, 1, 4), (3, 1, 3))((1, 2, 2), (2, 2, 0), (2, 2, 1), (2, 2, 2), (2, 2, 3))((0, 1, 0), (1, 1, 0), (1, 2, 0), (2, 1, 0), (3, 1, 0))((0, 1, 1), (1, 0, 1), (1, 1, 1), (1, 2, 1), (1, 3, 1))((3, 1, 1), (3, 2, 0), (3, 2, 1), (3, 3, 1), (3, 4, 1))((1, 3, 2), (2, 3, 2), (3, 3, 2), (3, 3, 3), (4, 3, 2))((0, 4, 3), (1, 4, 3), (2, 3, 3), (2, 4, 3), (3, 4, 3))((0, 3, 0), (0, 3, 1), (0, 3, 2), (0, 3, 3), (0, 4, 1))((0, 1, 2), (0, 2, 0), (0, 2, 1), (0, 2, 2), (0, 2, 3))((1, 3, 0), (2, 3, 0), (2, 3, 1), (3, 3, 0), (4, 3, 0))((0, 4, 0), (1, 4, 0), (1, 4, 1), (2, 4, 0), (3, 4, 0))((0, 4, 2), (1, 4, 2), (2, 4, 1), (2, 4, 2), (3, 4, 2))
249
((0, 0, 0), (0, 0, 1), (0, 0, 2), (0, 0, 3), (1, 0, 2))((0, 0, 4), (0, 1, 3), (0, 1, 4), (0, 2, 4), (0, 3, 4))((0, 4, 4), (1, 4, 4), (2, 3, 4), (2, 4, 4), (3, 4, 4))((4, 1, 4), (4, 2, 4), (4, 3, 3), (4, 3, 4), (4, 4, 4))((4, 3, 1), (4, 4, 0), (4, 4, 1), (4, 4, 2), (4, 4, 3))((1, 0, 4), (1, 1, 4), (1, 2, 4), (1, 3, 4), (2, 2, 4))((3, 0, 3), (4, 0, 1), (4, 0, 2), (4, 0, 3), (4, 0, 4))((3, 0, 4), (3, 1, 4), (3, 2, 3), (3, 2, 4), (3, 3, 4))((2, 0, 1), (2, 0, 2), (2, 0, 3), (2, 0, 4), (3, 0, 2))((3, 2, 2), (4, 2, 0), (4, 2, 1), (4, 2, 2), (4, 2, 3))((1, 0, 0), (2, 0, 0), (3, 0, 0), (3, 0, 1), (4, 0, 0))((1, 0, 3), (1, 1, 2), (1, 1, 3), (1, 2, 3), (1, 3, 3))((3, 1, 2), (4, 1, 0), (4, 1, 1), (4, 1, 2), (4, 1, 3))((2, 1, 1), (2, 1, 2), (2, 1, 3), (2, 1, 4), (3, 1, 3))((1, 2, 2), (2, 2, 0), (2, 2, 1), (2, 2, 2), (2, 2, 3))((0, 1, 0), (1, 1, 0), (1, 2, 0), (2, 1, 0), (3, 1, 0))((0, 1, 1), (1, 0, 1), (1, 1, 1), (1, 2, 1), (1, 3, 1))((1, 3, 0), (2, 3, 0), (3, 2, 0), (3, 3, 0), (4, 3, 0))((1, 3, 2), (2, 3, 2), (3, 3, 2), (3, 3, 3), (4, 3, 2))((0, 4, 3), (1, 4, 3), (2, 3, 3), (2, 4, 3), (3, 4, 3))((2, 3, 1), (3, 1, 1), (3, 2, 1), (3, 3, 1), (3, 4, 1))((0, 3, 0), (0, 3, 1), (0, 3, 2), (0, 3, 3), (0, 4, 1))((0, 1, 2), (0, 2, 0), (0, 2, 1), (0, 2, 2), (0, 2, 3))((0, 4, 2), (1, 4, 2), (2, 4, 1), (2, 4, 2), (3, 4, 2))((0, 4, 0), (1, 4, 0), (1, 4, 1), (2, 4, 0), (3, 4, 0))
250
((0, 0, 0), (0, 0, 1), (0, 0, 2), (0, 0, 3), (1, 0, 2))((0, 0, 4), (0, 1, 3), (0, 1, 4), (0, 2, 4), (0, 3, 4))((0, 4, 4), (1, 4, 4), (2, 3, 4), (2, 4, 4), (3, 4, 4))((4, 1, 4), (4, 2, 4), (4, 3, 3), (4, 3, 4), (4, 4, 4))((4, 3, 1), (4, 4, 0), (4, 4, 1), (4, 4, 2), (4, 4, 3))((1, 0, 4), (1, 1, 4), (1, 2, 4), (1, 3, 4), (2, 2, 4))((3, 0, 3), (4, 0, 1), (4, 0, 2), (4, 0, 3), (4, 0, 4))((3, 0, 4), (3, 1, 4), (3, 2, 3), (3, 2, 4), (3, 3, 4))((2, 0, 1), (2, 0, 2), (2, 0, 3), (2, 0, 4), (3, 0, 2))((3, 2, 2), (4, 2, 0), (4, 2, 1), (4, 2, 2), (4, 2, 3))((1, 0, 0), (2, 0, 0), (3, 0, 0), (3, 0, 1), (4, 0, 0))((1, 0, 3), (1, 1, 2), (1, 1, 3), (1, 2, 3), (1, 3, 3))((3, 1, 2), (4, 1, 0), (4, 1, 1), (4, 1, 2), (4, 1, 3))((2, 1, 1), (2, 1, 2), (2, 1, 3), (2, 1, 4), (3, 1, 3))((1, 2, 2), (2, 2, 0), (2, 2, 1), (2, 2, 2), (2, 2, 3))((0, 1, 0), (1, 1, 0), (1, 2, 0), (2, 1, 0), (3, 1, 0))((0, 1, 1), (1, 0, 1), (1, 1, 1), (1, 2, 1), (1, 3, 1))((1, 3, 0), (2, 3, 0), (3, 2, 0), (3, 3, 0), (4, 3, 0))((1, 3, 2), (2, 3, 2), (3, 3, 2), (3, 3, 3), (4, 3, 2))((0, 4, 3), (1, 4, 3), (2, 3, 3), (2, 4, 3), (3, 4, 3))((2, 3, 1), (3, 1, 1), (3, 2, 1), (3, 3, 1), (3, 4, 1))((0, 3, 0), (0, 3, 1), (0, 3, 2), (0, 3, 3), (0, 4, 1))((0, 1, 2), (0, 2, 0), (0, 2, 1), (0, 2, 2), (0, 2, 3))((0, 4, 2), (1, 4, 1), (1, 4, 2), (2, 4, 2), (3, 4, 2))((0, 4, 0), (1, 4, 0), (2, 4, 0), (2, 4, 1), (3, 4, 0))
251
((0, 0, 0), (0, 0, 1), (0, 0, 2), (0, 0, 3), (1, 0, 2))((0, 0, 4), (0, 1, 3), (0, 1, 4), (0, 2, 4), (0, 3, 4))((0, 4, 4), (1, 4, 4), (2, 3, 4), (2, 4, 4), (3, 4, 4))((4, 1, 4), (4, 2, 4), (4, 3, 3), (4, 3, 4), (4, 4, 4))((4, 3, 1), (4, 4, 0), (4, 4, 1), (4, 4, 2), (4, 4, 3))((1, 0, 4), (1, 1, 4), (1, 2, 4), (1, 3, 4), (2, 2, 4))((3, 0, 2), (4, 0, 1), (4, 0, 2), (4, 0, 3), (4, 0, 4))((2, 1, 4), (3, 0, 4), (3, 1, 4), (3, 2, 4), (3, 3, 4))((2, 0, 1), (2, 0, 2), (2, 0, 3), (2, 0, 4), (2, 1, 3))((1, 0, 3), (1, 1, 3), (1, 2, 3), (1, 3, 3), (2, 2, 3))((3, 0, 3), (3, 1, 3), (3, 2, 3), (3, 3, 3), (4, 2, 3))((4, 1, 0), (4, 1, 1), (4, 1, 2), (4, 1, 3), (4, 2, 2))((1, 0, 0), (2, 0, 0), (3, 0, 0), (3, 0, 1), (4, 0, 0))((0, 4, 3), (1, 4, 3), (2, 3, 3), (2, 4, 3), (3, 4, 3))((1, 3, 2), (2, 3, 2), (3, 2, 2), (3, 3, 2), (4, 3, 2))((0, 4, 2), (1, 4, 2), (2, 4, 1), (2, 4, 2), (3, 4, 2))((0, 1, 2), (1, 1, 2), (2, 1, 2), (2, 2, 2), (3, 1, 2))((0, 3, 0), (0, 3, 1), (0, 3, 2), (0, 3, 3), (0, 4, 1))((0, 2, 0), (0, 2, 1), (0, 2, 2), (0, 2, 3), (1, 2, 2))((0, 4, 0), (1, 4, 0), (1, 4, 1), (2, 4, 0), (3, 4, 0))((1, 3, 0), (2, 3, 0), (2, 3, 1), (3, 3, 0), (4, 3, 0))((3, 1, 1), (3, 2, 1), (3, 3, 1), (3, 4, 1), (4, 2, 1))((0, 1, 1), (1, 0, 1), (1, 1, 1), (1, 2, 1), (1, 3, 1))((0, 1, 0), (1, 1, 0), (2, 1, 0), (2, 1, 1), (3, 1, 0))((1, 2, 0), (2, 2, 0), (2, 2, 1), (3, 2, 0), (4, 2, 0))
252
((0, 0, 0), (0, 0, 1), (0, 0, 2), (0, 0, 3), (1, 0, 2))((0, 0, 4), (0, 1, 3), (0, 1, 4), (0, 2, 4), (0, 3, 4))((0, 4, 4), (1, 4, 4), (2, 3, 4), (2, 4, 4), (3, 4, 4))((4, 1, 4), (4, 2, 4), (4, 3, 3), (4, 3, 4), (4, 4, 4))((4, 3, 1), (4, 4, 0), (4, 4, 1), (4, 4, 2), (4, 4, 3))((1, 0, 4), (1, 1, 4), (1, 2, 4), (1, 3, 4), (2, 2, 4))((3, 0, 2), (4, 0, 1), (4, 0, 2), (4, 0, 3), (4, 0, 4))((2, 1, 4), (3, 0, 4), (3, 1, 4), (3, 2, 4), (3, 3, 4))((2, 0, 1), (2, 0, 2), (2, 0, 3), (2, 0, 4), (2, 1, 3))((1, 0, 3), (1, 1, 3), (1, 2, 3), (1, 3, 3), (2, 2, 3))((3, 0, 3), (3, 1, 3), (3, 2, 3), (3, 3, 3), (4, 2, 3))((4, 1, 0), (4, 1, 1), (4, 1, 2), (4, 1, 3), (4, 2, 2))((1, 0, 0), (2, 0, 0), (3, 0, 0), (3, 0, 1), (4, 0, 0))((0, 4, 3), (1, 4, 3), (2, 3, 3), (2, 4, 3), (3, 4, 3))((1, 3, 2), (2, 3, 2), (3, 2, 2), (3, 3, 2), (4, 3, 2))((0, 4, 2), (1, 4, 2), (2, 4, 1), (2, 4, 2), (3, 4, 2))((0, 1, 2), (1, 1, 2), (2, 1, 2), (2, 2, 2), (3, 1, 2))((0, 3, 0), (0, 3, 1), (0, 3, 2), (0, 3, 3), (0, 4, 1))((0, 1, 1), (0, 2, 0), (0, 2, 1), (0, 2, 2), (0, 2, 3))((1, 0, 1), (1, 1, 1), (1, 2, 1), (1, 2, 2), (1, 3, 1))((0, 1, 0), (1, 1, 0), (2, 1, 0), (2, 1, 1), (3, 1, 0))((3, 1, 1), (3, 2, 1), (3, 3, 1), (3, 4, 1), (4, 2, 1))((1, 2, 0), (2, 2, 0), (2, 2, 1), (3, 2, 0), (4, 2, 0))((1, 3, 0), (2, 3, 0), (2, 3, 1), (3, 3, 0), (4, 3, 0))((0, 4, 0), (1, 4, 0), (1, 4, 1), (2, 4, 0), (3, 4, 0))
253
((0, 0, 0), (0, 0, 1), (0, 0, 2), (0, 0, 3), (1, 0, 2))((0, 0, 4), (0, 1, 3), (0, 1, 4), (0, 2, 4), (0, 3, 4))((0, 4, 4), (1, 4, 4), (2, 3, 4), (2, 4, 4), (3, 4, 4))((4, 1, 4), (4, 2, 4), (4, 3, 3), (4, 3, 4), (4, 4, 4))((4, 3, 1), (4, 4, 0), (4, 4, 1), (4, 4, 2), (4, 4, 3))((1, 0, 4), (1, 1, 4), (1, 2, 4), (1, 3, 4), (2, 2, 4))((3, 0, 2), (4, 0, 1), (4, 0, 2), (4, 0, 3), (4, 0, 4))((2, 1, 4), (3, 0, 4), (3, 1, 4), (3, 2, 4), (3, 3, 4))((2, 0, 1), (2, 0, 2), (2, 0, 3), (2, 0, 4), (2, 1, 3))((1, 0, 3), (1, 1, 3), (1, 2, 3), (1, 3, 3), (2, 2, 3))((3, 0, 3), (3, 1, 3), (3, 2, 3), (3, 3, 3), (4, 2, 3))((4, 1, 0), (4, 1, 1), (4, 1, 2), (4, 1, 3), (4, 2, 2))((1, 0, 0), (2, 0, 0), (3, 0, 0), (3, 0, 1), (4, 0, 0))((0, 4, 3), (1, 4, 3), (2, 3, 3), (2, 4, 3), (3, 4, 3))((1, 3, 2), (2, 3, 2), (3, 2, 2), (3, 3, 2), (4, 3, 2))((0, 4, 2), (1, 4, 1), (1, 4, 2), (2, 4, 2), (3, 4, 2))((1, 0, 1), (1, 1, 1), (1, 2, 1), (1, 2, 2), (1, 3, 1))((3, 1, 1), (3, 2, 1), (3, 3, 1), (3, 4, 1), (4, 2, 1))((0, 1, 2), (1, 1, 2), (2, 1, 2), (2, 2, 2), (3, 1, 2))((0, 1, 0), (1, 1, 0), (2, 1, 0), (2, 1, 1), (3, 1, 0))((0, 4, 0), (1, 4, 0), (2, 4, 0), (2, 4, 1), (3, 4, 0))((1, 3, 0), (2, 3, 0), (2, 3, 1), (3, 3, 0), (4, 3, 0))((1, 2, 0), (2, 2, 0), (2, 2, 1), (3, 2, 0), (4, 2, 0))((0, 1, 1), (0, 2, 0), (0, 2, 1), (0, 2, 2), (0, 2, 3))((0, 3, 0), (0, 3, 1), (0, 3, 2), (0, 3, 3), (0, 4, 1))
254
((0, 0, 0), (0, 0, 1), (0, 0, 2), (0, 0, 3), (1, 0, 2))((0, 0, 4), (0, 1, 3), (0, 1, 4), (0, 2, 4), (0, 3, 4))((0, 4, 4), (1, 4, 4), (2, 3, 4), (2, 4, 4), (3, 4, 4))((4, 1, 4), (4, 2, 4), (4, 3, 3), (4, 3, 4), (4, 4, 4))((4, 3, 1), (4, 4, 0), (4, 4, 1), (4, 4, 2), (4, 4, 3))((1, 0, 4), (1, 1, 4), (1, 2, 4), (1, 3, 4), (2, 2, 4))((3, 0, 2), (4, 0, 1), (4, 0, 2), (4, 0, 3), (4, 0, 4))((2, 1, 4), (3, 0, 4), (3, 1, 4), (3, 2, 4), (3, 3, 4))((2, 0, 1), (2, 0, 2), (2, 0, 3), (2, 0, 4), (2, 1, 3))((1, 0, 3), (1, 1, 3), (1, 2, 3), (1, 3, 3), (2, 2, 3))((3, 0, 3), (3, 1, 3), (3, 2, 3), (3, 3, 3), (4, 2, 3))((4, 1, 0), (4, 1, 1), (4, 1, 2), (4, 1, 3), (4, 2, 2))((1, 0, 0), (2, 0, 0), (3, 0, 0), (3, 0, 1), (4, 0, 0))((0, 4, 3), (1, 4, 3), (2, 3, 3), (2, 4, 3), (3, 4, 3))((1, 3, 2), (2, 3, 2), (3, 2, 2), (3, 3, 2), (4, 3, 2))((0, 4, 2), (1, 4, 1), (1, 4, 2), (2, 4, 2), (3, 4, 2))((0, 2, 0), (0, 2, 1), (0, 2, 2), (0, 2, 3), (1, 2, 2))((0, 3, 0), (0, 3, 1), (0, 3, 2), (0, 3, 3), (0, 4, 1))((0, 4, 0), (1, 4, 0), (2, 4, 0), (2, 4, 1), (3, 4, 0))((0, 1, 2), (1, 1, 2), (2, 1, 2), (2, 2, 2), (3, 1, 2))((1, 3, 0), (2, 3, 0), (2, 3, 1), (3, 3, 0), (4, 3, 0))((3, 1, 1), (3, 2, 1), (3, 3, 1), (3, 4, 1), (4, 2, 1))((0, 1, 1), (1, 0, 1), (1, 1, 1), (1, 2, 1), (1, 3, 1))((0, 1, 0), (1, 1, 0), (2, 1, 0), (2, 1, 1), (3, 1, 0))((1, 2, 0), (2, 2, 0), (2, 2, 1), (3, 2, 0), (4, 2, 0))
255
((0, 0, 0), (0, 0, 1), (0, 0, 2), (0, 0, 3), (1, 0, 2))((0, 0, 4), (0, 1, 3), (0, 1, 4), (0, 2, 4), (0, 3, 4))((0, 4, 4), (1, 4, 4), (2, 3, 4), (2, 4, 4), (3, 4, 4))((4, 1, 4), (4, 2, 4), (4, 3, 3), (4, 3, 4), (4, 4, 4))((4, 3, 1), (4, 4, 0), (4, 4, 1), (4, 4, 2), (4, 4, 3))((1, 0, 4), (1, 1, 4), (1, 2, 4), (1, 3, 4), (2, 2, 4))((3, 0, 2), (4, 0, 1), (4, 0, 2), (4, 0, 3), (4, 0, 4))((3, 0, 4), (3, 1, 4), (3, 2, 3), (3, 2, 4), (3, 3, 4))((2, 0, 1), (2, 0, 2), (2, 0, 3), (2, 0, 4), (3, 0, 3))((3, 2, 2), (4, 2, 0), (4, 2, 1), (4, 2, 2), (4, 2, 3))((1, 0, 0), (2, 0, 0), (3, 0, 0), (3, 0, 1), (4, 0, 0))((1, 0, 3), (1, 1, 2), (1, 1, 3), (1, 2, 3), (1, 3, 3))((3, 1, 2), (4, 1, 0), (4, 1, 1), (4, 1, 2), (4, 1, 3))((2, 1, 1), (2, 1, 2), (2, 1, 3), (2, 1, 4), (3, 1, 3))((1, 2, 2), (2, 2, 0), (2, 2, 1), (2, 2, 2), (2, 2, 3))((0, 1, 0), (1, 1, 0), (1, 2, 0), (2, 1, 0), (3, 1, 0))((0, 1, 1), (1, 0, 1), (1, 1, 1), (1, 2, 1), (1, 3, 1))((3, 1, 1), (3, 2, 0), (3, 2, 1), (3, 3, 1), (3, 4, 1))((1, 3, 2), (2, 3, 2), (3, 3, 2), (3, 3, 3), (4, 3, 2))((0, 4, 3), (1, 4, 3), (2, 3, 3), (2, 4, 3), (3, 4, 3))((0, 3, 0), (0, 3, 1), (0, 3, 2), (0, 3, 3), (0, 4, 1))((0, 1, 2), (0, 2, 0), (0, 2, 1), (0, 2, 2), (0, 2, 3))((1, 3, 0), (2, 3, 0), (2, 3, 1), (3, 3, 0), (4, 3, 0))((0, 4, 0), (1, 4, 0), (2, 4, 0), (2, 4, 1), (3, 4, 0))((0, 4, 2), (1, 4, 1), (1, 4, 2), (2, 4, 2), (3, 4, 2))
256
((0, 0, 0), (0, 0, 1), (0, 0, 2), (0, 0, 3), (1, 0, 2))((0, 0, 4), (0, 1, 3), (0, 1, 4), (0, 2, 4), (0, 3, 4))((0, 4, 4), (1, 4, 4), (2, 3, 4), (2, 4, 4), (3, 4, 4))((4, 1, 4), (4, 2, 4), (4, 3, 3), (4, 3, 4), (4, 4, 4))((4, 3, 1), (4, 4, 0), (4, 4, 1), (4, 4, 2), (4, 4, 3))((1, 0, 4), (1, 1, 4), (1, 2, 4), (1, 3, 4), (2, 2, 4))((3, 0, 2), (4, 0, 1), (4, 0, 2), (4, 0, 3), (4, 0, 4))((3, 0, 4), (3, 1, 4), (3, 2, 3), (3, 2, 4), (3, 3, 4))((2, 0, 1), (2, 0, 2), (2, 0, 3), (2, 0, 4), (3, 0, 3))((3, 2, 2), (4, 2, 0), (4, 2, 1), (4, 2, 2), (4, 2, 3))((1, 0, 0), (2, 0, 0), (3, 0, 0), (3, 0, 1), (4, 0, 0))((1, 0, 3), (1, 1, 2), (1, 1, 3), (1, 2, 3), (1, 3, 3))((3, 1, 2), (4, 1, 0), (4, 1, 1), (4, 1, 2), (4, 1, 3))((2, 1, 1), (2, 1, 2), (2, 1, 3), (2, 1, 4), (3, 1, 3))((1, 2, 2), (2, 2, 0), (2, 2, 1), (2, 2, 2), (2, 2, 3))((0, 1, 0), (1, 1, 0), (1, 2, 0), (2, 1, 0), (3, 1, 0))((0, 1, 1), (1, 0, 1), (1, 1, 1), (1, 2, 1), (1, 3, 1))((3, 1, 1), (3, 2, 0), (3, 2, 1), (3, 3, 1), (3, 4, 1))((1, 3, 2), (2, 3, 2), (3, 3, 2), (3, 3, 3), (4, 3, 2))((0, 4, 3), (1, 4, 3), (2, 3, 3), (2, 4, 3), (3, 4, 3))((0, 3, 0), (0, 3, 1), (0, 3, 2), (0, 3, 3), (0, 4, 1))((0, 1, 2), (0, 2, 0), (0, 2, 1), (0, 2, 2), (0, 2, 3))((1, 3, 0), (2, 3, 0), (2, 3, 1), (3, 3, 0), (4, 3, 0))((0, 4, 0), (1, 4, 0), (1, 4, 1), (2, 4, 0), (3, 4, 0))((0, 4, 2), (1, 4, 2), (2, 4, 1), (2, 4, 2), (3, 4, 2))
257
((0, 0, 0), (0, 0, 1), (0, 0, 2), (0, 0, 3), (1, 0, 2))((0, 0, 4), (0, 1, 3), (0, 1, 4), (0, 2, 4), (0, 3, 4))((0, 4, 4), (1, 4, 4), (2, 3, 4), (2, 4, 4), (3, 4, 4))((4, 1, 4), (4, 2, 4), (4, 3, 3), (4, 3, 4), (4, 4, 4))((4, 3, 1), (4, 4, 0), (4, 4, 1), (4, 4, 2), (4, 4, 3))((1, 0, 4), (1, 1, 4), (1, 2, 4), (1, 3, 4), (2, 2, 4))((3, 0, 2), (4, 0, 1), (4, 0, 2), (4, 0, 3), (4, 0, 4))((3, 0, 4), (3, 1, 4), (3, 2, 3), (3, 2, 4), (3, 3, 4))((2, 0, 1), (2, 0, 2), (2, 0, 3), (2, 0, 4), (3, 0, 3))((3, 2, 2), (4, 2, 0), (4, 2, 1), (4, 2, 2), (4, 2, 3))((1, 0, 0), (2, 0, 0), (3, 0, 0), (3, 0, 1), (4, 0, 0))((1, 0, 3), (1, 1, 2), (1, 1, 3), (1, 2, 3), (1, 3, 3))((3, 1, 2), (4, 1, 0), (4, 1, 1), (4, 1, 2), (4, 1, 3))((2, 1, 1), (2, 1, 2), (2, 1, 3), (2, 1, 4), (3, 1, 3))((1, 2, 2), (2, 2, 0), (2, 2, 1), (2, 2, 2), (2, 2, 3))((0, 1, 0), (1, 1, 0), (1, 2, 0), (2, 1, 0), (3, 1, 0))((0, 1, 1), (1, 0, 1), (1, 1, 1), (1, 2, 1), (1, 3, 1))((1, 3, 0), (2, 3, 0), (3, 2, 0), (3, 3, 0), (4, 3, 0))((1, 3, 2), (2, 3, 2), (3, 3, 2), (3, 3, 3), (4, 3, 2))((0, 4, 3), (1, 4, 3), (2, 3, 3), (2, 4, 3), (3, 4, 3))((2, 3, 1), (3, 1, 1), (3, 2, 1), (3, 3, 1), (3, 4, 1))((0, 3, 0), (0, 3, 1), (0, 3, 2), (0, 3, 3), (0, 4, 1))((0, 1, 2), (0, 2, 0), (0, 2, 1), (0, 2, 2), (0, 2, 3))((0, 4, 2), (1, 4, 2), (2, 4, 1), (2, 4, 2), (3, 4, 2))((0, 4, 0), (1, 4, 0), (1, 4, 1), (2, 4, 0), (3, 4, 0))
258
((0, 0, 0), (0, 0, 1), (0, 0, 2), (0, 0, 3), (1, 0, 2))((0, 0, 4), (0, 1, 3), (0, 1, 4), (0, 2, 4), (0, 3, 4))((0, 4, 4), (1, 4, 4), (2, 3, 4), (2, 4, 4), (3, 4, 4))((4, 1, 4), (4, 2, 4), (4, 3, 3), (4, 3, 4), (4, 4, 4))((4, 3, 1), (4, 4, 0), (4, 4, 1), (4, 4, 2), (4, 4, 3))((1, 0, 4), (1, 1, 4), (1, 2, 4), (1, 3, 4), (2, 2, 4))((3, 0, 2), (4, 0, 1), (4, 0, 2), (4, 0, 3), (4, 0, 4))((3, 0, 4), (3, 1, 4), (3, 2, 3), (3, 2, 4), (3, 3, 4))((2, 0, 1), (2, 0, 2), (2, 0, 3), (2, 0, 4), (3, 0, 3))((3, 2, 2), (4, 2, 0), (4, 2, 1), (4, 2, 2), (4, 2, 3))((1, 0, 0), (2, 0, 0), (3, 0, 0), (3, 0, 1), (4, 0, 0))((1, 0, 3), (1, 1, 2), (1, 1, 3), (1, 2, 3), (1, 3, 3))((3, 1, 2), (4, 1, 0), (4, 1, 1), (4, 1, 2), (4, 1, 3))((2, 1, 1), (2, 1, 2), (2, 1, 3), (2, 1, 4), (3, 1, 3))((1, 2, 2), (2, 2, 0), (2, 2, 1), (2, 2, 2), (2, 2, 3))((0, 1, 0), (1, 1, 0), (1, 2, 0), (2, 1, 0), (3, 1, 0))((0, 1, 1), (1, 0, 1), (1, 1, 1), (1, 2, 1), (1, 3, 1))((1, 3, 0), (2, 3, 0), (3, 2, 0), (3, 3, 0), (4, 3, 0))((1, 3, 2), (2, 3, 2), (3, 3, 2), (3, 3, 3), (4, 3, 2))((0, 4, 3), (1, 4, 3), (2, 3, 3), (2, 4, 3), (3, 4, 3))((2, 3, 1), (3, 1, 1), (3, 2, 1), (3, 3, 1), (3, 4, 1))((0, 3, 0), (0, 3, 1), (0, 3, 2), (0, 3, 3), (0, 4, 1))((0, 1, 2), (0, 2, 0), (0, 2, 1), (0, 2, 2), (0, 2, 3))((0, 4, 2), (1, 4, 1), (1, 4, 2), (2, 4, 2), (3, 4, 2))((0, 4, 0), (1, 4, 0), (2, 4, 0), (2, 4, 1), (3, 4, 0))
259
((0, 0, 0), (0, 0, 1), (0, 0, 2), (0, 0, 3), (1, 0, 2))((0, 0, 4), (0, 1, 3), (0, 1, 4), (0, 2, 4), (0, 3, 4))((0, 4, 4), (1, 4, 4), (2, 3, 4), (2, 4, 4), (3, 4, 4))((4, 1, 4), (4, 2, 4), (4, 3, 3), (4, 3, 4), (4, 4, 4))((4, 3, 1), (4, 4, 0), (4, 4, 1), (4, 4, 2), (4, 4, 3))((1, 0, 4), (1, 1, 4), (1, 2, 4), (1, 3, 4), (2, 1, 4))((3, 0, 2), (4, 0, 1), (4, 0, 2), (4, 0, 3), (4, 0, 4))((2, 2, 4), (3, 0, 4), (3, 1, 4), (3, 2, 4), (3, 3, 4))((2, 0, 1), (2, 0, 2), (2, 0, 3), (2, 0, 4), (2, 1, 3))((1, 0, 3), (1, 1, 3), (1, 2, 3), (1, 3, 3), (2, 2, 3))((3, 0, 3), (3, 1, 3), (3, 2, 3), (3, 3, 3), (4, 2, 3))((4, 1, 0), (4, 1, 1), (4, 1, 2), (4, 1, 3), (4, 2, 2))((1, 0, 0), (2, 0, 0), (3, 0, 0), (3, 0, 1), (4, 0, 0))((0, 4, 3), (1, 4, 3), (2, 3, 3), (2, 4, 3), (3, 4, 3))((1, 3, 2), (2, 3, 2), (3, 2, 2), (3, 3, 2), (4, 3, 2))((0, 4, 2), (1, 4, 2), (2, 4, 1), (2, 4, 2), (3, 4, 2))((0, 1, 2), (1, 1, 2), (2, 1, 2), (2, 2, 2), (3, 1, 2))((0, 3, 0), (0, 3, 1), (0, 3, 2), (0, 3, 3), (0, 4, 1))((0, 2, 0), (0, 2, 1), (0, 2, 2), (0, 2, 3), (1, 2, 2))((0, 4, 0), (1, 4, 0), (1, 4, 1), (2, 4, 0), (3, 4, 0))((1, 3, 0), (2, 3, 0), (2, 3, 1), (3, 3, 0), (4, 3, 0))((3, 1, 1), (3, 2, 1), (3, 3, 1), (3, 4, 1), (4, 2, 1))((0, 1, 1), (1, 0, 1), (1, 1, 1), (1, 2, 1), (1, 3, 1))((0, 1, 0), (1, 1, 0), (2, 1, 0), (2, 1, 1), (3, 1, 0))((1, 2, 0), (2, 2, 0), (2, 2, 1), (3, 2, 0), (4, 2, 0))
260
((0, 0, 0), (0, 0, 1), (0, 0, 2), (0, 0, 3), (1, 0, 2))((0, 0, 4), (0, 1, 3), (0, 1, 4), (0, 2, 4), (0, 3, 4))((0, 4, 4), (1, 4, 4), (2, 3, 4), (2, 4, 4), (3, 4, 4))((4, 1, 4), (4, 2, 4), (4, 3, 3), (4, 3, 4), (4, 4, 4))((4, 3, 1), (4, 4, 0), (4, 4, 1), (4, 4, 2), (4, 4, 3))((1, 0, 4), (1, 1, 4), (1, 2, 4), (1, 3, 4), (2, 1, 4))((3, 0, 2), (4, 0, 1), (4, 0, 2), (4, 0, 3), (4, 0, 4))((2, 2, 4), (3, 0, 4), (3, 1, 4), (3, 2, 4), (3, 3, 4))((2, 0, 1), (2, 0, 2), (2, 0, 3), (2, 0, 4), (2, 1, 3))((1, 0, 3), (1, 1, 3), (1, 2, 3), (1, 3, 3), (2, 2, 3))((3, 0, 3), (3, 1, 3), (3, 2, 3), (3, 3, 3), (4, 2, 3))((4, 1, 0), (4, 1, 1), (4, 1, 2), (4, 1, 3), (4, 2, 2))((1, 0, 0), (2, 0, 0), (3, 0, 0), (3, 0, 1), (4, 0, 0))((0, 4, 3), (1, 4, 3), (2, 3, 3), (2, 4, 3), (3, 4, 3))((1, 3, 2), (2, 3, 2), (3, 2, 2), (3, 3, 2), (4, 3, 2))((0, 4, 2), (1, 4, 2), (2, 4, 1), (2, 4, 2), (3, 4, 2))((0, 1, 2), (1, 1, 2), (2, 1, 2), (2, 2, 2), (3, 1, 2))((0, 3, 0), (0, 3, 1), (0, 3, 2), (0, 3, 3), (0, 4, 1))((0, 1, 1), (0, 2, 0), (0, 2, 1), (0, 2, 2), (0, 2, 3))((1, 0, 1), (1, 1, 1), (1, 2, 1), (1, 2, 2), (1, 3, 1))((0, 1, 0), (1, 1, 0), (2, 1, 0), (2, 1, 1), (3, 1, 0))((3, 1, 1), (3, 2, 1), (3, 3, 1), (3, 4, 1), (4, 2, 1))((1, 2, 0), (2, 2, 0), (2, 2, 1), (3, 2, 0), (4, 2, 0))((1, 3, 0), (2, 3, 0), (2, 3, 1), (3, 3, 0), (4, 3, 0))((0, 4, 0), (1, 4, 0), (1, 4, 1), (2, 4, 0), (3, 4, 0))
261
((0, 0, 0), (0, 0, 1), (0, 0, 2), (0, 0, 3), (1, 0, 2))((0, 0, 4), (0, 1, 3), (0, 1, 4), (0, 2, 4), (0, 3, 4))((0, 4, 4), (1, 4, 4), (2, 3, 4), (2, 4, 4), (3, 4, 4))((4, 1, 4), (4, 2, 4), (4, 3, 3), (4, 3, 4), (4, 4, 4))((4, 3, 1), (4, 4, 0), (4, 4, 1), (4, 4, 2), (4, 4, 3))((1, 0, 4), (1, 1, 4), (1, 2, 4), (1, 3, 4), (2, 1, 4))((3, 0, 2), (4, 0, 1), (4, 0, 2), (4, 0, 3), (4, 0, 4))((2, 2, 4), (3, 0, 4), (3, 1, 4), (3, 2, 4), (3, 3, 4))((2, 0, 1), (2, 0, 2), (2, 0, 3), (2, 0, 4), (2, 1, 3))((1, 0, 3), (1, 1, 3), (1, 2, 3), (1, 3, 3), (2, 2, 3))((3, 0, 3), (3, 1, 3), (3, 2, 3), (3, 3, 3), (4, 2, 3))((4, 1, 0), (4, 1, 1), (4, 1, 2), (4, 1, 3), (4, 2, 2))((1, 0, 0), (2, 0, 0), (3, 0, 0), (3, 0, 1), (4, 0, 0))((0, 4, 3), (1, 4, 3), (2, 3, 3), (2, 4, 3), (3, 4, 3))((1, 3, 2), (2, 3, 2), (3, 2, 2), (3, 3, 2), (4, 3, 2))((0, 4, 2), (1, 4, 1), (1, 4, 2), (2, 4, 2), (3, 4, 2))((1, 0, 1), (1, 1, 1), (1, 2, 1), (1, 2, 2), (1, 3, 1))((3, 1, 1), (3, 2, 1), (3, 3, 1), (3, 4, 1), (4, 2, 1))((0, 1, 2), (1, 1, 2), (2, 1, 2), (2, 2, 2), (3, 1, 2))((0, 1, 0), (1, 1, 0), (2, 1, 0), (2, 1, 1), (3, 1, 0))((0, 4, 0), (1, 4, 0), (2, 4, 0), (2, 4, 1), (3, 4, 0))((1, 3, 0), (2, 3, 0), (2, 3, 1), (3, 3, 0), (4, 3, 0))((1, 2, 0), (2, 2, 0), (2, 2, 1), (3, 2, 0), (4, 2, 0))((0, 1, 1), (0, 2, 0), (0, 2, 1), (0, 2, 2), (0, 2, 3))((0, 3, 0), (0, 3, 1), (0, 3, 2), (0, 3, 3), (0, 4, 1))
262
((0, 0, 0), (0, 0, 1), (0, 0, 2), (0, 0, 3), (1, 0, 2))((0, 0, 4), (0, 1, 3), (0, 1, 4), (0, 2, 4), (0, 3, 4))((0, 4, 4), (1, 4, 4), (2, 3, 4), (2, 4, 4), (3, 4, 4))((4, 1, 4), (4, 2, 4), (4, 3, 3), (4, 3, 4), (4, 4, 4))((4, 3, 1), (4, 4, 0), (4, 4, 1), (4, 4, 2), (4, 4, 3))((1, 0, 4), (1, 1, 4), (1, 2, 4), (1, 3, 4), (2, 1, 4))((3, 0, 2), (4, 0, 1), (4, 0, 2), (4, 0, 3), (4, 0, 4))((2, 2, 4), (3, 0, 4), (3, 1, 4), (3, 2, 4), (3, 3, 4))((2, 0, 1), (2, 0, 2), (2, 0, 3), (2, 0, 4), (2, 1, 3))((1, 0, 3), (1, 1, 3), (1, 2, 3), (1, 3, 3), (2, 2, 3))((3, 0, 3), (3, 1, 3), (3, 2, 3), (3, 3, 3), (4, 2, 3))((4, 1, 0), (4, 1, 1), (4, 1, 2), (4, 1, 3), (4, 2, 2))((1, 0, 0), (2, 0, 0), (3, 0, 0), (3, 0, 1), (4, 0, 0))((0, 4, 3), (1, 4, 3), (2, 3, 3), (2, 4, 3), (3, 4, 3))((1, 3, 2), (2, 3, 2), (3, 2, 2), (3, 3, 2), (4, 3, 2))((0, 4, 2), (1, 4, 1), (1, 4, 2), (2, 4, 2), (3, 4, 2))((0, 2, 0), (0, 2, 1), (0, 2, 2), (0, 2, 3), (1, 2, 2))((0, 3, 0), (0, 3, 1), (0, 3, 2), (0, 3, 3), (0, 4, 1))((0, 4, 0), (1, 4, 0), (2, 4, 0), (2, 4, 1), (3, 4, 0))((0, 1, 2), (1, 1, 2), (2, 1, 2), (2, 2, 2), (3, 1, 2))((1, 3, 0), (2, 3, 0), (2, 3, 1), (3, 3, 0), (4, 3, 0))((3, 1, 1), (3, 2, 1), (3, 3, 1), (3, 4, 1), (4, 2, 1))((0, 1, 1), (1, 0, 1), (1, 1, 1), (1, 2, 1), (1, 3, 1))((0, 1, 0), (1, 1, 0), (2, 1, 0), (2, 1, 1), (3, 1, 0))((1, 2, 0), (2, 2, 0), (2, 2, 1), (3, 2, 0), (4, 2, 0))
263
((0, 0, 0), (0, 0, 1), (0, 0, 2), (0, 0, 3), (1, 0, 2))((0, 0, 4), (0, 1, 3), (0, 1, 4), (0, 2, 4), (0, 3, 4))((0, 4, 4), (1, 4, 4), (2, 3, 4), (2, 4, 4), (3, 4, 4))((4, 1, 4), (4, 2, 4), (4, 3, 3), (4, 3, 4), (4, 4, 4))((3, 4, 1), (4, 4, 0), (4, 4, 1), (4, 4, 2), (4, 4, 3))((1, 0, 4), (1, 1, 4), (1, 2, 4), (1, 3, 4), (2, 2, 4))((3, 0, 3), (4, 0, 1), (4, 0, 2), (4, 0, 3), (4, 0, 4))((3, 0, 4), (3, 1, 3), (3, 1, 4), (3, 2, 4), (3, 3, 4))((3, 1, 2), (4, 1, 0), (4, 1, 1), (4, 1, 2), (4, 1, 3))((2, 0, 1), (2, 0, 2), (2, 0, 3), (2, 0, 4), (3, 0, 2))((1, 0, 0), (2, 0, 0), (3, 0, 0), (3, 0, 1), (4, 0, 0))((0, 4, 3), (1, 4, 3), (2, 3, 3), (2, 4, 3), (3, 4, 3))((1, 1, 2), (2, 1, 1), (2, 1, 2), (2, 1, 3), (2, 1, 4))((3, 1, 1), (3, 2, 0), (3, 2, 1), (3, 2, 2), (3, 2, 3))((4, 2, 0), (4, 2, 1), (4, 2, 2), (4, 2, 3), (4, 3, 1))((0, 1, 0), (1, 1, 0), (1, 2, 0), (2, 1, 0), (3, 1, 0))((0, 4, 2), (1, 4, 2), (2, 4, 1), (2, 4, 2), (3, 4, 2))((0, 1, 2), (0, 2, 0), (0, 2, 1), (0, 2, 2), (0, 2, 3))((0, 1, 1), (1, 0, 1), (1, 1, 1), (1, 2, 1), (1, 3, 1))((0, 3, 0), (0, 3, 1), (0, 3, 2), (0, 3, 3), (0, 4, 1))((0, 4, 0), (1, 4, 0), (1, 4, 1), (2, 4, 0), (3, 4, 0))((1, 0, 3), (1, 1, 3), (1, 2, 2), (1, 2, 3), (1, 3, 3))((2, 2, 0), (2, 2, 1), (2, 2, 2), (2, 2, 3), (2, 3, 1))((1, 3, 0), (2, 3, 0), (3, 3, 0), (3, 3, 1), (4, 3, 0))((1, 3, 2), (2, 3, 2), (3, 3, 2), (3, 3, 3), (4, 3, 2))
264
((0, 0, 0), (0, 0, 1), (0, 0, 2), (0, 0, 3), (1, 0, 2))((0, 0, 4), (0, 1, 3), (0, 1, 4), (0, 2, 4), (0, 3, 4))((0, 4, 4), (1, 4, 4), (2, 3, 4), (2, 4, 4), (3, 4, 4))((4, 1, 4), (4, 2, 4), (4, 3, 3), (4, 3, 4), (4, 4, 4))((3, 4, 1), (4, 4, 0), (4, 4, 1), (4, 4, 2), (4, 4, 3))((1, 0, 4), (1, 1, 4), (1, 2, 4), (1, 3, 4), (2, 2, 4))((3, 0, 3), (4, 0, 1), (4, 0, 2), (4, 0, 3), (4, 0, 4))((3, 0, 4), (3, 1, 3), (3, 1, 4), (3, 2, 4), (3, 3, 4))((3, 1, 2), (4, 1, 0), (4, 1, 1), (4, 1, 2), (4, 1, 3))((2, 0, 1), (2, 0, 2), (2, 0, 3), (2, 0, 4), (3, 0, 2))((1, 0, 0), (2, 0, 0), (3, 0, 0), (3, 0, 1), (4, 0, 0))((0, 4, 3), (1, 4, 3), (2, 3, 3), (2, 4, 3), (3, 4, 3))((1, 1, 2), (2, 1, 1), (2, 1, 2), (2, 1, 3), (2, 1, 4))((3, 1, 1), (3, 2, 0), (3, 2, 1), (3, 2, 2), (3, 2, 3))((4, 2, 0), (4, 2, 1), (4, 2, 2), (4, 2, 3), (4, 3, 1))((0, 1, 0), (1, 1, 0), (1, 2, 0), (2, 1, 0), (3, 1, 0))((0, 4, 0), (1, 4, 0), (2, 4, 0), (2, 4, 1), (3, 4, 0))((1, 3, 0), (2, 3, 0), (3, 3, 0), (3, 3, 1), (4, 3, 0))((1, 3, 2), (2, 3, 2), (3, 3, 2), (3, 3, 3), (4, 3, 2))((0, 4, 2), (1, 4, 1), (1, 4, 2), (2, 4, 2), (3, 4, 2))((0, 1, 2), (0, 2, 0), (0, 2, 1), (0, 2, 2), (0, 2, 3))((0, 3, 0), (0, 3, 1), (0, 3, 2), (0, 3, 3), (0, 4, 1))((0, 1, 1), (1, 0, 1), (1, 1, 1), (1, 2, 1), (1, 3, 1))((2, 2, 0), (2, 2, 1), (2, 2, 2), (2, 2, 3), (2, 3, 1))((1, 0, 3), (1, 1, 3), (1, 2, 2), (1, 2, 3), (1, 3, 3))
265
((0, 0, 0), (0, 0, 1), (0, 0, 2), (0, 0, 3), (1, 0, 2))((0, 0, 4), (0, 1, 3), (0, 1, 4), (0, 2, 4), (0, 3, 4))((0, 4, 4), (1, 4, 4), (2, 3, 4), (2, 4, 4), (3, 4, 4))((4, 1, 4), (4, 2, 4), (4, 3, 3), (4, 3, 4), (4, 4, 4))((3, 4, 1), (4, 4, 0), (4, 4, 1), (4, 4, 2), (4, 4, 3))((1, 0, 4), (1, 1, 4), (1, 2, 4), (1, 3, 4), (2, 2, 4))((3, 0, 3), (4, 0, 1), (4, 0, 2), (4, 0, 3), (4, 0, 4))((3, 0, 4), (3, 1, 3), (3, 1, 4), (3, 2, 4), (3, 3, 4))((3, 1, 1), (4, 1, 0), (4, 1, 1), (4, 1, 2), (4, 1, 3))((1, 0, 0), (2, 0, 0), (3, 0, 0), (3, 0, 1), (4, 0, 0))((0, 4, 3), (1, 4, 3), (2, 3, 3), (2, 4, 3), (3, 4, 3))((2, 0, 1), (2, 0, 2), (2, 0, 3), (2, 0, 4), (3, 0, 2))((2, 1, 1), (2, 1, 2), (2, 1, 3), (2, 1, 4), (3, 1, 2))((0, 4, 2), (1, 4, 2), (2, 4, 1), (2, 4, 2), (3, 4, 2))((0, 1, 2), (0, 2, 0), (0, 2, 1), (0, 2, 2), (0, 2, 3))((0, 3, 0), (0, 3, 1), (0, 3, 2), (0, 3, 3), (0, 4, 1))((0, 1, 1), (1, 0, 1), (1, 1, 1), (1, 2, 1), (1, 3, 1))((0, 4, 0), (1, 4, 0), (1, 4, 1), (2, 4, 0), (3, 4, 0))((1, 0, 3), (1, 1, 2), (1, 1, 3), (1, 2, 3), (1, 3, 3))((0, 1, 0), (1, 1, 0), (1, 2, 0), (2, 1, 0), (3, 1, 0))((4, 2, 0), (4, 2, 1), (4, 2, 2), (4, 2, 3), (4, 3, 1))((1, 2, 2), (2, 2, 0), (2, 2, 1), (2, 2, 2), (2, 2, 3))((3, 2, 0), (3, 2, 1), (3, 2, 2), (3, 2, 3), (3, 3, 1))((1, 3, 2), (2, 3, 2), (3, 3, 2), (3, 3, 3), (4, 3, 2))((1, 3, 0), (2, 3, 0), (2, 3, 1), (3, 3, 0), (4, 3, 0))
266
((0, 0, 0), (0, 0, 1), (0, 0, 2), (0, 0, 3), (1, 0, 2))((0, 0, 4), (0, 1, 3), (0, 1, 4), (0, 2, 4), (0, 3, 4))((0, 4, 4), (1, 4, 4), (2, 3, 4), (2, 4, 4), (3, 4, 4))((4, 1, 4), (4, 2, 4), (4, 3, 3), (4, 3, 4), (4, 4, 4))((3, 4, 1), (4, 4, 0), (4, 4, 1), (4, 4, 2), (4, 4, 3))((1, 0, 4), (1, 1, 4), (1, 2, 4), (1, 3, 4), (2, 2, 4))((3, 0, 3), (4, 0, 1), (4, 0, 2), (4, 0, 3), (4, 0, 4))((3, 0, 4), (3, 1, 3), (3, 1, 4), (3, 2, 4), (3, 3, 4))((3, 1, 1), (4, 1, 0), (4, 1, 1), (4, 1, 2), (4, 1, 3))((1, 0, 0), (2, 0, 0), (3, 0, 0), (3, 0, 1), (4, 0, 0))((0, 4, 3), (1, 4, 3), (2, 3, 3), (2, 4, 3), (3, 4, 3))((2, 0, 1), (2, 0, 2), (2, 0, 3), (2, 0, 4), (3, 0, 2))((2, 1, 1), (2, 1, 2), (2, 1, 3), (2, 1, 4), (3, 1, 2))((0, 4, 0), (1, 4, 0), (2, 4, 0), (2, 4, 1), (3, 4, 0))((0, 1, 0), (1, 1, 0), (1, 2, 0), (2, 1, 0), (3, 1, 0))((1, 3, 0), (2, 3, 0), (2, 3, 1), (3, 3, 0), (4, 3, 0))((4, 2, 0), (4, 2, 1), (4, 2, 2), (4, 2, 3), (4, 3, 1))((1, 3, 2), (2, 3, 2), (3, 3, 2), (3, 3, 3), (4, 3, 2))((3, 2, 0), (3, 2, 1), (3, 2, 2), (3, 2, 3), (3, 3, 1))((0, 4, 2), (1, 4, 1), (1, 4, 2), (2, 4, 2), (3, 4, 2))((0, 1, 2), (0, 2, 0), (0, 2, 1), (0, 2, 2), (0, 2, 3))((0, 1, 1), (1, 0, 1), (1, 1, 1), (1, 2, 1), (1, 3, 1))((1, 2, 2), (2, 2, 0), (2, 2, 1), (2, 2, 2), (2, 2, 3))((1, 0, 3), (1, 1, 2), (1, 1, 3), (1, 2, 3), (1, 3, 3))((0, 3, 0), (0, 3, 1), (0, 3, 2), (0, 3, 3), (0, 4, 1))
267
((0, 0, 0), (0, 0, 1), (0, 0, 2), (0, 0, 3), (1, 0, 2))((0, 0, 4), (0, 1, 3), (0, 1, 4), (0, 2, 4), (0, 3, 4))((0, 4, 4), (1, 4, 4), (2, 3, 4), (2, 4, 4), (3, 4, 4))((4, 1, 4), (4, 2, 4), (4, 3, 3), (4, 3, 4), (4, 4, 4))((3, 4, 1), (4, 4, 0), (4, 4, 1), (4, 4, 2), (4, 4, 3))((1, 0, 4), (1, 1, 4), (1, 2, 4), (1, 3, 4), (2, 2, 4))((3, 0, 3), (4, 0, 1), (4, 0, 2), (4, 0, 3), (4, 0, 4))((3, 0, 4), (3, 1, 3), (3, 1, 4), (3, 2, 4), (3, 3, 4))((3, 1, 1), (4, 1, 0), (4, 1, 1), (4, 1, 2), (4, 1, 3))((1, 0, 0), (2, 0, 0), (3, 0, 0), (3, 0, 1), (4, 0, 0))((0, 4, 3), (1, 4, 3), (2, 3, 3), (2, 4, 3), (3, 4, 3))((2, 0, 1), (2, 0, 2), (2, 0, 3), (2, 0, 4), (3, 0, 2))((1, 1, 2), (2, 1, 1), (2, 1, 2), (2, 1, 3), (2, 1, 4))((1, 0, 3), (1, 1, 3), (1, 2, 2), (1, 2, 3), (1, 3, 3))((4, 2, 0), (4, 2, 1), (4, 2, 2), (4, 2, 3), (4, 3, 1))((0, 4, 2), (1, 4, 2), (2, 4, 1), (2, 4, 2), (3, 4, 2))((0, 1, 2), (0, 2, 0), (0, 2, 1), (0, 2, 2), (0, 2, 3))((0, 1, 1), (1, 0, 1), (1, 1, 1), (1, 2, 1), (1, 3, 1))((0, 3, 0), (0, 3, 1), (0, 3, 2), (0, 3, 3), (0, 4, 1))((0, 4, 0), (1, 4, 0), (1, 4, 1), (2, 4, 0), (3, 4, 0))((0, 1, 0), (1, 1, 0), (1, 2, 0), (2, 1, 0), (3, 1, 0))((3, 1, 2), (3, 2, 0), (3, 2, 1), (3, 2, 2), (3, 2, 3))((2, 2, 0), (2, 2, 1), (2, 2, 2), (2, 2, 3), (2, 3, 1))((1, 3, 0), (2, 3, 0), (3, 3, 0), (3, 3, 1), (4, 3, 0))((1, 3, 2), (2, 3, 2), (3, 3, 2), (3, 3, 3), (4, 3, 2))
268
((0, 0, 0), (0, 0, 1), (0, 0, 2), (0, 0, 3), (1, 0, 2))((0, 0, 4), (0, 1, 3), (0, 1, 4), (0, 2, 4), (0, 3, 4))((0, 4, 4), (1, 4, 4), (2, 3, 4), (2, 4, 4), (3, 4, 4))((4, 1, 4), (4, 2, 4), (4, 3, 3), (4, 3, 4), (4, 4, 4))((3, 4, 1), (4, 4, 0), (4, 4, 1), (4, 4, 2), (4, 4, 3))((1, 0, 4), (1, 1, 4), (1, 2, 4), (1, 3, 4), (2, 2, 4))((3, 0, 3), (4, 0, 1), (4, 0, 2), (4, 0, 3), (4, 0, 4))((3, 0, 4), (3, 1, 3), (3, 1, 4), (3, 2, 4), (3, 3, 4))((3, 1, 1), (4, 1, 0), (4, 1, 1), (4, 1, 2), (4, 1, 3))((1, 0, 0), (2, 0, 0), (3, 0, 0), (3, 0, 1), (4, 0, 0))((0, 4, 3), (1, 4, 3), (2, 3, 3), (2, 4, 3), (3, 4, 3))((2, 0, 1), (2, 0, 2), (2, 0, 3), (2, 0, 4), (3, 0, 2))((1, 1, 2), (2, 1, 1), (2, 1, 2), (2, 1, 3), (2, 1, 4))((1, 0, 3), (1, 1, 3), (1, 2, 2), (1, 2, 3), (1, 3, 3))((4, 2, 0), (4, 2, 1), (4, 2, 2), (4, 2, 3), (4, 3, 1))((0, 4, 0), (1, 4, 0), (2, 4, 0), (2, 4, 1), (3, 4, 0))((0, 1, 0), (1, 1, 0), (1, 2, 0), (2, 1, 0), (3, 1, 0))((0, 1, 1), (1, 0, 1), (1, 1, 1), (1, 2, 1), (1, 3, 1))((0, 4, 2), (1, 4, 1), (1, 4, 2), (2, 4, 2), (3, 4, 2))((3, 1, 2), (3, 2, 0), (3, 2, 1), (3, 2, 2), (3, 2, 3))((0, 3, 0), (0, 3, 1), (0, 3, 2), (0, 3, 3), (0, 4, 1))((0, 1, 2), (0, 2, 0), (0, 2, 1), (0, 2, 2), (0, 2, 3))((2, 2, 0), (2, 2, 1), (2, 2, 2), (2, 2, 3), (2, 3, 1))((1, 3, 0), (2, 3, 0), (3, 3, 0), (3, 3, 1), (4, 3, 0))((1, 3, 2), (2, 3, 2), (3, 3, 2), (3, 3, 3), (4, 3, 2))
269
((0, 0, 0), (0, 0, 1), (0, 0, 2), (0, 0, 3), (1, 0, 2))((0, 0, 4), (0, 1, 3), (0, 1, 4), (0, 2, 4), (0, 3, 4))((0, 4, 4), (1, 4, 4), (2, 3, 4), (2, 4, 4), (3, 4, 4))((4, 1, 4), (4, 2, 4), (4, 3, 3), (4, 3, 4), (4, 4, 4))((3, 4, 1), (4, 4, 0), (4, 4, 1), (4, 4, 2), (4, 4, 3))((1, 0, 4), (1, 1, 4), (1, 2, 4), (1, 3, 4), (2, 2, 4))((3, 0, 2), (4, 0, 1), (4, 0, 2), (4, 0, 3), (4, 0, 4))((3, 0, 4), (3, 1, 3), (3, 1, 4), (3, 2, 4), (3, 3, 4))((2, 0, 1), (2, 0, 2), (2, 0, 3), (2, 0, 4), (3, 0, 3))((3, 1, 2), (4, 1, 0), (4, 1, 1), (4, 1, 2), (4, 1, 3))((1, 0, 0), (2, 0, 0), (3, 0, 0), (3, 0, 1), (4, 0, 0))((0, 4, 3), (1, 4, 3), (2, 3, 3), (2, 4, 3), (3, 4, 3))((1, 1, 2), (2, 1, 1), (2, 1, 2), (2, 1, 3), (2, 1, 4))((3, 1, 1), (3, 2, 0), (3, 2, 1), (3, 2, 2), (3, 2, 3))((4, 2, 0), (4, 2, 1), (4, 2, 2), (4, 2, 3), (4, 3, 1))((0, 1, 0), (1, 1, 0), (1, 2, 0), (2, 1, 0), (3, 1, 0))((0, 4, 2), (1, 4, 2), (2, 4, 1), (2, 4, 2), (3, 4, 2))((0, 1, 2), (0, 2, 0), (0, 2, 1), (0, 2, 2), (0, 2, 3))((0, 1, 1), (1, 0, 1), (1, 1, 1), (1, 2, 1), (1, 3, 1))((0, 3, 0), (0, 3, 1), (0, 3, 2), (0, 3, 3), (0, 4, 1))((0, 4, 0), (1, 4, 0), (1, 4, 1), (2, 4, 0), (3, 4, 0))((1, 0, 3), (1, 1, 3), (1, 2, 2), (1, 2, 3), (1, 3, 3))((2, 2, 0), (2, 2, 1), (2, 2, 2), (2, 2, 3), (2, 3, 1))((1, 3, 0), (2, 3, 0), (3, 3, 0), (3, 3, 1), (4, 3, 0))((1, 3, 2), (2, 3, 2), (3, 3, 2), (3, 3, 3), (4, 3, 2))
270
((0, 0, 0), (0, 0, 1), (0, 0, 2), (0, 0, 3), (1, 0, 2))((0, 0, 4), (0, 1, 3), (0, 1, 4), (0, 2, 4), (0, 3, 4))((0, 4, 4), (1, 4, 4), (2, 3, 4), (2, 4, 4), (3, 4, 4))((4, 1, 4), (4, 2, 4), (4, 3, 3), (4, 3, 4), (4, 4, 4))((3, 4, 1), (4, 4, 0), (4, 4, 1), (4, 4, 2), (4, 4, 3))((1, 0, 4), (1, 1, 4), (1, 2, 4), (1, 3, 4), (2, 2, 4))((3, 0, 2), (4, 0, 1), (4, 0, 2), (4, 0, 3), (4, 0, 4))((3, 0, 4), (3, 1, 3), (3, 1, 4), (3, 2, 4), (3, 3, 4))((2, 0, 1), (2, 0, 2), (2, 0, 3), (2, 0, 4), (3, 0, 3))((3, 1, 2), (4, 1, 0), (4, 1, 1), (4, 1, 2), (4, 1, 3))((1, 0, 0), (2, 0, 0), (3, 0, 0), (3, 0, 1), (4, 0, 0))((0, 4, 3), (1, 4, 3), (2, 3, 3), (2, 4, 3), (3, 4, 3))((1, 1, 2), (2, 1, 1), (2, 1, 2), (2, 1, 3), (2, 1, 4))((3, 1, 1), (3, 2, 0), (3, 2, 1), (3, 2, 2), (3, 2, 3))((4, 2, 0), (4, 2, 1), (4, 2, 2), (4, 2, 3), (4, 3, 1))((0, 1, 0), (1, 1, 0), (1, 2, 0), (2, 1, 0), (3, 1, 0))((0, 4, 0), (1, 4, 0), (2, 4, 0), (2, 4, 1), (3, 4, 0))((1, 3, 0), (2, 3, 0), (3, 3, 0), (3, 3, 1), (4, 3, 0))((1, 3, 2), (2, 3, 2), (3, 3, 2), (3, 3, 3), (4, 3, 2))((0, 4, 2), (1, 4, 1), (1, 4, 2), (2, 4, 2), (3, 4, 2))((0, 1, 2), (0, 2, 0), (0, 2, 1), (0, 2, 2), (0, 2, 3))((0, 3, 0), (0, 3, 1), (0, 3, 2), (0, 3, 3), (0, 4, 1))((0, 1, 1), (1, 0, 1), (1, 1, 1), (1, 2, 1), (1, 3, 1))((2, 2, 0), (2, 2, 1), (2, 2, 2), (2, 2, 3), (2, 3, 1))((1, 0, 3), (1, 1, 3), (1, 2, 2), (1, 2, 3), (1, 3, 3))
271
((0, 0, 0), (0, 0, 1), (0, 0, 2), (0, 0, 3), (1, 0, 2))((0, 0, 4), (0, 1, 3), (0, 1, 4), (0, 2, 4), (0, 3, 4))((0, 4, 4), (1, 4, 4), (2, 3, 4), (2, 4, 4), (3, 4, 4))((4, 1, 4), (4, 2, 4), (4, 3, 3), (4, 3, 4), (4, 4, 4))((3, 4, 1), (4, 4, 0), (4, 4, 1), (4, 4, 2), (4, 4, 3))((1, 0, 4), (1, 1, 4), (1, 2, 4), (1, 3, 4), (2, 2, 4))((3, 0, 2), (4, 0, 1), (4, 0, 2), (4, 0, 3), (4, 0, 4))((3, 0, 4), (3, 1, 3), (3, 1, 4), (3, 2, 4), (3, 3, 4))((2, 0, 1), (2, 0, 2), (2, 0, 3), (2, 0, 4), (3, 0, 3))((3, 1, 1), (4, 1, 0), (4, 1, 1), (4, 1, 2), (4, 1, 3))((1, 0, 0), (2, 0, 0), (3, 0, 0), (3, 0, 1), (4, 0, 0))((0, 4, 3), (1, 4, 3), (2, 3, 3), (2, 4, 3), (3, 4, 3))((1, 0, 3), (1, 1, 2), (1, 1, 3), (1, 2, 3), (1, 3, 3))((2, 1, 1), (2, 1, 2), (2, 1, 3), (2, 1, 4), (3, 1, 2))((4, 2, 0), (4, 2, 1), (4, 2, 2), (4, 2, 3), (4, 3, 1))((0, 4, 2), (1, 4, 2), (2, 4, 1), (2, 4, 2), (3, 4, 2))((0, 1, 2), (0, 2, 0), (0, 2, 1), (0, 2, 2), (0, 2, 3))((0, 3, 0), (0, 3, 1), (0, 3, 2), (0, 3, 3), (0, 4, 1))((0, 1, 1), (1, 0, 1), (1, 1, 1), (1, 2, 1), (1, 3, 1))((0, 4, 0), (1, 4, 0), (1, 4, 1), (2, 4, 0), (3, 4, 0))((1, 2, 2), (2, 2, 0), (2, 2, 1), (2, 2, 2), (2, 2, 3))((0, 1, 0), (1, 1, 0), (1, 2, 0), (2, 1, 0), (3, 1, 0))((3, 2, 0), (3, 2, 1), (3, 2, 2), (3, 2, 3), (3, 3, 1))((1, 3, 2), (2, 3, 2), (3, 3, 2), (3, 3, 3), (4, 3, 2))((1, 3, 0), (2, 3, 0), (2, 3, 1), (3, 3, 0), (4, 3, 0))
272
((0, 0, 0), (0, 0, 1), (0, 0, 2), (0, 0, 3), (1, 0, 2))((0, 0, 4), (0, 1, 3), (0, 1, 4), (0, 2, 4), (0, 3, 4))((0, 4, 4), (1, 4, 4), (2, 3, 4), (2, 4, 4), (3, 4, 4))((4, 1, 4), (4, 2, 4), (4, 3, 3), (4, 3, 4), (4, 4, 4))((3, 4, 1), (4, 4, 0), (4, 4, 1), (4, 4, 2), (4, 4, 3))((1, 0, 4), (1, 1, 4), (1, 2, 4), (1, 3, 4), (2, 2, 4))((3, 0, 2), (4, 0, 1), (4, 0, 2), (4, 0, 3), (4, 0, 4))((3, 0, 4), (3, 1, 3), (3, 1, 4), (3, 2, 4), (3, 3, 4))((2, 0, 1), (2, 0, 2), (2, 0, 3), (2, 0, 4), (3, 0, 3))((3, 1, 1), (4, 1, 0), (4, 1, 1), (4, 1, 2), (4, 1, 3))((1, 0, 0), (2, 0, 0), (3, 0, 0), (3, 0, 1), (4, 0, 0))((0, 4, 3), (1, 4, 3), (2, 3, 3), (2, 4, 3), (3, 4, 3))((1, 0, 3), (1, 1, 2), (1, 1, 3), (1, 2, 3), (1, 3, 3))((2, 1, 1), (2, 1, 2), (2, 1, 3), (2, 1, 4), (3, 1, 2))((4, 2, 0), (4, 2, 1), (4, 2, 2), (4, 2, 3), (4, 3, 1))((0, 4, 0), (1, 4, 0), (2, 4, 0), (2, 4, 1), (3, 4, 0))((0, 1, 0), (1, 1, 0), (1, 2, 0), (2, 1, 0), (3, 1, 0))((1, 3, 0), (2, 3, 0), (2, 3, 1), (3, 3, 0), (4, 3, 0))((1, 3, 2), (2, 3, 2), (3, 3, 2), (3, 3, 3), (4, 3, 2))((0, 4, 2), (1, 4, 1), (1, 4, 2), (2, 4, 2), (3, 4, 2))((0, 1, 2), (0, 2, 0), (0, 2, 1), (0, 2, 2), (0, 2, 3))((0, 1, 1), (1, 0, 1), (1, 1, 1), (1, 2, 1), (1, 3, 1))((0, 3, 0), (0, 3, 1), (0, 3, 2), (0, 3, 3), (0, 4, 1))((1, 2, 2), (2, 2, 0), (2, 2, 1), (2, 2, 2), (2, 2, 3))((3, 2, 0), (3, 2, 1), (3, 2, 2), (3, 2, 3), (3, 3, 1))
273
((0, 0, 0), (0, 0, 1), (0, 0, 2), (0, 0, 3), (1, 0, 2))((0, 0, 4), (0, 1, 3), (0, 1, 4), (0, 2, 4), (0, 3, 4))((0, 4, 4), (1, 4, 4), (2, 3, 4), (2, 4, 4), (3, 4, 4))((4, 1, 4), (4, 2, 4), (4, 3, 3), (4, 3, 4), (4, 4, 4))((3, 4, 1), (4, 4, 0), (4, 4, 1), (4, 4, 2), (4, 4, 3))((1, 0, 4), (1, 1, 4), (1, 2, 4), (1, 3, 4), (2, 2, 4))((3, 0, 2), (4, 0, 1), (4, 0, 2), (4, 0, 3), (4, 0, 4))((3, 0, 4), (3, 1, 3), (3, 1, 4), (3, 2, 4), (3, 3, 4))((2, 0, 1), (2, 0, 2), (2, 0, 3), (2, 0, 4), (3, 0, 3))((3, 1, 1), (4, 1, 0), (4, 1, 1), (4, 1, 2), (4, 1, 3))((1, 0, 0), (2, 0, 0), (3, 0, 0), (3, 0, 1), (4, 0, 0))((0, 4, 3), (1, 4, 3), (2, 3, 3), (2, 4, 3), (3, 4, 3))((1, 0, 3), (1, 1, 3), (1, 2, 2), (1, 2, 3), (1, 3, 3))((4, 2, 0), (4, 2, 1), (4, 2, 2), (4, 2, 3), (4, 3, 1))((1, 1, 2), (2, 1, 1), (2, 1, 2), (2, 1, 3), (2, 1, 4))((0, 4, 2), (1, 4, 2), (2, 4, 1), (2, 4, 2), (3, 4, 2))((0, 1, 2), (0, 2, 0), (0, 2, 1), (0, 2, 2), (0, 2, 3))((0, 3, 0), (0, 3, 1), (0, 3, 2), (0, 3, 3), (0, 4, 1))((0, 1, 1), (1, 0, 1), (1, 1, 1), (1, 2, 1), (1, 3, 1))((0, 4, 0), (1, 4, 0), (1, 4, 1), (2, 4, 0), (3, 4, 0))((0, 1, 0), (1, 1, 0), (1, 2, 0), (2, 1, 0), (3, 1, 0))((3, 1, 2), (3, 2, 0), (3, 2, 1), (3, 2, 2), (3, 2, 3))((2, 2, 0), (2, 2, 1), (2, 2, 2), (2, 2, 3), (2, 3, 1))((1, 3, 0), (2, 3, 0), (3, 3, 0), (3, 3, 1), (4, 3, 0))((1, 3, 2), (2, 3, 2), (3, 3, 2), (3, 3, 3), (4, 3, 2))
274
((0, 0, 0), (0, 0, 1), (0, 0, 2), (0, 0, 3), (1, 0, 2))((0, 0, 4), (0, 1, 3), (0, 1, 4), (0, 2, 4), (0, 3, 4))((0, 4, 4), (1, 4, 4), (2, 3, 4), (2, 4, 4), (3, 4, 4))((4, 1, 4), (4, 2, 4), (4, 3, 3), (4, 3, 4), (4, 4, 4))((3, 4, 1), (4, 4, 0), (4, 4, 1), (4, 4, 2), (4, 4, 3))((1, 0, 4), (1, 1, 4), (1, 2, 4), (1, 3, 4), (2, 2, 4))((3, 0, 2), (4, 0, 1), (4, 0, 2), (4, 0, 3), (4, 0, 4))((3, 0, 4), (3, 1, 3), (3, 1, 4), (3, 2, 4), (3, 3, 4))((2, 0, 1), (2, 0, 2), (2, 0, 3), (2, 0, 4), (3, 0, 3))((3, 1, 1), (4, 1, 0), (4, 1, 1), (4, 1, 2), (4, 1, 3))((1, 0, 0), (2, 0, 0), (3, 0, 0), (3, 0, 1), (4, 0, 0))((0, 4, 3), (1, 4, 3), (2, 3, 3), (2, 4, 3), (3, 4, 3))((1, 0, 3), (1, 1, 3), (1, 2, 2), (1, 2, 3), (1, 3, 3))((4, 2, 0), (4, 2, 1), (4, 2, 2), (4, 2, 3), (4, 3, 1))((1, 1, 2), (2, 1, 1), (2, 1, 2), (2, 1, 3), (2, 1, 4))((0, 4, 0), (1, 4, 0), (2, 4, 0), (2, 4, 1), (3, 4, 0))((0, 1, 0), (1, 1, 0), (1, 2, 0), (2, 1, 0), (3, 1, 0))((0, 1, 1), (1, 0, 1), (1, 1, 1), (1, 2, 1), (1, 3, 1))((0, 4, 2), (1, 4, 1), (1, 4, 2), (2, 4, 2), (3, 4, 2))((3, 1, 2), (3, 2, 0), (3, 2, 1), (3, 2, 2), (3, 2, 3))((0, 3, 0), (0, 3, 1), (0, 3, 2), (0, 3, 3), (0, 4, 1))((0, 1, 2), (0, 2, 0), (0, 2, 1), (0, 2, 2), (0, 2, 3))((2, 2, 0), (2, 2, 1), (2, 2, 2), (2, 2, 3), (2, 3, 1))((1, 3, 0), (2, 3, 0), (3, 3, 0), (3, 3, 1), (4, 3, 0))((1, 3, 2), (2, 3, 2), (3, 3, 2), (3, 3, 3), (4, 3, 2))
275
((0, 0, 0), (0, 0, 1), (0, 0, 2), (0, 0, 3), (1, 0, 2))((0, 0, 4), (0, 1, 3), (0, 1, 4), (0, 2, 4), (0, 3, 4))((0, 4, 4), (1, 4, 4), (2, 3, 4), (2, 4, 4), (3, 4, 4))((4, 1, 4), (4, 2, 4), (4, 3, 3), (4, 3, 4), (4, 4, 4))((3, 4, 1), (4, 4, 0), (4, 4, 1), (4, 4, 2), (4, 4, 3))((1, 0, 4), (1, 1, 4), (1, 2, 4), (1, 3, 4), (2, 1, 4))((3, 0, 3), (4, 0, 1), (4, 0, 2), (4, 0, 3), (4, 0, 4))((3, 0, 4), (3, 1, 3), (3, 1, 4), (3, 2, 4), (3, 3, 4))((3, 1, 1), (4, 1, 0), (4, 1, 1), (4, 1, 2), (4, 1, 3))((1, 0, 0), (2, 0, 0), (3, 0, 0), (3, 0, 1), (4, 0, 0))((0, 4, 3), (1, 4, 3), (2, 3, 3), (2, 4, 3), (3, 4, 3))((2, 0, 1), (2, 0, 2), (2, 0, 3), (2, 0, 4), (3, 0, 2))((1, 0, 3), (1, 1, 3), (1, 2, 3), (1, 3, 3), (2, 1, 3))((4, 2, 0), (4, 2, 1), (4, 2, 2), (4, 2, 3), (4, 3, 1))((1, 2, 2), (2, 2, 1), (2, 2, 2), (2, 2, 3), (2, 2, 4))((0, 1, 2), (1, 1, 2), (2, 1, 1), (2, 1, 2), (3, 1, 2))((3, 2, 0), (3, 2, 1), (3, 2, 2), (3, 2, 3), (3, 3, 1))((1, 3, 2), (2, 3, 2), (3, 3, 2), (3, 3, 3), (4, 3, 2))((0, 4, 2), (1, 4, 1), (1, 4, 2), (2, 4, 2), (3, 4, 2))((0, 4, 0), (1, 4, 0), (2, 4, 0), (2, 4, 1), (3, 4, 0))((1, 3, 0), (2, 3, 0), (2, 3, 1), (3, 3, 0), (4, 3, 0))((0, 1, 0), (1, 1, 0), (2, 1, 0), (2, 2, 0), (3, 1, 0))((1, 0, 1), (1, 1, 1), (1, 2, 0), (1, 2, 1), (1, 3, 1))((0, 3, 0), (0, 3, 1), (0, 3, 2), (0, 3, 3), (0, 4, 1))((0, 1, 1), (0, 2, 0), (0, 2, 1), (0, 2, 2), (0, 2, 3))
276
((0, 0, 0), (0, 0, 1), (0, 0, 2), (0, 0, 3), (1, 0, 2))((0, 0, 4), (0, 1, 3), (0, 1, 4), (0, 2, 4), (0, 3, 4))((0, 4, 4), (1, 4, 4), (2, 3, 4), (2, 4, 4), (3, 4, 4))((4, 1, 4), (4, 2, 4), (4, 3, 3), (4, 3, 4), (4, 4, 4))((3, 4, 1), (4, 4, 0), (4, 4, 1), (4, 4, 2), (4, 4, 3))((1, 0, 4), (1, 1, 4), (1, 2, 4), (1, 3, 4), (2, 1, 4))((3, 0, 3), (4, 0, 1), (4, 0, 2), (4, 0, 3), (4, 0, 4))((3, 0, 4), (3, 1, 3), (3, 1, 4), (3, 2, 4), (3, 3, 4))((3, 1, 1), (4, 1, 0), (4, 1, 1), (4, 1, 2), (4, 1, 3))((1, 0, 0), (2, 0, 0), (3, 0, 0), (3, 0, 1), (4, 0, 0))((0, 4, 3), (1, 4, 3), (2, 3, 3), (2, 4, 3), (3, 4, 3))((2, 0, 1), (2, 0, 2), (2, 0, 3), (2, 0, 4), (3, 0, 2))((1, 0, 3), (1, 1, 3), (1, 2, 3), (1, 3, 3), (2, 1, 3))((4, 2, 0), (4, 2, 1), (4, 2, 2), (4, 2, 3), (4, 3, 1))((1, 2, 2), (2, 2, 1), (2, 2, 2), (2, 2, 3), (2, 2, 4))((0, 1, 2), (1, 1, 2), (2, 1, 1), (2, 1, 2), (3, 1, 2))((3, 2, 0), (3, 2, 1), (3, 2, 2), (3, 2, 3), (3, 3, 1))((1, 3, 2), (2, 3, 2), (3, 3, 2), (3, 3, 3), (4, 3, 2))((0, 4, 2), (1, 4, 2), (2, 4, 1), (2, 4, 2), (3, 4, 2))((0, 1, 0), (1, 1, 0), (2, 1, 0), (2, 2, 0), (3, 1, 0))((1, 0, 1), (1, 1, 1), (1, 2, 0), (1, 2, 1), (1, 3, 1))((0, 4, 0), (1, 4, 0), (1, 4, 1), (2, 4, 0), (3, 4, 0))((1, 3, 0), (2, 3, 0), (2, 3, 1), (3, 3, 0), (4, 3, 0))((0, 1, 1), (0, 2, 0), (0, 2, 1), (0, 2, 2), (0, 2, 3))((0, 3, 0), (0, 3, 1), (0, 3, 2), (0, 3, 3), (0, 4, 1))
277
((0, 0, 0), (0, 0, 1), (0, 0, 2), (0, 0, 3), (1, 0, 2))((0, 0, 4), (0, 1, 3), (0, 1, 4), (0, 2, 4), (0, 3, 4))((0, 4, 4), (1, 4, 4), (2, 3, 4), (2, 4, 4), (3, 4, 4))((4, 1, 4), (4, 2, 4), (4, 3, 3), (4, 3, 4), (4, 4, 4))((3, 4, 1), (4, 4, 0), (4, 4, 1), (4, 4, 2), (4, 4, 3))((1, 0, 4), (1, 1, 4), (1, 2, 4), (1, 3, 4), (2, 1, 4))((3, 0, 3), (4, 0, 1), (4, 0, 2), (4, 0, 3), (4, 0, 4))((3, 0, 4), (3, 1, 3), (3, 1, 4), (3, 2, 4), (3, 3, 4))((3, 1, 1), (4, 1, 0), (4, 1, 1), (4, 1, 2), (4, 1, 3))((1, 0, 0), (2, 0, 0), (3, 0, 0), (3, 0, 1), (4, 0, 0))((0, 4, 3), (1, 4, 3), (2, 3, 3), (2, 4, 3), (3, 4, 3))((2, 0, 1), (2, 0, 2), (2, 0, 3), (2, 0, 4), (3, 0, 2))((1, 0, 3), (1, 1, 3), (1, 2, 2), (1, 2, 3), (1, 3, 3))((4, 2, 0), (4, 2, 1), (4, 2, 2), (4, 2, 3), (4, 3, 1))((0, 4, 2), (1, 4, 1), (1, 4, 2), (2, 4, 2), (3, 4, 2))((0, 3, 0), (0, 3, 1), (0, 3, 2), (0, 3, 3), (0, 4, 1))((0, 1, 1), (0, 2, 0), (0, 2, 1), (0, 2, 2), (0, 2, 3))((0, 4, 0), (1, 4, 0), (2, 4, 0), (2, 4, 1), (3, 4, 0))((1, 0, 1), (1, 1, 1), (1, 2, 0), (1, 2, 1), (1, 3, 1))((0, 1, 0), (1, 1, 0), (2, 1, 0), (2, 2, 0), (3, 1, 0))((0, 1, 2), (1, 1, 2), (2, 1, 1), (2, 1, 2), (3, 1, 2))((2, 1, 3), (2, 2, 1), (2, 2, 2), (2, 2, 3), (2, 2, 4))((3, 2, 0), (3, 2, 1), (3, 2, 2), (3, 2, 3), (3, 3, 1))((1, 3, 0), (2, 3, 0), (2, 3, 1), (3, 3, 0), (4, 3, 0))((1, 3, 2), (2, 3, 2), (3, 3, 2), (3, 3, 3), (4, 3, 2))
278
((0, 0, 0), (0, 0, 1), (0, 0, 2), (0, 0, 3), (1, 0, 2))((0, 0, 4), (0, 1, 3), (0, 1, 4), (0, 2, 4), (0, 3, 4))((0, 4, 4), (1, 4, 4), (2, 3, 4), (2, 4, 4), (3, 4, 4))((4, 1, 4), (4, 2, 4), (4, 3, 3), (4, 3, 4), (4, 4, 4))((3, 4, 1), (4, 4, 0), (4, 4, 1), (4, 4, 2), (4, 4, 3))((1, 0, 4), (1, 1, 4), (1, 2, 4), (1, 3, 4), (2, 1, 4))((3, 0, 3), (4, 0, 1), (4, 0, 2), (4, 0, 3), (4, 0, 4))((3, 0, 4), (3, 1, 3), (3, 1, 4), (3, 2, 4), (3, 3, 4))((3, 1, 1), (4, 1, 0), (4, 1, 1), (4, 1, 2), (4, 1, 3))((1, 0, 0), (2, 0, 0), (3, 0, 0), (3, 0, 1), (4, 0, 0))((0, 4, 3), (1, 4, 3), (2, 3, 3), (2, 4, 3), (3, 4, 3))((2, 0, 1), (2, 0, 2), (2, 0, 3), (2, 0, 4), (3, 0, 2))((1, 0, 3), (1, 1, 3), (1, 2, 2), (1, 2, 3), (1, 3, 3))((4, 2, 0), (4, 2, 1), (4, 2, 2), (4, 2, 3), (4, 3, 1))((0, 4, 2), (1, 4, 2), (2, 4, 1), (2, 4, 2), (3, 4, 2))((0, 1, 2), (1, 1, 2), (2, 1, 1), (2, 1, 2), (3, 1, 2))((2, 1, 3), (2, 2, 1), (2, 2, 2), (2, 2, 3), (2, 2, 4))((3, 2, 0), (3, 2, 1), (3, 2, 2), (3, 2, 3), (3, 3, 1))((1, 3, 2), (2, 3, 2), (3, 3, 2), (3, 3, 3), (4, 3, 2))((0, 1, 0), (1, 1, 0), (2, 1, 0), (2, 2, 0), (3, 1, 0))((1, 3, 0), (2, 3, 0), (2, 3, 1), (3, 3, 0), (4, 3, 0))((0, 4, 0), (1, 4, 0), (1, 4, 1), (2, 4, 0), (3, 4, 0))((1, 0, 1), (1, 1, 1), (1, 2, 0), (1, 2, 1), (1, 3, 1))((0, 3, 0), (0, 3, 1), (0, 3, 2), (0, 3, 3), (0, 4, 1))((0, 1, 1), (0, 2, 0), (0, 2, 1), (0, 2, 2), (0, 2, 3))
279
((0, 0, 0), (0, 0, 1), (0, 0, 2), (0, 0, 3), (1, 0, 2))((0, 0, 4), (0, 1, 3), (0, 1, 4), (0, 2, 4), (0, 3, 4))((0, 4, 4), (1, 4, 4), (2, 3, 4), (2, 4, 4), (3, 4, 4))((4, 1, 4), (4, 2, 4), (4, 3, 3), (4, 3, 4), (4, 4, 4))((3, 4, 1), (4, 4, 0), (4, 4, 1), (4, 4, 2), (4, 4, 3))((1, 0, 4), (1, 1, 4), (1, 2, 4), (1, 3, 4), (2, 1, 4))((3, 0, 2), (4, 0, 1), (4, 0, 2), (4, 0, 3), (4, 0, 4))((3, 0, 4), (3, 1, 3), (3, 1, 4), (3, 2, 4), (3, 3, 4))((2, 0, 1), (2, 0, 2), (2, 0, 3), (2, 0, 4), (3, 0, 3))((3, 1, 1), (4, 1, 0), (4, 1, 1), (4, 1, 2), (4, 1, 3))((1, 0, 0), (2, 0, 0), (3, 0, 0), (3, 0, 1), (4, 0, 0))((0, 4, 3), (1, 4, 3), (2, 3, 3), (2, 4, 3), (3, 4, 3))((1, 0, 3), (1, 1, 3), (1, 2, 3), (1, 3, 3), (2, 1, 3))((4, 2, 0), (4, 2, 1), (4, 2, 2), (4, 2, 3), (4, 3, 1))((1, 2, 2), (2, 2, 1), (2, 2, 2), (2, 2, 3), (2, 2, 4))((0, 1, 2), (1, 1, 2), (2, 1, 1), (2, 1, 2), (3, 1, 2))((3, 2, 0), (3, 2, 1), (3, 2, 2), (3, 2, 3), (3, 3, 1))((1, 3, 2), (2, 3, 2), (3, 3, 2), (3, 3, 3), (4, 3, 2))((0, 4, 2), (1, 4, 1), (1, 4, 2), (2, 4, 2), (3, 4, 2))((0, 4, 0), (1, 4, 0), (2, 4, 0), (2, 4, 1), (3, 4, 0))((1, 3, 0), (2, 3, 0), (2, 3, 1), (3, 3, 0), (4, 3, 0))((0, 1, 0), (1, 1, 0), (2, 1, 0), (2, 2, 0), (3, 1, 0))((1, 0, 1), (1, 1, 1), (1, 2, 0), (1, 2, 1), (1, 3, 1))((0, 3, 0), (0, 3, 1), (0, 3, 2), (0, 3, 3), (0, 4, 1))((0, 1, 1), (0, 2, 0), (0, 2, 1), (0, 2, 2), (0, 2, 3))
280
((0, 0, 0), (0, 0, 1), (0, 0, 2), (0, 0, 3), (1, 0, 2))((0, 0, 4), (0, 1, 3), (0, 1, 4), (0, 2, 4), (0, 3, 4))((0, 4, 4), (1, 4, 4), (2, 3, 4), (2, 4, 4), (3, 4, 4))((4, 1, 4), (4, 2, 4), (4, 3, 3), (4, 3, 4), (4, 4, 4))((3, 4, 1), (4, 4, 0), (4, 4, 1), (4, 4, 2), (4, 4, 3))((1, 0, 4), (1, 1, 4), (1, 2, 4), (1, 3, 4), (2, 1, 4))((3, 0, 2), (4, 0, 1), (4, 0, 2), (4, 0, 3), (4, 0, 4))((3, 0, 4), (3, 1, 3), (3, 1, 4), (3, 2, 4), (3, 3, 4))((2, 0, 1), (2, 0, 2), (2, 0, 3), (2, 0, 4), (3, 0, 3))((3, 1, 1), (4, 1, 0), (4, 1, 1), (4, 1, 2), (4, 1, 3))((1, 0, 0), (2, 0, 0), (3, 0, 0), (3, 0, 1), (4, 0, 0))((0, 4, 3), (1, 4, 3), (2, 3, 3), (2, 4, 3), (3, 4, 3))((1, 0, 3), (1, 1, 3), (1, 2, 3), (1, 3, 3), (2, 1, 3))((4, 2, 0), (4, 2, 1), (4, 2, 2), (4, 2, 3), (4, 3, 1))((1, 2, 2), (2, 2, 1), (2, 2, 2), (2, 2, 3), (2, 2, 4))((0, 1, 2), (1, 1, 2), (2, 1, 1), (2, 1, 2), (3, 1, 2))((3, 2, 0), (3, 2, 1), (3, 2, 2), (3, 2, 3), (3, 3, 1))((1, 3, 2), (2, 3, 2), (3, 3, 2), (3, 3, 3), (4, 3, 2))((0, 4, 2), (1, 4, 2), (2, 4, 1), (2, 4, 2), (3, 4, 2))((0, 1, 0), (1, 1, 0), (2, 1, 0), (2, 2, 0), (3, 1, 0))((1, 0, 1), (1, 1, 1), (1, 2, 0), (1, 2, 1), (1, 3, 1))((0, 4, 0), (1, 4, 0), (1, 4, 1), (2, 4, 0), (3, 4, 0))((1, 3, 0), (2, 3, 0), (2, 3, 1), (3, 3, 0), (4, 3, 0))((0, 1, 1), (0, 2, 0), (0, 2, 1), (0, 2, 2), (0, 2, 3))((0, 3, 0), (0, 3, 1), (0, 3, 2), (0, 3, 3), (0, 4, 1))
281
((0, 0, 0), (0, 0, 1), (0, 0, 2), (0, 0, 3), (1, 0, 2))((0, 0, 4), (0, 1, 3), (0, 1, 4), (0, 2, 4), (0, 3, 4))((0, 4, 4), (1, 4, 4), (2, 3, 4), (2, 4, 4), (3, 4, 4))((4, 1, 4), (4, 2, 4), (4, 3, 3), (4, 3, 4), (4, 4, 4))((3, 4, 1), (4, 4, 0), (4, 4, 1), (4, 4, 2), (4, 4, 3))((1, 0, 4), (1, 1, 4), (1, 2, 4), (1, 3, 4), (2, 1, 4))((3, 0, 2), (4, 0, 1), (4, 0, 2), (4, 0, 3), (4, 0, 4))((3, 0, 4), (3, 1, 3), (3, 1, 4), (3, 2, 4), (3, 3, 4))((2, 0, 1), (2, 0, 2), (2, 0, 3), (2, 0, 4), (3, 0, 3))((3, 1, 1), (4, 1, 0), (4, 1, 1), (4, 1, 2), (4, 1, 3))((1, 0, 0), (2, 0, 0), (3, 0, 0), (3, 0, 1), (4, 0, 0))((0, 4, 3), (1, 4, 3), (2, 3, 3), (2, 4, 3), (3, 4, 3))((1, 0, 3), (1, 1, 3), (1, 2, 2), (1, 2, 3), (1, 3, 3))((4, 2, 0), (4, 2, 1), (4, 2, 2), (4, 2, 3), (4, 3, 1))((0, 4, 2), (1, 4, 1), (1, 4, 2), (2, 4, 2), (3, 4, 2))((0, 3, 0), (0, 3, 1), (0, 3, 2), (0, 3, 3), (0, 4, 1))((0, 1, 1), (0, 2, 0), (0, 2, 1), (0, 2, 2), (0, 2, 3))((0, 4, 0), (1, 4, 0), (2, 4, 0), (2, 4, 1), (3, 4, 0))((1, 0, 1), (1, 1, 1), (1, 2, 0), (1, 2, 1), (1, 3, 1))((0, 1, 0), (1, 1, 0), (2, 1, 0), (2, 2, 0), (3, 1, 0))((0, 1, 2), (1, 1, 2), (2, 1, 1), (2, 1, 2), (3, 1, 2))((2, 1, 3), (2, 2, 1), (2, 2, 2), (2, 2, 3), (2, 2, 4))((3, 2, 0), (3, 2, 1), (3, 2, 2), (3, 2, 3), (3, 3, 1))((1, 3, 0), (2, 3, 0), (2, 3, 1), (3, 3, 0), (4, 3, 0))((1, 3, 2), (2, 3, 2), (3, 3, 2), (3, 3, 3), (4, 3, 2))
282
((0, 0, 0), (0, 0, 1), (0, 0, 2), (0, 0, 3), (1, 0, 2))((0, 0, 4), (0, 1, 3), (0, 1, 4), (0, 2, 4), (0, 3, 4))((0, 4, 4), (1, 4, 4), (2, 3, 4), (2, 4, 4), (3, 4, 4))((4, 1, 4), (4, 2, 4), (4, 3, 3), (4, 3, 4), (4, 4, 4))((3, 4, 1), (4, 4, 0), (4, 4, 1), (4, 4, 2), (4, 4, 3))((1, 0, 4), (1, 1, 4), (1, 2, 4), (1, 3, 4), (2, 1, 4))((3, 0, 2), (4, 0, 1), (4, 0, 2), (4, 0, 3), (4, 0, 4))((3, 0, 4), (3, 1, 3), (3, 1, 4), (3, 2, 4), (3, 3, 4))((2, 0, 1), (2, 0, 2), (2, 0, 3), (2, 0, 4), (3, 0, 3))((3, 1, 1), (4, 1, 0), (4, 1, 1), (4, 1, 2), (4, 1, 3))((1, 0, 0), (2, 0, 0), (3, 0, 0), (3, 0, 1), (4, 0, 0))((0, 4, 3), (1, 4, 3), (2, 3, 3), (2, 4, 3), (3, 4, 3))((1, 0, 3), (1, 1, 3), (1, 2, 2), (1, 2, 3), (1, 3, 3))((4, 2, 0), (4, 2, 1), (4, 2, 2), (4, 2, 3), (4, 3, 1))((0, 4, 2), (1, 4, 2), (2, 4, 1), (2, 4, 2), (3, 4, 2))((0, 1, 2), (1, 1, 2), (2, 1, 1), (2, 1, 2), (3, 1, 2))((2, 1, 3), (2, 2, 1), (2, 2, 2), (2, 2, 3), (2, 2, 4))((3, 2, 0), (3, 2, 1), (3, 2, 2), (3, 2, 3), (3, 3, 1))((1, 3, 2), (2, 3, 2), (3, 3, 2), (3, 3, 3), (4, 3, 2))((0, 1, 0), (1, 1, 0), (2, 1, 0), (2, 2, 0), (3, 1, 0))((1, 3, 0), (2, 3, 0), (2, 3, 1), (3, 3, 0), (4, 3, 0))((0, 4, 0), (1, 4, 0), (1, 4, 1), (2, 4, 0), (3, 4, 0))((1, 0, 1), (1, 1, 1), (1, 2, 0), (1, 2, 1), (1, 3, 1))((0, 3, 0), (0, 3, 1), (0, 3, 2), (0, 3, 3), (0, 4, 1))((0, 1, 1), (0, 2, 0), (0, 2, 1), (0, 2, 2), (0, 2, 3))
283
((0, 0, 0), (0, 0, 1), (0, 0, 2), (0, 0, 3), (1, 0, 2))((0, 0, 4), (0, 1, 3), (0, 1, 4), (0, 2, 4), (0, 3, 4))((0, 4, 4), (1, 4, 4), (2, 3, 4), (2, 4, 4), (3, 4, 4))((4, 1, 4), (4, 2, 4), (4, 3, 3), (4, 3, 4), (4, 4, 4))((3, 4, 1), (4, 4, 0), (4, 4, 1), (4, 4, 2), (4, 4, 3))((1, 0, 4), (1, 1, 3), (1, 1, 4), (1, 2, 4), (1, 3, 4))((3, 0, 2), (4, 0, 1), (4, 0, 2), (4, 0, 3), (4, 0, 4))((1, 0, 3), (2, 0, 1), (2, 0, 2), (2, 0, 3), (2, 0, 4))((2, 1, 4), (3, 0, 4), (3, 1, 4), (3, 2, 4), (3, 3, 4))((3, 1, 2), (4, 1, 0), (4, 1, 1), (4, 1, 2), (4, 1, 3))((1, 0, 0), (2, 0, 0), (3, 0, 0), (3, 0, 1), (4, 0, 0))((2, 1, 3), (3, 0, 3), (3, 1, 3), (3, 2, 3), (3, 3, 3))((0, 4, 3), (1, 3, 3), (1, 4, 3), (2, 4, 3), (3, 4, 3))((3, 2, 2), (4, 2, 0), (4, 2, 1), (4, 2, 2), (4, 2, 3))((2, 1, 2), (2, 2, 1), (2, 2, 2), (2, 2, 3), (2, 2, 4))((1, 3, 1), (2, 3, 1), (3, 2, 1), (3, 3, 1), (4, 3, 1))((0, 1, 1), (1, 0, 1), (1, 1, 1), (2, 1, 1), (3, 1, 1))((0, 3, 0), (0, 3, 1), (0, 3, 2), (0, 3, 3), (0, 4, 1))((1, 3, 2), (2, 3, 2), (2, 3, 3), (3, 3, 2), (4, 3, 2))((1, 1, 2), (1, 2, 0), (1, 2, 1), (1, 2, 2), (1, 2, 3))((0, 1, 0), (1, 1, 0), (2, 1, 0), (2, 2, 0), (3, 1, 0))((1, 3, 0), (2, 3, 0), (3, 2, 0), (3, 3, 0), (4, 3, 0))((0, 1, 2), (0, 2, 0), (0, 2, 1), (0, 2, 2), (0, 2, 3))((0, 4, 0), (1, 4, 0), (2, 4, 0), (2, 4, 1), (3, 4, 0))((0, 4, 2), (1, 4, 1), (1, 4, 2), (2, 4, 2), (3, 4, 2))
284
((0, 0, 0), (0, 0, 1), (0, 0, 2), (0, 0, 3), (1, 0, 2))((0, 0, 4), (0, 1, 3), (0, 1, 4), (0, 2, 4), (0, 3, 4))((0, 4, 4), (1, 4, 4), (2, 3, 4), (2, 4, 4), (3, 4, 4))((4, 1, 4), (4, 2, 4), (4, 3, 3), (4, 3, 4), (4, 4, 4))((3, 4, 1), (4, 4, 0), (4, 4, 1), (4, 4, 2), (4, 4, 3))((1, 0, 4), (1, 1, 3), (1, 1, 4), (1, 2, 4), (1, 3, 4))((3, 0, 2), (4, 0, 1), (4, 0, 2), (4, 0, 3), (4, 0, 4))((1, 0, 3), (2, 0, 1), (2, 0, 2), (2, 0, 3), (2, 0, 4))((2, 1, 4), (3, 0, 4), (3, 1, 4), (3, 2, 4), (3, 3, 4))((3, 1, 2), (4, 1, 0), (4, 1, 1), (4, 1, 2), (4, 1, 3))((1, 0, 0), (2, 0, 0), (3, 0, 0), (3, 0, 1), (4, 0, 0))((2, 1, 3), (3, 0, 3), (3, 1, 3), (3, 2, 3), (3, 3, 3))((0, 4, 3), (1, 3, 3), (1, 4, 3), (2, 4, 3), (3, 4, 3))((3, 2, 2), (4, 2, 0), (4, 2, 1), (4, 2, 2), (4, 2, 3))((2, 1, 2), (2, 2, 1), (2, 2, 2), (2, 2, 3), (2, 2, 4))((1, 3, 1), (2, 3, 1), (3, 2, 1), (3, 3, 1), (4, 3, 1))((0, 1, 1), (1, 0, 1), (1, 1, 1), (2, 1, 1), (3, 1, 1))((0, 3, 0), (0, 3, 1), (0, 3, 2), (0, 3, 3), (0, 4, 1))((1, 3, 2), (2, 3, 2), (2, 3, 3), (3, 3, 2), (4, 3, 2))((1, 1, 2), (1, 2, 0), (1, 2, 1), (1, 2, 2), (1, 2, 3))((0, 1, 0), (1, 1, 0), (2, 1, 0), (2, 2, 0), (3, 1, 0))((1, 3, 0), (2, 3, 0), (3, 2, 0), (3, 3, 0), (4, 3, 0))((0, 1, 2), (0, 2, 0), (0, 2, 1), (0, 2, 2), (0, 2, 3))((0, 4, 0), (1, 4, 0), (1, 4, 1), (2, 4, 0), (3, 4, 0))((0, 4, 2), (1, 4, 2), (2, 4, 1), (2, 4, 2), (3, 4, 2))
285
((0, 0, 0), (0, 0, 1), (0, 0, 2), (0, 0, 3), (1, 0, 2))((0, 0, 4), (0, 1, 3), (0, 1, 4), (0, 2, 4), (0, 3, 4))((0, 4, 4), (1, 3, 4), (1, 4, 4), (2, 4, 4), (3, 4, 4))((1, 0, 4), (2, 0, 4), (2, 1, 4), (3, 0, 4), (4, 0, 4))((0, 1, 2), (1, 1, 1), (1, 1, 2), (1, 1, 3), (1, 1, 4))((1, 0, 3), (2, 0, 3), (3, 0, 2), (3, 0, 3), (4, 0, 3))((1, 0, 1), (2, 0, 0), (2, 0, 1), (3, 0, 1), (4, 0, 1))((4, 0, 0), (4, 1, 0), (4, 2, 0), (4, 2, 1), (4, 3, 0))((2, 2, 0), (3, 0, 0), (3, 1, 0), (3, 2, 0), (3, 3, 0))((0, 1, 0), (1, 0, 0), (1, 1, 0), (1, 2, 0), (1, 3, 0))((2, 0, 2), (2, 1, 0), (2, 1, 1), (2, 1, 2), (2, 1, 3))((3, 1, 1), (3, 1, 2), (3, 1, 3), (3, 1, 4), (4, 1, 3))((4, 0, 2), (4, 1, 1), (4, 1, 2), (4, 2, 2), (4, 3, 2))((3, 3, 4), (4, 1, 4), (4, 2, 4), (4, 3, 4), (4, 4, 4))((0, 1, 1), (0, 2, 0), (0, 2, 1), (0, 2, 2), (0, 2, 3))((0, 3, 0), (0, 3, 1), (0, 3, 2), (0, 3, 3), (0, 4, 2))((0, 4, 0), (1, 4, 0), (2, 3, 0), (2, 4, 0), (3, 4, 0))((1, 2, 1), (1, 2, 2), (1, 2, 3), (1, 2, 4), (1, 3, 2))((3, 2, 1), (3, 2, 2), (3, 2, 3), (3, 2, 4), (4, 2, 3))((2, 2, 1), (2, 2, 2), (2, 2, 3), (2, 2, 4), (2, 3, 2))((1, 3, 3), (2, 3, 3), (2, 3, 4), (3, 3, 3), (4, 3, 3))((0, 4, 3), (1, 4, 2), (1, 4, 3), (2, 4, 3), (3, 4, 3))((1, 3, 1), (2, 3, 1), (3, 3, 1), (3, 3, 2), (4, 3, 1))((0, 4, 1), (1, 4, 1), (2, 4, 1), (2, 4, 2), (3, 4, 1))((3, 4, 2), (4, 4, 0), (4, 4, 1), (4, 4, 2), (4, 4, 3))
286
((0, 0, 0), (0, 0, 1), (0, 0, 2), (0, 0, 3), (1, 0, 2))((0, 0, 4), (0, 1, 3), (0, 1, 4), (0, 2, 4), (0, 3, 4))((0, 4, 4), (1, 3, 4), (1, 4, 4), (2, 4, 4), (3, 4, 4))((1, 0, 4), (2, 0, 4), (2, 1, 4), (3, 0, 4), (4, 0, 4))((0, 1, 2), (1, 1, 1), (1, 1, 2), (1, 1, 3), (1, 1, 4))((1, 0, 3), (2, 0, 3), (3, 0, 2), (3, 0, 3), (4, 0, 3))((1, 0, 1), (2, 0, 0), (2, 0, 1), (3, 0, 1), (4, 0, 1))((4, 0, 0), (4, 1, 0), (4, 2, 0), (4, 2, 1), (4, 3, 0))((2, 2, 0), (3, 0, 0), (3, 1, 0), (3, 2, 0), (3, 3, 0))((0, 1, 0), (1, 0, 0), (1, 1, 0), (1, 2, 0), (1, 3, 0))((2, 0, 2), (2, 1, 0), (2, 1, 1), (2, 1, 2), (2, 1, 3))((3, 1, 1), (3, 1, 2), (3, 1, 3), (3, 1, 4), (4, 1, 3))((4, 0, 2), (4, 1, 1), (4, 1, 2), (4, 2, 2), (4, 3, 2))((3, 3, 4), (4, 1, 4), (4, 2, 4), (4, 3, 4), (4, 4, 4))((0, 1, 1), (0, 2, 0), (0, 2, 1), (0, 2, 2), (0, 2, 3))((0, 3, 0), (0, 3, 1), (0, 3, 2), (0, 3, 3), (0, 4, 2))((0, 4, 0), (1, 4, 0), (2, 3, 0), (2, 4, 0), (3, 4, 0))((1, 2, 1), (1, 2, 2), (1, 2, 3), (1, 2, 4), (1, 3, 2))((3, 2, 1), (3, 2, 2), (3, 2, 3), (3, 2, 4), (4, 2, 3))((2, 2, 1), (2, 2, 2), (2, 2, 3), (2, 2, 4), (2, 3, 2))((1, 3, 3), (2, 3, 3), (2, 3, 4), (3, 3, 3), (4, 3, 3))((0, 4, 3), (1, 4, 3), (2, 4, 2), (2, 4, 3), (3, 4, 3))((1, 3, 1), (2, 3, 1), (3, 3, 1), (3, 3, 2), (4, 3, 1))((0, 4, 1), (1, 4, 1), (1, 4, 2), (2, 4, 1), (3, 4, 1))((3, 4, 2), (4, 4, 0), (4, 4, 1), (4, 4, 2), (4, 4, 3))
287
((0, 0, 0), (0, 0, 1), (0, 0, 2), (0, 0, 3), (1, 0, 2))((0, 0, 4), (0, 1, 3), (0, 1, 4), (0, 2, 4), (0, 3, 4))((0, 4, 4), (1, 3, 4), (1, 4, 4), (2, 4, 4), (3, 4, 4))((1, 0, 4), (2, 0, 4), (2, 1, 4), (3, 0, 4), (4, 0, 4))((0, 1, 2), (1, 1, 1), (1, 1, 2), (1, 1, 3), (1, 1, 4))((1, 0, 3), (2, 0, 3), (3, 0, 2), (3, 0, 3), (4, 0, 3))((1, 0, 1), (2, 0, 0), (2, 0, 1), (3, 0, 1), (4, 0, 1))((4, 0, 0), (4, 1, 0), (4, 1, 1), (4, 2, 0), (4, 3, 0))((3, 3, 4), (4, 1, 4), (4, 2, 4), (4, 3, 4), (4, 4, 4))((2, 2, 0), (3, 0, 0), (3, 1, 0), (3, 2, 0), (3, 3, 0))((0, 1, 0), (1, 0, 0), (1, 1, 0), (1, 2, 0), (1, 3, 0))((4, 0, 2), (4, 1, 2), (4, 2, 1), (4, 2, 2), (4, 3, 2))((3, 1, 1), (3, 1, 2), (3, 1, 3), (3, 1, 4), (4, 1, 3))((2, 0, 2), (2, 1, 0), (2, 1, 1), (2, 1, 2), (2, 1, 3))((3, 4, 2), (4, 4, 0), (4, 4, 1), (4, 4, 2), (4, 4, 3))((0, 4, 0), (1, 4, 0), (2, 3, 0), (2, 4, 0), (3, 4, 0))((0, 3, 0), (0, 3, 1), (0, 3, 2), (0, 3, 3), (0, 4, 2))((0, 1, 1), (0, 2, 0), (0, 2, 1), (0, 2, 2), (0, 2, 3))((0, 4, 1), (1, 4, 1), (1, 4, 2), (2, 4, 1), (3, 4, 1))((0, 4, 3), (1, 4, 3), (2, 4, 2), (2, 4, 3), (3, 4, 3))((1, 2, 1), (1, 2, 2), (1, 2, 3), (1, 2, 4), (1, 3, 2))((3, 2, 1), (3, 2, 2), (3, 2, 3), (3, 2, 4), (4, 2, 3))((2, 2, 1), (2, 2, 2), (2, 2, 3), (2, 2, 4), (2, 3, 2))((1, 3, 1), (2, 3, 1), (3, 3, 1), (3, 3, 2), (4, 3, 1))((1, 3, 3), (2, 3, 3), (2, 3, 4), (3, 3, 3), (4, 3, 3))
288
((0, 0, 0), (0, 0, 1), (0, 0, 2), (0, 0, 3), (1, 0, 2))((0, 0, 4), (0, 1, 3), (0, 1, 4), (0, 2, 4), (0, 3, 4))((0, 4, 4), (1, 3, 4), (1, 4, 4), (2, 4, 4), (3, 4, 4))((1, 0, 4), (2, 0, 4), (2, 1, 4), (3, 0, 4), (4, 0, 4))((0, 1, 2), (1, 1, 1), (1, 1, 2), (1, 1, 3), (1, 1, 4))((1, 0, 3), (2, 0, 3), (3, 0, 2), (3, 0, 3), (4, 0, 3))((1, 0, 1), (2, 0, 0), (2, 0, 1), (3, 0, 1), (4, 0, 1))((4, 0, 0), (4, 1, 0), (4, 1, 1), (4, 2, 0), (4, 3, 0))((3, 3, 4), (4, 1, 4), (4, 2, 4), (4, 3, 4), (4, 4, 4))((2, 2, 0), (3, 0, 0), (3, 1, 0), (3, 2, 0), (3, 3, 0))((0, 1, 0), (1, 0, 0), (1, 1, 0), (1, 2, 0), (1, 3, 0))((4, 0, 2), (4, 1, 2), (4, 2, 1), (4, 2, 2), (4, 3, 2))((3, 1, 1), (3, 1, 2), (3, 1, 3), (3, 1, 4), (4, 1, 3))((2, 0, 2), (2, 1, 0), (2, 1, 1), (2, 1, 2), (2, 1, 3))((3, 4, 2), (4, 4, 0), (4, 4, 1), (4, 4, 2), (4, 4, 3))((0, 4, 0), (1, 4, 0), (2, 3, 0), (2, 4, 0), (3, 4, 0))((0, 3, 0), (0, 3, 1), (0, 3, 2), (0, 3, 3), (0, 4, 2))((0, 1, 1), (0, 2, 0), (0, 2, 1), (0, 2, 2), (0, 2, 3))((0, 4, 3), (1, 4, 2), (1, 4, 3), (2, 4, 3), (3, 4, 3))((1, 2, 1), (1, 2, 2), (1, 2, 3), (1, 2, 4), (1, 3, 2))((3, 2, 1), (3, 2, 2), (3, 2, 3), (3, 2, 4), (4, 2, 3))((2, 2, 1), (2, 2, 2), (2, 2, 3), (2, 2, 4), (2, 3, 2))((0, 4, 1), (1, 4, 1), (2, 4, 1), (2, 4, 2), (3, 4, 1))((1, 3, 1), (2, 3, 1), (3, 3, 1), (3, 3, 2), (4, 3, 1))((1, 3, 3), (2, 3, 3), (2, 3, 4), (3, 3, 3), (4, 3, 3))
289
((0, 0, 0), (0, 0, 1), (0, 0, 2), (0, 0, 3), (1, 0, 2))((0, 0, 4), (0, 1, 3), (0, 1, 4), (0, 2, 4), (0, 3, 4))((0, 4, 4), (1, 3, 4), (1, 4, 4), (2, 4, 4), (3, 4, 4))((1, 0, 4), (2, 0, 4), (2, 1, 4), (3, 0, 4), (4, 0, 4))((1, 0, 3), (1, 1, 3), (1, 1, 4), (1, 2, 3), (1, 3, 3))((1, 2, 4), (2, 2, 4), (3, 2, 3), (3, 2, 4), (4, 2, 4))((3, 4, 2), (4, 4, 1), (4, 4, 2), (4, 4, 3), (4, 4, 4))((4, 2, 2), (4, 3, 1), (4, 3, 2), (4, 3, 3), (4, 3, 4))((4, 1, 1), (4, 1, 2), (4, 1, 3), (4, 1, 4), (4, 2, 3))((3, 0, 2), (4, 0, 0), (4, 0, 1), (4, 0, 2), (4, 0, 3))((3, 0, 3), (3, 1, 1), (3, 1, 2), (3, 1, 3), (3, 1, 4))((2, 0, 0), (2, 0, 1), (2, 0, 2), (2, 0, 3), (3, 0, 1))((3, 2, 2), (3, 3, 1), (3, 3, 2), (3, 3, 3), (3, 3, 4))((0, 4, 3), (1, 4, 2), (1, 4, 3), (2, 4, 3), (3, 4, 3))((1, 1, 2), (2, 1, 0), (2, 1, 1), (2, 1, 2), (2, 1, 3))((0, 4, 1), (1, 4, 1), (2, 4, 1), (2, 4, 2), (3, 4, 1))((0, 1, 1), (1, 0, 1), (1, 1, 1), (1, 2, 1), (1, 3, 1))((4, 1, 0), (4, 2, 0), (4, 2, 1), (4, 3, 0), (4, 4, 0))((3, 0, 0), (3, 1, 0), (3, 2, 0), (3, 2, 1), (3, 3, 0))((0, 4, 0), (1, 4, 0), (2, 3, 0), (2, 4, 0), (3, 4, 0))((0, 1, 0), (1, 0, 0), (1, 1, 0), (1, 2, 0), (1, 3, 0))((1, 2, 2), (2, 2, 0), (2, 2, 1), (2, 2, 2), (2, 2, 3))((1, 3, 2), (2, 3, 1), (2, 3, 2), (2, 3, 3), (2, 3, 4))((0, 3, 0), (0, 3, 1), (0, 3, 2), (0, 3, 3), (0, 4, 2))((0, 1, 2), (0, 2, 0), (0, 2, 1), (0, 2, 2), (0, 2, 3))
290
((0, 0, 0), (0, 0, 1), (0, 0, 2), (0, 0, 3), (1, 0, 2))((0, 0, 4), (0, 1, 3), (0, 1, 4), (0, 2, 4), (0, 3, 4))((0, 4, 4), (1, 3, 4), (1, 4, 4), (2, 4, 4), (3, 4, 4))((1, 0, 4), (2, 0, 4), (2, 1, 4), (3, 0, 4), (4, 0, 4))((1, 0, 3), (1, 1, 3), (1, 1, 4), (1, 2, 3), (1, 3, 3))((1, 2, 4), (2, 2, 4), (3, 2, 3), (3, 2, 4), (4, 2, 4))((3, 4, 2), (4, 4, 1), (4, 4, 2), (4, 4, 3), (4, 4, 4))((4, 2, 2), (4, 3, 1), (4, 3, 2), (4, 3, 3), (4, 3, 4))((4, 1, 1), (4, 1, 2), (4, 1, 3), (4, 1, 4), (4, 2, 3))((3, 0, 2), (4, 0, 0), (4, 0, 1), (4, 0, 2), (4, 0, 3))((3, 0, 3), (3, 1, 1), (3, 1, 2), (3, 1, 3), (3, 1, 4))((2, 0, 0), (2, 0, 1), (2, 0, 2), (2, 0, 3), (3, 0, 1))((3, 2, 2), (3, 3, 1), (3, 3, 2), (3, 3, 3), (3, 3, 4))((0, 4, 3), (1, 4, 3), (2, 4, 2), (2, 4, 3), (3, 4, 3))((1, 3, 2), (2, 3, 1), (2, 3, 2), (2, 3, 3), (2, 3, 4))((0, 4, 1), (1, 4, 1), (1, 4, 2), (2, 4, 1), (3, 4, 1))((0, 1, 1), (1, 0, 1), (1, 1, 1), (1, 2, 1), (1, 3, 1))((4, 1, 0), (4, 2, 0), (4, 2, 1), (4, 3, 0), (4, 4, 0))((1, 1, 2), (2, 1, 0), (2, 1, 1), (2, 1, 2), (2, 1, 3))((3, 0, 0), (3, 1, 0), (3, 2, 0), (3, 2, 1), (3, 3, 0))((1, 2, 2), (2, 2, 0), (2, 2, 1), (2, 2, 2), (2, 2, 3))((0, 1, 0), (1, 0, 0), (1, 1, 0), (1, 2, 0), (1, 3, 0))((0, 4, 0), (1, 4, 0), (2, 3, 0), (2, 4, 0), (3, 4, 0))((0, 3, 0), (0, 3, 1), (0, 3, 2), (0, 3, 3), (0, 4, 2))((0, 1, 2), (0, 2, 0), (0, 2, 1), (0, 2, 2), (0, 2, 3))
291
((0, 0, 0), (0, 0, 1), (0, 0, 2), (0, 0, 3), (1, 0, 2))((0, 0, 4), (0, 1, 3), (0, 1, 4), (0, 2, 4), (0, 3, 4))((0, 4, 4), (1, 3, 4), (1, 4, 4), (2, 4, 4), (3, 4, 4))((1, 0, 4), (2, 0, 4), (2, 1, 4), (3, 0, 4), (4, 0, 4))((1, 0, 3), (1, 1, 3), (1, 1, 4), (1, 2, 3), (1, 3, 3))((1, 2, 4), (2, 2, 4), (3, 2, 3), (3, 2, 4), (4, 2, 4))((3, 4, 2), (4, 4, 1), (4, 4, 2), (4, 4, 3), (4, 4, 4))((4, 2, 2), (4, 3, 1), (4, 3, 2), (4, 3, 3), (4, 3, 4))((4, 1, 1), (4, 1, 2), (4, 1, 3), (4, 1, 4), (4, 2, 3))((3, 0, 1), (4, 0, 0), (4, 0, 1), (4, 0, 2), (4, 0, 3))((3, 0, 3), (3, 1, 1), (3, 1, 2), (3, 1, 3), (3, 1, 4))((2, 0, 0), (2, 0, 1), (2, 0, 2), (2, 0, 3), (3, 0, 2))((0, 4, 3), (1, 4, 2), (1, 4, 3), (2, 4, 3), (3, 4, 3))((1, 1, 2), (2, 1, 0), (2, 1, 1), (2, 1, 2), (2, 1, 3))((3, 2, 2), (3, 3, 1), (3, 3, 2), (3, 3, 3), (3, 3, 4))((0, 4, 1), (1, 4, 1), (2, 4, 1), (2, 4, 2), (3, 4, 1))((0, 1, 1), (1, 0, 1), (1, 1, 1), (1, 2, 1), (1, 3, 1))((4, 1, 0), (4, 2, 0), (4, 2, 1), (4, 3, 0), (4, 4, 0))((3, 0, 0), (3, 1, 0), (3, 2, 0), (3, 2, 1), (3, 3, 0))((0, 4, 0), (1, 4, 0), (2, 3, 0), (2, 4, 0), (3, 4, 0))((0, 1, 0), (1, 0, 0), (1, 1, 0), (1, 2, 0), (1, 3, 0))((1, 2, 2), (2, 2, 0), (2, 2, 1), (2, 2, 2), (2, 2, 3))((1, 3, 2), (2, 3, 1), (2, 3, 2), (2, 3, 3), (2, 3, 4))((0, 1, 2), (0, 2, 0), (0, 2, 1), (0, 2, 2), (0, 2, 3))((0, 3, 0), (0, 3, 1), (0, 3, 2), (0, 3, 3), (0, 4, 2))
292
((0, 0, 0), (0, 0, 1), (0, 0, 2), (0, 0, 3), (1, 0, 2))((0, 0, 4), (0, 1, 3), (0, 1, 4), (0, 2, 4), (0, 3, 4))((0, 4, 4), (1, 3, 4), (1, 4, 4), (2, 4, 4), (3, 4, 4))((1, 0, 4), (2, 0, 4), (2, 1, 4), (3, 0, 4), (4, 0, 4))((1, 0, 3), (1, 1, 3), (1, 1, 4), (1, 2, 3), (1, 3, 3))((1, 2, 4), (2, 2, 4), (3, 2, 3), (3, 2, 4), (4, 2, 4))((3, 4, 2), (4, 4, 1), (4, 4, 2), (4, 4, 3), (4, 4, 4))((4, 2, 2), (4, 3, 1), (4, 3, 2), (4, 3, 3), (4, 3, 4))((4, 1, 1), (4, 1, 2), (4, 1, 3), (4, 1, 4), (4, 2, 3))((3, 0, 1), (4, 0, 0), (4, 0, 1), (4, 0, 2), (4, 0, 3))((3, 0, 3), (3, 1, 1), (3, 1, 2), (3, 1, 3), (3, 1, 4))((2, 0, 0), (2, 0, 1), (2, 0, 2), (2, 0, 3), (3, 0, 2))((0, 4, 3), (1, 4, 3), (2, 4, 2), (2, 4, 3), (3, 4, 3))((3, 2, 2), (3, 3, 1), (3, 3, 2), (3, 3, 3), (3, 3, 4))((1, 3, 2), (2, 3, 1), (2, 3, 2), (2, 3, 3), (2, 3, 4))((0, 4, 1), (1, 4, 1), (1, 4, 2), (2, 4, 1), (3, 4, 1))((0, 1, 1), (1, 0, 1), (1, 1, 1), (1, 2, 1), (1, 3, 1))((4, 1, 0), (4, 2, 0), (4, 2, 1), (4, 3, 0), (4, 4, 0))((1, 1, 2), (2, 1, 0), (2, 1, 1), (2, 1, 2), (2, 1, 3))((3, 0, 0), (3, 1, 0), (3, 2, 0), (3, 2, 1), (3, 3, 0))((1, 2, 2), (2, 2, 0), (2, 2, 1), (2, 2, 2), (2, 2, 3))((0, 1, 0), (1, 0, 0), (1, 1, 0), (1, 2, 0), (1, 3, 0))((0, 4, 0), (1, 4, 0), (2, 3, 0), (2, 4, 0), (3, 4, 0))((0, 3, 0), (0, 3, 1), (0, 3, 2), (0, 3, 3), (0, 4, 2))((0, 1, 2), (0, 2, 0), (0, 2, 1), (0, 2, 2), (0, 2, 3))
293
((0, 0, 0), (0, 0, 1), (0, 0, 2), (0, 0, 3), (1, 0, 2))((0, 0, 4), (0, 1, 3), (0, 1, 4), (0, 2, 4), (0, 3, 4))((0, 4, 4), (1, 3, 4), (1, 4, 4), (2, 4, 4), (3, 4, 4))((1, 0, 4), (2, 0, 4), (2, 1, 4), (3, 0, 4), (4, 0, 4))((1, 0, 3), (1, 1, 3), (1, 1, 4), (1, 2, 3), (1, 3, 3))((1, 2, 4), (2, 2, 4), (3, 2, 3), (3, 2, 4), (4, 2, 4))((3, 4, 2), (4, 4, 1), (4, 4, 2), (4, 4, 3), (4, 4, 4))((4, 2, 3), (4, 3, 1), (4, 3, 2), (4, 3, 3), (4, 3, 4))((3, 2, 2), (3, 3, 1), (3, 3, 2), (3, 3, 3), (3, 3, 4))((4, 1, 1), (4, 1, 2), (4, 1, 3), (4, 1, 4), (4, 2, 2))((3, 0, 2), (4, 0, 0), (4, 0, 1), (4, 0, 2), (4, 0, 3))((3, 0, 3), (3, 1, 1), (3, 1, 2), (3, 1, 3), (3, 1, 4))((2, 0, 0), (2, 0, 1), (2, 0, 2), (2, 0, 3), (3, 0, 1))((0, 4, 3), (1, 4, 2), (1, 4, 3), (2, 4, 3), (3, 4, 3))((1, 1, 2), (2, 1, 0), (2, 1, 1), (2, 1, 2), (2, 1, 3))((0, 4, 1), (1, 4, 1), (2, 4, 1), (2, 4, 2), (3, 4, 1))((0, 1, 1), (1, 0, 1), (1, 1, 1), (1, 2, 1), (1, 3, 1))((4, 1, 0), (4, 2, 0), (4, 2, 1), (4, 3, 0), (4, 4, 0))((3, 0, 0), (3, 1, 0), (3, 2, 0), (3, 2, 1), (3, 3, 0))((0, 4, 0), (1, 4, 0), (2, 3, 0), (2, 4, 0), (3, 4, 0))((0, 1, 0), (1, 0, 0), (1, 1, 0), (1, 2, 0), (1, 3, 0))((1, 2, 2), (2, 2, 0), (2, 2, 1), (2, 2, 2), (2, 2, 3))((1, 3, 2), (2, 3, 1), (2, 3, 2), (2, 3, 3), (2, 3, 4))((0, 3, 0), (0, 3, 1), (0, 3, 2), (0, 3, 3), (0, 4, 2))((0, 1, 2), (0, 2, 0), (0, 2, 1), (0, 2, 2), (0, 2, 3))
294
((0, 0, 0), (0, 0, 1), (0, 0, 2), (0, 0, 3), (1, 0, 2))((0, 0, 4), (0, 1, 3), (0, 1, 4), (0, 2, 4), (0, 3, 4))((0, 4, 4), (1, 3, 4), (1, 4, 4), (2, 4, 4), (3, 4, 4))((1, 0, 4), (2, 0, 4), (2, 1, 4), (3, 0, 4), (4, 0, 4))((1, 0, 3), (1, 1, 3), (1, 1, 4), (1, 2, 3), (1, 3, 3))((1, 2, 4), (2, 2, 4), (3, 2, 3), (3, 2, 4), (4, 2, 4))((3, 4, 2), (4, 4, 1), (4, 4, 2), (4, 4, 3), (4, 4, 4))((4, 2, 3), (4, 3, 1), (4, 3, 2), (4, 3, 3), (4, 3, 4))((3, 2, 2), (3, 3, 1), (3, 3, 2), (3, 3, 3), (3, 3, 4))((4, 1, 1), (4, 1, 2), (4, 1, 3), (4, 1, 4), (4, 2, 2))((3, 0, 2), (4, 0, 0), (4, 0, 1), (4, 0, 2), (4, 0, 3))((3, 0, 3), (3, 1, 1), (3, 1, 2), (3, 1, 3), (3, 1, 4))((2, 0, 0), (2, 0, 1), (2, 0, 2), (2, 0, 3), (3, 0, 1))((0, 4, 3), (1, 4, 3), (2, 4, 2), (2, 4, 3), (3, 4, 3))((1, 3, 2), (2, 3, 1), (2, 3, 2), (2, 3, 3), (2, 3, 4))((0, 4, 1), (1, 4, 1), (1, 4, 2), (2, 4, 1), (3, 4, 1))((0, 1, 1), (1, 0, 1), (1, 1, 1), (1, 2, 1), (1, 3, 1))((4, 1, 0), (4, 2, 0), (4, 2, 1), (4, 3, 0), (4, 4, 0))((1, 1, 2), (2, 1, 0), (2, 1, 1), (2, 1, 2), (2, 1, 3))((3, 0, 0), (3, 1, 0), (3, 2, 0), (3, 2, 1), (3, 3, 0))((1, 2, 2), (2, 2, 0), (2, 2, 1), (2, 2, 2), (2, 2, 3))((0, 1, 0), (1, 0, 0), (1, 1, 0), (1, 2, 0), (1, 3, 0))((0, 4, 0), (1, 4, 0), (2, 3, 0), (2, 4, 0), (3, 4, 0))((0, 3, 0), (0, 3, 1), (0, 3, 2), (0, 3, 3), (0, 4, 2))((0, 1, 2), (0, 2, 0), (0, 2, 1), (0, 2, 2), (0, 2, 3))
295
((0, 0, 0), (0, 0, 1), (0, 0, 2), (0, 0, 3), (1, 0, 2))((0, 0, 4), (0, 1, 3), (0, 1, 4), (0, 2, 4), (0, 3, 4))((0, 4, 4), (1, 3, 4), (1, 4, 4), (2, 4, 4), (3, 4, 4))((1, 0, 4), (2, 0, 4), (2, 1, 4), (3, 0, 4), (4, 0, 4))((1, 0, 3), (1, 1, 3), (1, 1, 4), (1, 2, 3), (1, 3, 3))((1, 2, 4), (2, 2, 4), (3, 2, 3), (3, 2, 4), (4, 2, 4))((3, 4, 2), (4, 4, 1), (4, 4, 2), (4, 4, 3), (4, 4, 4))((4, 2, 3), (4, 3, 1), (4, 3, 2), (4, 3, 3), (4, 3, 4))((3, 2, 2), (3, 3, 1), (3, 3, 2), (3, 3, 3), (3, 3, 4))((4, 1, 1), (4, 1, 2), (4, 1, 3), (4, 1, 4), (4, 2, 2))((3, 0, 1), (4, 0, 0), (4, 0, 1), (4, 0, 2), (4, 0, 3))((3, 0, 3), (3, 1, 1), (3, 1, 2), (3, 1, 3), (3, 1, 4))((2, 0, 0), (2, 0, 1), (2, 0, 2), (2, 0, 3), (3, 0, 2))((0, 4, 3), (1, 4, 2), (1, 4, 3), (2, 4, 3), (3, 4, 3))((1, 1, 2), (2, 1, 0), (2, 1, 1), (2, 1, 2), (2, 1, 3))((0, 4, 1), (1, 4, 1), (2, 4, 1), (2, 4, 2), (3, 4, 1))((0, 1, 1), (1, 0, 1), (1, 1, 1), (1, 2, 1), (1, 3, 1))((4, 1, 0), (4, 2, 0), (4, 2, 1), (4, 3, 0), (4, 4, 0))((3, 0, 0), (3, 1, 0), (3, 2, 0), (3, 2, 1), (3, 3, 0))((0, 4, 0), (1, 4, 0), (2, 3, 0), (2, 4, 0), (3, 4, 0))((0, 1, 0), (1, 0, 0), (1, 1, 0), (1, 2, 0), (1, 3, 0))((1, 2, 2), (2, 2, 0), (2, 2, 1), (2, 2, 2), (2, 2, 3))((1, 3, 2), (2, 3, 1), (2, 3, 2), (2, 3, 3), (2, 3, 4))((0, 3, 0), (0, 3, 1), (0, 3, 2), (0, 3, 3), (0, 4, 2))((0, 1, 2), (0, 2, 0), (0, 2, 1), (0, 2, 2), (0, 2, 3))
296
((0, 0, 0), (0, 0, 1), (0, 0, 2), (0, 0, 3), (1, 0, 2))((0, 0, 4), (0, 1, 3), (0, 1, 4), (0, 2, 4), (0, 3, 4))((0, 4, 4), (1, 3, 4), (1, 4, 4), (2, 4, 4), (3, 4, 4))((1, 0, 4), (2, 0, 4), (2, 1, 4), (3, 0, 4), (4, 0, 4))((1, 0, 3), (1, 1, 3), (1, 1, 4), (1, 2, 3), (1, 3, 3))((1, 2, 4), (2, 2, 4), (3, 2, 3), (3, 2, 4), (4, 2, 4))((3, 4, 2), (4, 4, 1), (4, 4, 2), (4, 4, 3), (4, 4, 4))((4, 2, 3), (4, 3, 1), (4, 3, 2), (4, 3, 3), (4, 3, 4))((3, 2, 2), (3, 3, 1), (3, 3, 2), (3, 3, 3), (3, 3, 4))((4, 1, 1), (4, 1, 2), (4, 1, 3), (4, 1, 4), (4, 2, 2))((3, 0, 1), (4, 0, 0), (4, 0, 1), (4, 0, 2), (4, 0, 3))((3, 0, 3), (3, 1, 1), (3, 1, 2), (3, 1, 3), (3, 1, 4))((2, 0, 0), (2, 0, 1), (2, 0, 2), (2, 0, 3), (3, 0, 2))((0, 4, 3), (1, 4, 3), (2, 4, 2), (2, 4, 3), (3, 4, 3))((1, 3, 2), (2, 3, 1), (2, 3, 2), (2, 3, 3), (2, 3, 4))((0, 4, 1), (1, 4, 1), (1, 4, 2), (2, 4, 1), (3, 4, 1))((0, 1, 1), (1, 0, 1), (1, 1, 1), (1, 2, 1), (1, 3, 1))((4, 1, 0), (4, 2, 0), (4, 2, 1), (4, 3, 0), (4, 4, 0))((1, 1, 2), (2, 1, 0), (2, 1, 1), (2, 1, 2), (2, 1, 3))((3, 0, 0), (3, 1, 0), (3, 2, 0), (3, 2, 1), (3, 3, 0))((1, 2, 2), (2, 2, 0), (2, 2, 1), (2, 2, 2), (2, 2, 3))((0, 1, 0), (1, 0, 0), (1, 1, 0), (1, 2, 0), (1, 3, 0))((0, 4, 0), (1, 4, 0), (2, 3, 0), (2, 4, 0), (3, 4, 0))((0, 3, 0), (0, 3, 1), (0, 3, 2), (0, 3, 3), (0, 4, 2))((0, 1, 2), (0, 2, 0), (0, 2, 1), (0, 2, 2), (0, 2, 3))
297
((0, 0, 0), (0, 0, 1), (0, 0, 2), (0, 0, 3), (1, 0, 2))((0, 0, 4), (0, 1, 3), (0, 1, 4), (0, 2, 4), (0, 3, 4))((0, 4, 4), (1, 3, 4), (1, 4, 4), (2, 4, 4), (3, 4, 4))((1, 0, 4), (2, 0, 4), (3, 0, 3), (3, 0, 4), (4, 0, 4))((0, 4, 3), (1, 4, 2), (1, 4, 3), (2, 4, 3), (3, 4, 3))((3, 4, 2), (4, 4, 1), (4, 4, 2), (4, 4, 3), (4, 4, 4))((4, 2, 2), (4, 3, 1), (4, 3, 2), (4, 3, 3), (4, 3, 4))((3, 0, 2), (4, 0, 0), (4, 0, 1), (4, 0, 2), (4, 0, 3))((3, 2, 2), (3, 3, 1), (3, 3, 2), (3, 3, 3), (3, 3, 4))((2, 0, 0), (2, 0, 1), (2, 0, 2), (2, 0, 3), (3, 0, 1))((1, 2, 4), (2, 1, 4), (2, 2, 4), (3, 2, 4), (4, 2, 4))((4, 1, 1), (4, 1, 2), (4, 1, 3), (4, 1, 4), (4, 2, 3))((3, 1, 1), (3, 1, 2), (3, 1, 3), (3, 1, 4), (3, 2, 3))((1, 3, 2), (2, 3, 1), (2, 3, 2), (2, 3, 3), (2, 3, 4))((0, 4, 1), (1, 4, 1), (2, 4, 1), (2, 4, 2), (3, 4, 1))((0, 1, 1), (1, 0, 1), (1, 1, 1), (1, 2, 1), (1, 3, 1))((4, 1, 0), (4, 2, 0), (4, 2, 1), (4, 3, 0), (4, 4, 0))((1, 0, 3), (1, 1, 3), (1, 1, 4), (1, 2, 3), (1, 3, 3))((1, 1, 2), (2, 1, 0), (2, 1, 1), (2, 1, 2), (2, 1, 3))((3, 0, 0), (3, 1, 0), (3, 2, 0), (3, 2, 1), (3, 3, 0))((1, 2, 2), (2, 2, 0), (2, 2, 1), (2, 2, 2), (2, 2, 3))((0, 1, 0), (1, 0, 0), (1, 1, 0), (1, 2, 0), (1, 3, 0))((0, 4, 0), (1, 4, 0), (2, 3, 0), (2, 4, 0), (3, 4, 0))((0, 3, 0), (0, 3, 1), (0, 3, 2), (0, 3, 3), (0, 4, 2))((0, 1, 2), (0, 2, 0), (0, 2, 1), (0, 2, 2), (0, 2, 3))
298
((0, 0, 0), (0, 0, 1), (0, 0, 2), (0, 0, 3), (1, 0, 2))((0, 0, 4), (0, 1, 3), (0, 1, 4), (0, 2, 4), (0, 3, 4))((0, 4, 4), (1, 3, 4), (1, 4, 4), (2, 4, 4), (3, 4, 4))((1, 0, 4), (2, 0, 4), (3, 0, 3), (3, 0, 4), (4, 0, 4))((0, 4, 3), (1, 4, 2), (1, 4, 3), (2, 4, 3), (3, 4, 3))((3, 4, 2), (4, 4, 1), (4, 4, 2), (4, 4, 3), (4, 4, 4))((4, 2, 2), (4, 3, 1), (4, 3, 2), (4, 3, 3), (4, 3, 4))((3, 0, 2), (4, 0, 0), (4, 0, 1), (4, 0, 2), (4, 0, 3))((3, 2, 3), (3, 3, 1), (3, 3, 2), (3, 3, 3), (3, 3, 4))((4, 1, 1), (4, 1, 2), (4, 1, 3), (4, 1, 4), (4, 2, 3))((2, 0, 0), (2, 0, 1), (2, 0, 2), (2, 0, 3), (3, 0, 1))((3, 1, 1), (3, 1, 2), (3, 1, 3), (3, 1, 4), (3, 2, 2))((1, 2, 4), (2, 1, 4), (2, 2, 4), (3, 2, 4), (4, 2, 4))((1, 3, 2), (2, 3, 1), (2, 3, 2), (2, 3, 3), (2, 3, 4))((0, 4, 1), (1, 4, 1), (2, 4, 1), (2, 4, 2), (3, 4, 1))((0, 1, 1), (1, 0, 1), (1, 1, 1), (1, 2, 1), (1, 3, 1))((4, 1, 0), (4, 2, 0), (4, 2, 1), (4, 3, 0), (4, 4, 0))((1, 0, 3), (1, 1, 3), (1, 1, 4), (1, 2, 3), (1, 3, 3))((1, 1, 2), (2, 1, 0), (2, 1, 1), (2, 1, 2), (2, 1, 3))((3, 0, 0), (3, 1, 0), (3, 2, 0), (3, 2, 1), (3, 3, 0))((1, 2, 2), (2, 2, 0), (2, 2, 1), (2, 2, 2), (2, 2, 3))((0, 1, 0), (1, 0, 0), (1, 1, 0), (1, 2, 0), (1, 3, 0))((0, 4, 0), (1, 4, 0), (2, 3, 0), (2, 4, 0), (3, 4, 0))((0, 3, 0), (0, 3, 1), (0, 3, 2), (0, 3, 3), (0, 4, 2))((0, 1, 2), (0, 2, 0), (0, 2, 1), (0, 2, 2), (0, 2, 3))
299
((0, 0, 0), (0, 0, 1), (0, 0, 2), (0, 0, 3), (1, 0, 2))((0, 0, 4), (0, 1, 3), (0, 1, 4), (0, 2, 4), (0, 3, 4))((0, 4, 4), (1, 3, 4), (1, 4, 4), (2, 4, 4), (3, 4, 4))((1, 0, 4), (2, 0, 4), (3, 0, 3), (3, 0, 4), (4, 0, 4))((0, 4, 3), (1, 4, 2), (1, 4, 3), (2, 4, 3), (3, 4, 3))((3, 4, 2), (4, 4, 1), (4, 4, 2), (4, 4, 3), (4, 4, 4))((4, 2, 2), (4, 3, 1), (4, 3, 2), (4, 3, 3), (4, 3, 4))((3, 0, 1), (4, 0, 0), (4, 0, 1), (4, 0, 2), (4, 0, 3))((3, 2, 2), (3, 3, 1), (3, 3, 2), (3, 3, 3), (3, 3, 4))((2, 0, 0), (2, 0, 1), (2, 0, 2), (2, 0, 3), (3, 0, 2))((1, 2, 4), (2, 1, 4), (2, 2, 4), (3, 2, 4), (4, 2, 4))((4, 1, 1), (4, 1, 2), (4, 1, 3), (4, 1, 4), (4, 2, 3))((3, 1, 1), (3, 1, 2), (3, 1, 3), (3, 1, 4), (3, 2, 3))((1, 3, 2), (2, 3, 1), (2, 3, 2), (2, 3, 3), (2, 3, 4))((0, 4, 1), (1, 4, 1), (2, 4, 1), (2, 4, 2), (3, 4, 1))((0, 1, 1), (1, 0, 1), (1, 1, 1), (1, 2, 1), (1, 3, 1))((4, 1, 0), (4, 2, 0), (4, 2, 1), (4, 3, 0), (4, 4, 0))((1, 0, 3), (1, 1, 3), (1, 1, 4), (1, 2, 3), (1, 3, 3))((1, 1, 2), (2, 1, 0), (2, 1, 1), (2, 1, 2), (2, 1, 3))((3, 0, 0), (3, 1, 0), (3, 2, 0), (3, 2, 1), (3, 3, 0))((1, 2, 2), (2, 2, 0), (2, 2, 1), (2, 2, 2), (2, 2, 3))((0, 1, 0), (1, 0, 0), (1, 1, 0), (1, 2, 0), (1, 3, 0))((0, 4, 0), (1, 4, 0), (2, 3, 0), (2, 4, 0), (3, 4, 0))((0, 3, 0), (0, 3, 1), (0, 3, 2), (0, 3, 3), (0, 4, 2))((0, 1, 2), (0, 2, 0), (0, 2, 1), (0, 2, 2), (0, 2, 3))
300
((0, 0, 0), (0, 0, 1), (0, 0, 2), (0, 0, 3), (1, 0, 2))((0, 0, 4), (0, 1, 3), (0, 1, 4), (0, 2, 4), (0, 3, 4))((0, 4, 4), (1, 3, 4), (1, 4, 4), (2, 4, 4), (3, 4, 4))((1, 0, 4), (2, 0, 4), (3, 0, 3), (3, 0, 4), (4, 0, 4))((0, 4, 3), (1, 4, 2), (1, 4, 3), (2, 4, 3), (3, 4, 3))((3, 4, 2), (4, 4, 1), (4, 4, 2), (4, 4, 3), (4, 4, 4))((4, 2, 2), (4, 3, 1), (4, 3, 2), (4, 3, 3), (4, 3, 4))((3, 0, 1), (4, 0, 0), (4, 0, 1), (4, 0, 2), (4, 0, 3))((3, 2, 3), (3, 3, 1), (3, 3, 2), (3, 3, 3), (3, 3, 4))((4, 1, 1), (4, 1, 2), (4, 1, 3), (4, 1, 4), (4, 2, 3))((2, 0, 0), (2, 0, 1), (2, 0, 2), (2, 0, 3), (3, 0, 2))((1, 2, 4), (2, 1, 4), (2, 2, 4), (3, 2, 4), (4, 2, 4))((3, 1, 1), (3, 1, 2), (3, 1, 3), (3, 1, 4), (3, 2, 2))((1, 3, 2), (2, 3, 1), (2, 3, 2), (2, 3, 3), (2, 3, 4))((0, 4, 1), (1, 4, 1), (2, 4, 1), (2, 4, 2), (3, 4, 1))((0, 1, 1), (1, 0, 1), (1, 1, 1), (1, 2, 1), (1, 3, 1))((4, 1, 0), (4, 2, 0), (4, 2, 1), (4, 3, 0), (4, 4, 0))((1, 0, 3), (1, 1, 3), (1, 1, 4), (1, 2, 3), (1, 3, 3))((1, 1, 2), (2, 1, 0), (2, 1, 1), (2, 1, 2), (2, 1, 3))((3, 0, 0), (3, 1, 0), (3, 2, 0), (3, 2, 1), (3, 3, 0))((1, 2, 2), (2, 2, 0), (2, 2, 1), (2, 2, 2), (2, 2, 3))((0, 1, 0), (1, 0, 0), (1, 1, 0), (1, 2, 0), (1, 3, 0))((0, 4, 0), (1, 4, 0), (2, 3, 0), (2, 4, 0), (3, 4, 0))((0, 3, 0), (0, 3, 1), (0, 3, 2), (0, 3, 3), (0, 4, 2))((0, 1, 2), (0, 2, 0), (0, 2, 1), (0, 2, 2), (0, 2, 3))
301
((0, 0, 0), (0, 0, 1), (0, 0, 2), (0, 0, 3), (1, 0, 2))((0, 0, 4), (0, 1, 3), (0, 1, 4), (0, 2, 4), (0, 3, 4))((0, 4, 4), (1, 3, 4), (1, 4, 4), (2, 4, 4), (3, 4, 4))((1, 0, 4), (2, 0, 4), (3, 0, 3), (3, 0, 4), (4, 0, 4))((0, 4, 3), (1, 4, 2), (1, 4, 3), (2, 4, 3), (3, 4, 3))((3, 4, 2), (4, 4, 1), (4, 4, 2), (4, 4, 3), (4, 4, 4))((4, 2, 3), (4, 3, 1), (4, 3, 2), (4, 3, 3), (4, 3, 4))((3, 2, 2), (3, 3, 1), (3, 3, 2), (3, 3, 3), (3, 3, 4))((4, 1, 1), (4, 1, 2), (4, 1, 3), (4, 1, 4), (4, 2, 2))((3, 0, 2), (4, 0, 0), (4, 0, 1), (4, 0, 2), (4, 0, 3))((2, 0, 0), (2, 0, 1), (2, 0, 2), (2, 0, 3), (3, 0, 1))((3, 1, 1), (3, 1, 2), (3, 1, 3), (3, 1, 4), (3, 2, 3))((1, 2, 4), (2, 1, 4), (2, 2, 4), (3, 2, 4), (4, 2, 4))((1, 3, 2), (2, 3, 1), (2, 3, 2), (2, 3, 3), (2, 3, 4))((0, 4, 1), (1, 4, 1), (2, 4, 1), (2, 4, 2), (3, 4, 1))((0, 1, 1), (1, 0, 1), (1, 1, 1), (1, 2, 1), (1, 3, 1))((4, 1, 0), (4, 2, 0), (4, 2, 1), (4, 3, 0), (4, 4, 0))((1, 0, 3), (1, 1, 3), (1, 1, 4), (1, 2, 3), (1, 3, 3))((1, 1, 2), (2, 1, 0), (2, 1, 1), (2, 1, 2), (2, 1, 3))((3, 0, 0), (3, 1, 0), (3, 2, 0), (3, 2, 1), (3, 3, 0))((1, 2, 2), (2, 2, 0), (2, 2, 1), (2, 2, 2), (2, 2, 3))((0, 1, 0), (1, 0, 0), (1, 1, 0), (1, 2, 0), (1, 3, 0))((0, 4, 0), (1, 4, 0), (2, 3, 0), (2, 4, 0), (3, 4, 0))((0, 3, 0), (0, 3, 1), (0, 3, 2), (0, 3, 3), (0, 4, 2))((0, 1, 2), (0, 2, 0), (0, 2, 1), (0, 2, 2), (0, 2, 3))
302
((0, 0, 0), (0, 0, 1), (0, 0, 2), (0, 0, 3), (1, 0, 2))((0, 0, 4), (0, 1, 3), (0, 1, 4), (0, 2, 4), (0, 3, 4))((0, 4, 4), (1, 3, 4), (1, 4, 4), (2, 4, 4), (3, 4, 4))((1, 0, 4), (2, 0, 4), (3, 0, 3), (3, 0, 4), (4, 0, 4))((0, 4, 3), (1, 4, 2), (1, 4, 3), (2, 4, 3), (3, 4, 3))((3, 4, 2), (4, 4, 1), (4, 4, 2), (4, 4, 3), (4, 4, 4))((4, 2, 3), (4, 3, 1), (4, 3, 2), (4, 3, 3), (4, 3, 4))((3, 2, 2), (3, 3, 1), (3, 3, 2), (3, 3, 3), (3, 3, 4))((4, 1, 1), (4, 1, 2), (4, 1, 3), (4, 1, 4), (4, 2, 2))((3, 0, 1), (4, 0, 0), (4, 0, 1), (4, 0, 2), (4, 0, 3))((2, 0, 0), (2, 0, 1), (2, 0, 2), (2, 0, 3), (3, 0, 2))((3, 1, 1), (3, 1, 2), (3, 1, 3), (3, 1, 4), (3, 2, 3))((1, 2, 4), (2, 1, 4), (2, 2, 4), (3, 2, 4), (4, 2, 4))((1, 3, 2), (2, 3, 1), (2, 3, 2), (2, 3, 3), (2, 3, 4))((0, 4, 1), (1, 4, 1), (2, 4, 1), (2, 4, 2), (3, 4, 1))((0, 1, 1), (1, 0, 1), (1, 1, 1), (1, 2, 1), (1, 3, 1))((4, 1, 0), (4, 2, 0), (4, 2, 1), (4, 3, 0), (4, 4, 0))((1, 0, 3), (1, 1, 3), (1, 1, 4), (1, 2, 3), (1, 3, 3))((1, 1, 2), (2, 1, 0), (2, 1, 1), (2, 1, 2), (2, 1, 3))((3, 0, 0), (3, 1, 0), (3, 2, 0), (3, 2, 1), (3, 3, 0))((1, 2, 2), (2, 2, 0), (2, 2, 1), (2, 2, 2), (2, 2, 3))((0, 1, 0), (1, 0, 0), (1, 1, 0), (1, 2, 0), (1, 3, 0))((0, 4, 0), (1, 4, 0), (2, 3, 0), (2, 4, 0), (3, 4, 0))((0, 3, 0), (0, 3, 1), (0, 3, 2), (0, 3, 3), (0, 4, 2))((0, 1, 2), (0, 2, 0), (0, 2, 1), (0, 2, 2), (0, 2, 3))
303
((0, 0, 0), (0, 0, 1), (0, 0, 2), (0, 0, 3), (1, 0, 2))((0, 0, 4), (0, 1, 3), (0, 1, 4), (0, 2, 4), (0, 3, 4))((0, 4, 4), (1, 3, 4), (1, 4, 4), (2, 4, 4), (3, 4, 4))((1, 0, 4), (2, 0, 4), (3, 0, 3), (3, 0, 4), (4, 0, 4))((0, 4, 3), (1, 4, 2), (1, 4, 3), (2, 4, 3), (3, 4, 3))((3, 4, 2), (4, 4, 1), (4, 4, 2), (4, 4, 3), (4, 4, 4))((4, 2, 3), (4, 3, 1), (4, 3, 2), (4, 3, 3), (4, 3, 4))((3, 2, 3), (3, 3, 1), (3, 3, 2), (3, 3, 3), (3, 3, 4))((1, 2, 4), (2, 1, 4), (2, 2, 4), (3, 2, 4), (4, 2, 4))((4, 1, 1), (4, 1, 2), (4, 1, 3), (4, 1, 4), (4, 2, 2))((3, 0, 2), (4, 0, 0), (4, 0, 1), (4, 0, 2), (4, 0, 3))((2, 0, 0), (2, 0, 1), (2, 0, 2), (2, 0, 3), (3, 0, 1))((3, 1, 1), (3, 1, 2), (3, 1, 3), (3, 1, 4), (3, 2, 2))((1, 3, 2), (2, 3, 1), (2, 3, 2), (2, 3, 3), (2, 3, 4))((0, 4, 1), (1, 4, 1), (2, 4, 1), (2, 4, 2), (3, 4, 1))((0, 1, 1), (1, 0, 1), (1, 1, 1), (1, 2, 1), (1, 3, 1))((4, 1, 0), (4, 2, 0), (4, 2, 1), (4, 3, 0), (4, 4, 0))((1, 0, 3), (1, 1, 3), (1, 1, 4), (1, 2, 3), (1, 3, 3))((1, 1, 2), (2, 1, 0), (2, 1, 1), (2, 1, 2), (2, 1, 3))((3, 0, 0), (3, 1, 0), (3, 2, 0), (3, 2, 1), (3, 3, 0))((1, 2, 2), (2, 2, 0), (2, 2, 1), (2, 2, 2), (2, 2, 3))((0, 1, 0), (1, 0, 0), (1, 1, 0), (1, 2, 0), (1, 3, 0))((0, 4, 0), (1, 4, 0), (2, 3, 0), (2, 4, 0), (3, 4, 0))((0, 3, 0), (0, 3, 1), (0, 3, 2), (0, 3, 3), (0, 4, 2))((0, 1, 2), (0, 2, 0), (0, 2, 1), (0, 2, 2), (0, 2, 3))
304
((0, 0, 0), (0, 0, 1), (0, 0, 2), (0, 0, 3), (1, 0, 2))((0, 0, 4), (0, 1, 3), (0, 1, 4), (0, 2, 4), (0, 3, 4))((0, 4, 4), (1, 3, 4), (1, 4, 4), (2, 4, 4), (3, 4, 4))((1, 0, 4), (2, 0, 4), (3, 0, 3), (3, 0, 4), (4, 0, 4))((0, 4, 3), (1, 4, 2), (1, 4, 3), (2, 4, 3), (3, 4, 3))((3, 4, 2), (4, 4, 1), (4, 4, 2), (4, 4, 3), (4, 4, 4))((4, 2, 3), (4, 3, 1), (4, 3, 2), (4, 3, 3), (4, 3, 4))((3, 2, 3), (3, 3, 1), (3, 3, 2), (3, 3, 3), (3, 3, 4))((1, 2, 4), (2, 1, 4), (2, 2, 4), (3, 2, 4), (4, 2, 4))((4, 1, 1), (4, 1, 2), (4, 1, 3), (4, 1, 4), (4, 2, 2))((3, 0, 1), (4, 0, 0), (4, 0, 1), (4, 0, 2), (4, 0, 3))((2, 0, 0), (2, 0, 1), (2, 0, 2), (2, 0, 3), (3, 0, 2))((3, 1, 1), (3, 1, 2), (3, 1, 3), (3, 1, 4), (3, 2, 2))((1, 3, 2), (2, 3, 1), (2, 3, 2), (2, 3, 3), (2, 3, 4))((0, 4, 1), (1, 4, 1), (2, 4, 1), (2, 4, 2), (3, 4, 1))((0, 1, 1), (1, 0, 1), (1, 1, 1), (1, 2, 1), (1, 3, 1))((4, 1, 0), (4, 2, 0), (4, 2, 1), (4, 3, 0), (4, 4, 0))((1, 0, 3), (1, 1, 3), (1, 1, 4), (1, 2, 3), (1, 3, 3))((1, 1, 2), (2, 1, 0), (2, 1, 1), (2, 1, 2), (2, 1, 3))((3, 0, 0), (3, 1, 0), (3, 2, 0), (3, 2, 1), (3, 3, 0))((1, 2, 2), (2, 2, 0), (2, 2, 1), (2, 2, 2), (2, 2, 3))((0, 1, 0), (1, 0, 0), (1, 1, 0), (1, 2, 0), (1, 3, 0))((0, 4, 0), (1, 4, 0), (2, 3, 0), (2, 4, 0), (3, 4, 0))((0, 3, 0), (0, 3, 1), (0, 3, 2), (0, 3, 3), (0, 4, 2))((0, 1, 2), (0, 2, 0), (0, 2, 1), (0, 2, 2), (0, 2, 3))
305
((0, 0, 0), (0, 0, 1), (0, 0, 2), (0, 0, 3), (1, 0, 2))((0, 0, 4), (0, 1, 3), (0, 1, 4), (0, 2, 4), (0, 3, 4))((0, 4, 4), (1, 3, 4), (1, 4, 4), (2, 4, 4), (3, 4, 4))((1, 0, 4), (2, 0, 4), (3, 0, 3), (3, 0, 4), (4, 0, 4))((0, 4, 3), (1, 4, 3), (2, 4, 2), (2, 4, 3), (3, 4, 3))((0, 3, 0), (0, 3, 1), (0, 3, 2), (0, 3, 3), (0, 4, 2))((0, 4, 0), (1, 4, 0), (2, 3, 0), (2, 4, 0), (3, 4, 0))((0, 4, 1), (1, 4, 1), (1, 4, 2), (2, 4, 1), (3, 4, 1))((0, 1, 0), (1, 0, 0), (1, 1, 0), (1, 2, 0), (1, 3, 0))((0, 1, 2), (0, 2, 0), (0, 2, 1), (0, 2, 2), (0, 2, 3))((2, 0, 0), (2, 0, 1), (2, 0, 2), (2, 0, 3), (3, 0, 1))((3, 0, 0), (3, 1, 0), (3, 2, 0), (3, 2, 1), (3, 3, 0))((3, 0, 2), (4, 0, 0), (4, 0, 1), (4, 0, 2), (4, 0, 3))((4, 1, 0), (4, 2, 0), (4, 2, 1), (4, 3, 0), (4, 4, 0))((3, 4, 2), (4, 4, 1), (4, 4, 2), (4, 4, 3), (4, 4, 4))((4, 2, 2), (4, 3, 1), (4, 3, 2), (4, 3, 3), (4, 3, 4))((1, 3, 2), (2, 3, 1), (2, 3, 2), (2, 3, 3), (2, 3, 4))((3, 2, 2), (3, 3, 1), (3, 3, 2), (3, 3, 3), (3, 3, 4))((1, 2, 2), (2, 2, 0), (2, 2, 1), (2, 2, 2), (2, 2, 3))((4, 1, 1), (4, 1, 2), (4, 1, 3), (4, 1, 4), (4, 2, 3))((3, 1, 1), (3, 1, 2), (3, 1, 3), (3, 1, 4), (3, 2, 3))((0, 1, 1), (1, 0, 1), (1, 1, 1), (1, 2, 1), (1, 3, 1))((1, 0, 3), (1, 1, 3), (1, 1, 4), (1, 2, 3), (1, 3, 3))((1, 1, 2), (2, 1, 0), (2, 1, 1), (2, 1, 2), (2, 1, 3))((1, 2, 4), (2, 1, 4), (2, 2, 4), (3, 2, 4), (4, 2, 4))
306
((0, 0, 0), (0, 0, 1), (0, 0, 2), (0, 0, 3), (1, 0, 2))((0, 0, 4), (0, 1, 3), (0, 1, 4), (0, 2, 4), (0, 3, 4))((0, 4, 4), (1, 3, 4), (1, 4, 4), (2, 4, 4), (3, 4, 4))((1, 0, 4), (2, 0, 4), (3, 0, 3), (3, 0, 4), (4, 0, 4))((0, 4, 3), (1, 4, 3), (2, 4, 2), (2, 4, 3), (3, 4, 3))((0, 3, 0), (0, 3, 1), (0, 3, 2), (0, 3, 3), (0, 4, 2))((0, 4, 0), (1, 4, 0), (2, 3, 0), (2, 4, 0), (3, 4, 0))((0, 4, 1), (1, 4, 1), (1, 4, 2), (2, 4, 1), (3, 4, 1))((0, 1, 0), (1, 0, 0), (1, 1, 0), (1, 2, 0), (1, 3, 0))((0, 1, 2), (0, 2, 0), (0, 2, 1), (0, 2, 2), (0, 2, 3))((2, 0, 0), (2, 0, 1), (2, 0, 2), (2, 0, 3), (3, 0, 1))((3, 0, 0), (3, 1, 0), (3, 2, 0), (3, 2, 1), (3, 3, 0))((3, 0, 2), (4, 0, 0), (4, 0, 1), (4, 0, 2), (4, 0, 3))((4, 1, 0), (4, 2, 0), (4, 2, 1), (4, 3, 0), (4, 4, 0))((3, 4, 2), (4, 4, 1), (4, 4, 2), (4, 4, 3), (4, 4, 4))((4, 2, 2), (4, 3, 1), (4, 3, 2), (4, 3, 3), (4, 3, 4))((1, 3, 2), (2, 3, 1), (2, 3, 2), (2, 3, 3), (2, 3, 4))((3, 2, 3), (3, 3, 1), (3, 3, 2), (3, 3, 3), (3, 3, 4))((4, 1, 1), (4, 1, 2), (4, 1, 3), (4, 1, 4), (4, 2, 3))((1, 2, 4), (2, 1, 4), (2, 2, 4), (3, 2, 4), (4, 2, 4))((3, 1, 1), (3, 1, 2), (3, 1, 3), (3, 1, 4), (3, 2, 2))((0, 1, 1), (1, 0, 1), (1, 1, 1), (1, 2, 1), (1, 3, 1))((1, 0, 3), (1, 1, 3), (1, 1, 4), (1, 2, 3), (1, 3, 3))((1, 1, 2), (2, 1, 0), (2, 1, 1), (2, 1, 2), (2, 1, 3))((1, 2, 2), (2, 2, 0), (2, 2, 1), (2, 2, 2), (2, 2, 3))
307
((0, 0, 0), (0, 0, 1), (0, 0, 2), (0, 0, 3), (1, 0, 2))((0, 0, 4), (0, 1, 3), (0, 1, 4), (0, 2, 4), (0, 3, 4))((0, 4, 4), (1, 3, 4), (1, 4, 4), (2, 4, 4), (3, 4, 4))((1, 0, 4), (2, 0, 4), (3, 0, 3), (3, 0, 4), (4, 0, 4))((0, 4, 3), (1, 4, 3), (2, 4, 2), (2, 4, 3), (3, 4, 3))((0, 3, 0), (0, 3, 1), (0, 3, 2), (0, 3, 3), (0, 4, 2))((0, 4, 0), (1, 4, 0), (2, 3, 0), (2, 4, 0), (3, 4, 0))((0, 4, 1), (1, 4, 1), (1, 4, 2), (2, 4, 1), (3, 4, 1))((0, 1, 0), (1, 0, 0), (1, 1, 0), (1, 2, 0), (1, 3, 0))((0, 1, 2), (0, 2, 0), (0, 2, 1), (0, 2, 2), (0, 2, 3))((2, 0, 0), (2, 0, 1), (2, 0, 2), (2, 0, 3), (3, 0, 1))((3, 0, 0), (3, 1, 0), (3, 2, 0), (3, 2, 1), (3, 3, 0))((3, 0, 2), (4, 0, 0), (4, 0, 1), (4, 0, 2), (4, 0, 3))((4, 1, 0), (4, 2, 0), (4, 2, 1), (4, 3, 0), (4, 4, 0))((3, 4, 2), (4, 4, 1), (4, 4, 2), (4, 4, 3), (4, 4, 4))((4, 2, 3), (4, 3, 1), (4, 3, 2), (4, 3, 3), (4, 3, 4))((1, 3, 2), (2, 3, 1), (2, 3, 2), (2, 3, 3), (2, 3, 4))((3, 2, 2), (3, 3, 1), (3, 3, 2), (3, 3, 3), (3, 3, 4))((4, 1, 1), (4, 1, 2), (4, 1, 3), (4, 1, 4), (4, 2, 2))((3, 1, 1), (3, 1, 2), (3, 1, 3), (3, 1, 4), (3, 2, 3))((0, 1, 1), (1, 0, 1), (1, 1, 1), (1, 2, 1), (1, 3, 1))((1, 0, 3), (1, 1, 3), (1, 1, 4), (1, 2, 3), (1, 3, 3))((1, 1, 2), (2, 1, 0), (2, 1, 1), (2, 1, 2), (2, 1, 3))((1, 2, 2), (2, 2, 0), (2, 2, 1), (2, 2, 2), (2, 2, 3))((1, 2, 4), (2, 1, 4), (2, 2, 4), (3, 2, 4), (4, 2, 4))
308
((0, 0, 0), (0, 0, 1), (0, 0, 2), (0, 0, 3), (1, 0, 2))((0, 0, 4), (0, 1, 3), (0, 1, 4), (0, 2, 4), (0, 3, 4))((0, 4, 4), (1, 3, 4), (1, 4, 4), (2, 4, 4), (3, 4, 4))((1, 0, 4), (2, 0, 4), (3, 0, 3), (3, 0, 4), (4, 0, 4))((0, 4, 3), (1, 4, 3), (2, 4, 2), (2, 4, 3), (3, 4, 3))((0, 3, 0), (0, 3, 1), (0, 3, 2), (0, 3, 3), (0, 4, 2))((0, 4, 0), (1, 4, 0), (2, 3, 0), (2, 4, 0), (3, 4, 0))((0, 4, 1), (1, 4, 1), (1, 4, 2), (2, 4, 1), (3, 4, 1))((0, 1, 0), (1, 0, 0), (1, 1, 0), (1, 2, 0), (1, 3, 0))((0, 1, 2), (0, 2, 0), (0, 2, 1), (0, 2, 2), (0, 2, 3))((2, 0, 0), (2, 0, 1), (2, 0, 2), (2, 0, 3), (3, 0, 1))((3, 0, 0), (3, 1, 0), (3, 2, 0), (3, 2, 1), (3, 3, 0))((3, 0, 2), (4, 0, 0), (4, 0, 1), (4, 0, 2), (4, 0, 3))((4, 1, 0), (4, 2, 0), (4, 2, 1), (4, 3, 0), (4, 4, 0))((3, 4, 2), (4, 4, 1), (4, 4, 2), (4, 4, 3), (4, 4, 4))((4, 2, 3), (4, 3, 1), (4, 3, 2), (4, 3, 3), (4, 3, 4))((1, 3, 2), (2, 3, 1), (2, 3, 2), (2, 3, 3), (2, 3, 4))((3, 2, 3), (3, 3, 1), (3, 3, 2), (3, 3, 3), (3, 3, 4))((1, 2, 4), (2, 1, 4), (2, 2, 4), (3, 2, 4), (4, 2, 4))((4, 1, 1), (4, 1, 2), (4, 1, 3), (4, 1, 4), (4, 2, 2))((3, 1, 1), (3, 1, 2), (3, 1, 3), (3, 1, 4), (3, 2, 2))((0, 1, 1), (1, 0, 1), (1, 1, 1), (1, 2, 1), (1, 3, 1))((1, 0, 3), (1, 1, 3), (1, 1, 4), (1, 2, 3), (1, 3, 3))((1, 1, 2), (2, 1, 0), (2, 1, 1), (2, 1, 2), (2, 1, 3))((1, 2, 2), (2, 2, 0), (2, 2, 1), (2, 2, 2), (2, 2, 3))
309
((0, 0, 0), (0, 0, 1), (0, 0, 2), (0, 0, 3), (1, 0, 2))((0, 0, 4), (0, 1, 3), (0, 1, 4), (0, 2, 4), (0, 3, 4))((0, 4, 4), (1, 3, 4), (1, 4, 4), (2, 4, 4), (3, 4, 4))((1, 0, 4), (2, 0, 4), (3, 0, 3), (3, 0, 4), (4, 0, 4))((0, 4, 3), (1, 4, 3), (2, 4, 2), (2, 4, 3), (3, 4, 3))((0, 3, 0), (0, 3, 1), (0, 3, 2), (0, 3, 3), (0, 4, 2))((0, 4, 0), (1, 4, 0), (2, 3, 0), (2, 4, 0), (3, 4, 0))((0, 4, 1), (1, 4, 1), (1, 4, 2), (2, 4, 1), (3, 4, 1))((0, 1, 0), (1, 0, 0), (1, 1, 0), (1, 2, 0), (1, 3, 0))((0, 1, 2), (0, 2, 0), (0, 2, 1), (0, 2, 2), (0, 2, 3))((2, 0, 0), (2, 0, 1), (2, 0, 2), (2, 0, 3), (3, 0, 2))((0, 1, 1), (1, 0, 1), (1, 1, 1), (1, 2, 1), (1, 3, 1))((1, 0, 3), (1, 1, 3), (1, 1, 4), (1, 2, 3), (1, 3, 3))((1, 2, 4), (2, 1, 4), (2, 2, 4), (3, 2, 4), (4, 2, 4))((3, 4, 2), (4, 4, 1), (4, 4, 2), (4, 4, 3), (4, 4, 4))((4, 2, 2), (4, 3, 1), (4, 3, 2), (4, 3, 3), (4, 3, 4))((4, 1, 1), (4, 1, 2), (4, 1, 3), (4, 1, 4), (4, 2, 3))((1, 3, 2), (2, 3, 1), (2, 3, 2), (2, 3, 3), (2, 3, 4))((1, 2, 2), (2, 2, 0), (2, 2, 1), (2, 2, 2), (2, 2, 3))((3, 0, 1), (4, 0, 0), (4, 0, 1), (4, 0, 2), (4, 0, 3))((1, 1, 2), (2, 1, 0), (2, 1, 1), (2, 1, 2), (2, 1, 3))((3, 1, 1), (3, 1, 2), (3, 1, 3), (3, 1, 4), (3, 2, 3))((3, 2, 2), (3, 3, 1), (3, 3, 2), (3, 3, 3), (3, 3, 4))((4, 1, 0), (4, 2, 0), (4, 2, 1), (4, 3, 0), (4, 4, 0))((3, 0, 0), (3, 1, 0), (3, 2, 0), (3, 2, 1), (3, 3, 0))
310
((0, 0, 0), (0, 0, 1), (0, 0, 2), (0, 0, 3), (1, 0, 2))((0, 0, 4), (0, 1, 3), (0, 1, 4), (0, 2, 4), (0, 3, 4))((0, 4, 4), (1, 3, 4), (1, 4, 4), (2, 4, 4), (3, 4, 4))((1, 0, 4), (2, 0, 4), (3, 0, 3), (3, 0, 4), (4, 0, 4))((0, 4, 3), (1, 4, 3), (2, 4, 2), (2, 4, 3), (3, 4, 3))((0, 3, 0), (0, 3, 1), (0, 3, 2), (0, 3, 3), (0, 4, 2))((0, 4, 0), (1, 4, 0), (2, 3, 0), (2, 4, 0), (3, 4, 0))((0, 4, 1), (1, 4, 1), (1, 4, 2), (2, 4, 1), (3, 4, 1))((0, 1, 0), (1, 0, 0), (1, 1, 0), (1, 2, 0), (1, 3, 0))((0, 1, 2), (0, 2, 0), (0, 2, 1), (0, 2, 2), (0, 2, 3))((2, 0, 0), (2, 0, 1), (2, 0, 2), (2, 0, 3), (3, 0, 2))((0, 1, 1), (1, 0, 1), (1, 1, 1), (1, 2, 1), (1, 3, 1))((1, 0, 3), (1, 1, 3), (1, 1, 4), (1, 2, 3), (1, 3, 3))((1, 2, 4), (2, 1, 4), (2, 2, 4), (3, 2, 4), (4, 2, 4))((3, 4, 2), (4, 4, 1), (4, 4, 2), (4, 4, 3), (4, 4, 4))((4, 2, 2), (4, 3, 1), (4, 3, 2), (4, 3, 3), (4, 3, 4))((4, 1, 1), (4, 1, 2), (4, 1, 3), (4, 1, 4), (4, 2, 3))((1, 3, 2), (2, 3, 1), (2, 3, 2), (2, 3, 3), (2, 3, 4))((1, 2, 2), (2, 2, 0), (2, 2, 1), (2, 2, 2), (2, 2, 3))((3, 0, 1), (4, 0, 0), (4, 0, 1), (4, 0, 2), (4, 0, 3))((1, 1, 2), (2, 1, 0), (2, 1, 1), (2, 1, 2), (2, 1, 3))((3, 1, 1), (3, 1, 2), (3, 1, 3), (3, 1, 4), (3, 2, 2))((4, 1, 0), (4, 2, 0), (4, 2, 1), (4, 3, 0), (4, 4, 0))((3, 0, 0), (3, 1, 0), (3, 2, 0), (3, 2, 1), (3, 3, 0))((3, 2, 3), (3, 3, 1), (3, 3, 2), (3, 3, 3), (3, 3, 4))
311
((0, 0, 0), (0, 0, 1), (0, 0, 2), (0, 0, 3), (1, 0, 2))((0, 0, 4), (0, 1, 3), (0, 1, 4), (0, 2, 4), (0, 3, 4))((0, 4, 4), (1, 3, 4), (1, 4, 4), (2, 4, 4), (3, 4, 4))((1, 0, 4), (2, 0, 4), (3, 0, 3), (3, 0, 4), (4, 0, 4))((0, 4, 3), (1, 4, 3), (2, 4, 2), (2, 4, 3), (3, 4, 3))((0, 3, 0), (0, 3, 1), (0, 3, 2), (0, 3, 3), (0, 4, 2))((0, 4, 0), (1, 4, 0), (2, 3, 0), (2, 4, 0), (3, 4, 0))((0, 4, 1), (1, 4, 1), (1, 4, 2), (2, 4, 1), (3, 4, 1))((0, 1, 0), (1, 0, 0), (1, 1, 0), (1, 2, 0), (1, 3, 0))((0, 1, 2), (0, 2, 0), (0, 2, 1), (0, 2, 2), (0, 2, 3))((2, 0, 0), (2, 0, 1), (2, 0, 2), (2, 0, 3), (3, 0, 2))((0, 1, 1), (1, 0, 1), (1, 1, 1), (1, 2, 1), (1, 3, 1))((1, 0, 3), (1, 1, 3), (1, 1, 4), (1, 2, 3), (1, 3, 3))((1, 2, 4), (2, 1, 4), (2, 2, 4), (3, 2, 4), (4, 2, 4))((3, 4, 2), (4, 4, 1), (4, 4, 2), (4, 4, 3), (4, 4, 4))((4, 2, 3), (4, 3, 1), (4, 3, 2), (4, 3, 3), (4, 3, 4))((1, 3, 2), (2, 3, 1), (2, 3, 2), (2, 3, 3), (2, 3, 4))((3, 2, 2), (3, 3, 1), (3, 3, 2), (3, 3, 3), (3, 3, 4))((3, 1, 1), (3, 1, 2), (3, 1, 3), (3, 1, 4), (3, 2, 3))((1, 1, 2), (2, 1, 0), (2, 1, 1), (2, 1, 2), (2, 1, 3))((3, 0, 1), (4, 0, 0), (4, 0, 1), (4, 0, 2), (4, 0, 3))((1, 2, 2), (2, 2, 0), (2, 2, 1), (2, 2, 2), (2, 2, 3))((3, 0, 0), (3, 1, 0), (3, 2, 0), (3, 2, 1), (3, 3, 0))((4, 1, 0), (4, 2, 0), (4, 2, 1), (4, 3, 0), (4, 4, 0))((4, 1, 1), (4, 1, 2), (4, 1, 3), (4, 1, 4), (4, 2, 2))
312
((0, 0, 0), (0, 0, 1), (0, 0, 2), (0, 0, 3), (1, 0, 2))((0, 0, 4), (0, 1, 3), (0, 1, 4), (0, 2, 4), (0, 3, 4))((0, 4, 4), (1, 3, 4), (1, 4, 4), (2, 4, 4), (3, 4, 4))((1, 0, 4), (2, 0, 4), (3, 0, 3), (3, 0, 4), (4, 0, 4))((0, 4, 3), (1, 4, 3), (2, 4, 2), (2, 4, 3), (3, 4, 3))((0, 3, 0), (0, 3, 1), (0, 3, 2), (0, 3, 3), (0, 4, 2))((0, 4, 0), (1, 4, 0), (2, 3, 0), (2, 4, 0), (3, 4, 0))((0, 4, 1), (1, 4, 1), (1, 4, 2), (2, 4, 1), (3, 4, 1))((0, 1, 0), (1, 0, 0), (1, 1, 0), (1, 2, 0), (1, 3, 0))((0, 1, 2), (0, 2, 0), (0, 2, 1), (0, 2, 2), (0, 2, 3))((2, 0, 0), (2, 0, 1), (2, 0, 2), (2, 0, 3), (3, 0, 2))((0, 1, 1), (1, 0, 1), (1, 1, 1), (1, 2, 1), (1, 3, 1))((1, 0, 3), (1, 1, 3), (1, 1, 4), (1, 2, 3), (1, 3, 3))((1, 2, 4), (2, 1, 4), (2, 2, 4), (3, 2, 4), (4, 2, 4))((3, 4, 2), (4, 4, 1), (4, 4, 2), (4, 4, 3), (4, 4, 4))((4, 2, 3), (4, 3, 1), (4, 3, 2), (4, 3, 3), (4, 3, 4))((1, 3, 2), (2, 3, 1), (2, 3, 2), (2, 3, 3), (2, 3, 4))((3, 2, 3), (3, 3, 1), (3, 3, 2), (3, 3, 3), (3, 3, 4))((3, 0, 1), (4, 0, 0), (4, 0, 1), (4, 0, 2), (4, 0, 3))((4, 1, 0), (4, 2, 0), (4, 2, 1), (4, 3, 0), (4, 4, 0))((4, 1, 1), (4, 1, 2), (4, 1, 3), (4, 1, 4), (4, 2, 2))((1, 2, 2), (2, 2, 0), (2, 2, 1), (2, 2, 2), (2, 2, 3))((1, 1, 2), (2, 1, 0), (2, 1, 1), (2, 1, 2), (2, 1, 3))((3, 1, 1), (3, 1, 2), (3, 1, 3), (3, 1, 4), (3, 2, 2))((3, 0, 0), (3, 1, 0), (3, 2, 0), (3, 2, 1), (3, 3, 0))
313
((0, 0, 0), (0, 0, 1), (0, 0, 2), (0, 0, 3), (1, 0, 2))((0, 0, 4), (0, 1, 3), (0, 1, 4), (0, 2, 4), (0, 3, 4))((0, 4, 1), (0, 4, 2), (0, 4, 3), (0, 4, 4), (1, 4, 2))((1, 0, 4), (1, 1, 4), (1, 2, 4), (1, 3, 4), (2, 2, 4))((1, 4, 4), (2, 3, 4), (2, 4, 4), (3, 4, 4), (4, 4, 4))((2, 0, 1), (2, 0, 2), (2, 0, 3), (2, 0, 4), (3, 0, 3))((2, 1, 4), (3, 0, 4), (3, 1, 4), (3, 2, 4), (3, 3, 4))((3, 0, 2), (4, 0, 1), (4, 0, 2), (4, 0, 3), (4, 0, 4))((3, 1, 3), (4, 1, 1), (4, 1, 2), (4, 1, 3), (4, 1, 4))((3, 2, 3), (4, 2, 1), (4, 2, 2), (4, 2, 3), (4, 2, 4))((4, 3, 1), (4, 3, 2), (4, 3, 3), (4, 3, 4), (4, 4, 2))((1, 4, 3), (2, 4, 2), (2, 4, 3), (3, 4, 3), (4, 4, 3))((1, 0, 3), (1, 1, 3), (1, 2, 3), (1, 3, 3), (2, 1, 3))((0, 3, 0), (0, 3, 1), (0, 3, 2), (0, 3, 3), (1, 3, 1))((0, 1, 1), (1, 0, 1), (1, 1, 1), (2, 1, 1), (3, 1, 1))((1, 0, 0), (2, 0, 0), (3, 0, 0), (3, 0, 1), (4, 0, 0))((0, 1, 0), (1, 1, 0), (1, 2, 0), (2, 1, 0), (3, 1, 0))((3, 2, 0), (4, 1, 0), (4, 2, 0), (4, 3, 0), (4, 4, 0))((0, 4, 0), (1, 3, 0), (1, 4, 0), (2, 4, 0), (3, 4, 0))((1, 3, 2), (2, 3, 0), (2, 3, 1), (2, 3, 2), (2, 3, 3))((1, 4, 1), (2, 4, 1), (3, 4, 1), (3, 4, 2), (4, 4, 1))((3, 2, 1), (3, 3, 0), (3, 3, 1), (3, 3, 2), (3, 3, 3))((0, 1, 2), (1, 1, 2), (1, 2, 2), (2, 1, 2), (3, 1, 2))((0, 2, 0), (0, 2, 1), (0, 2, 2), (0, 2, 3), (1, 2, 1))((2, 2, 0), (2, 2, 1), (2, 2, 2), (2, 2, 3), (3, 2, 2))
314
((0, 0, 0), (0, 0, 1), (0, 0, 2), (0, 0, 3), (1, 0, 2))((0, 0, 4), (0, 1, 3), (0, 1, 4), (0, 2, 4), (0, 3, 4))((0, 4, 1), (0, 4, 2), (0, 4, 3), (0, 4, 4), (1, 4, 2))((1, 0, 4), (1, 1, 4), (1, 2, 4), (1, 3, 4), (2, 2, 4))((1, 4, 4), (2, 3, 4), (2, 4, 4), (3, 4, 4), (4, 4, 4))((2, 0, 1), (2, 0, 2), (2, 0, 3), (2, 0, 4), (3, 0, 3))((2, 1, 4), (3, 0, 4), (3, 1, 4), (3, 2, 4), (3, 3, 4))((3, 0, 2), (4, 0, 1), (4, 0, 2), (4, 0, 3), (4, 0, 4))((3, 1, 3), (4, 1, 1), (4, 1, 2), (4, 1, 3), (4, 1, 4))((3, 2, 3), (4, 2, 1), (4, 2, 2), (4, 2, 3), (4, 2, 4))((4, 3, 1), (4, 3, 2), (4, 3, 3), (4, 3, 4), (4, 4, 2))((1, 4, 3), (2, 4, 2), (2, 4, 3), (3, 4, 3), (4, 4, 3))((1, 0, 3), (1, 1, 3), (1, 2, 3), (1, 3, 3), (2, 1, 3))((0, 3, 0), (0, 3, 1), (0, 3, 2), (0, 3, 3), (1, 3, 1))((0, 1, 1), (1, 0, 1), (1, 1, 1), (2, 1, 1), (3, 1, 1))((1, 0, 0), (2, 0, 0), (3, 0, 0), (3, 0, 1), (4, 0, 0))((0, 1, 0), (1, 1, 0), (1, 2, 0), (2, 1, 0), (3, 1, 0))((3, 2, 0), (4, 1, 0), (4, 2, 0), (4, 3, 0), (4, 4, 0))((0, 4, 0), (1, 3, 0), (1, 4, 0), (2, 4, 0), (3, 4, 0))((1, 3, 2), (2, 3, 0), (2, 3, 1), (2, 3, 2), (2, 3, 3))((1, 4, 1), (2, 4, 1), (3, 4, 1), (3, 4, 2), (4, 4, 1))((3, 2, 2), (3, 3, 0), (3, 3, 1), (3, 3, 2), (3, 3, 3))((0, 1, 2), (1, 1, 2), (1, 2, 2), (2, 1, 2), (3, 1, 2))((0, 2, 0), (0, 2, 1), (0, 2, 2), (0, 2, 3), (1, 2, 1))((2, 2, 0), (2, 2, 1), (2, 2, 2), (2, 2, 3), (3, 2, 1))
315
((0, 0, 0), (0, 0, 1), (0, 0, 2), (0, 0, 3), (1, 0, 2))((0, 0, 4), (0, 1, 3), (0, 1, 4), (0, 2, 4), (0, 3, 4))((0, 4, 1), (0, 4, 2), (0, 4, 3), (0, 4, 4), (1, 4, 2))((1, 0, 4), (1, 1, 4), (1, 2, 4), (1, 3, 4), (2, 2, 4))((1, 4, 4), (2, 3, 4), (2, 4, 4), (3, 4, 4), (4, 4, 4))((2, 0, 1), (2, 0, 2), (2, 0, 3), (2, 0, 4), (3, 0, 3))((2, 1, 4), (3, 0, 4), (3, 1, 4), (3, 2, 4), (3, 3, 4))((3, 0, 2), (4, 0, 1), (4, 0, 2), (4, 0, 3), (4, 0, 4))((3, 1, 3), (4, 1, 1), (4, 1, 2), (4, 1, 3), (4, 1, 4))((3, 2, 3), (4, 2, 1), (4, 2, 2), (4, 2, 3), (4, 2, 4))((4, 3, 1), (4, 3, 2), (4, 3, 3), (4, 3, 4), (4, 4, 2))((1, 4, 3), (2, 4, 2), (2, 4, 3), (3, 4, 3), (4, 4, 3))((1, 0, 3), (1, 1, 3), (1, 2, 3), (1, 3, 3), (2, 1, 3))((0, 3, 0), (0, 3, 1), (0, 3, 2), (0, 3, 3), (1, 3, 2))((0, 2, 0), (0, 2, 1), (0, 2, 2), (0, 2, 3), (1, 2, 1))((0, 1, 1), (1, 0, 1), (1, 1, 1), (2, 1, 1), (3, 1, 1))((1, 0, 0), (2, 0, 0), (3, 0, 0), (3, 0, 1), (4, 0, 0))((0, 1, 2), (1, 1, 2), (1, 2, 2), (2, 1, 2), (3, 1, 2))((1, 4, 1), (2, 4, 1), (3, 4, 1), (3, 4, 2), (4, 4, 1))((0, 4, 0), (1, 3, 0), (1, 4, 0), (2, 4, 0), (3, 4, 0))((1, 3, 1), (2, 3, 0), (2, 3, 1), (2, 3, 2), (2, 3, 3))((3, 2, 2), (3, 3, 0), (3, 3, 1), (3, 3, 2), (3, 3, 3))((2, 2, 0), (2, 2, 1), (2, 2, 2), (2, 2, 3), (3, 2, 1))((0, 1, 0), (1, 1, 0), (1, 2, 0), (2, 1, 0), (3, 1, 0))((3, 2, 0), (4, 1, 0), (4, 2, 0), (4, 3, 0), (4, 4, 0))
316
((0, 0, 0), (0, 0, 1), (0, 0, 2), (0, 0, 3), (1, 0, 2))((0, 0, 4), (0, 1, 3), (0, 1, 4), (0, 2, 4), (0, 3, 4))((0, 4, 1), (0, 4, 2), (0, 4, 3), (0, 4, 4), (1, 4, 2))((1, 0, 4), (1, 1, 4), (1, 2, 4), (1, 3, 4), (2, 2, 4))((1, 4, 4), (2, 3, 4), (2, 4, 4), (3, 4, 4), (4, 4, 4))((2, 0, 1), (2, 0, 2), (2, 0, 3), (2, 0, 4), (3, 0, 3))((2, 1, 4), (3, 0, 4), (3, 1, 4), (3, 2, 4), (3, 3, 4))((3, 0, 2), (4, 0, 1), (4, 0, 2), (4, 0, 3), (4, 0, 4))((3, 1, 3), (4, 1, 1), (4, 1, 2), (4, 1, 3), (4, 1, 4))((3, 2, 3), (4, 2, 1), (4, 2, 2), (4, 2, 3), (4, 2, 4))((4, 3, 1), (4, 3, 2), (4, 3, 3), (4, 3, 4), (4, 4, 2))((1, 4, 3), (2, 4, 2), (2, 4, 3), (3, 4, 3), (4, 4, 3))((1, 0, 3), (1, 1, 3), (1, 2, 3), (1, 3, 3), (2, 1, 3))((0, 3, 0), (0, 3, 1), (0, 3, 2), (0, 3, 3), (1, 3, 2))((0, 2, 0), (0, 2, 1), (0, 2, 2), (0, 2, 3), (1, 2, 1))((0, 1, 1), (1, 0, 1), (1, 1, 1), (2, 1, 1), (3, 1, 1))((1, 0, 0), (2, 0, 0), (3, 0, 0), (3, 0, 1), (4, 0, 0))((0, 1, 2), (1, 1, 2), (1, 2, 2), (2, 1, 2), (3, 1, 2))((1, 4, 1), (2, 4, 1), (3, 4, 1), (3, 4, 2), (4, 4, 1))((0, 4, 0), (1, 3, 0), (1, 4, 0), (2, 4, 0), (3, 4, 0))((1, 3, 1), (2, 3, 0), (2, 3, 1), (2, 3, 2), (2, 3, 3))((2, 2, 0), (2, 2, 1), (2, 2, 2), (2, 2, 3), (3, 2, 2))((0, 1, 0), (1, 1, 0), (1, 2, 0), (2, 1, 0), (3, 1, 0))((3, 2, 0), (4, 1, 0), (4, 2, 0), (4, 3, 0), (4, 4, 0))((3, 2, 1), (3, 3, 0), (3, 3, 1), (3, 3, 2), (3, 3, 3))
317
((0, 0, 0), (0, 0, 1), (0, 0, 2), (0, 0, 3), (1, 0, 2))((0, 0, 4), (0, 1, 3), (0, 1, 4), (0, 2, 4), (0, 3, 4))((0, 4, 1), (0, 4, 2), (0, 4, 3), (0, 4, 4), (1, 4, 2))((1, 0, 4), (1, 1, 4), (1, 2, 4), (1, 3, 4), (2, 2, 4))((1, 4, 4), (2, 3, 4), (2, 4, 4), (3, 4, 4), (4, 4, 4))((2, 0, 1), (2, 0, 2), (2, 0, 3), (2, 0, 4), (3, 0, 3))((2, 1, 4), (3, 0, 4), (3, 1, 4), (3, 2, 4), (3, 3, 4))((3, 0, 2), (4, 0, 1), (4, 0, 2), (4, 0, 3), (4, 0, 4))((3, 1, 3), (4, 1, 1), (4, 1, 2), (4, 1, 3), (4, 1, 4))((3, 2, 3), (4, 2, 1), (4, 2, 2), (4, 2, 3), (4, 2, 4))((4, 3, 1), (4, 3, 2), (4, 3, 3), (4, 3, 4), (4, 4, 2))((1, 4, 3), (2, 4, 2), (2, 4, 3), (3, 4, 3), (4, 4, 3))((1, 0, 3), (1, 1, 3), (1, 2, 2), (1, 2, 3), (1, 3, 3))((0, 3, 0), (0, 3, 1), (0, 3, 2), (0, 3, 3), (1, 3, 1))((0, 1, 1), (1, 0, 1), (1, 1, 1), (2, 1, 1), (3, 1, 1))((1, 0, 0), (2, 0, 0), (3, 0, 0), (3, 0, 1), (4, 0, 0))((0, 1, 2), (1, 1, 2), (2, 1, 2), (2, 1, 3), (3, 1, 2))((1, 3, 2), (2, 3, 0), (2, 3, 1), (2, 3, 2), (2, 3, 3))((0, 2, 0), (0, 2, 1), (0, 2, 2), (0, 2, 3), (1, 2, 1))((3, 2, 2), (3, 3, 0), (3, 3, 1), (3, 3, 2), (3, 3, 3))((1, 4, 1), (2, 4, 1), (3, 4, 1), (3, 4, 2), (4, 4, 1))((3, 2, 0), (4, 1, 0), (4, 2, 0), (4, 3, 0), (4, 4, 0))((2, 2, 0), (2, 2, 1), (2, 2, 2), (2, 2, 3), (3, 2, 1))((0, 1, 0), (1, 1, 0), (1, 2, 0), (2, 1, 0), (3, 1, 0))((0, 4, 0), (1, 3, 0), (1, 4, 0), (2, 4, 0), (3, 4, 0))
318
((0, 0, 0), (0, 0, 1), (0, 0, 2), (0, 0, 3), (1, 0, 2))((0, 0, 4), (0, 1, 3), (0, 1, 4), (0, 2, 4), (0, 3, 4))((0, 4, 1), (0, 4, 2), (0, 4, 3), (0, 4, 4), (1, 4, 2))((1, 0, 4), (1, 1, 4), (1, 2, 4), (1, 3, 4), (2, 2, 4))((1, 4, 4), (2, 3, 4), (2, 4, 4), (3, 4, 4), (4, 4, 4))((2, 0, 1), (2, 0, 2), (2, 0, 3), (2, 0, 4), (3, 0, 3))((2, 1, 4), (3, 0, 4), (3, 1, 4), (3, 2, 4), (3, 3, 4))((3, 0, 2), (4, 0, 1), (4, 0, 2), (4, 0, 3), (4, 0, 4))((3, 1, 3), (4, 1, 1), (4, 1, 2), (4, 1, 3), (4, 1, 4))((3, 2, 3), (4, 2, 1), (4, 2, 2), (4, 2, 3), (4, 2, 4))((4, 3, 1), (4, 3, 2), (4, 3, 3), (4, 3, 4), (4, 4, 2))((1, 4, 3), (2, 4, 2), (2, 4, 3), (3, 4, 3), (4, 4, 3))((1, 0, 3), (1, 1, 3), (1, 2, 2), (1, 2, 3), (1, 3, 3))((0, 3, 0), (0, 3, 1), (0, 3, 2), (0, 3, 3), (1, 3, 1))((0, 1, 1), (1, 0, 1), (1, 1, 1), (2, 1, 1), (3, 1, 1))((1, 0, 0), (2, 0, 0), (3, 0, 0), (3, 0, 1), (4, 0, 0))((0, 1, 2), (1, 1, 2), (2, 1, 2), (2, 1, 3), (3, 1, 2))((1, 3, 2), (2, 3, 0), (2, 3, 1), (2, 3, 2), (2, 3, 3))((0, 2, 0), (0, 2, 1), (0, 2, 2), (0, 2, 3), (1, 2, 1))((2, 2, 0), (2, 2, 1), (2, 2, 2), (2, 2, 3), (3, 2, 2))((0, 4, 0), (1, 3, 0), (1, 4, 0), (2, 4, 0), (3, 4, 0))((0, 1, 0), (1, 1, 0), (1, 2, 0), (2, 1, 0), (3, 1, 0))((3, 2, 1), (3, 3, 0), (3, 3, 1), (3, 3, 2), (3, 3, 3))((3, 2, 0), (4, 1, 0), (4, 2, 0), (4, 3, 0), (4, 4, 0))((1, 4, 1), (2, 4, 1), (3, 4, 1), (3, 4, 2), (4, 4, 1))
319
((0, 0, 0), (0, 0, 1), (0, 0, 2), (0, 0, 3), (1, 0, 2))((0, 0, 4), (0, 1, 3), (0, 1, 4), (0, 2, 4), (0, 3, 4))((0, 4, 1), (0, 4, 2), (0, 4, 3), (0, 4, 4), (1, 4, 2))((1, 0, 4), (1, 1, 4), (1, 2, 4), (1, 3, 4), (2, 2, 4))((1, 4, 4), (2, 3, 4), (2, 4, 4), (3, 4, 4), (4, 4, 4))((2, 0, 1), (2, 0, 2), (2, 0, 3), (2, 0, 4), (3, 0, 3))((2, 1, 4), (3, 0, 4), (3, 1, 4), (3, 2, 4), (3, 3, 4))((3, 0, 2), (4, 0, 1), (4, 0, 2), (4, 0, 3), (4, 0, 4))((3, 1, 3), (4, 1, 1), (4, 1, 2), (4, 1, 3), (4, 1, 4))((3, 2, 3), (4, 2, 1), (4, 2, 2), (4, 2, 3), (4, 2, 4))((4, 3, 1), (4, 3, 2), (4, 3, 3), (4, 3, 4), (4, 4, 2))((1, 4, 3), (2, 4, 2), (2, 4, 3), (3, 4, 3), (4, 4, 3))((1, 0, 3), (1, 1, 3), (1, 2, 2), (1, 2, 3), (1, 3, 3))((0, 3, 0), (0, 3, 1), (0, 3, 2), (0, 3, 3), (1, 3, 2))((0, 2, 0), (0, 2, 1), (0, 2, 2), (0, 2, 3), (1, 2, 1))((0, 1, 1), (1, 0, 1), (1, 1, 1), (2, 1, 1), (3, 1, 1))((1, 0, 0), (2, 0, 0), (3, 0, 0), (3, 0, 1), (4, 0, 0))((0, 1, 2), (1, 1, 2), (2, 1, 2), (2, 1, 3), (3, 1, 2))((1, 4, 1), (2, 4, 1), (3, 4, 1), (3, 4, 2), (4, 4, 1))((0, 4, 0), (1, 3, 0), (1, 4, 0), (2, 4, 0), (3, 4, 0))((1, 3, 1), (2, 3, 0), (2, 3, 1), (2, 3, 2), (2, 3, 3))((3, 2, 2), (3, 3, 0), (3, 3, 1), (3, 3, 2), (3, 3, 3))((2, 2, 0), (2, 2, 1), (2, 2, 2), (2, 2, 3), (3, 2, 1))((0, 1, 0), (1, 1, 0), (1, 2, 0), (2, 1, 0), (3, 1, 0))((3, 2, 0), (4, 1, 0), (4, 2, 0), (4, 3, 0), (4, 4, 0))
320
((0, 0, 0), (0, 0, 1), (0, 0, 2), (0, 0, 3), (1, 0, 2))((0, 0, 4), (0, 1, 3), (0, 1, 4), (0, 2, 4), (0, 3, 4))((0, 4, 1), (0, 4, 2), (0, 4, 3), (0, 4, 4), (1, 4, 2))((1, 0, 4), (1, 1, 4), (1, 2, 4), (1, 3, 4), (2, 2, 4))((1, 4, 4), (2, 3, 4), (2, 4, 4), (3, 4, 4), (4, 4, 4))((2, 0, 1), (2, 0, 2), (2, 0, 3), (2, 0, 4), (3, 0, 3))((2, 1, 4), (3, 0, 4), (3, 1, 4), (3, 2, 4), (3, 3, 4))((3, 0, 2), (4, 0, 1), (4, 0, 2), (4, 0, 3), (4, 0, 4))((3, 1, 3), (4, 1, 1), (4, 1, 2), (4, 1, 3), (4, 1, 4))((3, 2, 3), (4, 2, 1), (4, 2, 2), (4, 2, 3), (4, 2, 4))((4, 3, 1), (4, 3, 2), (4, 3, 3), (4, 3, 4), (4, 4, 2))((1, 4, 3), (2, 4, 2), (2, 4, 3), (3, 4, 3), (4, 4, 3))((1, 0, 3), (1, 1, 3), (1, 2, 2), (1, 2, 3), (1, 3, 3))((0, 3, 0), (0, 3, 1), (0, 3, 2), (0, 3, 3), (1, 3, 2))((0, 2, 0), (0, 2, 1), (0, 2, 2), (0, 2, 3), (1, 2, 1))((0, 1, 1), (1, 0, 1), (1, 1, 1), (2, 1, 1), (3, 1, 1))((1, 0, 0), (2, 0, 0), (3, 0, 0), (3, 0, 1), (4, 0, 0))((0, 1, 2), (1, 1, 2), (2, 1, 2), (2, 1, 3), (3, 1, 2))((1, 4, 1), (2, 4, 1), (3, 4, 1), (3, 4, 2), (4, 4, 1))((0, 4, 0), (1, 3, 0), (1, 4, 0), (2, 4, 0), (3, 4, 0))((1, 3, 1), (2, 3, 0), (2, 3, 1), (2, 3, 2), (2, 3, 3))((2, 2, 0), (2, 2, 1), (2, 2, 2), (2, 2, 3), (3, 2, 2))((0, 1, 0), (1, 1, 0), (1, 2, 0), (2, 1, 0), (3, 1, 0))((3, 2, 0), (4, 1, 0), (4, 2, 0), (4, 3, 0), (4, 4, 0))((3, 2, 1), (3, 3, 0), (3, 3, 1), (3, 3, 2), (3, 3, 3))
321
((0, 0, 0), (0, 0, 1), (0, 0, 2), (0, 0, 3), (1, 0, 2))((0, 0, 4), (0, 1, 3), (0, 1, 4), (0, 2, 4), (0, 3, 4))((0, 4, 1), (0, 4, 2), (0, 4, 3), (0, 4, 4), (1, 4, 2))((1, 0, 4), (1, 1, 4), (1, 2, 4), (1, 3, 4), (2, 2, 4))((1, 4, 4), (2, 3, 4), (2, 4, 4), (3, 4, 4), (4, 4, 4))((2, 0, 1), (2, 0, 2), (2, 0, 3), (2, 0, 4), (3, 0, 3))((2, 1, 4), (3, 0, 4), (3, 1, 4), (3, 2, 4), (3, 3, 4))((3, 0, 2), (4, 0, 1), (4, 0, 2), (4, 0, 3), (4, 0, 4))((3, 1, 3), (4, 1, 1), (4, 1, 2), (4, 1, 3), (4, 1, 4))((3, 2, 3), (4, 2, 1), (4, 2, 2), (4, 2, 3), (4, 2, 4))((4, 3, 1), (4, 3, 2), (4, 3, 3), (4, 3, 4), (4, 4, 2))((1, 4, 3), (2, 4, 3), (3, 4, 2), (3, 4, 3), (4, 4, 3))((1, 4, 1), (2, 4, 1), (2, 4, 2), (3, 4, 1), (4, 4, 1))((3, 2, 0), (4, 1, 0), (4, 2, 0), (4, 3, 0), (4, 4, 0))((0, 4, 0), (1, 3, 0), (1, 4, 0), (2, 4, 0), (3, 4, 0))((1, 0, 0), (2, 0, 0), (3, 0, 0), (3, 0, 1), (4, 0, 0))((0, 1, 0), (1, 1, 0), (1, 2, 0), (2, 1, 0), (3, 1, 0))((0, 1, 2), (1, 1, 2), (2, 1, 2), (2, 1, 3), (3, 1, 2))((0, 1, 1), (1, 0, 1), (1, 1, 1), (2, 1, 1), (3, 1, 1))((1, 0, 3), (1, 1, 3), (1, 2, 2), (1, 2, 3), (1, 3, 3))((3, 2, 2), (3, 3, 0), (3, 3, 1), (3, 3, 2), (3, 3, 3))((0, 3, 0), (0, 3, 1), (0, 3, 2), (0, 3, 3), (1, 3, 2))((0, 2, 0), (0, 2, 1), (0, 2, 2), (0, 2, 3), (1, 2, 1))((1, 3, 1), (2, 3, 0), (2, 3, 1), (2, 3, 2), (2, 3, 3))((2, 2, 0), (2, 2, 1), (2, 2, 2), (2, 2, 3), (3, 2, 1))
322
((0, 0, 0), (0, 0, 1), (0, 0, 2), (0, 0, 3), (1, 0, 2))((0, 0, 4), (0, 1, 3), (0, 1, 4), (0, 2, 4), (0, 3, 4))((0, 4, 1), (0, 4, 2), (0, 4, 3), (0, 4, 4), (1, 4, 2))((1, 0, 4), (1, 1, 4), (1, 2, 4), (1, 3, 4), (2, 2, 4))((1, 4, 4), (2, 3, 4), (2, 4, 4), (3, 4, 4), (4, 4, 4))((2, 0, 1), (2, 0, 2), (2, 0, 3), (2, 0, 4), (3, 0, 3))((2, 1, 4), (3, 0, 4), (3, 1, 4), (3, 2, 4), (3, 3, 4))((3, 0, 2), (4, 0, 1), (4, 0, 2), (4, 0, 3), (4, 0, 4))((3, 1, 3), (4, 1, 1), (4, 1, 2), (4, 1, 3), (4, 1, 4))((3, 2, 3), (4, 2, 1), (4, 2, 2), (4, 2, 3), (4, 2, 4))((4, 3, 1), (4, 3, 2), (4, 3, 3), (4, 3, 4), (4, 4, 2))((1, 4, 3), (2, 4, 3), (3, 4, 2), (3, 4, 3), (4, 4, 3))((1, 4, 1), (2, 4, 1), (2, 4, 2), (3, 4, 1), (4, 4, 1))((3, 2, 0), (4, 1, 0), (4, 2, 0), (4, 3, 0), (4, 4, 0))((0, 4, 0), (1, 3, 0), (1, 4, 0), (2, 4, 0), (3, 4, 0))((1, 0, 0), (2, 0, 0), (3, 0, 0), (3, 0, 1), (4, 0, 0))((0, 1, 0), (1, 1, 0), (1, 2, 0), (2, 1, 0), (3, 1, 0))((0, 1, 2), (1, 1, 2), (2, 1, 2), (2, 1, 3), (3, 1, 2))((0, 1, 1), (1, 0, 1), (1, 1, 1), (2, 1, 1), (3, 1, 1))((1, 0, 3), (1, 1, 3), (1, 2, 2), (1, 2, 3), (1, 3, 3))((3, 2, 2), (3, 3, 0), (3, 3, 1), (3, 3, 2), (3, 3, 3))((1, 3, 2), (2, 3, 0), (2, 3, 1), (2, 3, 2), (2, 3, 3))((2, 2, 0), (2, 2, 1), (2, 2, 2), (2, 2, 3), (3, 2, 1))((0, 3, 0), (0, 3, 1), (0, 3, 2), (0, 3, 3), (1, 3, 1))((0, 2, 0), (0, 2, 1), (0, 2, 2), (0, 2, 3), (1, 2, 1))
323
((0, 0, 0), (0, 0, 1), (0, 0, 2), (0, 0, 3), (1, 0, 2))((0, 0, 4), (0, 1, 3), (0, 1, 4), (0, 2, 4), (0, 3, 4))((0, 4, 1), (0, 4, 2), (0, 4, 3), (0, 4, 4), (1, 4, 2))((1, 0, 4), (1, 1, 4), (1, 2, 4), (1, 3, 4), (2, 2, 4))((1, 4, 4), (2, 3, 4), (2, 4, 4), (3, 4, 4), (4, 4, 4))((2, 0, 1), (2, 0, 2), (2, 0, 3), (2, 0, 4), (3, 0, 3))((2, 1, 4), (3, 0, 4), (3, 1, 4), (3, 2, 4), (3, 3, 4))((3, 0, 2), (4, 0, 1), (4, 0, 2), (4, 0, 3), (4, 0, 4))((3, 1, 3), (4, 1, 1), (4, 1, 2), (4, 1, 3), (4, 1, 4))((3, 2, 3), (4, 2, 1), (4, 2, 2), (4, 2, 3), (4, 2, 4))((4, 3, 1), (4, 3, 2), (4, 3, 3), (4, 3, 4), (4, 4, 2))((1, 4, 3), (2, 4, 3), (3, 4, 2), (3, 4, 3), (4, 4, 3))((1, 4, 1), (2, 4, 1), (2, 4, 2), (3, 4, 1), (4, 4, 1))((3, 2, 0), (4, 1, 0), (4, 2, 0), (4, 3, 0), (4, 4, 0))((0, 4, 0), (1, 3, 0), (1, 4, 0), (2, 4, 0), (3, 4, 0))((1, 0, 0), (2, 0, 0), (3, 0, 0), (3, 0, 1), (4, 0, 0))((0, 1, 0), (1, 1, 0), (1, 2, 0), (2, 1, 0), (3, 1, 0))((0, 1, 2), (1, 1, 2), (2, 1, 2), (2, 1, 3), (3, 1, 2))((0, 1, 1), (1, 0, 1), (1, 1, 1), (2, 1, 1), (3, 1, 1))((1, 0, 3), (1, 1, 3), (1, 2, 2), (1, 2, 3), (1, 3, 3))((2, 2, 0), (2, 2, 1), (2, 2, 2), (2, 2, 3), (3, 2, 2))((3, 2, 1), (3, 3, 0), (3, 3, 1), (3, 3, 2), (3, 3, 3))((0, 2, 0), (0, 2, 1), (0, 2, 2), (0, 2, 3), (1, 2, 1))((0, 3, 0), (0, 3, 1), (0, 3, 2), (0, 3, 3), (1, 3, 1))((1, 3, 2), (2, 3, 0), (2, 3, 1), (2, 3, 2), (2, 3, 3))
324
((0, 0, 0), (0, 0, 1), (0, 0, 2), (0, 0, 3), (1, 0, 2))((0, 0, 4), (0, 1, 3), (0, 1, 4), (0, 2, 4), (0, 3, 4))((0, 4, 1), (0, 4, 2), (0, 4, 3), (0, 4, 4), (1, 4, 2))((1, 0, 4), (1, 1, 4), (1, 2, 4), (1, 3, 4), (2, 2, 4))((1, 4, 4), (2, 3, 4), (2, 4, 4), (3, 4, 4), (4, 4, 4))((2, 0, 1), (2, 0, 2), (2, 0, 3), (2, 0, 4), (3, 0, 3))((2, 1, 4), (3, 0, 4), (3, 1, 4), (3, 2, 4), (3, 3, 4))((3, 0, 2), (4, 0, 1), (4, 0, 2), (4, 0, 3), (4, 0, 4))((3, 1, 3), (4, 1, 1), (4, 1, 2), (4, 1, 3), (4, 1, 4))((3, 2, 3), (4, 2, 1), (4, 2, 2), (4, 2, 3), (4, 2, 4))((4, 3, 1), (4, 3, 2), (4, 3, 3), (4, 3, 4), (4, 4, 2))((1, 4, 3), (2, 4, 3), (3, 4, 2), (3, 4, 3), (4, 4, 3))((1, 4, 1), (2, 4, 1), (2, 4, 2), (3, 4, 1), (4, 4, 1))((3, 2, 0), (4, 1, 0), (4, 2, 0), (4, 3, 0), (4, 4, 0))((0, 4, 0), (1, 3, 0), (1, 4, 0), (2, 4, 0), (3, 4, 0))((1, 0, 0), (2, 0, 0), (3, 0, 0), (3, 0, 1), (4, 0, 0))((0, 1, 0), (1, 1, 0), (1, 2, 0), (2, 1, 0), (3, 1, 0))((0, 1, 2), (1, 1, 2), (2, 1, 2), (2, 1, 3), (3, 1, 2))((0, 1, 1), (1, 0, 1), (1, 1, 1), (2, 1, 1), (3, 1, 1))((1, 0, 3), (1, 1, 3), (1, 2, 2), (1, 2, 3), (1, 3, 3))((2, 2, 0), (2, 2, 1), (2, 2, 2), (2, 2, 3), (3, 2, 2))((3, 2, 1), (3, 3, 0), (3, 3, 1), (3, 3, 2), (3, 3, 3))((0, 2, 0), (0, 2, 1), (0, 2, 2), (0, 2, 3), (1, 2, 1))((1, 3, 1), (2, 3, 0), (2, 3, 1), (2, 3, 2), (2, 3, 3))((0, 3, 0), (0, 3, 1), (0, 3, 2), (0, 3, 3), (1, 3, 2))
325
((0, 0, 0), (0, 0, 1), (0, 0, 2), (0, 0, 3), (1, 0, 2))((0, 0, 4), (0, 1, 3), (0, 1, 4), (0, 2, 4), (0, 3, 4))((0, 4, 1), (0, 4, 2), (0, 4, 3), (0, 4, 4), (1, 4, 2))((1, 0, 4), (1, 1, 4), (1, 2, 4), (1, 3, 4), (2, 2, 4))((1, 4, 4), (2, 3, 4), (2, 4, 4), (3, 4, 4), (4, 4, 4))((2, 0, 1), (2, 0, 2), (2, 0, 3), (2, 0, 4), (3, 0, 3))((2, 1, 4), (3, 0, 4), (3, 1, 4), (3, 2, 4), (3, 3, 4))((3, 0, 2), (4, 0, 1), (4, 0, 2), (4, 0, 3), (4, 0, 4))((3, 1, 3), (4, 1, 1), (4, 1, 2), (4, 1, 3), (4, 1, 4))((3, 2, 3), (4, 2, 1), (4, 2, 2), (4, 2, 3), (4, 2, 4))((4, 3, 1), (4, 3, 2), (4, 3, 3), (4, 3, 4), (4, 4, 2))((1, 4, 3), (2, 4, 3), (3, 4, 2), (3, 4, 3), (4, 4, 3))((1, 4, 1), (2, 4, 1), (2, 4, 2), (3, 4, 1), (4, 4, 1))((3, 2, 0), (4, 1, 0), (4, 2, 0), (4, 3, 0), (4, 4, 0))((0, 4, 0), (1, 3, 0), (1, 4, 0), (2, 4, 0), (3, 4, 0))((1, 0, 0), (2, 0, 0), (3, 0, 0), (3, 0, 1), (4, 0, 0))((0, 1, 0), (1, 1, 0), (1, 2, 0), (2, 1, 0), (3, 1, 0))((1, 0, 3), (1, 1, 3), (1, 2, 3), (1, 3, 3), (2, 1, 3))((0, 3, 0), (0, 3, 1), (0, 3, 2), (0, 3, 3), (1, 3, 1))((0, 1, 1), (1, 0, 1), (1, 1, 1), (2, 1, 1), (3, 1, 1))((1, 3, 2), (2, 3, 0), (2, 3, 1), (2, 3, 2), (2, 3, 3))((3, 2, 1), (3, 3, 0), (3, 3, 1), (3, 3, 2), (3, 3, 3))((0, 1, 2), (1, 1, 2), (1, 2, 2), (2, 1, 2), (3, 1, 2))((0, 2, 0), (0, 2, 1), (0, 2, 2), (0, 2, 3), (1, 2, 1))((2, 2, 0), (2, 2, 1), (2, 2, 2), (2, 2, 3), (3, 2, 2))
326
((0, 0, 0), (0, 0, 1), (0, 0, 2), (0, 0, 3), (1, 0, 2))((0, 0, 4), (0, 1, 3), (0, 1, 4), (0, 2, 4), (0, 3, 4))((0, 4, 1), (0, 4, 2), (0, 4, 3), (0, 4, 4), (1, 4, 2))((1, 0, 4), (1, 1, 4), (1, 2, 4), (1, 3, 4), (2, 2, 4))((1, 4, 4), (2, 3, 4), (2, 4, 4), (3, 4, 4), (4, 4, 4))((2, 0, 1), (2, 0, 2), (2, 0, 3), (2, 0, 4), (3, 0, 3))((2, 1, 4), (3, 0, 4), (3, 1, 4), (3, 2, 4), (3, 3, 4))((3, 0, 2), (4, 0, 1), (4, 0, 2), (4, 0, 3), (4, 0, 4))((3, 1, 3), (4, 1, 1), (4, 1, 2), (4, 1, 3), (4, 1, 4))((3, 2, 3), (4, 2, 1), (4, 2, 2), (4, 2, 3), (4, 2, 4))((4, 3, 1), (4, 3, 2), (4, 3, 3), (4, 3, 4), (4, 4, 2))((1, 4, 3), (2, 4, 3), (3, 4, 2), (3, 4, 3), (4, 4, 3))((1, 4, 1), (2, 4, 1), (2, 4, 2), (3, 4, 1), (4, 4, 1))((3, 2, 0), (4, 1, 0), (4, 2, 0), (4, 3, 0), (4, 4, 0))((0, 4, 0), (1, 3, 0), (1, 4, 0), (2, 4, 0), (3, 4, 0))((1, 0, 0), (2, 0, 0), (3, 0, 0), (3, 0, 1), (4, 0, 0))((0, 1, 0), (1, 1, 0), (1, 2, 0), (2, 1, 0), (3, 1, 0))((1, 0, 3), (1, 1, 3), (1, 2, 3), (1, 3, 3), (2, 1, 3))((0, 3, 0), (0, 3, 1), (0, 3, 2), (0, 3, 3), (1, 3, 1))((0, 1, 1), (1, 0, 1), (1, 1, 1), (2, 1, 1), (3, 1, 1))((1, 3, 2), (2, 3, 0), (2, 3, 1), (2, 3, 2), (2, 3, 3))((3, 2, 2), (3, 3, 0), (3, 3, 1), (3, 3, 2), (3, 3, 3))((0, 1, 2), (1, 1, 2), (1, 2, 2), (2, 1, 2), (3, 1, 2))((0, 2, 0), (0, 2, 1), (0, 2, 2), (0, 2, 3), (1, 2, 1))((2, 2, 0), (2, 2, 1), (2, 2, 2), (2, 2, 3), (3, 2, 1))
327
((0, 0, 0), (0, 0, 1), (0, 0, 2), (0, 0, 3), (1, 0, 2))((0, 0, 4), (0, 1, 3), (0, 1, 4), (0, 2, 4), (0, 3, 4))((0, 4, 1), (0, 4, 2), (0, 4, 3), (0, 4, 4), (1, 4, 2))((1, 0, 4), (1, 1, 4), (1, 2, 4), (1, 3, 4), (2, 2, 4))((1, 4, 4), (2, 3, 4), (2, 4, 4), (3, 4, 4), (4, 4, 4))((2, 0, 1), (2, 0, 2), (2, 0, 3), (2, 0, 4), (3, 0, 3))((2, 1, 4), (3, 0, 4), (3, 1, 4), (3, 2, 4), (3, 3, 4))((3, 0, 2), (4, 0, 1), (4, 0, 2), (4, 0, 3), (4, 0, 4))((3, 1, 3), (4, 1, 1), (4, 1, 2), (4, 1, 3), (4, 1, 4))((3, 2, 3), (4, 2, 1), (4, 2, 2), (4, 2, 3), (4, 2, 4))((4, 3, 1), (4, 3, 2), (4, 3, 3), (4, 3, 4), (4, 4, 2))((1, 4, 3), (2, 4, 3), (3, 4, 2), (3, 4, 3), (4, 4, 3))((1, 4, 1), (2, 4, 1), (2, 4, 2), (3, 4, 1), (4, 4, 1))((3, 2, 0), (4, 1, 0), (4, 2, 0), (4, 3, 0), (4, 4, 0))((0, 4, 0), (1, 3, 0), (1, 4, 0), (2, 4, 0), (3, 4, 0))((1, 0, 0), (2, 0, 0), (3, 0, 0), (3, 0, 1), (4, 0, 0))((0, 1, 0), (1, 1, 0), (1, 2, 0), (2, 1, 0), (3, 1, 0))((1, 0, 3), (1, 1, 3), (1, 2, 3), (1, 3, 3), (2, 1, 3))((0, 3, 0), (0, 3, 1), (0, 3, 2), (0, 3, 3), (1, 3, 2))((0, 2, 0), (0, 2, 1), (0, 2, 2), (0, 2, 3), (1, 2, 1))((0, 1, 1), (1, 0, 1), (1, 1, 1), (2, 1, 1), (3, 1, 1))((1, 3, 1), (2, 3, 0), (2, 3, 1), (2, 3, 2), (2, 3, 3))((3, 2, 1), (3, 3, 0), (3, 3, 1), (3, 3, 2), (3, 3, 3))((2, 2, 0), (2, 2, 1), (2, 2, 2), (2, 2, 3), (3, 2, 2))((0, 1, 2), (1, 1, 2), (1, 2, 2), (2, 1, 2), (3, 1, 2))
328
((0, 0, 0), (0, 0, 1), (0, 0, 2), (0, 0, 3), (1, 0, 2))((0, 0, 4), (0, 1, 3), (0, 1, 4), (0, 2, 4), (0, 3, 4))((0, 4, 1), (0, 4, 2), (0, 4, 3), (0, 4, 4), (1, 4, 2))((1, 0, 4), (1, 1, 4), (1, 2, 4), (1, 3, 4), (2, 2, 4))((1, 4, 4), (2, 3, 4), (2, 4, 4), (3, 4, 4), (4, 4, 4))((2, 0, 1), (2, 0, 2), (2, 0, 3), (2, 0, 4), (3, 0, 3))((2, 1, 4), (3, 0, 4), (3, 1, 4), (3, 2, 4), (3, 3, 4))((3, 0, 2), (4, 0, 1), (4, 0, 2), (4, 0, 3), (4, 0, 4))((3, 1, 3), (4, 1, 1), (4, 1, 2), (4, 1, 3), (4, 1, 4))((3, 2, 3), (4, 2, 1), (4, 2, 2), (4, 2, 3), (4, 2, 4))((4, 3, 1), (4, 3, 2), (4, 3, 3), (4, 3, 4), (4, 4, 2))((1, 4, 3), (2, 4, 3), (3, 4, 2), (3, 4, 3), (4, 4, 3))((1, 4, 1), (2, 4, 1), (2, 4, 2), (3, 4, 1), (4, 4, 1))((3, 2, 0), (4, 1, 0), (4, 2, 0), (4, 3, 0), (4, 4, 0))((0, 4, 0), (1, 3, 0), (1, 4, 0), (2, 4, 0), (3, 4, 0))((1, 0, 0), (2, 0, 0), (3, 0, 0), (3, 0, 1), (4, 0, 0))((0, 1, 0), (1, 1, 0), (1, 2, 0), (2, 1, 0), (3, 1, 0))((1, 0, 3), (1, 1, 3), (1, 2, 3), (1, 3, 3), (2, 1, 3))((0, 3, 0), (0, 3, 1), (0, 3, 2), (0, 3, 3), (1, 3, 2))((0, 2, 0), (0, 2, 1), (0, 2, 2), (0, 2, 3), (1, 2, 1))((0, 1, 1), (1, 0, 1), (1, 1, 1), (2, 1, 1), (3, 1, 1))((1, 3, 1), (2, 3, 0), (2, 3, 1), (2, 3, 2), (2, 3, 3))((2, 2, 0), (2, 2, 1), (2, 2, 2), (2, 2, 3), (3, 2, 1))((0, 1, 2), (1, 1, 2), (1, 2, 2), (2, 1, 2), (3, 1, 2))((3, 2, 2), (3, 3, 0), (3, 3, 1), (3, 3, 2), (3, 3, 3))
329
((0, 0, 0), (0, 0, 1), (0, 0, 2), (0, 0, 3), (1, 0, 2))((0, 0, 4), (0, 1, 3), (0, 1, 4), (0, 2, 4), (0, 3, 4))((0, 4, 1), (0, 4, 2), (0, 4, 3), (0, 4, 4), (1, 4, 2))((1, 0, 4), (1, 1, 4), (1, 2, 4), (1, 3, 4), (2, 2, 4))((1, 4, 4), (2, 3, 4), (2, 4, 4), (3, 4, 4), (4, 4, 4))((2, 0, 1), (2, 0, 2), (2, 0, 3), (2, 0, 4), (3, 0, 2))((1, 0, 3), (1, 1, 3), (1, 2, 3), (1, 3, 3), (2, 1, 3))((2, 1, 4), (3, 0, 4), (3, 1, 4), (3, 2, 4), (3, 3, 4))((1, 4, 3), (2, 4, 3), (3, 4, 2), (3, 4, 3), (4, 4, 3))((0, 3, 0), (0, 3, 1), (0, 3, 2), (0, 3, 3), (1, 3, 1))((0, 1, 1), (1, 0, 1), (1, 1, 1), (2, 1, 1), (3, 1, 1))((1, 0, 0), (2, 0, 0), (3, 0, 0), (3, 0, 1), (4, 0, 0))((0, 1, 0), (1, 1, 0), (1, 2, 0), (2, 1, 0), (3, 1, 0))((0, 1, 2), (1, 1, 2), (1, 2, 2), (2, 1, 2), (3, 1, 2))((0, 2, 0), (0, 2, 1), (0, 2, 2), (0, 2, 3), (1, 2, 1))((1, 4, 1), (2, 4, 1), (2, 4, 2), (3, 4, 1), (4, 4, 1))((0, 4, 0), (1, 3, 0), (1, 4, 0), (2, 4, 0), (3, 4, 0))((3, 2, 0), (4, 1, 0), (4, 2, 0), (4, 3, 0), (4, 4, 0))((3, 2, 1), (3, 3, 0), (3, 3, 1), (3, 3, 2), (3, 3, 3))((1, 3, 2), (2, 3, 0), (2, 3, 1), (2, 3, 2), (2, 3, 3))((2, 2, 0), (2, 2, 1), (2, 2, 2), (2, 2, 3), (3, 2, 2))((3, 0, 3), (4, 0, 1), (4, 0, 2), (4, 0, 3), (4, 0, 4))((3, 1, 3), (4, 1, 1), (4, 1, 2), (4, 1, 3), (4, 1, 4))((4, 3, 1), (4, 3, 2), (4, 3, 3), (4, 3, 4), (4, 4, 2))((3, 2, 3), (4, 2, 1), (4, 2, 2), (4, 2, 3), (4, 2, 4))
330
((0, 0, 0), (0, 0, 1), (0, 0, 2), (0, 0, 3), (1, 0, 2))((0, 0, 4), (0, 1, 3), (0, 1, 4), (0, 2, 4), (0, 3, 4))((0, 4, 1), (0, 4, 2), (0, 4, 3), (0, 4, 4), (1, 4, 2))((1, 0, 4), (1, 1, 4), (1, 2, 4), (1, 3, 4), (2, 2, 4))((1, 4, 4), (2, 3, 4), (2, 4, 4), (3, 4, 4), (4, 4, 4))((2, 0, 1), (2, 0, 2), (2, 0, 3), (2, 0, 4), (3, 0, 2))((1, 0, 3), (1, 1, 3), (1, 2, 3), (1, 3, 3), (2, 1, 3))((2, 1, 4), (3, 0, 4), (3, 1, 4), (3, 2, 4), (3, 3, 4))((1, 4, 3), (2, 4, 3), (3, 4, 2), (3, 4, 3), (4, 4, 3))((0, 3, 0), (0, 3, 1), (0, 3, 2), (0, 3, 3), (1, 3, 1))((0, 1, 1), (1, 0, 1), (1, 1, 1), (2, 1, 1), (3, 1, 1))((1, 0, 0), (2, 0, 0), (3, 0, 0), (3, 0, 1), (4, 0, 0))((0, 1, 0), (1, 1, 0), (1, 2, 0), (2, 1, 0), (3, 1, 0))((0, 1, 2), (1, 1, 2), (1, 2, 2), (2, 1, 2), (3, 1, 2))((0, 2, 0), (0, 2, 1), (0, 2, 2), (0, 2, 3), (1, 2, 1))((1, 4, 1), (2, 4, 1), (2, 4, 2), (3, 4, 1), (4, 4, 1))((0, 4, 0), (1, 3, 0), (1, 4, 0), (2, 4, 0), (3, 4, 0))((3, 2, 0), (4, 1, 0), (4, 2, 0), (4, 3, 0), (4, 4, 0))((2, 2, 0), (2, 2, 1), (2, 2, 2), (2, 2, 3), (3, 2, 1))((1, 3, 2), (2, 3, 0), (2, 3, 1), (2, 3, 2), (2, 3, 3))((3, 2, 2), (3, 3, 0), (3, 3, 1), (3, 3, 2), (3, 3, 3))((3, 0, 3), (4, 0, 1), (4, 0, 2), (4, 0, 3), (4, 0, 4))((3, 2, 3), (4, 2, 1), (4, 2, 2), (4, 2, 3), (4, 2, 4))((4, 3, 1), (4, 3, 2), (4, 3, 3), (4, 3, 4), (4, 4, 2))((3, 1, 3), (4, 1, 1), (4, 1, 2), (4, 1, 3), (4, 1, 4))
331
((0, 0, 0), (0, 0, 1), (0, 0, 2), (0, 0, 3), (1, 0, 2))((0, 0, 4), (0, 1, 3), (0, 1, 4), (0, 2, 4), (0, 3, 4))((0, 4, 1), (0, 4, 2), (0, 4, 3), (0, 4, 4), (1, 4, 2))((1, 0, 4), (1, 1, 4), (1, 2, 4), (1, 3, 4), (2, 2, 4))((1, 4, 4), (2, 3, 4), (2, 4, 4), (3, 4, 4), (4, 4, 4))((2, 0, 1), (2, 0, 2), (2, 0, 3), (2, 0, 4), (3, 0, 2))((1, 0, 3), (1, 1, 3), (1, 2, 3), (1, 3, 3), (2, 1, 3))((2, 1, 4), (3, 0, 4), (3, 1, 4), (3, 2, 4), (3, 3, 4))((1, 4, 3), (2, 4, 3), (3, 4, 2), (3, 4, 3), (4, 4, 3))((0, 3, 0), (0, 3, 1), (0, 3, 2), (0, 3, 3), (1, 3, 2))((0, 4, 0), (1, 3, 0), (1, 4, 0), (2, 4, 0), (3, 4, 0))((0, 2, 0), (0, 2, 1), (0, 2, 2), (0, 2, 3), (1, 2, 1))((0, 1, 1), (1, 0, 1), (1, 1, 1), (2, 1, 1), (3, 1, 1))((1, 0, 0), (2, 0, 0), (3, 0, 0), (3, 0, 1), (4, 0, 0))((0, 1, 2), (1, 1, 2), (1, 2, 2), (2, 1, 2), (3, 1, 2))((1, 4, 1), (2, 4, 1), (2, 4, 2), (3, 4, 1), (4, 4, 1))((0, 1, 0), (1, 1, 0), (1, 2, 0), (2, 1, 0), (3, 1, 0))((2, 2, 0), (2, 2, 1), (2, 2, 2), (2, 2, 3), (3, 2, 2))((3, 2, 0), (4, 1, 0), (4, 2, 0), (4, 3, 0), (4, 4, 0))((3, 2, 1), (3, 3, 0), (3, 3, 1), (3, 3, 2), (3, 3, 3))((3, 0, 3), (4, 0, 1), (4, 0, 2), (4, 0, 3), (4, 0, 4))((3, 1, 3), (4, 1, 1), (4, 1, 2), (4, 1, 3), (4, 1, 4))((4, 3, 1), (4, 3, 2), (4, 3, 3), (4, 3, 4), (4, 4, 2))((3, 2, 3), (4, 2, 1), (4, 2, 2), (4, 2, 3), (4, 2, 4))((1, 3, 1), (2, 3, 0), (2, 3, 1), (2, 3, 2), (2, 3, 3))
332
((0, 0, 0), (0, 0, 1), (0, 0, 2), (0, 0, 3), (1, 0, 2))((0, 0, 4), (0, 1, 3), (0, 1, 4), (0, 2, 4), (0, 3, 4))((0, 4, 1), (0, 4, 2), (0, 4, 3), (0, 4, 4), (1, 4, 2))((1, 0, 4), (1, 1, 4), (1, 2, 4), (1, 3, 4), (2, 2, 4))((1, 4, 4), (2, 3, 4), (2, 4, 4), (3, 4, 4), (4, 4, 4))((2, 0, 1), (2, 0, 2), (2, 0, 3), (2, 0, 4), (3, 0, 2))((1, 0, 3), (1, 1, 3), (1, 2, 3), (1, 3, 3), (2, 1, 3))((2, 1, 4), (3, 0, 4), (3, 1, 4), (3, 2, 4), (3, 3, 4))((1, 4, 3), (2, 4, 3), (3, 4, 2), (3, 4, 3), (4, 4, 3))((0, 3, 0), (0, 3, 1), (0, 3, 2), (0, 3, 3), (1, 3, 2))((0, 4, 0), (1, 3, 0), (1, 4, 0), (2, 4, 0), (3, 4, 0))((0, 2, 0), (0, 2, 1), (0, 2, 2), (0, 2, 3), (1, 2, 1))((0, 1, 1), (1, 0, 1), (1, 1, 1), (2, 1, 1), (3, 1, 1))((1, 0, 0), (2, 0, 0), (3, 0, 0), (3, 0, 1), (4, 0, 0))((0, 1, 2), (1, 1, 2), (1, 2, 2), (2, 1, 2), (3, 1, 2))((1, 4, 1), (2, 4, 1), (2, 4, 2), (3, 4, 1), (4, 4, 1))((0, 1, 0), (1, 1, 0), (1, 2, 0), (2, 1, 0), (3, 1, 0))((2, 2, 0), (2, 2, 1), (2, 2, 2), (2, 2, 3), (3, 2, 1))((3, 2, 0), (4, 1, 0), (4, 2, 0), (4, 3, 0), (4, 4, 0))((1, 3, 1), (2, 3, 0), (2, 3, 1), (2, 3, 2), (2, 3, 3))((3, 2, 2), (3, 3, 0), (3, 3, 1), (3, 3, 2), (3, 3, 3))((3, 0, 3), (4, 0, 1), (4, 0, 2), (4, 0, 3), (4, 0, 4))((3, 2, 3), (4, 2, 1), (4, 2, 2), (4, 2, 3), (4, 2, 4))((4, 3, 1), (4, 3, 2), (4, 3, 3), (4, 3, 4), (4, 4, 2))((3, 1, 3), (4, 1, 1), (4, 1, 2), (4, 1, 3), (4, 1, 4))
333
((0, 0, 0), (0, 0, 1), (0, 0, 2), (0, 0, 3), (1, 0, 2))((0, 0, 4), (0, 1, 3), (0, 1, 4), (0, 2, 4), (0, 3, 4))((0, 4, 1), (0, 4, 2), (0, 4, 3), (0, 4, 4), (1, 4, 2))((1, 0, 4), (1, 1, 4), (1, 2, 4), (1, 3, 4), (2, 2, 4))((1, 4, 4), (2, 3, 4), (2, 4, 4), (3, 4, 4), (4, 4, 4))((2, 0, 1), (2, 0, 2), (2, 0, 3), (2, 0, 4), (3, 0, 2))((1, 0, 3), (1, 1, 3), (1, 2, 3), (1, 3, 3), (2, 1, 3))((2, 1, 4), (3, 0, 4), (3, 1, 4), (3, 2, 4), (3, 3, 4))((1, 4, 3), (2, 4, 2), (2, 4, 3), (3, 4, 3), (4, 4, 3))((0, 3, 0), (0, 3, 1), (0, 3, 2), (0, 3, 3), (1, 3, 1))((0, 1, 1), (1, 0, 1), (1, 1, 1), (2, 1, 1), (3, 1, 1))((1, 0, 0), (2, 0, 0), (3, 0, 0), (3, 0, 1), (4, 0, 0))((0, 1, 0), (1, 1, 0), (1, 2, 0), (2, 1, 0), (3, 1, 0))((0, 1, 2), (1, 1, 2), (1, 2, 2), (2, 1, 2), (3, 1, 2))((0, 2, 0), (0, 2, 1), (0, 2, 2), (0, 2, 3), (1, 2, 1))((1, 4, 1), (2, 4, 1), (3, 4, 1), (3, 4, 2), (4, 4, 1))((0, 4, 0), (1, 3, 0), (1, 4, 0), (2, 4, 0), (3, 4, 0))((2, 2, 0), (2, 2, 1), (2, 2, 2), (2, 2, 3), (3, 2, 2))((3, 2, 0), (4, 1, 0), (4, 2, 0), (4, 3, 0), (4, 4, 0))((3, 2, 1), (3, 3, 0), (3, 3, 1), (3, 3, 2), (3, 3, 3))((1, 3, 2), (2, 3, 0), (2, 3, 1), (2, 3, 2), (2, 3, 3))((3, 0, 3), (4, 0, 1), (4, 0, 2), (4, 0, 3), (4, 0, 4))((3, 2, 3), (4, 2, 1), (4, 2, 2), (4, 2, 3), (4, 2, 4))((4, 3, 1), (4, 3, 2), (4, 3, 3), (4, 3, 4), (4, 4, 2))((3, 1, 3), (4, 1, 1), (4, 1, 2), (4, 1, 3), (4, 1, 4))
334
((0, 0, 0), (0, 0, 1), (0, 0, 2), (0, 0, 3), (1, 0, 2))((0, 0, 4), (0, 1, 3), (0, 1, 4), (0, 2, 4), (0, 3, 4))((0, 4, 1), (0, 4, 2), (0, 4, 3), (0, 4, 4), (1, 4, 2))((1, 0, 4), (1, 1, 4), (1, 2, 4), (1, 3, 4), (2, 2, 4))((1, 4, 4), (2, 3, 4), (2, 4, 4), (3, 4, 4), (4, 4, 4))((2, 0, 1), (2, 0, 2), (2, 0, 3), (2, 0, 4), (3, 0, 2))((1, 0, 3), (1, 1, 3), (1, 2, 3), (1, 3, 3), (2, 1, 3))((2, 1, 4), (3, 0, 4), (3, 1, 4), (3, 2, 4), (3, 3, 4))((1, 4, 3), (2, 4, 2), (2, 4, 3), (3, 4, 3), (4, 4, 3))((0, 3, 0), (0, 3, 1), (0, 3, 2), (0, 3, 3), (1, 3, 1))((0, 1, 1), (1, 0, 1), (1, 1, 1), (2, 1, 1), (3, 1, 1))((1, 0, 0), (2, 0, 0), (3, 0, 0), (3, 0, 1), (4, 0, 0))((0, 1, 0), (1, 1, 0), (1, 2, 0), (2, 1, 0), (3, 1, 0))((0, 1, 2), (1, 1, 2), (1, 2, 2), (2, 1, 2), (3, 1, 2))((0, 2, 0), (0, 2, 1), (0, 2, 2), (0, 2, 3), (1, 2, 1))((1, 4, 1), (2, 4, 1), (3, 4, 1), (3, 4, 2), (4, 4, 1))((0, 4, 0), (1, 3, 0), (1, 4, 0), (2, 4, 0), (3, 4, 0))((2, 2, 0), (2, 2, 1), (2, 2, 2), (2, 2, 3), (3, 2, 1))((3, 2, 0), (4, 1, 0), (4, 2, 0), (4, 3, 0), (4, 4, 0))((1, 3, 2), (2, 3, 0), (2, 3, 1), (2, 3, 2), (2, 3, 3))((3, 2, 2), (3, 3, 0), (3, 3, 1), (3, 3, 2), (3, 3, 3))((3, 0, 3), (4, 0, 1), (4, 0, 2), (4, 0, 3), (4, 0, 4))((3, 1, 3), (4, 1, 1), (4, 1, 2), (4, 1, 3), (4, 1, 4))((4, 3, 1), (4, 3, 2), (4, 3, 3), (4, 3, 4), (4, 4, 2))((3, 2, 3), (4, 2, 1), (4, 2, 2), (4, 2, 3), (4, 2, 4))
335
((0, 0, 0), (0, 0, 1), (0, 0, 2), (0, 0, 3), (1, 0, 2))((0, 0, 4), (0, 1, 3), (0, 1, 4), (0, 2, 4), (0, 3, 4))((0, 4, 1), (0, 4, 2), (0, 4, 3), (0, 4, 4), (1, 4, 2))((1, 0, 4), (1, 1, 4), (1, 2, 4), (1, 3, 4), (2, 2, 4))((1, 4, 4), (2, 3, 4), (2, 4, 4), (3, 4, 4), (4, 4, 4))((2, 0, 1), (2, 0, 2), (2, 0, 3), (2, 0, 4), (3, 0, 2))((1, 0, 3), (1, 1, 3), (1, 2, 3), (1, 3, 3), (2, 1, 3))((2, 1, 4), (3, 0, 4), (3, 1, 4), (3, 2, 4), (3, 3, 4))((1, 4, 3), (2, 4, 2), (2, 4, 3), (3, 4, 3), (4, 4, 3))((0, 3, 0), (0, 3, 1), (0, 3, 2), (0, 3, 3), (1, 3, 2))((0, 4, 0), (1, 3, 0), (1, 4, 0), (2, 4, 0), (3, 4, 0))((0, 2, 0), (0, 2, 1), (0, 2, 2), (0, 2, 3), (1, 2, 1))((0, 1, 1), (1, 0, 1), (1, 1, 1), (2, 1, 1), (3, 1, 1))((1, 0, 0), (2, 0, 0), (3, 0, 0), (3, 0, 1), (4, 0, 0))((0, 1, 2), (1, 1, 2), (1, 2, 2), (2, 1, 2), (3, 1, 2))((1, 4, 1), (2, 4, 1), (3, 4, 1), (3, 4, 2), (4, 4, 1))((0, 1, 0), (1, 1, 0), (1, 2, 0), (2, 1, 0), (3, 1, 0))((2, 2, 0), (2, 2, 1), (2, 2, 2), (2, 2, 3), (3, 2, 2))((3, 2, 0), (4, 1, 0), (4, 2, 0), (4, 3, 0), (4, 4, 0))((1, 3, 1), (2, 3, 0), (2, 3, 1), (2, 3, 2), (2, 3, 3))((3, 2, 1), (3, 3, 0), (3, 3, 1), (3, 3, 2), (3, 3, 3))((3, 0, 3), (4, 0, 1), (4, 0, 2), (4, 0, 3), (4, 0, 4))((3, 2, 3), (4, 2, 1), (4, 2, 2), (4, 2, 3), (4, 2, 4))((4, 3, 1), (4, 3, 2), (4, 3, 3), (4, 3, 4), (4, 4, 2))((3, 1, 3), (4, 1, 1), (4, 1, 2), (4, 1, 3), (4, 1, 4))
336
((0, 0, 0), (0, 0, 1), (0, 0, 2), (0, 0, 3), (1, 0, 2))((0, 0, 4), (0, 1, 3), (0, 1, 4), (0, 2, 4), (0, 3, 4))((0, 4, 1), (0, 4, 2), (0, 4, 3), (0, 4, 4), (1, 4, 2))((1, 0, 4), (1, 1, 4), (1, 2, 4), (1, 3, 4), (2, 2, 4))((1, 4, 4), (2, 3, 4), (2, 4, 4), (3, 4, 4), (4, 4, 4))((2, 0, 1), (2, 0, 2), (2, 0, 3), (2, 0, 4), (3, 0, 2))((1, 0, 3), (1, 1, 3), (1, 2, 3), (1, 3, 3), (2, 1, 3))((2, 1, 4), (3, 0, 4), (3, 1, 4), (3, 2, 4), (3, 3, 4))((1, 4, 3), (2, 4, 2), (2, 4, 3), (3, 4, 3), (4, 4, 3))((0, 3, 0), (0, 3, 1), (0, 3, 2), (0, 3, 3), (1, 3, 2))((0, 4, 0), (1, 3, 0), (1, 4, 0), (2, 4, 0), (3, 4, 0))((0, 2, 0), (0, 2, 1), (0, 2, 2), (0, 2, 3), (1, 2, 1))((0, 1, 1), (1, 0, 1), (1, 1, 1), (2, 1, 1), (3, 1, 1))((1, 0, 0), (2, 0, 0), (3, 0, 0), (3, 0, 1), (4, 0, 0))((0, 1, 2), (1, 1, 2), (1, 2, 2), (2, 1, 2), (3, 1, 2))((1, 4, 1), (2, 4, 1), (3, 4, 1), (3, 4, 2), (4, 4, 1))((0, 1, 0), (1, 1, 0), (1, 2, 0), (2, 1, 0), (3, 1, 0))((2, 2, 0), (2, 2, 1), (2, 2, 2), (2, 2, 3), (3, 2, 1))((3, 2, 0), (4, 1, 0), (4, 2, 0), (4, 3, 0), (4, 4, 0))((1, 3, 1), (2, 3, 0), (2, 3, 1), (2, 3, 2), (2, 3, 3))((3, 2, 2), (3, 3, 0), (3, 3, 1), (3, 3, 2), (3, 3, 3))((3, 0, 3), (4, 0, 1), (4, 0, 2), (4, 0, 3), (4, 0, 4))((3, 1, 3), (4, 1, 1), (4, 1, 2), (4, 1, 3), (4, 1, 4))((4, 3, 1), (4, 3, 2), (4, 3, 3), (4, 3, 4), (4, 4, 2))((3, 2, 3), (4, 2, 1), (4, 2, 2), (4, 2, 3), (4, 2, 4))
337
((0, 0, 0), (0, 0, 1), (0, 0, 2), (0, 0, 3), (1, 0, 2))((0, 0, 4), (0, 1, 3), (0, 1, 4), (0, 2, 4), (0, 3, 4))((0, 4, 1), (0, 4, 2), (0, 4, 3), (0, 4, 4), (1, 4, 2))((1, 0, 4), (1, 1, 4), (1, 2, 4), (1, 3, 4), (2, 2, 4))((1, 4, 4), (2, 3, 4), (2, 4, 4), (3, 4, 4), (4, 4, 4))((2, 0, 1), (2, 0, 2), (2, 0, 3), (2, 0, 4), (3, 0, 2))((1, 0, 3), (1, 1, 3), (1, 2, 2), (1, 2, 3), (1, 3, 3))((1, 4, 3), (2, 4, 3), (3, 4, 2), (3, 4, 3), (4, 4, 3))((0, 3, 0), (0, 3, 1), (0, 3, 2), (0, 3, 3), (1, 3, 1))((0, 1, 1), (1, 0, 1), (1, 1, 1), (2, 1, 1), (3, 1, 1))((2, 1, 4), (3, 0, 4), (3, 1, 4), (3, 2, 4), (3, 3, 4))((1, 0, 0), (2, 0, 0), (3, 0, 0), (3, 0, 1), (4, 0, 0))((0, 1, 0), (1, 1, 0), (1, 2, 0), (2, 1, 0), (3, 1, 0))((0, 2, 0), (0, 2, 1), (0, 2, 2), (0, 2, 3), (1, 2, 1))((0, 1, 2), (1, 1, 2), (2, 1, 2), (2, 1, 3), (3, 1, 2))((1, 4, 1), (2, 4, 1), (2, 4, 2), (3, 4, 1), (4, 4, 1))((0, 4, 0), (1, 3, 0), (1, 4, 0), (2, 4, 0), (3, 4, 0))((3, 2, 0), (4, 1, 0), (4, 2, 0), (4, 3, 0), (4, 4, 0))((3, 2, 1), (3, 3, 0), (3, 3, 1), (3, 3, 2), (3, 3, 3))((1, 3, 2), (2, 3, 0), (2, 3, 1), (2, 3, 2), (2, 3, 3))((2, 2, 0), (2, 2, 1), (2, 2, 2), (2, 2, 3), (3, 2, 2))((3, 0, 3), (4, 0, 1), (4, 0, 2), (4, 0, 3), (4, 0, 4))((3, 1, 3), (4, 1, 1), (4, 1, 2), (4, 1, 3), (4, 1, 4))((4, 3, 1), (4, 3, 2), (4, 3, 3), (4, 3, 4), (4, 4, 2))((3, 2, 3), (4, 2, 1), (4, 2, 2), (4, 2, 3), (4, 2, 4))
338
((0, 0, 0), (0, 0, 1), (0, 0, 2), (0, 0, 3), (1, 0, 2))((0, 0, 4), (0, 1, 3), (0, 1, 4), (0, 2, 4), (0, 3, 4))((0, 4, 1), (0, 4, 2), (0, 4, 3), (0, 4, 4), (1, 4, 2))((1, 0, 4), (1, 1, 4), (1, 2, 4), (1, 3, 4), (2, 2, 4))((1, 4, 4), (2, 3, 4), (2, 4, 4), (3, 4, 4), (4, 4, 4))((2, 0, 1), (2, 0, 2), (2, 0, 3), (2, 0, 4), (3, 0, 2))((1, 0, 3), (1, 1, 3), (1, 2, 2), (1, 2, 3), (1, 3, 3))((1, 4, 3), (2, 4, 3), (3, 4, 2), (3, 4, 3), (4, 4, 3))((0, 3, 0), (0, 3, 1), (0, 3, 2), (0, 3, 3), (1, 3, 1))((0, 1, 1), (1, 0, 1), (1, 1, 1), (2, 1, 1), (3, 1, 1))((2, 1, 4), (3, 0, 4), (3, 1, 4), (3, 2, 4), (3, 3, 4))((1, 0, 0), (2, 0, 0), (3, 0, 0), (3, 0, 1), (4, 0, 0))((0, 1, 0), (1, 1, 0), (1, 2, 0), (2, 1, 0), (3, 1, 0))((0, 2, 0), (0, 2, 1), (0, 2, 2), (0, 2, 3), (1, 2, 1))((0, 1, 2), (1, 1, 2), (2, 1, 2), (2, 1, 3), (3, 1, 2))((1, 4, 1), (2, 4, 1), (2, 4, 2), (3, 4, 1), (4, 4, 1))((0, 4, 0), (1, 3, 0), (1, 4, 0), (2, 4, 0), (3, 4, 0))((3, 2, 0), (4, 1, 0), (4, 2, 0), (4, 3, 0), (4, 4, 0))((2, 2, 0), (2, 2, 1), (2, 2, 2), (2, 2, 3), (3, 2, 1))((1, 3, 2), (2, 3, 0), (2, 3, 1), (2, 3, 2), (2, 3, 3))((3, 2, 2), (3, 3, 0), (3, 3, 1), (3, 3, 2), (3, 3, 3))((3, 0, 3), (4, 0, 1), (4, 0, 2), (4, 0, 3), (4, 0, 4))((3, 2, 3), (4, 2, 1), (4, 2, 2), (4, 2, 3), (4, 2, 4))((4, 3, 1), (4, 3, 2), (4, 3, 3), (4, 3, 4), (4, 4, 2))((3, 1, 3), (4, 1, 1), (4, 1, 2), (4, 1, 3), (4, 1, 4))
339
((0, 0, 0), (0, 0, 1), (0, 0, 2), (0, 0, 3), (1, 0, 2))((0, 0, 4), (0, 1, 3), (0, 1, 4), (0, 2, 4), (0, 3, 4))((0, 4, 1), (0, 4, 2), (0, 4, 3), (0, 4, 4), (1, 4, 2))((1, 0, 4), (1, 1, 4), (1, 2, 4), (1, 3, 4), (2, 2, 4))((1, 4, 4), (2, 3, 4), (2, 4, 4), (3, 4, 4), (4, 4, 4))((2, 0, 1), (2, 0, 2), (2, 0, 3), (2, 0, 4), (3, 0, 2))((1, 0, 3), (1, 1, 3), (1, 2, 2), (1, 2, 3), (1, 3, 3))((1, 4, 3), (2, 4, 3), (3, 4, 2), (3, 4, 3), (4, 4, 3))((0, 3, 0), (0, 3, 1), (0, 3, 2), (0, 3, 3), (1, 3, 2))((0, 2, 0), (0, 2, 1), (0, 2, 2), (0, 2, 3), (1, 2, 1))((0, 1, 1), (1, 0, 1), (1, 1, 1), (2, 1, 1), (3, 1, 1))((2, 1, 4), (3, 0, 4), (3, 1, 4), (3, 2, 4), (3, 3, 4))((1, 0, 0), (2, 0, 0), (3, 0, 0), (3, 0, 1), (4, 0, 0))((0, 1, 0), (1, 1, 0), (1, 2, 0), (2, 1, 0), (3, 1, 0))((0, 1, 2), (1, 1, 2), (2, 1, 2), (2, 1, 3), (3, 1, 2))((1, 4, 1), (2, 4, 1), (2, 4, 2), (3, 4, 1), (4, 4, 1))((0, 4, 0), (1, 3, 0), (1, 4, 0), (2, 4, 0), (3, 4, 0))((3, 2, 0), (4, 1, 0), (4, 2, 0), (4, 3, 0), (4, 4, 0))((3, 2, 1), (3, 3, 0), (3, 3, 1), (3, 3, 2), (3, 3, 3))((3, 0, 3), (4, 0, 1), (4, 0, 2), (4, 0, 3), (4, 0, 4))((3, 2, 3), (4, 2, 1), (4, 2, 2), (4, 2, 3), (4, 2, 4))((4, 3, 1), (4, 3, 2), (4, 3, 3), (4, 3, 4), (4, 4, 2))((3, 1, 3), (4, 1, 1), (4, 1, 2), (4, 1, 3), (4, 1, 4))((2, 2, 0), (2, 2, 1), (2, 2, 2), (2, 2, 3), (3, 2, 2))((1, 3, 1), (2, 3, 0), (2, 3, 1), (2, 3, 2), (2, 3, 3))
340
((0, 0, 0), (0, 0, 1), (0, 0, 2), (0, 0, 3), (1, 0, 2))((0, 0, 4), (0, 1, 3), (0, 1, 4), (0, 2, 4), (0, 3, 4))((0, 4, 1), (0, 4, 2), (0, 4, 3), (0, 4, 4), (1, 4, 2))((1, 0, 4), (1, 1, 4), (1, 2, 4), (1, 3, 4), (2, 2, 4))((1, 4, 4), (2, 3, 4), (2, 4, 4), (3, 4, 4), (4, 4, 4))((2, 0, 1), (2, 0, 2), (2, 0, 3), (2, 0, 4), (3, 0, 2))((1, 0, 3), (1, 1, 3), (1, 2, 2), (1, 2, 3), (1, 3, 3))((1, 4, 3), (2, 4, 3), (3, 4, 2), (3, 4, 3), (4, 4, 3))((0, 3, 0), (0, 3, 1), (0, 3, 2), (0, 3, 3), (1, 3, 2))((0, 2, 0), (0, 2, 1), (0, 2, 2), (0, 2, 3), (1, 2, 1))((0, 1, 1), (1, 0, 1), (1, 1, 1), (2, 1, 1), (3, 1, 1))((2, 1, 4), (3, 0, 4), (3, 1, 4), (3, 2, 4), (3, 3, 4))((1, 0, 0), (2, 0, 0), (3, 0, 0), (3, 0, 1), (4, 0, 0))((0, 1, 0), (1, 1, 0), (1, 2, 0), (2, 1, 0), (3, 1, 0))((0, 1, 2), (1, 1, 2), (2, 1, 2), (2, 1, 3), (3, 1, 2))((1, 4, 1), (2, 4, 1), (2, 4, 2), (3, 4, 1), (4, 4, 1))((0, 4, 0), (1, 3, 0), (1, 4, 0), (2, 4, 0), (3, 4, 0))((3, 2, 0), (4, 1, 0), (4, 2, 0), (4, 3, 0), (4, 4, 0))((2, 2, 0), (2, 2, 1), (2, 2, 2), (2, 2, 3), (3, 2, 1))((1, 3, 1), (2, 3, 0), (2, 3, 1), (2, 3, 2), (2, 3, 3))((3, 2, 2), (3, 3, 0), (3, 3, 1), (3, 3, 2), (3, 3, 3))((3, 0, 3), (4, 0, 1), (4, 0, 2), (4, 0, 3), (4, 0, 4))((3, 1, 3), (4, 1, 1), (4, 1, 2), (4, 1, 3), (4, 1, 4))((4, 3, 1), (4, 3, 2), (4, 3, 3), (4, 3, 4), (4, 4, 2))((3, 2, 3), (4, 2, 1), (4, 2, 2), (4, 2, 3), (4, 2, 4))
341
((0, 0, 0), (0, 0, 1), (0, 0, 2), (0, 0, 3), (1, 0, 2))((0, 0, 4), (0, 1, 3), (0, 1, 4), (0, 2, 4), (0, 3, 4))((0, 4, 1), (0, 4, 2), (0, 4, 3), (0, 4, 4), (1, 4, 2))((1, 0, 4), (1, 1, 4), (1, 2, 4), (1, 3, 4), (2, 2, 4))((1, 4, 4), (2, 3, 4), (2, 4, 4), (3, 4, 4), (4, 4, 4))((2, 0, 1), (2, 0, 2), (2, 0, 3), (2, 0, 4), (3, 0, 2))((1, 0, 3), (1, 1, 3), (1, 2, 2), (1, 2, 3), (1, 3, 3))((1, 4, 3), (2, 4, 2), (2, 4, 3), (3, 4, 3), (4, 4, 3))((0, 3, 0), (0, 3, 1), (0, 3, 2), (0, 3, 3), (1, 3, 1))((0, 1, 1), (1, 0, 1), (1, 1, 1), (2, 1, 1), (3, 1, 1))((2, 1, 4), (3, 0, 4), (3, 1, 4), (3, 2, 4), (3, 3, 4))((1, 0, 0), (2, 0, 0), (3, 0, 0), (3, 0, 1), (4, 0, 0))((0, 1, 0), (1, 1, 0), (1, 2, 0), (2, 1, 0), (3, 1, 0))((0, 2, 0), (0, 2, 1), (0, 2, 2), (0, 2, 3), (1, 2, 1))((0, 1, 2), (1, 1, 2), (2, 1, 2), (2, 1, 3), (3, 1, 2))((1, 4, 1), (2, 4, 1), (3, 4, 1), (3, 4, 2), (4, 4, 1))((0, 4, 0), (1, 3, 0), (1, 4, 0), (2, 4, 0), (3, 4, 0))((3, 2, 0), (4, 1, 0), (4, 2, 0), (4, 3, 0), (4, 4, 0))((3, 2, 1), (3, 3, 0), (3, 3, 1), (3, 3, 2), (3, 3, 3))((1, 3, 2), (2, 3, 0), (2, 3, 1), (2, 3, 2), (2, 3, 3))((2, 2, 0), (2, 2, 1), (2, 2, 2), (2, 2, 3), (3, 2, 2))((3, 0, 3), (4, 0, 1), (4, 0, 2), (4, 0, 3), (4, 0, 4))((3, 1, 3), (4, 1, 1), (4, 1, 2), (4, 1, 3), (4, 1, 4))((4, 3, 1), (4, 3, 2), (4, 3, 3), (4, 3, 4), (4, 4, 2))((3, 2, 3), (4, 2, 1), (4, 2, 2), (4, 2, 3), (4, 2, 4))
342
((0, 0, 0), (0, 0, 1), (0, 0, 2), (0, 0, 3), (1, 0, 2))((0, 0, 4), (0, 1, 3), (0, 1, 4), (0, 2, 4), (0, 3, 4))((0, 4, 1), (0, 4, 2), (0, 4, 3), (0, 4, 4), (1, 4, 2))((1, 0, 4), (1, 1, 4), (1, 2, 4), (1, 3, 4), (2, 2, 4))((1, 4, 4), (2, 3, 4), (2, 4, 4), (3, 4, 4), (4, 4, 4))((2, 0, 1), (2, 0, 2), (2, 0, 3), (2, 0, 4), (3, 0, 2))((1, 0, 3), (1, 1, 3), (1, 2, 2), (1, 2, 3), (1, 3, 3))((1, 4, 3), (2, 4, 2), (2, 4, 3), (3, 4, 3), (4, 4, 3))((0, 3, 0), (0, 3, 1), (0, 3, 2), (0, 3, 3), (1, 3, 1))((0, 1, 1), (1, 0, 1), (1, 1, 1), (2, 1, 1), (3, 1, 1))((2, 1, 4), (3, 0, 4), (3, 1, 4), (3, 2, 4), (3, 3, 4))((1, 0, 0), (2, 0, 0), (3, 0, 0), (3, 0, 1), (4, 0, 0))((0, 1, 0), (1, 1, 0), (1, 2, 0), (2, 1, 0), (3, 1, 0))((0, 2, 0), (0, 2, 1), (0, 2, 2), (0, 2, 3), (1, 2, 1))((0, 1, 2), (1, 1, 2), (2, 1, 2), (2, 1, 3), (3, 1, 2))((1, 4, 1), (2, 4, 1), (3, 4, 1), (3, 4, 2), (4, 4, 1))((0, 4, 0), (1, 3, 0), (1, 4, 0), (2, 4, 0), (3, 4, 0))((3, 2, 0), (4, 1, 0), (4, 2, 0), (4, 3, 0), (4, 4, 0))((2, 2, 0), (2, 2, 1), (2, 2, 2), (2, 2, 3), (3, 2, 1))((1, 3, 2), (2, 3, 0), (2, 3, 1), (2, 3, 2), (2, 3, 3))((3, 2, 2), (3, 3, 0), (3, 3, 1), (3, 3, 2), (3, 3, 3))((3, 0, 3), (4, 0, 1), (4, 0, 2), (4, 0, 3), (4, 0, 4))((3, 2, 3), (4, 2, 1), (4, 2, 2), (4, 2, 3), (4, 2, 4))((4, 3, 1), (4, 3, 2), (4, 3, 3), (4, 3, 4), (4, 4, 2))((3, 1, 3), (4, 1, 1), (4, 1, 2), (4, 1, 3), (4, 1, 4))
343
((0, 0, 0), (0, 0, 1), (0, 0, 2), (0, 0, 3), (1, 0, 2))((0, 0, 4), (0, 1, 3), (0, 1, 4), (0, 2, 4), (0, 3, 4))((0, 4, 1), (0, 4, 2), (0, 4, 3), (0, 4, 4), (1, 4, 2))((1, 0, 4), (1, 1, 4), (1, 2, 4), (1, 3, 4), (2, 2, 4))((1, 4, 4), (2, 3, 4), (2, 4, 4), (3, 4, 4), (4, 4, 4))((2, 0, 1), (2, 0, 2), (2, 0, 3), (2, 0, 4), (3, 0, 2))((1, 0, 3), (1, 1, 3), (1, 2, 2), (1, 2, 3), (1, 3, 3))((1, 4, 3), (2, 4, 2), (2, 4, 3), (3, 4, 3), (4, 4, 3))((0, 3, 0), (0, 3, 1), (0, 3, 2), (0, 3, 3), (1, 3, 2))((0, 2, 0), (0, 2, 1), (0, 2, 2), (0, 2, 3), (1, 2, 1))((0, 1, 1), (1, 0, 1), (1, 1, 1), (2, 1, 1), (3, 1, 1))((2, 1, 4), (3, 0, 4), (3, 1, 4), (3, 2, 4), (3, 3, 4))((1, 0, 0), (2, 0, 0), (3, 0, 0), (3, 0, 1), (4, 0, 0))((0, 1, 0), (1, 1, 0), (1, 2, 0), (2, 1, 0), (3, 1, 0))((0, 1, 2), (1, 1, 2), (2, 1, 2), (2, 1, 3), (3, 1, 2))((1, 4, 1), (2, 4, 1), (3, 4, 1), (3, 4, 2), (4, 4, 1))((0, 4, 0), (1, 3, 0), (1, 4, 0), (2, 4, 0), (3, 4, 0))((3, 2, 0), (4, 1, 0), (4, 2, 0), (4, 3, 0), (4, 4, 0))((3, 2, 1), (3, 3, 0), (3, 3, 1), (3, 3, 2), (3, 3, 3))((3, 0, 3), (4, 0, 1), (4, 0, 2), (4, 0, 3), (4, 0, 4))((3, 2, 3), (4, 2, 1), (4, 2, 2), (4, 2, 3), (4, 2, 4))((4, 3, 1), (4, 3, 2), (4, 3, 3), (4, 3, 4), (4, 4, 2))((3, 1, 3), (4, 1, 1), (4, 1, 2), (4, 1, 3), (4, 1, 4))((2, 2, 0), (2, 2, 1), (2, 2, 2), (2, 2, 3), (3, 2, 2))((1, 3, 1), (2, 3, 0), (2, 3, 1), (2, 3, 2), (2, 3, 3))
344
((0, 0, 0), (0, 0, 1), (0, 0, 2), (0, 0, 3), (1, 0, 2))((0, 0, 4), (0, 1, 3), (0, 1, 4), (0, 2, 4), (0, 3, 4))((0, 4, 1), (0, 4, 2), (0, 4, 3), (0, 4, 4), (1, 4, 2))((1, 0, 4), (1, 1, 4), (1, 2, 4), (1, 3, 4), (2, 2, 4))((1, 4, 4), (2, 3, 4), (2, 4, 4), (3, 4, 4), (4, 4, 4))((2, 0, 1), (2, 0, 2), (2, 0, 3), (2, 0, 4), (3, 0, 2))((1, 0, 3), (1, 1, 3), (1, 2, 2), (1, 2, 3), (1, 3, 3))((1, 4, 3), (2, 4, 2), (2, 4, 3), (3, 4, 3), (4, 4, 3))((0, 3, 0), (0, 3, 1), (0, 3, 2), (0, 3, 3), (1, 3, 2))((0, 2, 0), (0, 2, 1), (0, 2, 2), (0, 2, 3), (1, 2, 1))((0, 1, 1), (1, 0, 1), (1, 1, 1), (2, 1, 1), (3, 1, 1))((2, 1, 4), (3, 0, 4), (3, 1, 4), (3, 2, 4), (3, 3, 4))((1, 0, 0), (2, 0, 0), (3, 0, 0), (3, 0, 1), (4, 0, 0))((0, 1, 0), (1, 1, 0), (1, 2, 0), (2, 1, 0), (3, 1, 0))((0, 1, 2), (1, 1, 2), (2, 1, 2), (2, 1, 3), (3, 1, 2))((1, 4, 1), (2, 4, 1), (3, 4, 1), (3, 4, 2), (4, 4, 1))((0, 4, 0), (1, 3, 0), (1, 4, 0), (2, 4, 0), (3, 4, 0))((3, 2, 0), (4, 1, 0), (4, 2, 0), (4, 3, 0), (4, 4, 0))((2, 2, 0), (2, 2, 1), (2, 2, 2), (2, 2, 3), (3, 2, 1))((1, 3, 1), (2, 3, 0), (2, 3, 1), (2, 3, 2), (2, 3, 3))((3, 2, 2), (3, 3, 0), (3, 3, 1), (3, 3, 2), (3, 3, 3))((3, 0, 3), (4, 0, 1), (4, 0, 2), (4, 0, 3), (4, 0, 4))((3, 1, 3), (4, 1, 1), (4, 1, 2), (4, 1, 3), (4, 1, 4))((4, 3, 1), (4, 3, 2), (4, 3, 3), (4, 3, 4), (4, 4, 2))((3, 2, 3), (4, 2, 1), (4, 2, 2), (4, 2, 3), (4, 2, 4))
345
((0, 0, 0), (0, 0, 1), (0, 0, 2), (0, 0, 3), (1, 0, 2))((0, 0, 4), (0, 1, 3), (0, 1, 4), (0, 2, 4), (0, 3, 4))((0, 4, 1), (0, 4, 2), (0, 4, 3), (0, 4, 4), (1, 4, 2))((1, 0, 4), (1, 1, 4), (1, 2, 4), (1, 3, 4), (2, 1, 4))((1, 4, 4), (2, 3, 4), (2, 4, 4), (3, 4, 4), (4, 4, 4))((2, 0, 1), (2, 0, 2), (2, 0, 3), (2, 0, 4), (3, 0, 3))((2, 2, 4), (3, 0, 4), (3, 1, 4), (3, 2, 4), (3, 3, 4))((3, 0, 2), (4, 0, 1), (4, 0, 2), (4, 0, 3), (4, 0, 4))((3, 1, 3), (4, 1, 1), (4, 1, 2), (4, 1, 3), (4, 1, 4))((3, 2, 3), (4, 2, 1), (4, 2, 2), (4, 2, 3), (4, 2, 4))((4, 3, 1), (4, 3, 2), (4, 3, 3), (4, 3, 4), (4, 4, 2))((1, 4, 3), (2, 4, 2), (2, 4, 3), (3, 4, 3), (4, 4, 3))((1, 0, 3), (1, 1, 3), (1, 2, 3), (1, 3, 3), (2, 1, 3))((0, 3, 0), (0, 3, 1), (0, 3, 2), (0, 3, 3), (1, 3, 1))((0, 1, 1), (1, 0, 1), (1, 1, 1), (2, 1, 1), (3, 1, 1))((1, 0, 0), (2, 0, 0), (3, 0, 0), (3, 0, 1), (4, 0, 0))((0, 1, 0), (1, 1, 0), (1, 2, 0), (2, 1, 0), (3, 1, 0))((3, 2, 0), (4, 1, 0), (4, 2, 0), (4, 3, 0), (4, 4, 0))((0, 4, 0), (1, 3, 0), (1, 4, 0), (2, 4, 0), (3, 4, 0))((1, 3, 2), (2, 3, 0), (2, 3, 1), (2, 3, 2), (2, 3, 3))((1, 4, 1), (2, 4, 1), (3, 4, 1), (3, 4, 2), (4, 4, 1))((3, 2, 1), (3, 3, 0), (3, 3, 1), (3, 3, 2), (3, 3, 3))((0, 1, 2), (1, 1, 2), (1, 2, 2), (2, 1, 2), (3, 1, 2))((0, 2, 0), (0, 2, 1), (0, 2, 2), (0, 2, 3), (1, 2, 1))((2, 2, 0), (2, 2, 1), (2, 2, 2), (2, 2, 3), (3, 2, 2))
346
((0, 0, 0), (0, 0, 1), (0, 0, 2), (0, 0, 3), (1, 0, 2))((0, 0, 4), (0, 1, 3), (0, 1, 4), (0, 2, 4), (0, 3, 4))((0, 4, 1), (0, 4, 2), (0, 4, 3), (0, 4, 4), (1, 4, 2))((1, 0, 4), (1, 1, 4), (1, 2, 4), (1, 3, 4), (2, 1, 4))((1, 4, 4), (2, 3, 4), (2, 4, 4), (3, 4, 4), (4, 4, 4))((2, 0, 1), (2, 0, 2), (2, 0, 3), (2, 0, 4), (3, 0, 3))((2, 2, 4), (3, 0, 4), (3, 1, 4), (3, 2, 4), (3, 3, 4))((3, 0, 2), (4, 0, 1), (4, 0, 2), (4, 0, 3), (4, 0, 4))((3, 1, 3), (4, 1, 1), (4, 1, 2), (4, 1, 3), (4, 1, 4))((3, 2, 3), (4, 2, 1), (4, 2, 2), (4, 2, 3), (4, 2, 4))((4, 3, 1), (4, 3, 2), (4, 3, 3), (4, 3, 4), (4, 4, 2))((1, 4, 3), (2, 4, 2), (2, 4, 3), (3, 4, 3), (4, 4, 3))((1, 0, 3), (1, 1, 3), (1, 2, 3), (1, 3, 3), (2, 1, 3))((0, 3, 0), (0, 3, 1), (0, 3, 2), (0, 3, 3), (1, 3, 1))((0, 1, 1), (1, 0, 1), (1, 1, 1), (2, 1, 1), (3, 1, 1))((1, 0, 0), (2, 0, 0), (3, 0, 0), (3, 0, 1), (4, 0, 0))((0, 1, 0), (1, 1, 0), (1, 2, 0), (2, 1, 0), (3, 1, 0))((3, 2, 0), (4, 1, 0), (4, 2, 0), (4, 3, 0), (4, 4, 0))((0, 4, 0), (1, 3, 0), (1, 4, 0), (2, 4, 0), (3, 4, 0))((1, 3, 2), (2, 3, 0), (2, 3, 1), (2, 3, 2), (2, 3, 3))((1, 4, 1), (2, 4, 1), (3, 4, 1), (3, 4, 2), (4, 4, 1))((3, 2, 2), (3, 3, 0), (3, 3, 1), (3, 3, 2), (3, 3, 3))((0, 1, 2), (1, 1, 2), (1, 2, 2), (2, 1, 2), (3, 1, 2))((0, 2, 0), (0, 2, 1), (0, 2, 2), (0, 2, 3), (1, 2, 1))((2, 2, 0), (2, 2, 1), (2, 2, 2), (2, 2, 3), (3, 2, 1))
347
((0, 0, 0), (0, 0, 1), (0, 0, 2), (0, 0, 3), (1, 0, 2))((0, 0, 4), (0, 1, 3), (0, 1, 4), (0, 2, 4), (0, 3, 4))((0, 4, 1), (0, 4, 2), (0, 4, 3), (0, 4, 4), (1, 4, 2))((1, 0, 4), (1, 1, 4), (1, 2, 4), (1, 3, 4), (2, 1, 4))((1, 4, 4), (2, 3, 4), (2, 4, 4), (3, 4, 4), (4, 4, 4))((2, 0, 1), (2, 0, 2), (2, 0, 3), (2, 0, 4), (3, 0, 3))((2, 2, 4), (3, 0, 4), (3, 1, 4), (3, 2, 4), (3, 3, 4))((3, 0, 2), (4, 0, 1), (4, 0, 2), (4, 0, 3), (4, 0, 4))((3, 1, 3), (4, 1, 1), (4, 1, 2), (4, 1, 3), (4, 1, 4))((3, 2, 3), (4, 2, 1), (4, 2, 2), (4, 2, 3), (4, 2, 4))((4, 3, 1), (4, 3, 2), (4, 3, 3), (4, 3, 4), (4, 4, 2))((1, 4, 3), (2, 4, 2), (2, 4, 3), (3, 4, 3), (4, 4, 3))((1, 0, 3), (1, 1, 3), (1, 2, 3), (1, 3, 3), (2, 1, 3))((0, 3, 0), (0, 3, 1), (0, 3, 2), (0, 3, 3), (1, 3, 2))((0, 2, 0), (0, 2, 1), (0, 2, 2), (0, 2, 3), (1, 2, 1))((0, 1, 1), (1, 0, 1), (1, 1, 1), (2, 1, 1), (3, 1, 1))((1, 0, 0), (2, 0, 0), (3, 0, 0), (3, 0, 1), (4, 0, 0))((0, 1, 2), (1, 1, 2), (1, 2, 2), (2, 1, 2), (3, 1, 2))((1, 4, 1), (2, 4, 1), (3, 4, 1), (3, 4, 2), (4, 4, 1))((0, 4, 0), (1, 3, 0), (1, 4, 0), (2, 4, 0), (3, 4, 0))((1, 3, 1), (2, 3, 0), (2, 3, 1), (2, 3, 2), (2, 3, 3))((3, 2, 2), (3, 3, 0), (3, 3, 1), (3, 3, 2), (3, 3, 3))((2, 2, 0), (2, 2, 1), (2, 2, 2), (2, 2, 3), (3, 2, 1))((0, 1, 0), (1, 1, 0), (1, 2, 0), (2, 1, 0), (3, 1, 0))((3, 2, 0), (4, 1, 0), (4, 2, 0), (4, 3, 0), (4, 4, 0))
348
((0, 0, 0), (0, 0, 1), (0, 0, 2), (0, 0, 3), (1, 0, 2))((0, 0, 4), (0, 1, 3), (0, 1, 4), (0, 2, 4), (0, 3, 4))((0, 4, 1), (0, 4, 2), (0, 4, 3), (0, 4, 4), (1, 4, 2))((1, 0, 4), (1, 1, 4), (1, 2, 4), (1, 3, 4), (2, 1, 4))((1, 4, 4), (2, 3, 4), (2, 4, 4), (3, 4, 4), (4, 4, 4))((2, 0, 1), (2, 0, 2), (2, 0, 3), (2, 0, 4), (3, 0, 3))((2, 2, 4), (3, 0, 4), (3, 1, 4), (3, 2, 4), (3, 3, 4))((3, 0, 2), (4, 0, 1), (4, 0, 2), (4, 0, 3), (4, 0, 4))((3, 1, 3), (4, 1, 1), (4, 1, 2), (4, 1, 3), (4, 1, 4))((3, 2, 3), (4, 2, 1), (4, 2, 2), (4, 2, 3), (4, 2, 4))((4, 3, 1), (4, 3, 2), (4, 3, 3), (4, 3, 4), (4, 4, 2))((1, 4, 3), (2, 4, 2), (2, 4, 3), (3, 4, 3), (4, 4, 3))((1, 0, 3), (1, 1, 3), (1, 2, 3), (1, 3, 3), (2, 1, 3))((0, 3, 0), (0, 3, 1), (0, 3, 2), (0, 3, 3), (1, 3, 2))((0, 2, 0), (0, 2, 1), (0, 2, 2), (0, 2, 3), (1, 2, 1))((0, 1, 1), (1, 0, 1), (1, 1, 1), (2, 1, 1), (3, 1, 1))((1, 0, 0), (2, 0, 0), (3, 0, 0), (3, 0, 1), (4, 0, 0))((0, 1, 2), (1, 1, 2), (1, 2, 2), (2, 1, 2), (3, 1, 2))((1, 4, 1), (2, 4, 1), (3, 4, 1), (3, 4, 2), (4, 4, 1))((0, 4, 0), (1, 3, 0), (1, 4, 0), (2, 4, 0), (3, 4, 0))((1, 3, 1), (2, 3, 0), (2, 3, 1), (2, 3, 2), (2, 3, 3))((2, 2, 0), (2, 2, 1), (2, 2, 2), (2, 2, 3), (3, 2, 2))((0, 1, 0), (1, 1, 0), (1, 2, 0), (2, 1, 0), (3, 1, 0))((3, 2, 0), (4, 1, 0), (4, 2, 0), (4, 3, 0), (4, 4, 0))((3, 2, 1), (3, 3, 0), (3, 3, 1), (3, 3, 2), (3, 3, 3))
349
((0, 0, 0), (0, 0, 1), (0, 0, 2), (0, 0, 3), (1, 0, 2))((0, 0, 4), (0, 1, 3), (0, 1, 4), (0, 2, 4), (0, 3, 4))((0, 4, 1), (0, 4, 2), (0, 4, 3), (0, 4, 4), (1, 4, 2))((1, 0, 4), (1, 1, 4), (1, 2, 4), (1, 3, 4), (2, 1, 4))((1, 4, 4), (2, 3, 4), (2, 4, 4), (3, 4, 4), (4, 4, 4))((2, 0, 1), (2, 0, 2), (2, 0, 3), (2, 0, 4), (3, 0, 3))((2, 2, 4), (3, 0, 4), (3, 1, 4), (3, 2, 4), (3, 3, 4))((3, 0, 2), (4, 0, 1), (4, 0, 2), (4, 0, 3), (4, 0, 4))((3, 1, 3), (4, 1, 1), (4, 1, 2), (4, 1, 3), (4, 1, 4))((3, 2, 3), (4, 2, 1), (4, 2, 2), (4, 2, 3), (4, 2, 4))((4, 3, 1), (4, 3, 2), (4, 3, 3), (4, 3, 4), (4, 4, 2))((1, 4, 3), (2, 4, 2), (2, 4, 3), (3, 4, 3), (4, 4, 3))((1, 0, 3), (1, 1, 3), (1, 2, 2), (1, 2, 3), (1, 3, 3))((0, 3, 0), (0, 3, 1), (0, 3, 2), (0, 3, 3), (1, 3, 1))((0, 1, 1), (1, 0, 1), (1, 1, 1), (2, 1, 1), (3, 1, 1))((1, 0, 0), (2, 0, 0), (3, 0, 0), (3, 0, 1), (4, 0, 0))((0, 1, 2), (1, 1, 2), (2, 1, 2), (2, 1, 3), (3, 1, 2))((1, 3, 2), (2, 3, 0), (2, 3, 1), (2, 3, 2), (2, 3, 3))((0, 2, 0), (0, 2, 1), (0, 2, 2), (0, 2, 3), (1, 2, 1))((3, 2, 2), (3, 3, 0), (3, 3, 1), (3, 3, 2), (3, 3, 3))((1, 4, 1), (2, 4, 1), (3, 4, 1), (3, 4, 2), (4, 4, 1))((3, 2, 0), (4, 1, 0), (4, 2, 0), (4, 3, 0), (4, 4, 0))((2, 2, 0), (2, 2, 1), (2, 2, 2), (2, 2, 3), (3, 2, 1))((0, 1, 0), (1, 1, 0), (1, 2, 0), (2, 1, 0), (3, 1, 0))((0, 4, 0), (1, 3, 0), (1, 4, 0), (2, 4, 0), (3, 4, 0))
350
((0, 0, 0), (0, 0, 1), (0, 0, 2), (0, 0, 3), (1, 0, 2))((0, 0, 4), (0, 1, 3), (0, 1, 4), (0, 2, 4), (0, 3, 4))((0, 4, 1), (0, 4, 2), (0, 4, 3), (0, 4, 4), (1, 4, 2))((1, 0, 4), (1, 1, 4), (1, 2, 4), (1, 3, 4), (2, 1, 4))((1, 4, 4), (2, 3, 4), (2, 4, 4), (3, 4, 4), (4, 4, 4))((2, 0, 1), (2, 0, 2), (2, 0, 3), (2, 0, 4), (3, 0, 3))((2, 2, 4), (3, 0, 4), (3, 1, 4), (3, 2, 4), (3, 3, 4))((3, 0, 2), (4, 0, 1), (4, 0, 2), (4, 0, 3), (4, 0, 4))((3, 1, 3), (4, 1, 1), (4, 1, 2), (4, 1, 3), (4, 1, 4))((3, 2, 3), (4, 2, 1), (4, 2, 2), (4, 2, 3), (4, 2, 4))((4, 3, 1), (4, 3, 2), (4, 3, 3), (4, 3, 4), (4, 4, 2))((1, 4, 3), (2, 4, 2), (2, 4, 3), (3, 4, 3), (4, 4, 3))((1, 0, 3), (1, 1, 3), (1, 2, 2), (1, 2, 3), (1, 3, 3))((0, 3, 0), (0, 3, 1), (0, 3, 2), (0, 3, 3), (1, 3, 1))((0, 1, 1), (1, 0, 1), (1, 1, 1), (2, 1, 1), (3, 1, 1))((1, 0, 0), (2, 0, 0), (3, 0, 0), (3, 0, 1), (4, 0, 0))((0, 1, 2), (1, 1, 2), (2, 1, 2), (2, 1, 3), (3, 1, 2))((1, 3, 2), (2, 3, 0), (2, 3, 1), (2, 3, 2), (2, 3, 3))((0, 2, 0), (0, 2, 1), (0, 2, 2), (0, 2, 3), (1, 2, 1))((2, 2, 0), (2, 2, 1), (2, 2, 2), (2, 2, 3), (3, 2, 2))((0, 4, 0), (1, 3, 0), (1, 4, 0), (2, 4, 0), (3, 4, 0))((0, 1, 0), (1, 1, 0), (1, 2, 0), (2, 1, 0), (3, 1, 0))((3, 2, 1), (3, 3, 0), (3, 3, 1), (3, 3, 2), (3, 3, 3))((3, 2, 0), (4, 1, 0), (4, 2, 0), (4, 3, 0), (4, 4, 0))((1, 4, 1), (2, 4, 1), (3, 4, 1), (3, 4, 2), (4, 4, 1))
351
((0, 0, 0), (0, 0, 1), (0, 0, 2), (0, 0, 3), (1, 0, 2))((0, 0, 4), (0, 1, 3), (0, 1, 4), (0, 2, 4), (0, 3, 4))((0, 4, 1), (0, 4, 2), (0, 4, 3), (0, 4, 4), (1, 4, 2))((1, 0, 4), (1, 1, 4), (1, 2, 4), (1, 3, 4), (2, 1, 4))((1, 4, 4), (2, 3, 4), (2, 4, 4), (3, 4, 4), (4, 4, 4))((2, 0, 1), (2, 0, 2), (2, 0, 3), (2, 0, 4), (3, 0, 3))((2, 2, 4), (3, 0, 4), (3, 1, 4), (3, 2, 4), (3, 3, 4))((3, 0, 2), (4, 0, 1), (4, 0, 2), (4, 0, 3), (4, 0, 4))((3, 1, 3), (4, 1, 1), (4, 1, 2), (4, 1, 3), (4, 1, 4))((3, 2, 3), (4, 2, 1), (4, 2, 2), (4, 2, 3), (4, 2, 4))((4, 3, 1), (4, 3, 2), (4, 3, 3), (4, 3, 4), (4, 4, 2))((1, 4, 3), (2, 4, 2), (2, 4, 3), (3, 4, 3), (4, 4, 3))((1, 0, 3), (1, 1, 3), (1, 2, 2), (1, 2, 3), (1, 3, 3))((0, 3, 0), (0, 3, 1), (0, 3, 2), (0, 3, 3), (1, 3, 2))((0, 2, 0), (0, 2, 1), (0, 2, 2), (0, 2, 3), (1, 2, 1))((0, 1, 1), (1, 0, 1), (1, 1, 1), (2, 1, 1), (3, 1, 1))((1, 0, 0), (2, 0, 0), (3, 0, 0), (3, 0, 1), (4, 0, 0))((0, 1, 2), (1, 1, 2), (2, 1, 2), (2, 1, 3), (3, 1, 2))((1, 4, 1), (2, 4, 1), (3, 4, 1), (3, 4, 2), (4, 4, 1))((0, 4, 0), (1, 3, 0), (1, 4, 0), (2, 4, 0), (3, 4, 0))((1, 3, 1), (2, 3, 0), (2, 3, 1), (2, 3, 2), (2, 3, 3))((3, 2, 2), (3, 3, 0), (3, 3, 1), (3, 3, 2), (3, 3, 3))((2, 2, 0), (2, 2, 1), (2, 2, 2), (2, 2, 3), (3, 2, 1))((0, 1, 0), (1, 1, 0), (1, 2, 0), (2, 1, 0), (3, 1, 0))((3, 2, 0), (4, 1, 0), (4, 2, 0), (4, 3, 0), (4, 4, 0))
352
((0, 0, 0), (0, 0, 1), (0, 0, 2), (0, 0, 3), (1, 0, 2))((0, 0, 4), (0, 1, 3), (0, 1, 4), (0, 2, 4), (0, 3, 4))((0, 4, 1), (0, 4, 2), (0, 4, 3), (0, 4, 4), (1, 4, 2))((1, 0, 4), (1, 1, 4), (1, 2, 4), (1, 3, 4), (2, 1, 4))((1, 4, 4), (2, 3, 4), (2, 4, 4), (3, 4, 4), (4, 4, 4))((2, 0, 1), (2, 0, 2), (2, 0, 3), (2, 0, 4), (3, 0, 3))((2, 2, 4), (3, 0, 4), (3, 1, 4), (3, 2, 4), (3, 3, 4))((3, 0, 2), (4, 0, 1), (4, 0, 2), (4, 0, 3), (4, 0, 4))((3, 1, 3), (4, 1, 1), (4, 1, 2), (4, 1, 3), (4, 1, 4))((3, 2, 3), (4, 2, 1), (4, 2, 2), (4, 2, 3), (4, 2, 4))((4, 3, 1), (4, 3, 2), (4, 3, 3), (4, 3, 4), (4, 4, 2))((1, 4, 3), (2, 4, 2), (2, 4, 3), (3, 4, 3), (4, 4, 3))((1, 0, 3), (1, 1, 3), (1, 2, 2), (1, 2, 3), (1, 3, 3))((0, 3, 0), (0, 3, 1), (0, 3, 2), (0, 3, 3), (1, 3, 2))((0, 2, 0), (0, 2, 1), (0, 2, 2), (0, 2, 3), (1, 2, 1))((0, 1, 1), (1, 0, 1), (1, 1, 1), (2, 1, 1), (3, 1, 1))((1, 0, 0), (2, 0, 0), (3, 0, 0), (3, 0, 1), (4, 0, 0))((0, 1, 2), (1, 1, 2), (2, 1, 2), (2, 1, 3), (3, 1, 2))((1, 4, 1), (2, 4, 1), (3, 4, 1), (3, 4, 2), (4, 4, 1))((0, 4, 0), (1, 3, 0), (1, 4, 0), (2, 4, 0), (3, 4, 0))((1, 3, 1), (2, 3, 0), (2, 3, 1), (2, 3, 2), (2, 3, 3))((2, 2, 0), (2, 2, 1), (2, 2, 2), (2, 2, 3), (3, 2, 2))((0, 1, 0), (1, 1, 0), (1, 2, 0), (2, 1, 0), (3, 1, 0))((3, 2, 0), (4, 1, 0), (4, 2, 0), (4, 3, 0), (4, 4, 0))((3, 2, 1), (3, 3, 0), (3, 3, 1), (3, 3, 2), (3, 3, 3))
353
((0, 0, 0), (0, 0, 1), (0, 0, 2), (0, 0, 3), (1, 0, 2))((0, 0, 4), (0, 1, 3), (0, 1, 4), (0, 2, 4), (0, 3, 4))((0, 4, 1), (0, 4, 2), (0, 4, 3), (0, 4, 4), (1, 4, 2))((1, 0, 4), (1, 1, 4), (1, 2, 4), (1, 3, 4), (2, 1, 4))((1, 4, 4), (2, 3, 4), (2, 4, 4), (3, 4, 4), (4, 4, 4))((2, 0, 1), (2, 0, 2), (2, 0, 3), (2, 0, 4), (3, 0, 3))((2, 2, 4), (3, 0, 4), (3, 1, 4), (3, 2, 4), (3, 3, 4))((3, 0, 2), (4, 0, 1), (4, 0, 2), (4, 0, 3), (4, 0, 4))((3, 1, 3), (4, 1, 1), (4, 1, 2), (4, 1, 3), (4, 1, 4))((3, 2, 3), (4, 2, 1), (4, 2, 2), (4, 2, 3), (4, 2, 4))((4, 3, 1), (4, 3, 2), (4, 3, 3), (4, 3, 4), (4, 4, 2))((1, 4, 3), (2, 4, 3), (3, 4, 2), (3, 4, 3), (4, 4, 3))((1, 4, 1), (2, 4, 1), (2, 4, 2), (3, 4, 1), (4, 4, 1))((3, 2, 0), (4, 1, 0), (4, 2, 0), (4, 3, 0), (4, 4, 0))((0, 4, 0), (1, 3, 0), (1, 4, 0), (2, 4, 0), (3, 4, 0))((1, 0, 0), (2, 0, 0), (3, 0, 0), (3, 0, 1), (4, 0, 0))((0, 1, 0), (1, 1, 0), (1, 2, 0), (2, 1, 0), (3, 1, 0))((0, 1, 2), (1, 1, 2), (2, 1, 2), (2, 1, 3), (3, 1, 2))((0, 1, 1), (1, 0, 1), (1, 1, 1), (2, 1, 1), (3, 1, 1))((1, 0, 3), (1, 1, 3), (1, 2, 2), (1, 2, 3), (1, 3, 3))((3, 2, 2), (3, 3, 0), (3, 3, 1), (3, 3, 2), (3, 3, 3))((0, 3, 0), (0, 3, 1), (0, 3, 2), (0, 3, 3), (1, 3, 2))((0, 2, 0), (0, 2, 1), (0, 2, 2), (0, 2, 3), (1, 2, 1))((1, 3, 1), (2, 3, 0), (2, 3, 1), (2, 3, 2), (2, 3, 3))((2, 2, 0), (2, 2, 1), (2, 2, 2), (2, 2, 3), (3, 2, 1))
354
((0, 0, 0), (0, 0, 1), (0, 0, 2), (0, 0, 3), (1, 0, 2))((0, 0, 4), (0, 1, 3), (0, 1, 4), (0, 2, 4), (0, 3, 4))((0, 4, 1), (0, 4, 2), (0, 4, 3), (0, 4, 4), (1, 4, 2))((1, 0, 4), (1, 1, 4), (1, 2, 4), (1, 3, 4), (2, 1, 4))((1, 4, 4), (2, 3, 4), (2, 4, 4), (3, 4, 4), (4, 4, 4))((2, 0, 1), (2, 0, 2), (2, 0, 3), (2, 0, 4), (3, 0, 3))((2, 2, 4), (3, 0, 4), (3, 1, 4), (3, 2, 4), (3, 3, 4))((3, 0, 2), (4, 0, 1), (4, 0, 2), (4, 0, 3), (4, 0, 4))((3, 1, 3), (4, 1, 1), (4, 1, 2), (4, 1, 3), (4, 1, 4))((3, 2, 3), (4, 2, 1), (4, 2, 2), (4, 2, 3), (4, 2, 4))((4, 3, 1), (4, 3, 2), (4, 3, 3), (4, 3, 4), (4, 4, 2))((1, 4, 3), (2, 4, 3), (3, 4, 2), (3, 4, 3), (4, 4, 3))((1, 4, 1), (2, 4, 1), (2, 4, 2), (3, 4, 1), (4, 4, 1))((3, 2, 0), (4, 1, 0), (4, 2, 0), (4, 3, 0), (4, 4, 0))((0, 4, 0), (1, 3, 0), (1, 4, 0), (2, 4, 0), (3, 4, 0))((1, 0, 0), (2, 0, 0), (3, 0, 0), (3, 0, 1), (4, 0, 0))((0, 1, 0), (1, 1, 0), (1, 2, 0), (2, 1, 0), (3, 1, 0))((0, 1, 2), (1, 1, 2), (2, 1, 2), (2, 1, 3), (3, 1, 2))((0, 1, 1), (1, 0, 1), (1, 1, 1), (2, 1, 1), (3, 1, 1))((1, 0, 3), (1, 1, 3), (1, 2, 2), (1, 2, 3), (1, 3, 3))((3, 2, 2), (3, 3, 0), (3, 3, 1), (3, 3, 2), (3, 3, 3))((1, 3, 2), (2, 3, 0), (2, 3, 1), (2, 3, 2), (2, 3, 3))((2, 2, 0), (2, 2, 1), (2, 2, 2), (2, 2, 3), (3, 2, 1))((0, 3, 0), (0, 3, 1), (0, 3, 2), (0, 3, 3), (1, 3, 1))((0, 2, 0), (0, 2, 1), (0, 2, 2), (0, 2, 3), (1, 2, 1))
355
((0, 0, 0), (0, 0, 1), (0, 0, 2), (0, 0, 3), (1, 0, 2))((0, 0, 4), (0, 1, 3), (0, 1, 4), (0, 2, 4), (0, 3, 4))((0, 4, 1), (0, 4, 2), (0, 4, 3), (0, 4, 4), (1, 4, 2))((1, 0, 4), (1, 1, 4), (1, 2, 4), (1, 3, 4), (2, 1, 4))((1, 4, 4), (2, 3, 4), (2, 4, 4), (3, 4, 4), (4, 4, 4))((2, 0, 1), (2, 0, 2), (2, 0, 3), (2, 0, 4), (3, 0, 3))((2, 2, 4), (3, 0, 4), (3, 1, 4), (3, 2, 4), (3, 3, 4))((3, 0, 2), (4, 0, 1), (4, 0, 2), (4, 0, 3), (4, 0, 4))((3, 1, 3), (4, 1, 1), (4, 1, 2), (4, 1, 3), (4, 1, 4))((3, 2, 3), (4, 2, 1), (4, 2, 2), (4, 2, 3), (4, 2, 4))((4, 3, 1), (4, 3, 2), (4, 3, 3), (4, 3, 4), (4, 4, 2))((1, 4, 3), (2, 4, 3), (3, 4, 2), (3, 4, 3), (4, 4, 3))((1, 4, 1), (2, 4, 1), (2, 4, 2), (3, 4, 1), (4, 4, 1))((3, 2, 0), (4, 1, 0), (4, 2, 0), (4, 3, 0), (4, 4, 0))((0, 4, 0), (1, 3, 0), (1, 4, 0), (2, 4, 0), (3, 4, 0))((1, 0, 0), (2, 0, 0), (3, 0, 0), (3, 0, 1), (4, 0, 0))((0, 1, 0), (1, 1, 0), (1, 2, 0), (2, 1, 0), (3, 1, 0))((0, 1, 2), (1, 1, 2), (2, 1, 2), (2, 1, 3), (3, 1, 2))((0, 1, 1), (1, 0, 1), (1, 1, 1), (2, 1, 1), (3, 1, 1))((1, 0, 3), (1, 1, 3), (1, 2, 2), (1, 2, 3), (1, 3, 3))((2, 2, 0), (2, 2, 1), (2, 2, 2), (2, 2, 3), (3, 2, 2))((3, 2, 1), (3, 3, 0), (3, 3, 1), (3, 3, 2), (3, 3, 3))((0, 2, 0), (0, 2, 1), (0, 2, 2), (0, 2, 3), (1, 2, 1))((0, 3, 0), (0, 3, 1), (0, 3, 2), (0, 3, 3), (1, 3, 1))((1, 3, 2), (2, 3, 0), (2, 3, 1), (2, 3, 2), (2, 3, 3))
356
((0, 0, 0), (0, 0, 1), (0, 0, 2), (0, 0, 3), (1, 0, 2))((0, 0, 4), (0, 1, 3), (0, 1, 4), (0, 2, 4), (0, 3, 4))((0, 4, 1), (0, 4, 2), (0, 4, 3), (0, 4, 4), (1, 4, 2))((1, 0, 4), (1, 1, 4), (1, 2, 4), (1, 3, 4), (2, 1, 4))((1, 4, 4), (2, 3, 4), (2, 4, 4), (3, 4, 4), (4, 4, 4))((2, 0, 1), (2, 0, 2), (2, 0, 3), (2, 0, 4), (3, 0, 3))((2, 2, 4), (3, 0, 4), (3, 1, 4), (3, 2, 4), (3, 3, 4))((3, 0, 2), (4, 0, 1), (4, 0, 2), (4, 0, 3), (4, 0, 4))((3, 1, 3), (4, 1, 1), (4, 1, 2), (4, 1, 3), (4, 1, 4))((3, 2, 3), (4, 2, 1), (4, 2, 2), (4, 2, 3), (4, 2, 4))((4, 3, 1), (4, 3, 2), (4, 3, 3), (4, 3, 4), (4, 4, 2))((1, 4, 3), (2, 4, 3), (3, 4, 2), (3, 4, 3), (4, 4, 3))((1, 4, 1), (2, 4, 1), (2, 4, 2), (3, 4, 1), (4, 4, 1))((3, 2, 0), (4, 1, 0), (4, 2, 0), (4, 3, 0), (4, 4, 0))((0, 4, 0), (1, 3, 0), (1, 4, 0), (2, 4, 0), (3, 4, 0))((1, 0, 0), (2, 0, 0), (3, 0, 0), (3, 0, 1), (4, 0, 0))((0, 1, 0), (1, 1, 0), (1, 2, 0), (2, 1, 0), (3, 1, 0))((0, 1, 2), (1, 1, 2), (2, 1, 2), (2, 1, 3), (3, 1, 2))((0, 1, 1), (1, 0, 1), (1, 1, 1), (2, 1, 1), (3, 1, 1))((1, 0, 3), (1, 1, 3), (1, 2, 2), (1, 2, 3), (1, 3, 3))((2, 2, 0), (2, 2, 1), (2, 2, 2), (2, 2, 3), (3, 2, 2))((3, 2, 1), (3, 3, 0), (3, 3, 1), (3, 3, 2), (3, 3, 3))((0, 2, 0), (0, 2, 1), (0, 2, 2), (0, 2, 3), (1, 2, 1))((1, 3, 1), (2, 3, 0), (2, 3, 1), (2, 3, 2), (2, 3, 3))((0, 3, 0), (0, 3, 1), (0, 3, 2), (0, 3, 3), (1, 3, 2))
357
((0, 0, 0), (0, 0, 1), (0, 0, 2), (0, 0, 3), (1, 0, 2))((0, 0, 4), (0, 1, 3), (0, 1, 4), (0, 2, 4), (0, 3, 4))((0, 4, 1), (0, 4, 2), (0, 4, 3), (0, 4, 4), (1, 4, 2))((1, 0, 4), (1, 1, 4), (1, 2, 4), (1, 3, 4), (2, 1, 4))((1, 4, 4), (2, 3, 4), (2, 4, 4), (3, 4, 4), (4, 4, 4))((2, 0, 1), (2, 0, 2), (2, 0, 3), (2, 0, 4), (3, 0, 3))((2, 2, 4), (3, 0, 4), (3, 1, 4), (3, 2, 4), (3, 3, 4))((3, 0, 2), (4, 0, 1), (4, 0, 2), (4, 0, 3), (4, 0, 4))((3, 1, 3), (4, 1, 1), (4, 1, 2), (4, 1, 3), (4, 1, 4))((3, 2, 3), (4, 2, 1), (4, 2, 2), (4, 2, 3), (4, 2, 4))((4, 3, 1), (4, 3, 2), (4, 3, 3), (4, 3, 4), (4, 4, 2))((1, 4, 3), (2, 4, 3), (3, 4, 2), (3, 4, 3), (4, 4, 3))((1, 4, 1), (2, 4, 1), (2, 4, 2), (3, 4, 1), (4, 4, 1))((3, 2, 0), (4, 1, 0), (4, 2, 0), (4, 3, 0), (4, 4, 0))((0, 4, 0), (1, 3, 0), (1, 4, 0), (2, 4, 0), (3, 4, 0))((1, 0, 0), (2, 0, 0), (3, 0, 0), (3, 0, 1), (4, 0, 0))((0, 1, 0), (1, 1, 0), (1, 2, 0), (2, 1, 0), (3, 1, 0))((1, 0, 3), (1, 1, 3), (1, 2, 3), (1, 3, 3), (2, 1, 3))((0, 3, 0), (0, 3, 1), (0, 3, 2), (0, 3, 3), (1, 3, 1))((0, 1, 1), (1, 0, 1), (1, 1, 1), (2, 1, 1), (3, 1, 1))((1, 3, 2), (2, 3, 0), (2, 3, 1), (2, 3, 2), (2, 3, 3))((3, 2, 1), (3, 3, 0), (3, 3, 1), (3, 3, 2), (3, 3, 3))((0, 1, 2), (1, 1, 2), (1, 2, 2), (2, 1, 2), (3, 1, 2))((0, 2, 0), (0, 2, 1), (0, 2, 2), (0, 2, 3), (1, 2, 1))((2, 2, 0), (2, 2, 1), (2, 2, 2), (2, 2, 3), (3, 2, 2))
358
((0, 0, 0), (0, 0, 1), (0, 0, 2), (0, 0, 3), (1, 0, 2))((0, 0, 4), (0, 1, 3), (0, 1, 4), (0, 2, 4), (0, 3, 4))((0, 4, 1), (0, 4, 2), (0, 4, 3), (0, 4, 4), (1, 4, 2))((1, 0, 4), (1, 1, 4), (1, 2, 4), (1, 3, 4), (2, 1, 4))((1, 4, 4), (2, 3, 4), (2, 4, 4), (3, 4, 4), (4, 4, 4))((2, 0, 1), (2, 0, 2), (2, 0, 3), (2, 0, 4), (3, 0, 3))((2, 2, 4), (3, 0, 4), (3, 1, 4), (3, 2, 4), (3, 3, 4))((3, 0, 2), (4, 0, 1), (4, 0, 2), (4, 0, 3), (4, 0, 4))((3, 1, 3), (4, 1, 1), (4, 1, 2), (4, 1, 3), (4, 1, 4))((3, 2, 3), (4, 2, 1), (4, 2, 2), (4, 2, 3), (4, 2, 4))((4, 3, 1), (4, 3, 2), (4, 3, 3), (4, 3, 4), (4, 4, 2))((1, 4, 3), (2, 4, 3), (3, 4, 2), (3, 4, 3), (4, 4, 3))((1, 4, 1), (2, 4, 1), (2, 4, 2), (3, 4, 1), (4, 4, 1))((3, 2, 0), (4, 1, 0), (4, 2, 0), (4, 3, 0), (4, 4, 0))((0, 4, 0), (1, 3, 0), (1, 4, 0), (2, 4, 0), (3, 4, 0))((1, 0, 0), (2, 0, 0), (3, 0, 0), (3, 0, 1), (4, 0, 0))((0, 1, 0), (1, 1, 0), (1, 2, 0), (2, 1, 0), (3, 1, 0))((1, 0, 3), (1, 1, 3), (1, 2, 3), (1, 3, 3), (2, 1, 3))((0, 3, 0), (0, 3, 1), (0, 3, 2), (0, 3, 3), (1, 3, 1))((0, 1, 1), (1, 0, 1), (1, 1, 1), (2, 1, 1), (3, 1, 1))((1, 3, 2), (2, 3, 0), (2, 3, 1), (2, 3, 2), (2, 3, 3))((3, 2, 2), (3, 3, 0), (3, 3, 1), (3, 3, 2), (3, 3, 3))((0, 1, 2), (1, 1, 2), (1, 2, 2), (2, 1, 2), (3, 1, 2))((0, 2, 0), (0, 2, 1), (0, 2, 2), (0, 2, 3), (1, 2, 1))((2, 2, 0), (2, 2, 1), (2, 2, 2), (2, 2, 3), (3, 2, 1))
359
((0, 0, 0), (0, 0, 1), (0, 0, 2), (0, 0, 3), (1, 0, 2))((0, 0, 4), (0, 1, 3), (0, 1, 4), (0, 2, 4), (0, 3, 4))((0, 4, 1), (0, 4, 2), (0, 4, 3), (0, 4, 4), (1, 4, 2))((1, 0, 4), (1, 1, 4), (1, 2, 4), (1, 3, 4), (2, 1, 4))((1, 4, 4), (2, 3, 4), (2, 4, 4), (3, 4, 4), (4, 4, 4))((2, 0, 1), (2, 0, 2), (2, 0, 3), (2, 0, 4), (3, 0, 3))((2, 2, 4), (3, 0, 4), (3, 1, 4), (3, 2, 4), (3, 3, 4))((3, 0, 2), (4, 0, 1), (4, 0, 2), (4, 0, 3), (4, 0, 4))((3, 1, 3), (4, 1, 1), (4, 1, 2), (4, 1, 3), (4, 1, 4))((3, 2, 3), (4, 2, 1), (4, 2, 2), (4, 2, 3), (4, 2, 4))((4, 3, 1), (4, 3, 2), (4, 3, 3), (4, 3, 4), (4, 4, 2))((1, 4, 3), (2, 4, 3), (3, 4, 2), (3, 4, 3), (4, 4, 3))((1, 4, 1), (2, 4, 1), (2, 4, 2), (3, 4, 1), (4, 4, 1))((3, 2, 0), (4, 1, 0), (4, 2, 0), (4, 3, 0), (4, 4, 0))((0, 4, 0), (1, 3, 0), (1, 4, 0), (2, 4, 0), (3, 4, 0))((1, 0, 0), (2, 0, 0), (3, 0, 0), (3, 0, 1), (4, 0, 0))((0, 1, 0), (1, 1, 0), (1, 2, 0), (2, 1, 0), (3, 1, 0))((1, 0, 3), (1, 1, 3), (1, 2, 3), (1, 3, 3), (2, 1, 3))((0, 3, 0), (0, 3, 1), (0, 3, 2), (0, 3, 3), (1, 3, 2))((0, 2, 0), (0, 2, 1), (0, 2, 2), (0, 2, 3), (1, 2, 1))((0, 1, 1), (1, 0, 1), (1, 1, 1), (2, 1, 1), (3, 1, 1))((1, 3, 1), (2, 3, 0), (2, 3, 1), (2, 3, 2), (2, 3, 3))((3, 2, 1), (3, 3, 0), (3, 3, 1), (3, 3, 2), (3, 3, 3))((2, 2, 0), (2, 2, 1), (2, 2, 2), (2, 2, 3), (3, 2, 2))((0, 1, 2), (1, 1, 2), (1, 2, 2), (2, 1, 2), (3, 1, 2))
360
((0, 0, 0), (0, 0, 1), (0, 0, 2), (0, 0, 3), (1, 0, 2))((0, 0, 4), (0, 1, 3), (0, 1, 4), (0, 2, 4), (0, 3, 4))((0, 4, 1), (0, 4, 2), (0, 4, 3), (0, 4, 4), (1, 4, 2))((1, 0, 4), (1, 1, 4), (1, 2, 4), (1, 3, 4), (2, 1, 4))((1, 4, 4), (2, 3, 4), (2, 4, 4), (3, 4, 4), (4, 4, 4))((2, 0, 1), (2, 0, 2), (2, 0, 3), (2, 0, 4), (3, 0, 3))((2, 2, 4), (3, 0, 4), (3, 1, 4), (3, 2, 4), (3, 3, 4))((3, 0, 2), (4, 0, 1), (4, 0, 2), (4, 0, 3), (4, 0, 4))((3, 1, 3), (4, 1, 1), (4, 1, 2), (4, 1, 3), (4, 1, 4))((3, 2, 3), (4, 2, 1), (4, 2, 2), (4, 2, 3), (4, 2, 4))((4, 3, 1), (4, 3, 2), (4, 3, 3), (4, 3, 4), (4, 4, 2))((1, 4, 3), (2, 4, 3), (3, 4, 2), (3, 4, 3), (4, 4, 3))((1, 4, 1), (2, 4, 1), (2, 4, 2), (3, 4, 1), (4, 4, 1))((3, 2, 0), (4, 1, 0), (4, 2, 0), (4, 3, 0), (4, 4, 0))((0, 4, 0), (1, 3, 0), (1, 4, 0), (2, 4, 0), (3, 4, 0))((1, 0, 0), (2, 0, 0), (3, 0, 0), (3, 0, 1), (4, 0, 0))((0, 1, 0), (1, 1, 0), (1, 2, 0), (2, 1, 0), (3, 1, 0))((1, 0, 3), (1, 1, 3), (1, 2, 3), (1, 3, 3), (2, 1, 3))((0, 3, 0), (0, 3, 1), (0, 3, 2), (0, 3, 3), (1, 3, 2))((0, 2, 0), (0, 2, 1), (0, 2, 2), (0, 2, 3), (1, 2, 1))((0, 1, 1), (1, 0, 1), (1, 1, 1), (2, 1, 1), (3, 1, 1))((1, 3, 1), (2, 3, 0), (2, 3, 1), (2, 3, 2), (2, 3, 3))((2, 2, 0), (2, 2, 1), (2, 2, 2), (2, 2, 3), (3, 2, 1))((0, 1, 2), (1, 1, 2), (1, 2, 2), (2, 1, 2), (3, 1, 2))((3, 2, 2), (3, 3, 0), (3, 3, 1), (3, 3, 2), (3, 3, 3))
361
((0, 0, 0), (0, 0, 1), (0, 0, 2), (0, 0, 3), (1, 0, 2))((0, 0, 4), (0, 1, 3), (0, 1, 4), (0, 2, 4), (0, 3, 4))((0, 4, 1), (0, 4, 2), (0, 4, 3), (0, 4, 4), (1, 4, 2))((1, 0, 4), (1, 1, 4), (1, 2, 4), (1, 3, 4), (2, 1, 4))((1, 4, 4), (2, 3, 4), (2, 4, 4), (3, 4, 4), (4, 4, 4))((2, 0, 1), (2, 0, 2), (2, 0, 3), (2, 0, 4), (3, 0, 2))((2, 2, 4), (3, 0, 4), (3, 1, 4), (3, 2, 4), (3, 3, 4))((3, 0, 3), (4, 0, 1), (4, 0, 2), (4, 0, 3), (4, 0, 4))((3, 1, 3), (4, 1, 1), (4, 1, 2), (4, 1, 3), (4, 1, 4))((3, 2, 3), (4, 2, 1), (4, 2, 2), (4, 2, 3), (4, 2, 4))((4, 3, 1), (4, 3, 2), (4, 3, 3), (4, 3, 4), (4, 4, 2))((1, 4, 3), (2, 4, 2), (2, 4, 3), (3, 4, 3), (4, 4, 3))((1, 0, 3), (1, 1, 3), (1, 2, 3), (1, 3, 3), (2, 1, 3))((0, 3, 0), (0, 3, 1), (0, 3, 2), (0, 3, 3), (1, 3, 1))((0, 1, 1), (1, 0, 1), (1, 1, 1), (2, 1, 1), (3, 1, 1))((1, 0, 0), (2, 0, 0), (3, 0, 0), (3, 0, 1), (4, 0, 0))((0, 1, 0), (1, 1, 0), (1, 2, 0), (2, 1, 0), (3, 1, 0))((3, 2, 0), (4, 1, 0), (4, 2, 0), (4, 3, 0), (4, 4, 0))((0, 4, 0), (1, 3, 0), (1, 4, 0), (2, 4, 0), (3, 4, 0))((1, 3, 2), (2, 3, 0), (2, 3, 1), (2, 3, 2), (2, 3, 3))((1, 4, 1), (2, 4, 1), (3, 4, 1), (3, 4, 2), (4, 4, 1))((3, 2, 1), (3, 3, 0), (3, 3, 1), (3, 3, 2), (3, 3, 3))((0, 1, 2), (1, 1, 2), (1, 2, 2), (2, 1, 2), (3, 1, 2))((0, 2, 0), (0, 2, 1), (0, 2, 2), (0, 2, 3), (1, 2, 1))((2, 2, 0), (2, 2, 1), (2, 2, 2), (2, 2, 3), (3, 2, 2))
362
((0, 0, 0), (0, 0, 1), (0, 0, 2), (0, 0, 3), (1, 0, 2))((0, 0, 4), (0, 1, 3), (0, 1, 4), (0, 2, 4), (0, 3, 4))((0, 4, 1), (0, 4, 2), (0, 4, 3), (0, 4, 4), (1, 4, 2))((1, 0, 4), (1, 1, 4), (1, 2, 4), (1, 3, 4), (2, 1, 4))((1, 4, 4), (2, 3, 4), (2, 4, 4), (3, 4, 4), (4, 4, 4))((2, 0, 1), (2, 0, 2), (2, 0, 3), (2, 0, 4), (3, 0, 2))((2, 2, 4), (3, 0, 4), (3, 1, 4), (3, 2, 4), (3, 3, 4))((3, 0, 3), (4, 0, 1), (4, 0, 2), (4, 0, 3), (4, 0, 4))((3, 1, 3), (4, 1, 1), (4, 1, 2), (4, 1, 3), (4, 1, 4))((3, 2, 3), (4, 2, 1), (4, 2, 2), (4, 2, 3), (4, 2, 4))((4, 3, 1), (4, 3, 2), (4, 3, 3), (4, 3, 4), (4, 4, 2))((1, 4, 3), (2, 4, 2), (2, 4, 3), (3, 4, 3), (4, 4, 3))((1, 0, 3), (1, 1, 3), (1, 2, 3), (1, 3, 3), (2, 1, 3))((0, 3, 0), (0, 3, 1), (0, 3, 2), (0, 3, 3), (1, 3, 1))((0, 1, 1), (1, 0, 1), (1, 1, 1), (2, 1, 1), (3, 1, 1))((1, 0, 0), (2, 0, 0), (3, 0, 0), (3, 0, 1), (4, 0, 0))((0, 1, 0), (1, 1, 0), (1, 2, 0), (2, 1, 0), (3, 1, 0))((3, 2, 0), (4, 1, 0), (4, 2, 0), (4, 3, 0), (4, 4, 0))((0, 4, 0), (1, 3, 0), (1, 4, 0), (2, 4, 0), (3, 4, 0))((1, 3, 2), (2, 3, 0), (2, 3, 1), (2, 3, 2), (2, 3, 3))((1, 4, 1), (2, 4, 1), (3, 4, 1), (3, 4, 2), (4, 4, 1))((3, 2, 2), (3, 3, 0), (3, 3, 1), (3, 3, 2), (3, 3, 3))((0, 1, 2), (1, 1, 2), (1, 2, 2), (2, 1, 2), (3, 1, 2))((0, 2, 0), (0, 2, 1), (0, 2, 2), (0, 2, 3), (1, 2, 1))((2, 2, 0), (2, 2, 1), (2, 2, 2), (2, 2, 3), (3, 2, 1))
363
((0, 0, 0), (0, 0, 1), (0, 0, 2), (0, 0, 3), (1, 0, 2))((0, 0, 4), (0, 1, 3), (0, 1, 4), (0, 2, 4), (0, 3, 4))((0, 4, 1), (0, 4, 2), (0, 4, 3), (0, 4, 4), (1, 4, 2))((1, 0, 4), (1, 1, 4), (1, 2, 4), (1, 3, 4), (2, 1, 4))((1, 4, 4), (2, 3, 4), (2, 4, 4), (3, 4, 4), (4, 4, 4))((2, 0, 1), (2, 0, 2), (2, 0, 3), (2, 0, 4), (3, 0, 2))((2, 2, 4), (3, 0, 4), (3, 1, 4), (3, 2, 4), (3, 3, 4))((3, 0, 3), (4, 0, 1), (4, 0, 2), (4, 0, 3), (4, 0, 4))((3, 1, 3), (4, 1, 1), (4, 1, 2), (4, 1, 3), (4, 1, 4))((3, 2, 3), (4, 2, 1), (4, 2, 2), (4, 2, 3), (4, 2, 4))((4, 3, 1), (4, 3, 2), (4, 3, 3), (4, 3, 4), (4, 4, 2))((1, 4, 3), (2, 4, 2), (2, 4, 3), (3, 4, 3), (4, 4, 3))((1, 0, 3), (1, 1, 3), (1, 2, 3), (1, 3, 3), (2, 1, 3))((0, 3, 0), (0, 3, 1), (0, 3, 2), (0, 3, 3), (1, 3, 2))((0, 2, 0), (0, 2, 1), (0, 2, 2), (0, 2, 3), (1, 2, 1))((0, 1, 1), (1, 0, 1), (1, 1, 1), (2, 1, 1), (3, 1, 1))((1, 0, 0), (2, 0, 0), (3, 0, 0), (3, 0, 1), (4, 0, 0))((0, 1, 2), (1, 1, 2), (1, 2, 2), (2, 1, 2), (3, 1, 2))((1, 4, 1), (2, 4, 1), (3, 4, 1), (3, 4, 2), (4, 4, 1))((0, 4, 0), (1, 3, 0), (1, 4, 0), (2, 4, 0), (3, 4, 0))((1, 3, 1), (2, 3, 0), (2, 3, 1), (2, 3, 2), (2, 3, 3))((3, 2, 2), (3, 3, 0), (3, 3, 1), (3, 3, 2), (3, 3, 3))((2, 2, 0), (2, 2, 1), (2, 2, 2), (2, 2, 3), (3, 2, 1))((0, 1, 0), (1, 1, 0), (1, 2, 0), (2, 1, 0), (3, 1, 0))((3, 2, 0), (4, 1, 0), (4, 2, 0), (4, 3, 0), (4, 4, 0))
364
((0, 0, 0), (0, 0, 1), (0, 0, 2), (0, 0, 3), (1, 0, 2))((0, 0, 4), (0, 1, 3), (0, 1, 4), (0, 2, 4), (0, 3, 4))((0, 4, 1), (0, 4, 2), (0, 4, 3), (0, 4, 4), (1, 4, 2))((1, 0, 4), (1, 1, 4), (1, 2, 4), (1, 3, 4), (2, 1, 4))((1, 4, 4), (2, 3, 4), (2, 4, 4), (3, 4, 4), (4, 4, 4))((2, 0, 1), (2, 0, 2), (2, 0, 3), (2, 0, 4), (3, 0, 2))((2, 2, 4), (3, 0, 4), (3, 1, 4), (3, 2, 4), (3, 3, 4))((3, 0, 3), (4, 0, 1), (4, 0, 2), (4, 0, 3), (4, 0, 4))((3, 1, 3), (4, 1, 1), (4, 1, 2), (4, 1, 3), (4, 1, 4))((3, 2, 3), (4, 2, 1), (4, 2, 2), (4, 2, 3), (4, 2, 4))((4, 3, 1), (4, 3, 2), (4, 3, 3), (4, 3, 4), (4, 4, 2))((1, 4, 3), (2, 4, 2), (2, 4, 3), (3, 4, 3), (4, 4, 3))((1, 0, 3), (1, 1, 3), (1, 2, 3), (1, 3, 3), (2, 1, 3))((0, 3, 0), (0, 3, 1), (0, 3, 2), (0, 3, 3), (1, 3, 2))((0, 2, 0), (0, 2, 1), (0, 2, 2), (0, 2, 3), (1, 2, 1))((0, 1, 1), (1, 0, 1), (1, 1, 1), (2, 1, 1), (3, 1, 1))((1, 0, 0), (2, 0, 0), (3, 0, 0), (3, 0, 1), (4, 0, 0))((0, 1, 2), (1, 1, 2), (1, 2, 2), (2, 1, 2), (3, 1, 2))((1, 4, 1), (2, 4, 1), (3, 4, 1), (3, 4, 2), (4, 4, 1))((0, 4, 0), (1, 3, 0), (1, 4, 0), (2, 4, 0), (3, 4, 0))((1, 3, 1), (2, 3, 0), (2, 3, 1), (2, 3, 2), (2, 3, 3))((2, 2, 0), (2, 2, 1), (2, 2, 2), (2, 2, 3), (3, 2, 2))((0, 1, 0), (1, 1, 0), (1, 2, 0), (2, 1, 0), (3, 1, 0))((3, 2, 0), (4, 1, 0), (4, 2, 0), (4, 3, 0), (4, 4, 0))((3, 2, 1), (3, 3, 0), (3, 3, 1), (3, 3, 2), (3, 3, 3))
365
((0, 0, 0), (0, 0, 1), (0, 0, 2), (0, 0, 3), (1, 0, 2))((0, 0, 4), (0, 1, 3), (0, 1, 4), (0, 2, 4), (0, 3, 4))((0, 4, 1), (0, 4, 2), (0, 4, 3), (0, 4, 4), (1, 4, 2))((1, 0, 4), (1, 1, 4), (1, 2, 4), (1, 3, 4), (2, 1, 4))((1, 4, 4), (2, 3, 4), (2, 4, 4), (3, 4, 4), (4, 4, 4))((2, 0, 1), (2, 0, 2), (2, 0, 3), (2, 0, 4), (3, 0, 2))((2, 2, 4), (3, 0, 4), (3, 1, 4), (3, 2, 4), (3, 3, 4))((3, 0, 3), (4, 0, 1), (4, 0, 2), (4, 0, 3), (4, 0, 4))((3, 1, 3), (4, 1, 1), (4, 1, 2), (4, 1, 3), (4, 1, 4))((3, 2, 3), (4, 2, 1), (4, 2, 2), (4, 2, 3), (4, 2, 4))((4, 3, 1), (4, 3, 2), (4, 3, 3), (4, 3, 4), (4, 4, 2))((1, 4, 3), (2, 4, 2), (2, 4, 3), (3, 4, 3), (4, 4, 3))((1, 0, 3), (1, 1, 3), (1, 2, 2), (1, 2, 3), (1, 3, 3))((0, 3, 0), (0, 3, 1), (0, 3, 2), (0, 3, 3), (1, 3, 1))((0, 1, 1), (1, 0, 1), (1, 1, 1), (2, 1, 1), (3, 1, 1))((1, 0, 0), (2, 0, 0), (3, 0, 0), (3, 0, 1), (4, 0, 0))((0, 1, 2), (1, 1, 2), (2, 1, 2), (2, 1, 3), (3, 1, 2))((1, 3, 2), (2, 3, 0), (2, 3, 1), (2, 3, 2), (2, 3, 3))((0, 2, 0), (0, 2, 1), (0, 2, 2), (0, 2, 3), (1, 2, 1))((3, 2, 2), (3, 3, 0), (3, 3, 1), (3, 3, 2), (3, 3, 3))((1, 4, 1), (2, 4, 1), (3, 4, 1), (3, 4, 2), (4, 4, 1))((3, 2, 0), (4, 1, 0), (4, 2, 0), (4, 3, 0), (4, 4, 0))((2, 2, 0), (2, 2, 1), (2, 2, 2), (2, 2, 3), (3, 2, 1))((0, 1, 0), (1, 1, 0), (1, 2, 0), (2, 1, 0), (3, 1, 0))((0, 4, 0), (1, 3, 0), (1, 4, 0), (2, 4, 0), (3, 4, 0))
366
((0, 0, 0), (0, 0, 1), (0, 0, 2), (0, 0, 3), (1, 0, 2))((0, 0, 4), (0, 1, 3), (0, 1, 4), (0, 2, 4), (0, 3, 4))((0, 4, 1), (0, 4, 2), (0, 4, 3), (0, 4, 4), (1, 4, 2))((1, 0, 4), (1, 1, 4), (1, 2, 4), (1, 3, 4), (2, 1, 4))((1, 4, 4), (2, 3, 4), (2, 4, 4), (3, 4, 4), (4, 4, 4))((2, 0, 1), (2, 0, 2), (2, 0, 3), (2, 0, 4), (3, 0, 2))((2, 2, 4), (3, 0, 4), (3, 1, 4), (3, 2, 4), (3, 3, 4))((3, 0, 3), (4, 0, 1), (4, 0, 2), (4, 0, 3), (4, 0, 4))((3, 1, 3), (4, 1, 1), (4, 1, 2), (4, 1, 3), (4, 1, 4))((3, 2, 3), (4, 2, 1), (4, 2, 2), (4, 2, 3), (4, 2, 4))((4, 3, 1), (4, 3, 2), (4, 3, 3), (4, 3, 4), (4, 4, 2))((1, 4, 3), (2, 4, 2), (2, 4, 3), (3, 4, 3), (4, 4, 3))((1, 0, 3), (1, 1, 3), (1, 2, 2), (1, 2, 3), (1, 3, 3))((0, 3, 0), (0, 3, 1), (0, 3, 2), (0, 3, 3), (1, 3, 1))((0, 1, 1), (1, 0, 1), (1, 1, 1), (2, 1, 1), (3, 1, 1))((1, 0, 0), (2, 0, 0), (3, 0, 0), (3, 0, 1), (4, 0, 0))((0, 1, 2), (1, 1, 2), (2, 1, 2), (2, 1, 3), (3, 1, 2))((1, 3, 2), (2, 3, 0), (2, 3, 1), (2, 3, 2), (2, 3, 3))((0, 2, 0), (0, 2, 1), (0, 2, 2), (0, 2, 3), (1, 2, 1))((2, 2, 0), (2, 2, 1), (2, 2, 2), (2, 2, 3), (3, 2, 2))((0, 4, 0), (1, 3, 0), (1, 4, 0), (2, 4, 0), (3, 4, 0))((0, 1, 0), (1, 1, 0), (1, 2, 0), (2, 1, 0), (3, 1, 0))((3, 2, 1), (3, 3, 0), (3, 3, 1), (3, 3, 2), (3, 3, 3))((3, 2, 0), (4, 1, 0), (4, 2, 0), (4, 3, 0), (4, 4, 0))((1, 4, 1), (2, 4, 1), (3, 4, 1), (3, 4, 2), (4, 4, 1))
367
((0, 0, 0), (0, 0, 1), (0, 0, 2), (0, 0, 3), (1, 0, 2))((0, 0, 4), (0, 1, 3), (0, 1, 4), (0, 2, 4), (0, 3, 4))((0, 4, 1), (0, 4, 2), (0, 4, 3), (0, 4, 4), (1, 4, 2))((1, 0, 4), (1, 1, 4), (1, 2, 4), (1, 3, 4), (2, 1, 4))((1, 4, 4), (2, 3, 4), (2, 4, 4), (3, 4, 4), (4, 4, 4))((2, 0, 1), (2, 0, 2), (2, 0, 3), (2, 0, 4), (3, 0, 2))((2, 2, 4), (3, 0, 4), (3, 1, 4), (3, 2, 4), (3, 3, 4))((3, 0, 3), (4, 0, 1), (4, 0, 2), (4, 0, 3), (4, 0, 4))((3, 1, 3), (4, 1, 1), (4, 1, 2), (4, 1, 3), (4, 1, 4))((3, 2, 3), (4, 2, 1), (4, 2, 2), (4, 2, 3), (4, 2, 4))((4, 3, 1), (4, 3, 2), (4, 3, 3), (4, 3, 4), (4, 4, 2))((1, 4, 3), (2, 4, 2), (2, 4, 3), (3, 4, 3), (4, 4, 3))((1, 0, 3), (1, 1, 3), (1, 2, 2), (1, 2, 3), (1, 3, 3))((0, 3, 0), (0, 3, 1), (0, 3, 2), (0, 3, 3), (1, 3, 2))((0, 2, 0), (0, 2, 1), (0, 2, 2), (0, 2, 3), (1, 2, 1))((0, 1, 1), (1, 0, 1), (1, 1, 1), (2, 1, 1), (3, 1, 1))((1, 0, 0), (2, 0, 0), (3, 0, 0), (3, 0, 1), (4, 0, 0))((0, 1, 2), (1, 1, 2), (2, 1, 2), (2, 1, 3), (3, 1, 2))((1, 4, 1), (2, 4, 1), (3, 4, 1), (3, 4, 2), (4, 4, 1))((0, 4, 0), (1, 3, 0), (1, 4, 0), (2, 4, 0), (3, 4, 0))((1, 3, 1), (2, 3, 0), (2, 3, 1), (2, 3, 2), (2, 3, 3))((3, 2, 2), (3, 3, 0), (3, 3, 1), (3, 3, 2), (3, 3, 3))((2, 2, 0), (2, 2, 1), (2, 2, 2), (2, 2, 3), (3, 2, 1))((0, 1, 0), (1, 1, 0), (1, 2, 0), (2, 1, 0), (3, 1, 0))((3, 2, 0), (4, 1, 0), (4, 2, 0), (4, 3, 0), (4, 4, 0))
368
((0, 0, 0), (0, 0, 1), (0, 0, 2), (0, 0, 3), (1, 0, 2))((0, 0, 4), (0, 1, 3), (0, 1, 4), (0, 2, 4), (0, 3, 4))((0, 4, 1), (0, 4, 2), (0, 4, 3), (0, 4, 4), (1, 4, 2))((1, 0, 4), (1, 1, 4), (1, 2, 4), (1, 3, 4), (2, 1, 4))((1, 4, 4), (2, 3, 4), (2, 4, 4), (3, 4, 4), (4, 4, 4))((2, 0, 1), (2, 0, 2), (2, 0, 3), (2, 0, 4), (3, 0, 2))((2, 2, 4), (3, 0, 4), (3, 1, 4), (3, 2, 4), (3, 3, 4))((3, 0, 3), (4, 0, 1), (4, 0, 2), (4, 0, 3), (4, 0, 4))((3, 1, 3), (4, 1, 1), (4, 1, 2), (4, 1, 3), (4, 1, 4))((3, 2, 3), (4, 2, 1), (4, 2, 2), (4, 2, 3), (4, 2, 4))((4, 3, 1), (4, 3, 2), (4, 3, 3), (4, 3, 4), (4, 4, 2))((1, 4, 3), (2, 4, 2), (2, 4, 3), (3, 4, 3), (4, 4, 3))((1, 0, 3), (1, 1, 3), (1, 2, 2), (1, 2, 3), (1, 3, 3))((0, 3, 0), (0, 3, 1), (0, 3, 2), (0, 3, 3), (1, 3, 2))((0, 2, 0), (0, 2, 1), (0, 2, 2), (0, 2, 3), (1, 2, 1))((0, 1, 1), (1, 0, 1), (1, 1, 1), (2, 1, 1), (3, 1, 1))((1, 0, 0), (2, 0, 0), (3, 0, 0), (3, 0, 1), (4, 0, 0))((0, 1, 2), (1, 1, 2), (2, 1, 2), (2, 1, 3), (3, 1, 2))((1, 4, 1), (2, 4, 1), (3, 4, 1), (3, 4, 2), (4, 4, 1))((0, 4, 0), (1, 3, 0), (1, 4, 0), (2, 4, 0), (3, 4, 0))((1, 3, 1), (2, 3, 0), (2, 3, 1), (2, 3, 2), (2, 3, 3))((2, 2, 0), (2, 2, 1), (2, 2, 2), (2, 2, 3), (3, 2, 2))((0, 1, 0), (1, 1, 0), (1, 2, 0), (2, 1, 0), (3, 1, 0))((3, 2, 0), (4, 1, 0), (4, 2, 0), (4, 3, 0), (4, 4, 0))((3, 2, 1), (3, 3, 0), (3, 3, 1), (3, 3, 2), (3, 3, 3))
369
((0, 0, 0), (0, 0, 1), (0, 0, 2), (0, 0, 3), (1, 0, 2))((0, 0, 4), (0, 1, 3), (0, 1, 4), (0, 2, 4), (0, 3, 4))((0, 4, 1), (0, 4, 2), (0, 4, 3), (0, 4, 4), (1, 4, 2))((1, 0, 4), (1, 1, 4), (1, 2, 4), (1, 3, 4), (2, 1, 4))((1, 4, 4), (2, 3, 4), (2, 4, 4), (3, 4, 4), (4, 4, 4))((2, 0, 1), (2, 0, 2), (2, 0, 3), (2, 0, 4), (3, 0, 2))((2, 2, 4), (3, 0, 4), (3, 1, 4), (3, 2, 4), (3, 3, 4))((3, 0, 3), (4, 0, 1), (4, 0, 2), (4, 0, 3), (4, 0, 4))((3, 1, 3), (4, 1, 1), (4, 1, 2), (4, 1, 3), (4, 1, 4))((3, 2, 3), (4, 2, 1), (4, 2, 2), (4, 2, 3), (4, 2, 4))((4, 3, 1), (4, 3, 2), (4, 3, 3), (4, 3, 4), (4, 4, 2))((1, 4, 3), (2, 4, 3), (3, 4, 2), (3, 4, 3), (4, 4, 3))((1, 4, 1), (2, 4, 1), (2, 4, 2), (3, 4, 1), (4, 4, 1))((3, 2, 0), (4, 1, 0), (4, 2, 0), (4, 3, 0), (4, 4, 0))((0, 4, 0), (1, 3, 0), (1, 4, 0), (2, 4, 0), (3, 4, 0))((1, 0, 0), (2, 0, 0), (3, 0, 0), (3, 0, 1), (4, 0, 0))((0, 1, 0), (1, 1, 0), (1, 2, 0), (2, 1, 0), (3, 1, 0))((0, 1, 2), (1, 1, 2), (2, 1, 2), (2, 1, 3), (3, 1, 2))((0, 1, 1), (1, 0, 1), (1, 1, 1), (2, 1, 1), (3, 1, 1))((1, 0, 3), (1, 1, 3), (1, 2, 2), (1, 2, 3), (1, 3, 3))((3, 2, 2), (3, 3, 0), (3, 3, 1), (3, 3, 2), (3, 3, 3))((0, 3, 0), (0, 3, 1), (0, 3, 2), (0, 3, 3), (1, 3, 2))((0, 2, 0), (0, 2, 1), (0, 2, 2), (0, 2, 3), (1, 2, 1))((1, 3, 1), (2, 3, 0), (2, 3, 1), (2, 3, 2), (2, 3, 3))((2, 2, 0), (2, 2, 1), (2, 2, 2), (2, 2, 3), (3, 2, 1))
370
((0, 0, 0), (0, 0, 1), (0, 0, 2), (0, 0, 3), (1, 0, 2))((0, 0, 4), (0, 1, 3), (0, 1, 4), (0, 2, 4), (0, 3, 4))((0, 4, 1), (0, 4, 2), (0, 4, 3), (0, 4, 4), (1, 4, 2))((1, 0, 4), (1, 1, 4), (1, 2, 4), (1, 3, 4), (2, 1, 4))((1, 4, 4), (2, 3, 4), (2, 4, 4), (3, 4, 4), (4, 4, 4))((2, 0, 1), (2, 0, 2), (2, 0, 3), (2, 0, 4), (3, 0, 2))((2, 2, 4), (3, 0, 4), (3, 1, 4), (3, 2, 4), (3, 3, 4))((3, 0, 3), (4, 0, 1), (4, 0, 2), (4, 0, 3), (4, 0, 4))((3, 1, 3), (4, 1, 1), (4, 1, 2), (4, 1, 3), (4, 1, 4))((3, 2, 3), (4, 2, 1), (4, 2, 2), (4, 2, 3), (4, 2, 4))((4, 3, 1), (4, 3, 2), (4, 3, 3), (4, 3, 4), (4, 4, 2))((1, 4, 3), (2, 4, 3), (3, 4, 2), (3, 4, 3), (4, 4, 3))((1, 4, 1), (2, 4, 1), (2, 4, 2), (3, 4, 1), (4, 4, 1))((3, 2, 0), (4, 1, 0), (4, 2, 0), (4, 3, 0), (4, 4, 0))((0, 4, 0), (1, 3, 0), (1, 4, 0), (2, 4, 0), (3, 4, 0))((1, 0, 0), (2, 0, 0), (3, 0, 0), (3, 0, 1), (4, 0, 0))((0, 1, 0), (1, 1, 0), (1, 2, 0), (2, 1, 0), (3, 1, 0))((0, 1, 2), (1, 1, 2), (2, 1, 2), (2, 1, 3), (3, 1, 2))((0, 1, 1), (1, 0, 1), (1, 1, 1), (2, 1, 1), (3, 1, 1))((1, 0, 3), (1, 1, 3), (1, 2, 2), (1, 2, 3), (1, 3, 3))((3, 2, 2), (3, 3, 0), (3, 3, 1), (3, 3, 2), (3, 3, 3))((1, 3, 2), (2, 3, 0), (2, 3, 1), (2, 3, 2), (2, 3, 3))((2, 2, 0), (2, 2, 1), (2, 2, 2), (2, 2, 3), (3, 2, 1))((0, 3, 0), (0, 3, 1), (0, 3, 2), (0, 3, 3), (1, 3, 1))((0, 2, 0), (0, 2, 1), (0, 2, 2), (0, 2, 3), (1, 2, 1))
371
((0, 0, 0), (0, 0, 1), (0, 0, 2), (0, 0, 3), (1, 0, 2))((0, 0, 4), (0, 1, 3), (0, 1, 4), (0, 2, 4), (0, 3, 4))((0, 4, 1), (0, 4, 2), (0, 4, 3), (0, 4, 4), (1, 4, 2))((1, 0, 4), (1, 1, 4), (1, 2, 4), (1, 3, 4), (2, 1, 4))((1, 4, 4), (2, 3, 4), (2, 4, 4), (3, 4, 4), (4, 4, 4))((2, 0, 1), (2, 0, 2), (2, 0, 3), (2, 0, 4), (3, 0, 2))((2, 2, 4), (3, 0, 4), (3, 1, 4), (3, 2, 4), (3, 3, 4))((3, 0, 3), (4, 0, 1), (4, 0, 2), (4, 0, 3), (4, 0, 4))((3, 1, 3), (4, 1, 1), (4, 1, 2), (4, 1, 3), (4, 1, 4))((3, 2, 3), (4, 2, 1), (4, 2, 2), (4, 2, 3), (4, 2, 4))((4, 3, 1), (4, 3, 2), (4, 3, 3), (4, 3, 4), (4, 4, 2))((1, 4, 3), (2, 4, 3), (3, 4, 2), (3, 4, 3), (4, 4, 3))((1, 4, 1), (2, 4, 1), (2, 4, 2), (3, 4, 1), (4, 4, 1))((3, 2, 0), (4, 1, 0), (4, 2, 0), (4, 3, 0), (4, 4, 0))((0, 4, 0), (1, 3, 0), (1, 4, 0), (2, 4, 0), (3, 4, 0))((1, 0, 0), (2, 0, 0), (3, 0, 0), (3, 0, 1), (4, 0, 0))((0, 1, 0), (1, 1, 0), (1, 2, 0), (2, 1, 0), (3, 1, 0))((0, 1, 2), (1, 1, 2), (2, 1, 2), (2, 1, 3), (3, 1, 2))((0, 1, 1), (1, 0, 1), (1, 1, 1), (2, 1, 1), (3, 1, 1))((1, 0, 3), (1, 1, 3), (1, 2, 2), (1, 2, 3), (1, 3, 3))((2, 2, 0), (2, 2, 1), (2, 2, 2), (2, 2, 3), (3, 2, 2))((3, 2, 1), (3, 3, 0), (3, 3, 1), (3, 3, 2), (3, 3, 3))((0, 2, 0), (0, 2, 1), (0, 2, 2), (0, 2, 3), (1, 2, 1))((0, 3, 0), (0, 3, 1), (0, 3, 2), (0, 3, 3), (1, 3, 1))((1, 3, 2), (2, 3, 0), (2, 3, 1), (2, 3, 2), (2, 3, 3))
372
((0, 0, 0), (0, 0, 1), (0, 0, 2), (0, 0, 3), (1, 0, 2))((0, 0, 4), (0, 1, 3), (0, 1, 4), (0, 2, 4), (0, 3, 4))((0, 4, 1), (0, 4, 2), (0, 4, 3), (0, 4, 4), (1, 4, 2))((1, 0, 4), (1, 1, 4), (1, 2, 4), (1, 3, 4), (2, 1, 4))((1, 4, 4), (2, 3, 4), (2, 4, 4), (3, 4, 4), (4, 4, 4))((2, 0, 1), (2, 0, 2), (2, 0, 3), (2, 0, 4), (3, 0, 2))((2, 2, 4), (3, 0, 4), (3, 1, 4), (3, 2, 4), (3, 3, 4))((3, 0, 3), (4, 0, 1), (4, 0, 2), (4, 0, 3), (4, 0, 4))((3, 1, 3), (4, 1, 1), (4, 1, 2), (4, 1, 3), (4, 1, 4))((3, 2, 3), (4, 2, 1), (4, 2, 2), (4, 2, 3), (4, 2, 4))((4, 3, 1), (4, 3, 2), (4, 3, 3), (4, 3, 4), (4, 4, 2))((1, 4, 3), (2, 4, 3), (3, 4, 2), (3, 4, 3), (4, 4, 3))((1, 4, 1), (2, 4, 1), (2, 4, 2), (3, 4, 1), (4, 4, 1))((3, 2, 0), (4, 1, 0), (4, 2, 0), (4, 3, 0), (4, 4, 0))((0, 4, 0), (1, 3, 0), (1, 4, 0), (2, 4, 0), (3, 4, 0))((1, 0, 0), (2, 0, 0), (3, 0, 0), (3, 0, 1), (4, 0, 0))((0, 1, 0), (1, 1, 0), (1, 2, 0), (2, 1, 0), (3, 1, 0))((0, 1, 2), (1, 1, 2), (2, 1, 2), (2, 1, 3), (3, 1, 2))((0, 1, 1), (1, 0, 1), (1, 1, 1), (2, 1, 1), (3, 1, 1))((1, 0, 3), (1, 1, 3), (1, 2, 2), (1, 2, 3), (1, 3, 3))((2, 2, 0), (2, 2, 1), (2, 2, 2), (2, 2, 3), (3, 2, 2))((3, 2, 1), (3, 3, 0), (3, 3, 1), (3, 3, 2), (3, 3, 3))((0, 2, 0), (0, 2, 1), (0, 2, 2), (0, 2, 3), (1, 2, 1))((1, 3, 1), (2, 3, 0), (2, 3, 1), (2, 3, 2), (2, 3, 3))((0, 3, 0), (0, 3, 1), (0, 3, 2), (0, 3, 3), (1, 3, 2))
373
((0, 0, 0), (0, 0, 1), (0, 0, 2), (0, 0, 3), (1, 0, 2))((0, 0, 4), (0, 1, 3), (0, 1, 4), (0, 2, 4), (0, 3, 4))((0, 4, 1), (0, 4, 2), (0, 4, 3), (0, 4, 4), (1, 4, 2))((1, 0, 4), (1, 1, 4), (1, 2, 4), (1, 3, 4), (2, 1, 4))((1, 4, 4), (2, 3, 4), (2, 4, 4), (3, 4, 4), (4, 4, 4))((2, 0, 1), (2, 0, 2), (2, 0, 3), (2, 0, 4), (3, 0, 2))((2, 2, 4), (3, 0, 4), (3, 1, 4), (3, 2, 4), (3, 3, 4))((3, 0, 3), (4, 0, 1), (4, 0, 2), (4, 0, 3), (4, 0, 4))((3, 1, 3), (4, 1, 1), (4, 1, 2), (4, 1, 3), (4, 1, 4))((3, 2, 3), (4, 2, 1), (4, 2, 2), (4, 2, 3), (4, 2, 4))((4, 3, 1), (4, 3, 2), (4, 3, 3), (4, 3, 4), (4, 4, 2))((1, 4, 3), (2, 4, 3), (3, 4, 2), (3, 4, 3), (4, 4, 3))((1, 4, 1), (2, 4, 1), (2, 4, 2), (3, 4, 1), (4, 4, 1))((3, 2, 0), (4, 1, 0), (4, 2, 0), (4, 3, 0), (4, 4, 0))((0, 4, 0), (1, 3, 0), (1, 4, 0), (2, 4, 0), (3, 4, 0))((1, 0, 0), (2, 0, 0), (3, 0, 0), (3, 0, 1), (4, 0, 0))((0, 1, 0), (1, 1, 0), (1, 2, 0), (2, 1, 0), (3, 1, 0))((1, 0, 3), (1, 1, 3), (1, 2, 3), (1, 3, 3), (2, 1, 3))((0, 3, 0), (0, 3, 1), (0, 3, 2), (0, 3, 3), (1, 3, 1))((0, 1, 1), (1, 0, 1), (1, 1, 1), (2, 1, 1), (3, 1, 1))((1, 3, 2), (2, 3, 0), (2, 3, 1), (2, 3, 2), (2, 3, 3))((3, 2, 1), (3, 3, 0), (3, 3, 1), (3, 3, 2), (3, 3, 3))((0, 1, 2), (1, 1, 2), (1, 2, 2), (2, 1, 2), (3, 1, 2))((0, 2, 0), (0, 2, 1), (0, 2, 2), (0, 2, 3), (1, 2, 1))((2, 2, 0), (2, 2, 1), (2, 2, 2), (2, 2, 3), (3, 2, 2))
374
((0, 0, 0), (0, 0, 1), (0, 0, 2), (0, 0, 3), (1, 0, 2))((0, 0, 4), (0, 1, 3), (0, 1, 4), (0, 2, 4), (0, 3, 4))((0, 4, 1), (0, 4, 2), (0, 4, 3), (0, 4, 4), (1, 4, 2))((1, 0, 4), (1, 1, 4), (1, 2, 4), (1, 3, 4), (2, 1, 4))((1, 4, 4), (2, 3, 4), (2, 4, 4), (3, 4, 4), (4, 4, 4))((2, 0, 1), (2, 0, 2), (2, 0, 3), (2, 0, 4), (3, 0, 2))((2, 2, 4), (3, 0, 4), (3, 1, 4), (3, 2, 4), (3, 3, 4))((3, 0, 3), (4, 0, 1), (4, 0, 2), (4, 0, 3), (4, 0, 4))((3, 1, 3), (4, 1, 1), (4, 1, 2), (4, 1, 3), (4, 1, 4))((3, 2, 3), (4, 2, 1), (4, 2, 2), (4, 2, 3), (4, 2, 4))((4, 3, 1), (4, 3, 2), (4, 3, 3), (4, 3, 4), (4, 4, 2))((1, 4, 3), (2, 4, 3), (3, 4, 2), (3, 4, 3), (4, 4, 3))((1, 4, 1), (2, 4, 1), (2, 4, 2), (3, 4, 1), (4, 4, 1))((3, 2, 0), (4, 1, 0), (4, 2, 0), (4, 3, 0), (4, 4, 0))((0, 4, 0), (1, 3, 0), (1, 4, 0), (2, 4, 0), (3, 4, 0))((1, 0, 0), (2, 0, 0), (3, 0, 0), (3, 0, 1), (4, 0, 0))((0, 1, 0), (1, 1, 0), (1, 2, 0), (2, 1, 0), (3, 1, 0))((1, 0, 3), (1, 1, 3), (1, 2, 3), (1, 3, 3), (2, 1, 3))((0, 3, 0), (0, 3, 1), (0, 3, 2), (0, 3, 3), (1, 3, 1))((0, 1, 1), (1, 0, 1), (1, 1, 1), (2, 1, 1), (3, 1, 1))((1, 3, 2), (2, 3, 0), (2, 3, 1), (2, 3, 2), (2, 3, 3))((3, 2, 2), (3, 3, 0), (3, 3, 1), (3, 3, 2), (3, 3, 3))((0, 1, 2), (1, 1, 2), (1, 2, 2), (2, 1, 2), (3, 1, 2))((0, 2, 0), (0, 2, 1), (0, 2, 2), (0, 2, 3), (1, 2, 1))((2, 2, 0), (2, 2, 1), (2, 2, 2), (2, 2, 3), (3, 2, 1))
375
((0, 0, 0), (0, 0, 1), (0, 0, 2), (0, 0, 3), (1, 0, 2))((0, 0, 4), (0, 1, 3), (0, 1, 4), (0, 2, 4), (0, 3, 4))((0, 4, 1), (0, 4, 2), (0, 4, 3), (0, 4, 4), (1, 4, 2))((1, 0, 4), (1, 1, 4), (1, 2, 4), (1, 3, 4), (2, 1, 4))((1, 4, 4), (2, 3, 4), (2, 4, 4), (3, 4, 4), (4, 4, 4))((2, 0, 1), (2, 0, 2), (2, 0, 3), (2, 0, 4), (3, 0, 2))((2, 2, 4), (3, 0, 4), (3, 1, 4), (3, 2, 4), (3, 3, 4))((3, 0, 3), (4, 0, 1), (4, 0, 2), (4, 0, 3), (4, 0, 4))((3, 1, 3), (4, 1, 1), (4, 1, 2), (4, 1, 3), (4, 1, 4))((3, 2, 3), (4, 2, 1), (4, 2, 2), (4, 2, 3), (4, 2, 4))((4, 3, 1), (4, 3, 2), (4, 3, 3), (4, 3, 4), (4, 4, 2))((1, 4, 3), (2, 4, 3), (3, 4, 2), (3, 4, 3), (4, 4, 3))((1, 4, 1), (2, 4, 1), (2, 4, 2), (3, 4, 1), (4, 4, 1))((3, 2, 0), (4, 1, 0), (4, 2, 0), (4, 3, 0), (4, 4, 0))((0, 4, 0), (1, 3, 0), (1, 4, 0), (2, 4, 0), (3, 4, 0))((1, 0, 0), (2, 0, 0), (3, 0, 0), (3, 0, 1), (4, 0, 0))((0, 1, 0), (1, 1, 0), (1, 2, 0), (2, 1, 0), (3, 1, 0))((1, 0, 3), (1, 1, 3), (1, 2, 3), (1, 3, 3), (2, 1, 3))((0, 3, 0), (0, 3, 1), (0, 3, 2), (0, 3, 3), (1, 3, 2))((0, 2, 0), (0, 2, 1), (0, 2, 2), (0, 2, 3), (1, 2, 1))((0, 1, 1), (1, 0, 1), (1, 1, 1), (2, 1, 1), (3, 1, 1))((1, 3, 1), (2, 3, 0), (2, 3, 1), (2, 3, 2), (2, 3, 3))((3, 2, 1), (3, 3, 0), (3, 3, 1), (3, 3, 2), (3, 3, 3))((2, 2, 0), (2, 2, 1), (2, 2, 2), (2, 2, 3), (3, 2, 2))((0, 1, 2), (1, 1, 2), (1, 2, 2), (2, 1, 2), (3, 1, 2))
376
((0, 0, 0), (0, 0, 1), (0, 0, 2), (0, 0, 3), (1, 0, 2))((0, 0, 4), (0, 1, 3), (0, 1, 4), (0, 2, 4), (0, 3, 4))((0, 4, 1), (0, 4, 2), (0, 4, 3), (0, 4, 4), (1, 4, 2))((1, 0, 4), (1, 1, 4), (1, 2, 4), (1, 3, 4), (2, 1, 4))((1, 4, 4), (2, 3, 4), (2, 4, 4), (3, 4, 4), (4, 4, 4))((2, 0, 1), (2, 0, 2), (2, 0, 3), (2, 0, 4), (3, 0, 2))((2, 2, 4), (3, 0, 4), (3, 1, 4), (3, 2, 4), (3, 3, 4))((3, 0, 3), (4, 0, 1), (4, 0, 2), (4, 0, 3), (4, 0, 4))((3, 1, 3), (4, 1, 1), (4, 1, 2), (4, 1, 3), (4, 1, 4))((3, 2, 3), (4, 2, 1), (4, 2, 2), (4, 2, 3), (4, 2, 4))((4, 3, 1), (4, 3, 2), (4, 3, 3), (4, 3, 4), (4, 4, 2))((1, 4, 3), (2, 4, 3), (3, 4, 2), (3, 4, 3), (4, 4, 3))((1, 4, 1), (2, 4, 1), (2, 4, 2), (3, 4, 1), (4, 4, 1))((3, 2, 0), (4, 1, 0), (4, 2, 0), (4, 3, 0), (4, 4, 0))((0, 4, 0), (1, 3, 0), (1, 4, 0), (2, 4, 0), (3, 4, 0))((1, 0, 0), (2, 0, 0), (3, 0, 0), (3, 0, 1), (4, 0, 0))((0, 1, 0), (1, 1, 0), (1, 2, 0), (2, 1, 0), (3, 1, 0))((1, 0, 3), (1, 1, 3), (1, 2, 3), (1, 3, 3), (2, 1, 3))((0, 3, 0), (0, 3, 1), (0, 3, 2), (0, 3, 3), (1, 3, 2))((0, 2, 0), (0, 2, 1), (0, 2, 2), (0, 2, 3), (1, 2, 1))((0, 1, 1), (1, 0, 1), (1, 1, 1), (2, 1, 1), (3, 1, 1))((1, 3, 1), (2, 3, 0), (2, 3, 1), (2, 3, 2), (2, 3, 3))((2, 2, 0), (2, 2, 1), (2, 2, 2), (2, 2, 3), (3, 2, 1))((0, 1, 2), (1, 1, 2), (1, 2, 2), (2, 1, 2), (3, 1, 2))((3, 2, 2), (3, 3, 0), (3, 3, 1), (3, 3, 2), (3, 3, 3))
377
((0, 0, 0), (0, 0, 1), (0, 0, 2), (0, 0, 3), (1, 0, 2))((0, 0, 4), (1, 0, 4), (2, 0, 4), (2, 1, 4), (3, 0, 4))((4, 0, 1), (4, 0, 2), (4, 0, 3), (4, 0, 4), (4, 1, 3))((4, 1, 4), (4, 2, 4), (4, 3, 3), (4, 3, 4), (4, 4, 4))((0, 1, 4), (0, 2, 3), (0, 2, 4), (0, 3, 4), (0, 4, 4))((4, 0, 0), (4, 1, 0), (4, 2, 0), (4, 2, 1), (4, 3, 0))((0, 2, 0), (1, 0, 0), (1, 1, 0), (1, 2, 0), (1, 3, 0))((0, 1, 0), (0, 1, 1), (0, 1, 2), (0, 1, 3), (0, 2, 2))((0, 3, 0), (0, 3, 1), (0, 3, 2), (0, 3, 3), (0, 4, 1))((0, 4, 0), (1, 4, 0), (1, 4, 1), (2, 4, 0), (3, 4, 0))((3, 4, 1), (4, 4, 0), (4, 4, 1), (4, 4, 2), (4, 4, 3))((2, 3, 4), (3, 1, 4), (3, 2, 4), (3, 3, 4), (3, 4, 4))((1, 1, 4), (1, 2, 4), (1, 3, 4), (1, 4, 4), (2, 2, 4))((1, 0, 3), (1, 1, 3), (1, 2, 3), (1, 3, 3), (2, 1, 3))((3, 0, 3), (3, 1, 3), (3, 2, 3), (3, 3, 3), (4, 2, 3))((2, 1, 0), (3, 0, 0), (3, 1, 0), (3, 2, 0), (3, 3, 0))((0, 4, 3), (1, 4, 3), (2, 4, 3), (2, 4, 4), (3, 4, 3))((0, 4, 2), (1, 4, 2), (2, 4, 1), (2, 4, 2), (3, 4, 2))((1, 3, 1), (2, 3, 0), (2, 3, 1), (3, 3, 1), (4, 3, 1))((1, 3, 2), (2, 3, 2), (2, 3, 3), (3, 3, 2), (4, 3, 2))((1, 0, 1), (2, 0, 0), (2, 0, 1), (2, 0, 2), (2, 0, 3))((1, 1, 1), (2, 1, 1), (3, 0, 1), (3, 1, 1), (4, 1, 1))((1, 1, 2), (2, 1, 2), (3, 0, 2), (3, 1, 2), (4, 1, 2))((1, 2, 2), (2, 2, 2), (2, 2, 3), (3, 2, 2), (4, 2, 2))((0, 2, 1), (1, 2, 1), (2, 2, 0), (2, 2, 1), (3, 2, 1))
378
((0, 0, 0), (0, 0, 1), (0, 0, 2), (0, 0, 3), (1, 0, 2))((0, 0, 4), (1, 0, 4), (2, 0, 4), (2, 1, 4), (3, 0, 4))((4, 0, 1), (4, 0, 2), (4, 0, 3), (4, 0, 4), (4, 1, 3))((4, 1, 4), (4, 2, 4), (4, 3, 3), (4, 3, 4), (4, 4, 4))((0, 1, 4), (0, 2, 3), (0, 2, 4), (0, 3, 4), (0, 4, 4))((4, 0, 0), (4, 1, 0), (4, 2, 0), (4, 2, 1), (4, 3, 0))((0, 2, 0), (1, 0, 0), (1, 1, 0), (1, 2, 0), (1, 3, 0))((0, 1, 0), (0, 1, 1), (0, 1, 2), (0, 1, 3), (0, 2, 2))((0, 3, 0), (0, 3, 1), (0, 3, 2), (0, 3, 3), (0, 4, 1))((0, 4, 0), (1, 4, 0), (1, 4, 1), (2, 4, 0), (3, 4, 0))((3, 4, 1), (4, 4, 0), (4, 4, 1), (4, 4, 2), (4, 4, 3))((2, 2, 4), (3, 1, 4), (3, 2, 4), (3, 3, 4), (3, 4, 4))((1, 1, 4), (1, 2, 4), (1, 3, 4), (1, 4, 4), (2, 3, 4))((1, 0, 3), (1, 1, 3), (1, 2, 3), (1, 3, 3), (2, 1, 3))((3, 0, 3), (3, 1, 3), (3, 2, 3), (3, 3, 3), (4, 2, 3))((0, 4, 3), (1, 4, 3), (2, 4, 3), (2, 4, 4), (3, 4, 3))((0, 4, 2), (1, 4, 2), (2, 4, 1), (2, 4, 2), (3, 4, 2))((2, 1, 0), (3, 0, 0), (3, 1, 0), (3, 2, 0), (3, 3, 0))((1, 3, 2), (2, 3, 2), (2, 3, 3), (3, 3, 2), (4, 3, 2))((1, 3, 1), (2, 3, 0), (2, 3, 1), (3, 3, 1), (4, 3, 1))((1, 0, 1), (2, 0, 0), (2, 0, 1), (2, 0, 2), (2, 0, 3))((1, 1, 2), (2, 1, 2), (3, 0, 2), (3, 1, 2), (4, 1, 2))((1, 1, 1), (2, 1, 1), (3, 0, 1), (3, 1, 1), (4, 1, 1))((1, 2, 2), (2, 2, 2), (2, 2, 3), (3, 2, 2), (4, 2, 2))((0, 2, 1), (1, 2, 1), (2, 2, 0), (2, 2, 1), (3, 2, 1))
379
((0, 0, 0), (0, 0, 1), (0, 0, 2), (0, 0, 3), (1, 0, 2))((0, 0, 4), (1, 0, 4), (2, 0, 4), (2, 1, 4), (3, 0, 4))((4, 0, 1), (4, 0, 2), (4, 0, 3), (4, 0, 4), (4, 1, 3))((4, 1, 4), (4, 2, 4), (4, 3, 3), (4, 3, 4), (4, 4, 4))((0, 1, 4), (0, 2, 3), (0, 2, 4), (0, 3, 4), (0, 4, 4))((4, 0, 0), (4, 1, 0), (4, 2, 0), (4, 2, 1), (4, 3, 0))((0, 2, 0), (1, 0, 0), (1, 1, 0), (1, 2, 0), (1, 3, 0))((0, 1, 0), (0, 1, 1), (0, 1, 2), (0, 1, 3), (0, 2, 2))((0, 3, 0), (0, 3, 1), (0, 3, 2), (0, 3, 3), (0, 4, 1))((0, 4, 0), (1, 4, 0), (2, 3, 0), (2, 4, 0), (3, 4, 0))((3, 4, 1), (4, 4, 0), (4, 4, 1), (4, 4, 2), (4, 4, 3))((2, 3, 4), (3, 1, 4), (3, 2, 4), (3, 3, 4), (3, 4, 4))((1, 0, 1), (2, 0, 0), (2, 0, 1), (2, 0, 2), (2, 0, 3))((2, 1, 0), (3, 0, 0), (3, 1, 0), (3, 2, 0), (3, 3, 0))((1, 3, 1), (2, 3, 1), (2, 4, 1), (3, 3, 1), (4, 3, 1))((0, 4, 3), (1, 4, 3), (2, 4, 3), (2, 4, 4), (3, 4, 3))((0, 4, 2), (1, 4, 1), (1, 4, 2), (2, 4, 2), (3, 4, 2))((1, 1, 1), (2, 1, 1), (3, 0, 1), (3, 1, 1), (4, 1, 1))((1, 3, 2), (2, 3, 2), (2, 3, 3), (3, 3, 2), (4, 3, 2))((1, 1, 2), (2, 1, 2), (3, 0, 2), (3, 1, 2), (4, 1, 2))((1, 1, 4), (1, 2, 4), (1, 3, 4), (1, 4, 4), (2, 2, 4))((1, 0, 3), (1, 1, 3), (1, 2, 3), (1, 3, 3), (2, 1, 3))((3, 0, 3), (3, 1, 3), (3, 2, 3), (3, 3, 3), (4, 2, 3))((1, 2, 2), (2, 2, 2), (2, 2, 3), (3, 2, 2), (4, 2, 2))((0, 2, 1), (1, 2, 1), (2, 2, 0), (2, 2, 1), (3, 2, 1))
380
((0, 0, 0), (0, 0, 1), (0, 0, 2), (0, 0, 3), (1, 0, 2))((0, 0, 4), (1, 0, 4), (2, 0, 4), (2, 1, 4), (3, 0, 4))((4, 0, 1), (4, 0, 2), (4, 0, 3), (4, 0, 4), (4, 1, 3))((4, 1, 4), (4, 2, 4), (4, 3, 3), (4, 3, 4), (4, 4, 4))((0, 1, 4), (0, 2, 3), (0, 2, 4), (0, 3, 4), (0, 4, 4))((4, 0, 0), (4, 1, 0), (4, 2, 0), (4, 2, 1), (4, 3, 0))((0, 2, 0), (1, 0, 0), (1, 1, 0), (1, 2, 0), (1, 3, 0))((0, 1, 0), (0, 1, 1), (0, 1, 2), (0, 1, 3), (0, 2, 2))((0, 3, 0), (0, 3, 1), (0, 3, 2), (0, 3, 3), (0, 4, 1))((0, 4, 0), (1, 4, 0), (2, 3, 0), (2, 4, 0), (3, 4, 0))((3, 4, 1), (4, 4, 0), (4, 4, 1), (4, 4, 2), (4, 4, 3))((2, 2, 4), (3, 1, 4), (3, 2, 4), (3, 3, 4), (3, 4, 4))((1, 0, 1), (2, 0, 0), (2, 0, 1), (2, 0, 2), (2, 0, 3))((2, 1, 0), (3, 0, 0), (3, 1, 0), (3, 2, 0), (3, 3, 0))((1, 3, 1), (2, 3, 1), (2, 4, 1), (3, 3, 1), (4, 3, 1))((0, 4, 3), (1, 4, 3), (2, 4, 3), (2, 4, 4), (3, 4, 3))((1, 1, 4), (1, 2, 4), (1, 3, 4), (1, 4, 4), (2, 3, 4))((0, 4, 2), (1, 4, 1), (1, 4, 2), (2, 4, 2), (3, 4, 2))((1, 1, 1), (2, 1, 1), (3, 0, 1), (3, 1, 1), (4, 1, 1))((1, 3, 2), (2, 3, 2), (2, 3, 3), (3, 3, 2), (4, 3, 2))((1, 1, 2), (2, 1, 2), (3, 0, 2), (3, 1, 2), (4, 1, 2))((1, 0, 3), (1, 1, 3), (1, 2, 3), (1, 3, 3), (2, 1, 3))((3, 0, 3), (3, 1, 3), (3, 2, 3), (3, 3, 3), (4, 2, 3))((1, 2, 2), (2, 2, 2), (2, 2, 3), (3, 2, 2), (4, 2, 2))((0, 2, 1), (1, 2, 1), (2, 2, 0), (2, 2, 1), (3, 2, 1))
381
((0, 0, 0), (0, 0, 1), (0, 0, 2), (0, 0, 3), (1, 0, 2))((0, 0, 4), (1, 0, 4), (2, 0, 4), (2, 1, 4), (3, 0, 4))((4, 0, 1), (4, 0, 2), (4, 0, 3), (4, 0, 4), (4, 1, 3))((4, 1, 4), (4, 2, 4), (4, 3, 3), (4, 3, 4), (4, 4, 4))((0, 1, 4), (0, 2, 3), (0, 2, 4), (0, 3, 4), (0, 4, 4))((4, 0, 0), (4, 1, 0), (4, 2, 0), (4, 2, 1), (4, 3, 0))((0, 2, 0), (1, 0, 0), (1, 1, 0), (1, 2, 0), (1, 3, 0))((0, 1, 0), (0, 1, 1), (0, 1, 2), (0, 1, 3), (0, 2, 2))((0, 3, 0), (0, 3, 1), (0, 3, 2), (0, 3, 3), (0, 4, 1))((0, 4, 0), (1, 4, 0), (2, 4, 0), (2, 4, 1), (3, 4, 0))((0, 4, 3), (1, 4, 3), (2, 4, 3), (2, 4, 4), (3, 4, 3))((0, 4, 2), (1, 4, 1), (1, 4, 2), (2, 4, 2), (3, 4, 2))((3, 4, 1), (4, 4, 0), (4, 4, 1), (4, 4, 2), (4, 4, 3))((1, 1, 4), (1, 2, 4), (1, 3, 4), (1, 4, 4), (2, 3, 4))((2, 2, 4), (3, 1, 4), (3, 2, 4), (3, 3, 4), (3, 4, 4))((1, 0, 3), (1, 1, 3), (1, 2, 3), (1, 3, 3), (2, 1, 3))((3, 0, 3), (3, 1, 3), (3, 2, 3), (3, 3, 3), (4, 2, 3))((2, 1, 0), (3, 0, 0), (3, 1, 0), (3, 2, 0), (3, 3, 0))((1, 3, 2), (2, 3, 2), (2, 3, 3), (3, 3, 2), (4, 3, 2))((1, 3, 1), (2, 3, 0), (2, 3, 1), (3, 3, 1), (4, 3, 1))((1, 0, 1), (2, 0, 0), (2, 0, 1), (2, 0, 2), (2, 0, 3))((1, 1, 2), (2, 1, 2), (3, 0, 2), (3, 1, 2), (4, 1, 2))((1, 1, 1), (2, 1, 1), (3, 0, 1), (3, 1, 1), (4, 1, 1))((1, 2, 2), (2, 2, 2), (2, 2, 3), (3, 2, 2), (4, 2, 2))((0, 2, 1), (1, 2, 1), (2, 2, 0), (2, 2, 1), (3, 2, 1))
382
((0, 0, 0), (0, 0, 1), (0, 0, 2), (0, 0, 3), (1, 0, 2))((0, 0, 4), (1, 0, 4), (2, 0, 4), (2, 1, 4), (3, 0, 4))((4, 0, 1), (4, 0, 2), (4, 0, 3), (4, 0, 4), (4, 1, 3))((4, 1, 4), (4, 2, 4), (4, 3, 3), (4, 3, 4), (4, 4, 4))((0, 1, 4), (0, 2, 3), (0, 2, 4), (0, 3, 4), (0, 4, 4))((4, 0, 0), (4, 1, 0), (4, 2, 0), (4, 2, 1), (4, 3, 0))((0, 2, 0), (1, 0, 0), (1, 1, 0), (1, 2, 0), (1, 3, 0))((0, 1, 0), (0, 1, 1), (0, 1, 2), (0, 1, 3), (0, 2, 2))((0, 3, 0), (0, 3, 1), (0, 3, 2), (0, 3, 3), (0, 4, 1))((0, 4, 0), (1, 4, 0), (2, 4, 0), (2, 4, 1), (3, 4, 0))((0, 4, 3), (1, 4, 3), (2, 4, 3), (2, 4, 4), (3, 4, 3))((0, 4, 2), (1, 4, 1), (1, 4, 2), (2, 4, 2), (3, 4, 2))((3, 4, 1), (4, 4, 0), (4, 4, 1), (4, 4, 2), (4, 4, 3))((1, 1, 4), (1, 2, 4), (1, 3, 4), (1, 4, 4), (2, 2, 4))((2, 3, 4), (3, 1, 4), (3, 2, 4), (3, 3, 4), (3, 4, 4))((1, 0, 3), (1, 1, 3), (1, 2, 3), (1, 3, 3), (2, 1, 3))((3, 0, 3), (3, 1, 3), (3, 2, 3), (3, 3, 3), (4, 2, 3))((2, 1, 0), (3, 0, 0), (3, 1, 0), (3, 2, 0), (3, 3, 0))((1, 3, 1), (2, 3, 0), (2, 3, 1), (3, 3, 1), (4, 3, 1))((1, 3, 2), (2, 3, 2), (2, 3, 3), (3, 3, 2), (4, 3, 2))((1, 0, 1), (2, 0, 0), (2, 0, 1), (2, 0, 2), (2, 0, 3))((1, 1, 2), (2, 1, 2), (3, 0, 2), (3, 1, 2), (4, 1, 2))((1, 1, 1), (2, 1, 1), (3, 0, 1), (3, 1, 1), (4, 1, 1))((0, 2, 1), (1, 2, 1), (2, 2, 0), (2, 2, 1), (3, 2, 1))((1, 2, 2), (2, 2, 2), (2, 2, 3), (3, 2, 2), (4, 2, 2))
383
((0, 0, 0), (0, 0, 1), (0, 0, 2), (0, 0, 3), (1, 0, 2))((0, 0, 4), (1, 0, 4), (2, 0, 4), (2, 1, 4), (3, 0, 4))((4, 0, 1), (4, 0, 2), (4, 0, 3), (4, 0, 4), (4, 1, 3))((4, 1, 4), (4, 2, 4), (4, 3, 3), (4, 3, 4), (4, 4, 4))((0, 1, 4), (0, 2, 3), (0, 2, 4), (0, 3, 4), (0, 4, 4))((4, 0, 0), (4, 1, 0), (4, 1, 1), (4, 2, 0), (4, 3, 0))((0, 2, 0), (1, 0, 0), (1, 1, 0), (1, 2, 0), (1, 3, 0))((0, 1, 0), (0, 1, 1), (0, 1, 2), (0, 1, 3), (0, 2, 2))((0, 3, 0), (0, 3, 1), (0, 3, 2), (0, 3, 3), (0, 4, 1))((0, 4, 0), (1, 4, 0), (2, 3, 0), (2, 4, 0), (3, 4, 0))((4, 3, 1), (4, 4, 0), (4, 4, 1), (4, 4, 2), (4, 4, 3))((2, 0, 0), (2, 0, 1), (2, 0, 2), (2, 0, 3), (3, 0, 1))((2, 1, 0), (3, 0, 0), (3, 1, 0), (3, 2, 0), (3, 3, 0))((0, 2, 1), (1, 0, 1), (1, 1, 1), (1, 2, 1), (1, 3, 1))((3, 1, 1), (3, 2, 1), (3, 3, 1), (3, 4, 1), (4, 2, 1))((2, 3, 4), (3, 1, 4), (3, 2, 4), (3, 3, 4), (3, 4, 4))((1, 1, 4), (1, 2, 4), (1, 3, 4), (1, 4, 4), (2, 2, 4))((0, 4, 2), (1, 4, 1), (1, 4, 2), (2, 4, 2), (3, 4, 2))((0, 4, 3), (1, 4, 3), (2, 4, 3), (2, 4, 4), (3, 4, 3))((1, 3, 2), (2, 3, 2), (2, 3, 3), (3, 3, 2), (4, 3, 2))((1, 1, 2), (2, 1, 2), (3, 0, 2), (3, 1, 2), (4, 1, 2))((2, 1, 1), (2, 2, 0), (2, 2, 1), (2, 3, 1), (2, 4, 1))((1, 2, 2), (2, 2, 2), (2, 2, 3), (3, 2, 2), (4, 2, 2))((1, 0, 3), (1, 1, 3), (1, 2, 3), (1, 3, 3), (2, 1, 3))((3, 0, 3), (3, 1, 3), (3, 2, 3), (3, 3, 3), (4, 2, 3))
384
((0, 0, 0), (0, 0, 1), (0, 0, 2), (0, 0, 3), (1, 0, 2))((0, 0, 4), (1, 0, 4), (2, 0, 4), (2, 1, 4), (3, 0, 4))((4, 0, 1), (4, 0, 2), (4, 0, 3), (4, 0, 4), (4, 1, 3))((4, 1, 4), (4, 2, 4), (4, 3, 3), (4, 3, 4), (4, 4, 4))((0, 1, 4), (0, 2, 3), (0, 2, 4), (0, 3, 4), (0, 4, 4))((4, 0, 0), (4, 1, 0), (4, 1, 1), (4, 2, 0), (4, 3, 0))((0, 2, 0), (1, 0, 0), (1, 1, 0), (1, 2, 0), (1, 3, 0))((0, 1, 0), (0, 1, 1), (0, 1, 2), (0, 1, 3), (0, 2, 2))((0, 3, 0), (0, 3, 1), (0, 3, 2), (0, 3, 3), (0, 4, 1))((0, 4, 0), (1, 4, 0), (2, 3, 0), (2, 4, 0), (3, 4, 0))((4, 3, 1), (4, 4, 0), (4, 4, 1), (4, 4, 2), (4, 4, 3))((2, 0, 0), (2, 0, 1), (2, 0, 2), (2, 0, 3), (3, 0, 1))((2, 1, 0), (3, 0, 0), (3, 1, 0), (3, 2, 0), (3, 3, 0))((0, 2, 1), (1, 0, 1), (1, 1, 1), (1, 2, 1), (1, 3, 1))((3, 1, 1), (3, 2, 1), (3, 3, 1), (3, 4, 1), (4, 2, 1))((2, 2, 4), (3, 1, 4), (3, 2, 4), (3, 3, 4), (3, 4, 4))((1, 1, 4), (1, 2, 4), (1, 3, 4), (1, 4, 4), (2, 3, 4))((0, 4, 2), (1, 4, 1), (1, 4, 2), (2, 4, 2), (3, 4, 2))((0, 4, 3), (1, 4, 3), (2, 4, 3), (2, 4, 4), (3, 4, 3))((1, 3, 2), (2, 3, 2), (2, 3, 3), (3, 3, 2), (4, 3, 2))((1, 1, 2), (2, 1, 2), (3, 0, 2), (3, 1, 2), (4, 1, 2))((2, 1, 1), (2, 2, 0), (2, 2, 1), (2, 3, 1), (2, 4, 1))((1, 2, 2), (2, 2, 2), (2, 2, 3), (3, 2, 2), (4, 2, 2))((1, 0, 3), (1, 1, 3), (1, 2, 3), (1, 3, 3), (2, 1, 3))((3, 0, 3), (3, 1, 3), (3, 2, 3), (3, 3, 3), (4, 2, 3))
