0
161136
198513
206016
368706
397026
497454
792516
962112
1118481
1206249
2015724
2016489
2097144
2353200
2412402
3054831
3145716
3638136
3639666
4326816
4339689
4342338
4362249
4387887
4388082
4390722
4597551
4597746
4646754
4681824
5149164
5149929
5174052
5174817
5186607
5186802
5189442
5235810
6581862
6711453
6714918
7271295
7366647
7419159
7624263
7662048
7691793
7829367
8679282
8944302
8947848
9103185
9363648
9439554
9905016
9906546
9954888
9956418
10479609
12129894
12592131
13280595
14838318
15248526
15366015
15656823
15658734
15721998
15751695
15956799
16000047
16000242
16002882
16040415
16049250
16202100
16318623
16367007
16483119
16572111
16699254
16707159
16777215
51799905
51823971
51876291
55050201
57882291
57932067
57932931
59436591
59866851
59988783
63759225
63760755
65765283
66322467
66415203
66813963
67097415
105002178
112127862
117327735
117404439
202865655
204240150
205451244
205522212
205781484
205952820
208925484
212795190
214470060
218031918
218056206
253679367
256800519
259077687
259128327
267306861
268025535
285272091
286056447
289329117
291643419
292757439
292788057
292813785
292940031
293568720
294776475
298643097
570460398
570613806
570735600
570751665
571342830
571427505
572344164
572751807
573505218
574546020
574549815
574813503
575042562
576880686
577136817
577999167
578002284
578097270
578228226
578256162
578842146
579340002
579792864
579960627
583297713
583302816
772958190
773768430
776091630
776114190
776901870
776926758
782231550
805807632
806757375
807402783
809430777
809501745
809645280
809667612
809761017
812905017
815385138
816758559
817626975
818449593
820942611
822011451
822047541
855678930
855678945
855894102
855894117
856045266
856045281
856612950
856612965
856904022
856904037
857655126
857655141
857956950
857956965
860185686
860185701
860788566
860788581
871654998
871655013
1006639863
1006889013
1007120556
1007607861
1007898933
1008189612
1008650037
1008951861
1009164972
1010273964
1011180597
1011270828
1011783477
1014396468
1015728300
1016540844
1022649909
1064539998
1064540013
1064565726
1064565741
1070395038
1070395053
1143935796
1144967133
1148393079
1148459997
1149955956
1150359549
1150373415
1150774788
1151157501
1151159844
1151170356
1151328204
1153105887
1154277999
1154281164
1154339424
1156574463
1191198273
1191472893
1191581541
1191991077
1197894861
1198749669
1198913133
1198997325
1200622401
1204385421
1204465353
1204727709
1207373487
1207423437
1438620639
1441312638
1612185075
1613526354
1614804849
1614808416
1615002105
1615239024
1618211688
1618214304
1619003490
1619977320
1620121971
1622081394
1623486705
1623756264
1627095336
1627318122
1627342410
1662965571
1665136227
1666086723
1668363891
1668414531
1673196321
1677311739
1711485810
1711532085
1711532115
1711536450
1711763628
1711763658
1712250933
1712250963
1712542005
1712542035
1712832684
1712832714
1713293109
1713293139
1713587058
1713594933
1713594963
1713808044
1713808074
1714917036
1714917066
1715823669
1715823699
1715913900
1715913930
1716426549
1716426579
1720371372
1720371402
1721183916
1721183946
1727292981
1727293011
1819409700
1946578527
1949189943
1950546015
1950755679
1951344735
1951888467
1953846867
1958695476
1959030867
1960561716
1961386548
1962158175
2282075019
2285927688
2288951163
2289113352
2289251790
2289276270
2289301482
2289532296
2290054536
2290079016
2290118280
2291236761
2298390312
2298476232
2332401801
2332832763
2332883403
2336174283
2336257227
2336375433
2336423817
2337222537
2339254731
2339442891
2341472649
2341488651
2344221387
2348035977
2348074875
2348079051
2348218185
2348414793
2348537193
2348798409
2383163082
2388848634
2390204187
2398406619
2568442683
2568445848
2574607992
2852166618
2852166891
2852532954
2853092298
2853577704
2856248190
2856360906
2856466122
2856727242
2859989898
2859990570
3087806184
3088564251
3094776027
3094847289
3096512664
3100708602
3103049721
3103223550
3223454304
3223499424
3224108160
3224631255
3225590751
3225609126
3227928273
3228997623
3229616832
3230139219
3230139591
3230144385
3230176179
3230592192
3230735313
3230739426
3230748132
3231132384
3233636340
3234528999
3234654453
3236463264
3236875392
3237710208
3271766961
3271817601
3271951983
3285187683
3287932413
3325537926
3336727782
3337846263
3423039594
3423039654
3424108650
3424108710
3425084010
3425084070
3426193002
3426193062
3427174116
3427189866
3427189926
3431647338
3431647398
3432270186
3432270246
3432459882
3432459942
3435391608
3435391668
3481858023
3482057067
3482057127
3486314091
3486314151
3489571659
3489571719
3506806929
3510780561
3510828945
3511627665
3515877777
3520065171
3522047703
3522441105
3522756831
3792056670
3792174525
3796255392
3796299492
3797382342
3799340742
3802132134
3808394982
3896455656
3896538600
3899724264
3900153198
3901770024
3904502760
4001896266
4001896326
4030181028
4035324663
4036249779
4043236947
4077045726
4077045741
4086398934
4086398949
4086521334
4228232043
4228232103
4228695675
4228695735
4235689320
4235689380
4236275304
4236275364
4237393785
4237393845
4278558810
4278558825
4278558870
4278558885
4282532442
4282532457
4282532502
4282532517
4282580826
4282580841
4282580886
4282580901
4283379546
4283379561
4283379606
4283379621
4287629658
4287629673
4287629718
4287629733
4294192986
4294193001
4294193046
4294193061
4565499246
4566304110
4566728142
4567593465
4570744134
4571034948
4573887984
4575688185
4576798071
4576837116
4579691982
4615128867
4628963619
4668454386
4669253106
4680066546
5135846742
5138980182
5150171967
5711673204
5711723844
5720621052
5769178467
5770212861
5770943997
6291408684
6291408714
6845143515
6855589176
6904970703
7423130010
7425063930
7800717168
7836496227
7845038499
9126864939
9128345463
9129082368
9129890658
9130921965
9131195055
9133236267
9134380905
9134406633
9135161568
9136369323
9139598199
9140234958
9140235945
9142046208
9142864755
9143538687
9143581380
9178183629
9181479459
9190681503
9230257734
9330148332
9333281772
9412023039
10274370420
10275362685
10280213487
10326948357
11410038696
11423346408
11424464889
11468496873
12348399777
12352373409
12352421793
12353220513
12357470625
12361658019
12363640551
12364033953
12364349679
12415131333
12642902001
12884920110
12885047022
12885083886
12885190518
12885387729
12885889524
12886041447
12886044612
12886474707
12887918583
12889228608
12889291737
12889386804
12890066382
12891612486
12891612945
12892503936
12892504935
12892508100
12892517103
12892719918
12893293122
12894266952
12894316992
12894411603
12894432531
12897773382
12897776337
12897776496
12898201344
12898329213
12901023726
12901384968
12936160239
12939428847
12939930957
12941699565
12941944689
12942503877
12942836001
12943067631
12943077219
12947975913
12948730671
12950891853
12994891095
13093699332
13093962237
13093987125
13144281357
13145731887
13173165567
13174472985
13176825654
13177734999
13185862431
13186682847
13462949718
13462982538
13463063925
13661043678
13690248675
13690248915
13691257599
13691373996
13691374236
13691383584
13692224871
13692225111
13693435647
13694597055
13695358311
13695358551
13697678625
13697678865
13699534197
13946224926
13946224941
14029390716
14030008167
14030111052
14032462647
14032465812
14035075581
14035657596
14035707468
14039096628
14041706367
14080288005
14083701231
14083714029
14089235853
14089511805
14089629693
14495770929
14496489777
14502985536
14503273329
14506665789
14553567561
14555018091
15168131964
15169669593
15170745288
15170828232
15174013896
15174442830
15176059656
15182540799
15183343545
15221133099
15230099721
15230234607
15230322027
15276232650
15741225342
15742166526
15746685822
15753372153
15973237032
15973237272
15976296744
15976296984
15980875752
16026576858
16026576873
16026837978
16026837993
16035741594
16035741609
16108143447
16109767374
16111276887
16116034254
16121372637
16122893190
16159544163
16160844783
16169888463
16214609382
16320613752
16320613812
16324230852
16373443449
16373443509
16404639735
16911615471
16911615711
16920968679
16920968919
16978505718
17117150571
17117150631
17117150811
17117150871
17117949291
17117949351
17117949531
17117949591
17128762731
17128762791
17128762971
17128763031
18253672191
18253799502
18253877628
18253937361
18254613201
18255937503
18256192752
18256496499
18257735511
18257999199
18260043519
18260066382
18260078304
18260322513
18261184863
18261441858
18262027842
18262585056
18263146323
18265058943
18266483409
18266485347
18266488512
18304152903
18304311363
18308284995
18308331405
18308333379
18309130125
18309132099
18313382211
18319943565
18319945539
18320184771
19058928831
19068422226
19274351772
20538951339
20545218219
20593054731
21107986170
21110339082
21113288442
21113339082
21119845578
22869441903
22870246767
22870670799
22874686791
22883634639
23026029876
23396589024
25770033945
25772033568
25772871216
25773159159
25774003713
25774170015
25774937775
25778718483
25782951561
25784963967
25785476340
25786087413
25786122999
25786135443
25786556319
25820141295
25820492793
25825851105
25829563875
25971618591
25978542060
26071336095
26340635934
26342506158
26344560258
26346781422
26347640631
26347895490
26351632926
26355469998
26356588479
26541785886
26545755654
26554703502
26579492862
26579533566
26582521593
26917369383
26924199522
27198953268
27380904795
27382432599
27382433079
27384056526
27384057006
27385566039
27385566519
27390323406
27390323886
27433833315
27444177615
27444178095
27716953236
27732292467
28051711176
28052357064
28055542728
28055831976
28055893242
28056102906
28056691962
28059334632
28059991758
28067505402
28109387451
28109438091
28111372011
28156507338
28160576010
28161694491
28627064826
28629473262
28630276008
28630845162
28861150440
28865219112
28866337593
28907184090
28907184105
28907550426
28907550441
28991208900
28991517282
28992586338
28996761468
29006749584
29292994527
29569302486
29570981574
29663690235
29669718984
29669719464
29858071134
29858071149
30385075491
30393073131
31142152050
31142872386
31148418930
31155253107
31193040687
31194009039
31202273139
31526405613
31529539053
31529563941
31709957553
31725707646
32719959546
32720758266
32731571706
33427625736
33474905481
33475241961
33486202857
34280449818
34280449833
36510759156
36514764471
36520710816
36557569665
36558567405
36563268807
36565368717
36566993793
36807684030
37077857202
37077907842
37084921542
37312558323
37312793847
37312949919
37316917407
37317127071
37317716127
37318259859
37320218259
37325402259
37328529567
41135549859
45751466694
49396598775
49397826039
49408077759
50255032278
50255032293
51540408180
51540420213
51540634743
51540647022
51541146111
51541888206
51541893000
51544775727
51547184616
51547209504
51547266897
51547421559
51548007426
51549125907
51549603264
51552188925
51555271839
51555675762
51555974655
51556054389
51556290279
51597612777
51597794637
51598884585
51602460297
51740941551
51740966439
51741912870
51744079668
51753314700
51803848623
51824828247
51825630993
51826346007
51828490110
51841453950
52114398210
52114422558
52114422831
52114630470
52114632495
52115221278
52115221551
52115590242
52115666946
52117864311
52125691767
52126034718
52126034991
52344920319
52344945207
52345892403
52349402655
52352588319
52357294233
52360957503
52361099475
52361117235
52361296083
52546432767
52597382934
52597382949
52681269060
52689387246
52695281262
52695858996
52696130613
52696194639
52696399743
52740431727
53150252643
53151196260
53151199074
53152763502
53153365872
53162600904
53163015456
53166264174
53213134827
53822123340
53823852408
53829172584
53834295423
53836132011
53874965883
53887708857
53887929723
53927705610
53929664010
53931337755
54396646602
54396902778
54399311214
54399311706
54400113960
54400839546
54408425256
54632348712
54634307112
54635980857
54760838388
54764471982
54764472942
54770738862
54770739822
54771303552
54771304512
54773354082
54775656432
54777023616
54824593071
54824594031
55021931595
55021931655
55340362950
55341100983
55486643577
55487442297
55498255737
55579439025
55620859806
55620859821
55620860766
55620860781
55621658526
55621658541
55621659486
55621659501
55625448594
55625448609
55632471966
55632471981
55632472926
55632472941
56103431967
56107186479
56107399455
56108198175
56112450882
56119011615
56119213428
56160943395
56355090351
56359057839
56359856559
56370669999
57298205493
57298336101
57298419045
57301604709
57764376555
57768344043
57769142763
57779956203
58444483977
59333750754
59378681217
59378682177
60666421095
60667223841
60667938855
60869278719
60965055039
60967878495
61154478615
61809507327
61809557199
62277295815
62290570914
62957288298
62963744760
63052417914
63058684794
63058734666
63098663859
63468500709
63471686373
64424519424
64425485892
64432113984
64437305088
64439332722
64479488817
64482508131
64482565377
64484015907
64484076351
64626313524
64714886463
64995174846
65008365174
65233141311
65246105151
65284508946
65284508961
65431952679
65431952919
65573162862
65582133237
65620290405
65866305375
66035599728
66038447982
66051411822
66714013611
66760933209
66761239887
66761731929
66772200783
66772545369
67280996634
67566757338
67566757353
67655376885
67856502600
67856502660
68451463023
68455429551
68455429791
68455430511
68455430751
68456228271
68456228511
68456229231
68456229471
68460481953
68460482193
68467041711
68467041951
68467042671
68467042911
73015432932
73015983732
73031177286
73064970093
73065045957
73069105443
73069106307
73072441539
73220372460
73270301703
73279249551
73589471031
73594101747
73598418879
73824351993
73870922613
73879017333
73885245429
74037572511
74625259377
74629387680
74632722912
74679587907
74688535755
74830583076
74839530924
74892367725
75296971755
75300525864
75302860782
75311798073
75351610875
75361779243
75881871486
76110962331
76236149649
76238888064
76241379324
76295527623
76446522459
76446522519
76502982597
76822847136
82147006332
82150219767
82201115235
91272656727
91281604575
91333686831
92074201695
92082296415
92088524511
93554890731
94124512458
101120611467
102680892360
102680892840
109521932532
110377574358
110377574373
124609027905
124840812543
125040877335
125042104599
125364001875
125746747173
126450163539
126451390803
127406971434
127410560808
127421833017
127779895185
127779896145
128040238923
128040238983
133882470183
133883697447
146030984814
146031198207
146031789678
146032213710
146033079033
146033518836
146036229702
146036438835
146036520516
146039373552
146041173753
146042283639
146042318985
146042322684
146044529859
146044960578
146045177550
146045643519
146080201665
146088193707
146094449187
146129955927
146133939954
146134738674
146145552114
146288130255
146314141395
146315150079
146315266716
146316117591
146317328127
146319251031
146321571345
146330744793
146599323168
146601332310
146604465750
146609778210
146615955903
146615959020
146814070926
146834599029
146835028467
146836436979
146843711931
146850819327
146892127890
146892127905
146900594418
146901008922
146901008937
147038435124
147093323286
147093323301
147102496734
147102496749
147170140413
147177209412
147178942062
147180060543
147220210413
147234664035
147235698429
147236429565
147471712095
147690103089
147699904365
147743078196
147743078226
147848411628
148310629083
148310844522
148314206712
148319792811
148321054344
148321074744
148370456271
148376988879
148376993673
148597129752
148600189464
148888599786
148888615578
148893204315
148897082106
148897314618
148897784010
149167078362
149167078377
149170369242
149170369257
149170452186
149170452201
149173449690
149173449705
149173637850
149173637865
149174066799
149175683610
149175683625
149250518754
149254451841
149259286980
149259317232
149266429779
149301981795
149310524067
149359175814
149360294295
149518415847
149535508191
149544861399
149551394007
149551398801
149741043291
149741043351
149741842011
149741842071
149752655451
149752655511
149820683199
149826970278
149828088759
149828091876
150026203722
150026203782
150063818916
150064937397
150267211368
150267211428
150323150682
150323150697
150323150742
150323150757
150594807600
150650975523
152877531099
164282508864
164282707440
164292963906
164299141599
164334927471
164335732335
164336156367
164340172359
164348903235
164349120207
164491515444
164862074592
164862144480
167427249690
167427249705
182545313454
182546431935
182601035427
182838083487
197568708420
197568790023
197569506372
197570017287
197572672047
197572885023
197573683743
197577936450
197584497183
197584698996
197626428963
197824543407
197825342127
197836155567
197857033791
197869997631
198055845399
198377307903
198390556863
198763821669
198763904613
198766902117
198767090277
199233829611
199234628331
199245441771
199465131603
199909969545
200424799098
200708369274
200844166785
200844167745
201079322271
201079323231
201080120991
201080121951
201084374673
201090934431
201090935391
201521213295
201856126554
201856126569
201856126614
201856126629
206158668057
206158757838
206159608644
206159985102
206161505328
206162637825
206163571887
206165979972
206166178800
206167538478
206169859632
206169878367
206170988541
206171585673
206173598079
206174041584
206174084334
206174436210
206174757111
206175182568
206175190431
206213248071
206213378553
206216369985
206225522223
206260082562
206260655346
206266864851
206271651027
206360031975
206364242967
206364258606
206367176172
206367511020
206375416605
206411658351
206444068383
206451398481
206453734419
206456188947
206460346329
206729260770
206731106118
206733194370
206733360501
206736274743
206736454410
206736609591
206736612708
206740267038
206744104110
206744577582
206744901498
206745113502
206745113775
206745222591
206745557439
206930419998
206934389766
206943337614
206964725664
206968126974
206968238139
206971155705
206971490553
206971507953
206976294129
206979923475
207165387567
207166029471
207179710380
207223150422
207223150437
207232098270
207232098285
207299765919
207307051167
207311837343
207312436533
207314891061
207315959676
207349628493
207351167949
207352500813
207773154303
207773529171
207773529444
207773544810
207783730278
207784533024
207784702809
207870030639
207884353452
207884353482
208113647127
208444176840
208444339752
208447731576
208447746504
208456515534
208506469305
208506485307
208506486735
208548467658
208549210122
208550328603
208726138107
208728407835
209015698938
209018107374
209018107866
209018910120
209253110760
209253853224
209254971705
209379720081
209381220450
209386091409
209387265186
209387273856
209387353980
209390835810
209393000343
209395383696
209395948770
209396023185
209581831755
209581831815
209582554596
209595629418
209595629478
209631621195
209631621255
209635316553
209635316613
209648017383
209680891863
209681628639
209867758683
209867758743
209959133094
209959615686
210117334521
210164842458
210167775066
210167775126
210186534129
210195045375
210198118131
210198805503
210200572659
210246705246
210246705261
210251551710
210251551725
210722140482
210724124976
210738090399
210788186979
211878346239
212437595445
212437595475
213054173577
215285661231
215287528128
215289853299
215292991329
215295327267
215297781795
215299922664
215301939177
216442286013
217570000683
218522484711
218523221487
218709351531
218709351591
219043533561
219043537401
219044360496
219047819076
219058019910
219058822656
219058983519
219058987359
219059589870
219093859263
219246229356
219332744721
219332748561
219333678783
219333682623
219341692569
219341696409
219530142711
219613953708
219623168736
219623172576
219623284275
219623288115
219850208889
219856304895
219903301266
219903301281
219903305106
219903305121
219906636498
219906636513
220104496662
220104496677
220104500502
220104500517
220113444510
220113444525
220113448350
220113448365
220188382788
220188386628
220197330636
220197334476
221329412664
221329416504
221334560409
221334564249
221376196587
221391017583
221391021423
221391624153
221899788954
221899792794
222264843888
222264847728
222274091634
222280555479
222466192200
222466192260
222529363563
222529363623
222529367403
222529367463
222751942491
222751942551
223070171553
223070171793
223086121455
223086121695
223129722582
223129722597
223129726422
223129726437
223280717433
223280717493
223280721273
223280721333
224419460439
224419795287
224427289806
224427763278
224428299471
224428408287
224428743135
224462700495
224463927759
224478378867
225219444063
225228799839
226694068107
226702095816
228977964528
229026083139
231929799714
231931270848
231937474515
231939415074
231944617962
231994589163
232743624639
232747384767
232749151923
232795284510
232795284525
232800130974
232800130989
233071179261
233362068639
233366854815
234311587722
234312160506
234318370011
234323156187
234784699530
234787967976
235016230824
235023013113
235027799289
235971149751
236507248116
237297139404
237306469971
237306473811
237875035872
242665929927
242682331068
242682331110
242715999885
242718872205
243483508479
243486586608
243860320485
255836036823
255836040663
257698454655
257698524279
257699081535
257699600415
257701117812
257702050071
257702542626
257705646126
257705687871
257707010301
257707016055
257710561041
257710561827
257710905597
257713282236
257713649376
257713700625
257714297832
257714395455
257714592159
257714599920
257714609454
257714698848
257748375933
257748425805
257764027533
257899372404
257903996148
257907113646
257951258799
257958669999
257962565295
257983577919
257984805183
257995833183
258268704018
258276863010
258277981491
258283010610
258503671587
258518985939
258520039167
258569288022
258569288037
258720282933
258846636540
258846686412
258848979573
258855384117
258893233989
258898192893
258902088189
258905776077
259128571671
259316399478
259316399850
259360545003
259367956203
259371851499
259424926005
259424926035
259980705147
259981295466
259987324392
259988139144
259989257625
259995746280
260042620521
260095651194
260554374696
260935269783
261186928251
261186928311
261206037663
261206038623
261784419798
261784419813
261934296168
261934296228
261935414649
261935414709
262262406519
262262996430
262273990527
262277447538
263417902389
264609480633
265115139450
266832591864
266837426031
266878253949
267970164519
269119070073
270047630511
270047631471
270590689110
270637602339
270637606179
270648925929
270648929769
271774915077
271774918917
272928136809
272928140649
273450719754
273450723594
292058791929
292060032558
292060861794
292061937459
292062166191
292064223246
292065341727
292065344844
292065534516
292065542136
292067282739
292068216828
292068224733
292070569335
292071206094
292073399859
292074509823
292074552516
292108519599
292112450595
292115807859
292121652639
292123470333
292174775538
292261119468
292263260454
292263444780
292264252908
292264277796
292317000255
292342994175
292628423286
292628613618
292629017394
292630218039
292631841966
292633351479
292638108846
292864288761
292865099001
292867239987
292867422201
292867424313
292867470399
292867680063
292868232441
292868257329
292868269119
292870320435
292875674643
292879082559
292930156374
292930156389
293068201503
293081151285
293199574869
293205341556
293209107468
293256525645
293257919493
293669197668
293672546658
293672730984
293673564000
293726286459
293779537887
293785794357
293785794387
294347341608
294406575849
294911475195
294913929978
294914293242
294914530314
294915557352
294917504424
295157944059
295160398587
295211357658
295211357673
295279807212
295291190244
295291191009
295483373511
295487896440
295487896500
295781878875
295781878935
295849586646
295857843366
295858369158
295858961847
296062942950
296099925207
296100613887
296143027350
296143027365
297769595772
298965366735
299477041146
299896895937
300099717093
300424986582
301192969794
301199981823
303525002889
304623471723
304623471783
304699408017
304943459967
304945758192
304949388654
305007625569
305232276927
305513590188
306084312432
306091294716
306138210573
306557767164
308084641050
308084641065
308222623299
308372983368
308372983428
308981364711
309028479894
309028479909
328682437830
329387080932
341450683824
365132086371
365328224271
365646995391
365878515444
366737510475
366888505644
367925153994
367928677800
367928693802
368499120456
368499120516
369103100049
376485073704
412317147204
412317676404
412319950071
412325275650
412326394131
412326871488
412328390175
412330024977
412330085535
412332540063
412332543180
412332943986
412333242690
412333242879
412333558503
412374881001
412377405411
412379835627
412382816115
412418666775
412426496142
412602558288
412609762899
412609766487
412609771281
412617893919
412618714335
412618719129
412887318048
412891868277
412891898694
412893017190
412894981206
412901965038
412902796962
412903915443
412904023584
413122246392
413122650360
413123309877
413131139244
413138385459
413324766876
413381523222
413381523237
413390471070
413390471085
413457839220
413462212236
413465402961
413465409348
413466655470
413470127652
413470944309
413472549486
413473219182
413473398837
413473462863
413473667967
413474308092
413474337663
413474354895
413474357196
413474448420
413517699951
413524425537
413940283680
414602768682
414613400235
414614069931
414664977081
414665275785
414708214266
414708264138
415170260682
415182418122
415412907240
415466843898
415539229521
415547058342
415547058888
415552924656
415553355165
415553594352
415554291840
415799199819
415799199879
415806390123
415806390183
415834828383
415839680913
416118369207
416560230120
416561348601
416611432794
416611432809
416611432854
416611432869
416883765552
416889719106
416896481652
417454209504
419178737658
419221752201
420111018978
421444151136
421449397857
421451355747
421451359335
421451364129
421456310067
421458345705
421459486767
421460307183
421460311977
424676421231
424681273761
424875190890
424875190950
424882827135
425201787648
425201844144
425202053040
425202069486
425210963799
425214573312
425216600946
425217270642
426063127926
426072075774
426344180049
426350431086
426643573599
426644465631
426814467360
426821771622
426867385635
427491281835
428352528858
428352528873
428432384964
428432645109
428438479281
428477998977
428633255502
428633770824
428633770884
429210231162
429210231222
429237750177
429237750417
430570503744
430572011388
430585982658
430587101139
430587209280
430636886643
430637185347
432861163242
435193661763
438087712752
438087808785
438095638152
438152653965
438292622580
438292630260
438665489442
438665497122
438666607923
438666615603
438907612371
438907620051
438908743422
439285540077
439291399821
440371455231
440375950824
440375958504
440376765576
440376773256
440377884057
440377891737
441362381505
441365461953
441893576637
442173046230
442173046245
442173053910
442173053925
442322922600
442322922660
442322930280
442322930340
442324041081
442324041141
442324048761
442324048821
448831774353
448838920878
448839590574
448839834255
448840039359
448840709055
448884071343
448890796929
448891154415
450786977940
461710551441
461716802478
462009944991
463856691828
463860934632
463860939093
463862235039
463869837105
463911006063
463911205167
464727795798
464727795813
464779175958
464864626743
464878790709
464879840292
465298336863
465583433781
465583433811
465584483364
465584483394
467085390993
467085391953
467345734731
467345734791
467815623465
467899737744
467899738704
468436254018
469577459988
470768287113
474139929711
476758126590
477327751494
477887932263
477896880111
477945720687
479977861110
480180305736
480180305796
480643082553
480784285089
480784285329
485345844768
485618080767
486524015397
498218448624
498218499264
498219252975
498220560393
498230893800
498230918688
498232221180
498232480815
498232481010
498232483650
498422150964
498508986201
498787450770
498793078830
498794197311
498794200428
498992312334
499025865756
499037140755
499088102901
499223843628
499233319980
499280738142
499280738157
499372686540
499423401981
499831437168
499928486700
499928486730
499937963052
499937963082
500178638943
500505474414
500564516745
501441788895
501445195767
501446374323
501643372260
501738921873
502018080678
502510673754
502510673769
502510673814
502510673829
502896547314
507350579049
508491560829
510580514721
511159261935
511159265775
511389359871
511389363711
511390667289
511390671129
512162419230
512162419245
512162423070
512162423085
512246305356
512246309196
515345243499
515345243559
515345243739
515345243799
521840066292
535545010335
537157655313
537929407254
537929407269
538013293380
545999248161
584118135024
584118599400
584121985791
584166095175
584170273677
584171072397
584172596937
584173616739
584181885837
584182127043
584182267695
585123450108
585136294044
585260042862
585266309742
585266874432
585268924002
585306900717
585320163951
585727127136
585736121442
586070654487
586073840151
586116430686
586116430701
586117229406
586117229421
586128042846
586128042861
586400893611
586407160491
586451811339
586454997003
586455162825
586972281354
586981787850
587340418032
587340774399
587341142145
587343526911
587346684912
587346734784
587352501894
587400539121
587403593859
587545705320
587545705380
587554811754
587554811814
587554836042
587554836102
587604086757
587628423315
587629567953
587907393702
587911593399
587913660582
587914779063
588012092712
588015278376
588112894026
588112894086
588149684913
588158791347
588401319894
588401319909
588682559334
588695523174
588744916467
588887972148
589266112290
589829171508
589874252097
590297258352
590977388424
593250066291
596470016163
596471160801
597004094322
597004814658
597010361202
597010411074
597054982959
597064215411
597580304160
598198349517
598611552753
598716206058
598947032943
598951000431
598951000671
598951799151
598951799391
598962612591
598962612831
599286382344
599289568008
599336847753
599337184233
599348145129
600142392090
600142392105
600231046848
600235109109
600238164864
600481061193
600481061253
600482511723
600482511783
600511252881
601283004762
601283004777
601283004822
601283004837
606949297986
609885649851
610693692279
611311422111
613106813841
613308398427
613308398487
613878565722
613878565782
615254551395
615263489856
615308757315
657195629103
658275466065
658325307237
730210402035
730353457716
731294657076
731339737665
731574893151
731575691871
731586505311
731762743920
733286006298
733286006313
733289191962
733289191977
734237788818
734237788833
791415155613
791700056223
791701608543
792556010379
793495447953
793701038442
793701038502
793712196441
793712196501
793748438247
794073234306
794081357478
794081681394
794267199834
794267199894
794305018035
794502167403
794502167463
794839906800
797170990569
800541649071
800541929469
800543201391
806395763415
806395767255
806583009252
807186988785
824633784147
824633851854
824633892930
824633955825
824634691107
824634819039
824634926961
824636076078
824636077704
824636667426
824636836080
824638066689
824640185958
824640202275
824640988704
824641303410
824641377006
824641380864
824641545024
824641547328
824641585071
824642692710
824642850339
824642868960
824643936066
824646190899
824646874761
824647014537
824647090152
824648843310
824648844936
824649441396
824649927726
824685094767
824685100941
824686345953
824687285241
824688029931
824691901419
824691904227
824696588097
824696808441
824700567267
824742200562
824744710935
824837333550
824839157622
824842605036
824843356140
824897882319
824901821199
824919056409
824919953748
824926492497
824935301151
824935440345
825204176370
825204305238
825204307782
825205113174
825205116576
825207670389
825209319990
825211703607
825211706724
825212454711
825219532974
825219542562
825219544806
825220511679
825220651455
825220661043
825409818630
825418626702
825418766478
825439079667
825439871604
825443379063
825444189303
825444194097
825446584569
825447335673
825449354037
825452326911
825455404116
825455691507
825455803920
825640481583
825690808350
825690808365
825698244438
825698244453
825707192286
825707192301
825774694476
825774734400
825775407156
825775603698
825781039965
825783797388
825785024652
825786034380
825787152861
825787327215
825791053692
825826202061
825841660335
826064291487
826245313632
826246619754
826294760547
826311107403
826345124655
826458163692
826580466396
826580467314
826580918292
826581448272
826919797032
826924389243
826930818696
826931937177
826965926025
826970924907
826973336505
826973352507
826973353935
826975969161
827498351850
827502290730
827725246779
827775038202
827855102199
827855860320
827855861952
827857227699
827860107639
827862791094
827862806880
827863257072
827870339697
827870607297
827905373889
828059545962
828059546022
828115536747
828115536807
828123111399
828140331153
828140982675
828147759063
828150374289
828349303899
828349303959
828425410470
828425630166
828426195372
828426208422
828432973782
828434521590
828435386295
828437840823
828437843940
828438397398
828642359238
828663525555
828664706295
828664902135
828669215871
828676696977
828714564822
828714564837
828714958998
828714959013
828718436310
828718436325
828727099350
828727099365
828876975720
828876975780
828878094201
828878094261
828912083034
828912083049
828912083094
828912083109
828922126170
828922126185
828922126230
828922126245
829255054179
829776696678
829776697137
829779735840
830351012148
831483185592
832427520864
833760649257
833761546596
833763759987
833764504371
833764901442
833768085345
833775925119
833776893999
833777033193
833821073187
834905884335
836054731752
836096934537
836981877759
836981924001
836982575523
836989351911
836991967137
837190896747
837190896807
837271339665
837518664960
837518782320
837519590256
837519602478
837519603264
837521702772
837526278000
837531157827
837531378429
837569050179
837732453324
837808177425
837811487742
837816985497
837817125273
838097424162
838336432617
838336432857
838389655542
838579929366
838579929381
838588737438
838588737453
838588877214
838588877229
838659732078
838663815492
838672499310
838672623564
838672763340
838722561021
839130253809
839135700465
839138207217
839138658144
839183925603
839803388799
839808700296
840740107248
840740883153
840744237015
840746304198
840747422679
840752874480
840752887488
840794538945
840794554947
841004656491
841004656551
841004796267
841004796327
841318661982
841754857320
841754857380
842887455810
842887491171
842888299107
842888302272
842894889303
842894986851
842895640407
842898795714
842899914195
842902718670
842902728258
842903697375
842903837151
842903846739
842937794511
842937835587
842938963395
842945246067
842945487681
842945489985
842947878723
843457822704
843693844479
843694654719
843701665488
843896252076
845169162123
845219488905
845986517595
847453992816
847459882833
847462921536
850403575296
850403581635
850404439584
850404441216
850408686903
850408691271
850411386144
850418918961
850461456363
850974471984
851262396114
851262396129
851421612780
851422731261
851560035231
852015172305
852015172785
852068844099
852068844579
852126255852
852127374333
852739487439
852793705722
853255681530
853258883802
853260030474
853490584827
853507196667
853624809126
853625766534
853629203895
853633717839
853679457921
853837264746
853837264806
853913892567
854199107286
854441244339
854976075240
854976100128
855025567215
855778699107
855780609858
855781205859
855781404096
856346817375
861141105792
861147411357
861148805079
861157425084
861157425126
861946838706
861947819664
862285969335
862333147047
870319126509
874026103470
874038870702
876173359671
876174151152
876175617570
876179781639
876181145631
876183767232
876183782592
876189731703
876189747063
876231229251
876240105219
876432804015
876458671935
876745292592
876745307952
876759378720
876759394080
876978765603
876979736127
877029092370
877029092385
877179985719
877615728735
877615744095
877785042798
877842090219
878457313899
878462598120
878462613480
878571080058
879025580058
879401003142
879401018502
879402121623
879402136983
879600224616
879600224676
879600239976
879600240036
879653780091
879653780151
879653795451
879653795511
879687582879
879687583839
880204204209
880204219569
880744299378
880744314738
883076332473
883076347833
885507914247
886457321583
886457336943
888529175727
888529176687
889059257745
889074510609
889074525969
889112914179
889112929539
889349892375
891627424635
897652520937
897652527426
897653330412
897653331177
898219612593
898227558174
898228016928
898424272878
898425083118
898503860178
898503860193
898504226514
898504226529
898508969814
898508969829
898654821111
898659964725
898843710273
899086801887
899364607797
899364607827
899984560521
899984576523
900500347866
900500348139
900500714202
900869902470
901075358058
901075358118
901158965649
901544857896
901679337651
901733996382
901733996397
901930717530
901930717545
901930717590
901930717605
906981463020
907060204287
907928394735
910000558497
915902798289
915911202624
915956470083
923468322543
925033747287
925033747767
926555365338
926555365353
926555731674
926555731689
926639390148
934210081665
949389122799
949473009495
949993101567
952409019636
952415745975
952665004107
952665004167
952665019467
952665019527
958314602343
970663657332
970670384742
970679285712
970716984879
970720524003
970721894769
970960325337
971239499298
971240617779
971242182246
971242252134
971245221408
971472283155
971732077278
971732077293
971807504244
971816497716
972948671160
972950775432
972951893913
972952151928
973884858564
973886957808
974143878219
974143878279
974458630278
974462107590
974747056086
974747056101
974896932456
974896932516
974898050937
974898050997
975230395665
975234397506
977565627855
977566430601
978085721082
979025247702
988922684994
988923803475
988928407104
993538340163
997573717095
997580961873
998395308624
1030792209408
1030792215747
1030792319022
1030794405744
1030797325383
1031043870735
1031362641855
1031375140863
1031377958688
1031600715504
1031613116979
1031613120144
1031613706494
1031651030226
1031651030241
1031664096030
1031664096045
1031810246892
1031811365373
1031942563743
1031983365861
1031996372973
1031999640237
1032234504543
1032453156939
1032514889964
1032516008445
1032604152108
1033081516779
1033175552778
1033644340266
1033647517914
1033648664586
1033880195880
1033937090394
1033937090409
1034013422262
1034014224543
1034014400646
1034019844230
1034021043399
1034022351951
1034214766920
1034214766980
1034818746513
1035358607856
1035363319104
1035371213172
1036496466252
1038639690657
1041076097391
1041113059917
1042200720168
1043140345845
1043686020639
1043686024479
1043686077936
1043878441740
1043962322643
1043962326483
1043967432279
1043967436119
1044247516704
1044247520544
1044252646998
1044252650838
1044255143526
1044482421033
1044482421273
1044498665775
1044498666015
1045287727944
1045958810331
1045958814171
1046818771482
1046818771497
1046818775322
1046818775337
1047192458847
1047192462687
1049045827551
1049061144384
1049247119079
1049627651298
1049628769779
1053609227586
1053667261761
1055941260681
1056570340863
1056612450297
1056613258233
1057707980565
1058843720907
1059702535386
1059702535401
1060069242015
1061930702400
1061930706240
1062417229815
1062510255840
1062510259680
1067315016180
1067600875935
1076442468783
1076479431309
1082338770030
1082382154755
1082398366605
1082398381965
1082903190306
1082903205666
1083153807615
1083153822975
1083523098861
1083523114221
1083942436128
1084293544563
1084293559923
1084344523614
1084344523629
1084344538974
1084344538989
1084614466440
1084614481800
1084671360969
1085557340289
1085557355649
1085845766097
1086129858726
1086129874086
1086130977207
1086130992567
1086329092170
1086329092230
1086329107530
1086329107590
1086560623464
1086560623524
1086560638824
1086560638884
1086617518038
1086617518053
1089747351834
1091466264435
1094687358945
1095216725760
1095221008962
1095221012802
1095221024322
1095221028162
1095788109489
1095788113329
1097179093359
1097179093599
1097179108719
1097179108959
1097553042057
1097553045897
1097553057417
1097553061257
1098727447185
1098727451025
1098727462545
1098727466385
1099499199066
1099499199081
1099499199126
1099499199141
1099499202906
1099499202921
1099499202966
1099499202981
1099499214426
1099499214441
1099499214486
1099499214501
1099499218266
1099499218281
1099499218326
1099499218341
1168231451571
1168234192812
1168246663374
1168281908217
1168285984119
1168285986537
1168290430323
1168297265649
1168297419057
1168340809542
1168516443984
1168522815312
1168525308735
1168809226806
1168814742816
1168817197344
1168818174654
1169036536056
1169042907384
1169044096119
1169044100913
1169045452644
1169052223551
1169053043967
1169053048761
1169093525493
1169240880159
1169841798240
1169845779711
1169848532223
1169892118833
1170192990204
1171377485658
1171377485673
1171460014455
1171461324021
1171468962303
1171654311771
1171654311831
1171656766299
1171656766359
1172025900414
1172034254718
1172269158015
1177358036832
1177358382963
1177364408160
1177366953696
1178799786591
1181116087872
1181120069343
1181122821855
1181128183110
1181131468782
1181166408465
1181221219638
1181384305647
1182131632047
1182735657318
1182742028646
1183405026687
1183406698410
1183464648687
1184212055403
1184212055643
1184341782384
1184346270660
1184352641988
1186487796768
1186497928512
1186500383040
1186550606031
1187064160224
1187064313632
1187290377948
1187296804575
1187297694975
1189580717787
1194008593719
1194008598087
1194009918126
1194016725519
1194017541567
1194017545935
1194571709424
1194571725489
1194574479042
1195192172097
1196289924987
1199374707708
1204741439220
1205930373861
1214166157983
1219774774911
1219777527423
1219785604128
1219825566753
1220071483455
1221732666495
1222053330696
1222061395833
1222067973738
1222118471787
1222910385018
1223051263599
1226669260041
1230558543489
1232658730359
1235744955003
1236563339577
1316835948123
1368134745609
1368368847483
1460296578609
1460305526457
1461068330550
1461077278398
1461483175053
1461730757727
1470572350575
1474322327412
1474331275260
1497097129119
1505938721967
1580552516979
1580562872352
1580602834977
1582509934719
1606888291872
1607467629294
1607474429007
1607474436687
1617876306111
1642840800399
1642840808079
1752349739040
1752917475120
1752926255904
1753159637247
1753546833519
1756577659995
1756577660055
1770600660816
1770609441600
1778119573224
1780071628311
1781341748223
1781344500735
1992880521450
1992880546338
1992881469135
1992915239217
1993436119878
1993436122182
1993444267878
1993671043824
1993872343212
1993880487615
1994006545173
1994475829104
1994576986284
1994576986314
1995161993211
1995262886634
1995952717851
1996086961911
1996089192855
1996202413254
1996288262250
1996288262310
1996907053239
1996907056356
2005417325403
2005417325463
2005757412195
2005757415360
2005809100521
2006051579871
2006336794590
2007418369377
2008040464767
2008048074702
2018642350830
2018643646440
2020581440220
2020581441138
2020925363067
2024061358017
2026352017359
2038501998324
2039690932965
2055947812530
2138894610384
2157953531856
2336462437923
2336462697798
2336462698257
2336463202020
2336466307104
2336466564609
2336466583278
2336469680454
2336469681984
2336471324262
2336471339760
2336471340579
2336471342880
2336475205155
2336475512457
2336475766836
2336477607804
2336478628302
2336478637890
2336478723780
2336478885237
2336478946374
2336478951168
2336512784877
2336512815045
2336513589189
2336516874531
2336516875395
2336529311595
2336578807026
2336671102956
2336718070791
2336727018639
2336730301551
2336730378255
2336755022097
2337032782368
2337032859990
2337032863392
2337036988926
2337040201527
2337041870835
2337045627222
2337045630624
2337048030894
2337049149375
2337238316550
2337247264398
2337271936119
2337275082489
2337280814655
2337280814751
2337280883967
2337282908415
2337318691701
2337322188822
2337322188837
2337326786421
2337331136670
2337331136685
2337333014517
2337476391447
2337526774038
2337526774053
2337603238227
2337607464807
2337610609524
2337610660164
2337616412655
2337618453612
2337619555071
2337619557372
2337619572093
2337658009581
2337660992445
2337662494701
2337669811149
2337669873381
2338073028465
2338077156768
2338077177207
2338080362871
2338085827680
2338086125055
2338088192238
2338088201826
2338089310719
2338089320307
2338127356995
2338136304843
2338139664459
2338278352164
2338287300012
2338290659628
2338340136813
2338409388252
2338409389170
2338409397840
2338744740843
2338748294952
2338751452488
2338759567161
2338799379963
2338810670985
2338810686987
2338861283274
2339319477450
2339321937576
2339330847786
2339558731419
2339565711000
2339565926376
2339683918737
2339686657152
2339687775360
2339687854455
2339689148412
2339691003888
2339696802303
2339698829814
2339738108481
2339738448801
2339743296711
2339747055783
2339747056329
2339894291547
2339894291607
2339901197796
2339901274440
2339901274500
2339901468522
2339901468582
2339950751685
2339985076113
2340185910363
2340185910423
2340270616224
2340370968360
2340504645375
2340505177329
2340505254033
2340505448115
2340703350363
2340703350423
2340756827994
2340756828009
2340756828054
2340756828069
2341025817081
2341026640176
2341041267039
2341605452256
2341605567795
2342170666308
2342179614156
2342182973772
2342224360293
2342225104317
2342233308141
2343311696184
2343316843929
2343358476267
2343373301103
2343882072474
2344247127408
2344511647083
2344511647143
2344833973749
2345589158841
2345589170688
2345590043328
2345593369593
2345594775420
2345596614945
2345597988855
2345803899444
2345878569489
2345887517337
2346734207556
2346743155404
2346789371877
2347887227688
2348826668961
2348826944247
2349027503211
2349027503271
2349075188331
2349075188391
2349347337072
2349351446400
2349351466839
2349351516021
2349354652503
2349360104304
2349360116526
2349360117312
2349360414687
2349360463869
2349362481870
2349362504574
2349363600351
2349363621279
2349401768769
2349402604485
2349410690979
2349410699205
2349410716617
2349552641796
2349561589644
2349564872556
2349564949260
2349636675345
2349636694014
2349645623193
2349917704125
2349918506412
2350156621089
2350156621329
2350157555391
2350165568937
2350165569177
2350168852089
2350168928553
2350168928793
2350408427286
2350408427301
2350417375134
2350417375149
2350492313412
2350501258095
2350501261260
2350961928000
2350962862062
2350970875848
2350974235464
2352489588186
2352489588201
2352568527852
2352577867716
2352581634549
2352623054721
2352833252943
2352833294187
2352833294247
2353575815019
2353575815079
2354715968064
2354716045923
2354716049088
2354723387223
2354728813155
2354728816320
2354731216590
2354732335071
2354773623111
2354782570959
2354782580547
2355521970783
2355522401535
2355524507376
2355530065503
2355535168767
2355536293599
2355537610974
2355537620562
2357002659819
2357005123272
2357572281546
2359288753491
2359295735106
2361627768201
2362232170239
2362232176128
2362236141288
2362236433719
2362245381567
2362286687745
2362295635593
2363038357200
2363254108716
2363902393827
2363958751788
2363958751818
2364568380555
2364630312186
2366128661448
2366128661928
2366275313247
2366853314031
2367600889821
2367600912369
2367601692108
2367609869808
2367613758912
2368171312416
2372969597175
2372969609619
2372969701620
2373086609094
2373545022150
2373553116870
2373775760562
2373775769232
2373791252196
2373825343446
2373825343461
2373826117590
2373826117605
2386659913191
2386659913431
2386715132886
2386715132901
2386723227606
2386723227621
2388009314295
2388009366807
2388017187438
2388017196174
2388017752095
2388018305919
2388018314655
2388056796993
2388059742063
2388068662275
2388207469860
2388216417708
2388261025335
2388261075975
2388269410479
2388269973183
2388288581631
2388296134617
2388303448383
2388488646423
2388489873687
2388588920181
2388811449393
2388811770963
2388820397241
2389067886558
2389067886573
2389194516261
2389428013215
2389616756064
2389625703912
2389628943648
2389670311539
2389670362179
2389678696683
2389679259387
2389821357348
2389897932627
2389899159891
2390296813401
2390299938666
2390399577978
2390399582154
2390854740522
2390858329896
2390869602105
2391104225256
2391524189343
2391524190303
2392572691782
2392581639630
2392619885859
2392631209449
2393713620852
2393713671492
2393722568700
2393757198597
2394898250553
2394910420329
2395433003274
2395433782650
2395433859354
2397137727465
2397141924399
2397330239271
2397331466535
2398269606063
2400365782191
2400365783151
2400886910295
2400903233280
2400941426991
2401095646980
2401696414176
2401696414416
2401699626273
2401699626513
2401902456303
2401902456543
2402031955815
2402082235653
2402091183501
2402504933184
2404171573167
2404171574127
2409766195473
2409775143321
2410537947414
2410537947429
2410546895262
2410546895277
2410617691884
2410618224480
2410621833540
2410630781388
2410672165821
2410684350189
2410919221119
2410919482335
2411091367968
2411439321855
2412333110952
2412962814315
2412962814375
2418607788321
2418616736169
2418670303983
2419761075183
2430016296648
2445984063441
2445984595872
2461272249351
2461281197199
2462681535555
2462690483403
2462832530724
2462841478572
2463361587561
2628520141824
2628521014464
2628524340729
2628536471487
2628734870580
2628775993359
2628809540625
2628818488473
2629094764479
2629296092670
2629326284532
2629581292566
2629581292581
2629590240414
2629590240429
2629665178692
2629674126540
2630144156784
2630185279563
2630336274732
2630818198824
2631372923082
2631376446888
2631376462890
2631757915383
2631946889544
2631946889604
2632006159467
2632006159527
2632315763070
2632550869137
2633141545455
2634228588876
2637651133473
2637660081321
2639932842792
2641405046685
2641409238342
2641418186190
2641610564364
2641669808943
2642213236479
2642214543657
2642214543897
2643019850568
2643079095147
2644685583267
2701601275119
2701639212918
2703480774396
2703820477992
2920593157218
2920594275699
2921151569760
2921383263984
2921384343807
2921386449648
2921397111039
2921735096868
2922019760223
2923814387700
2923866091491
2924067081447
2924067158091
2924067158151
2925157677378
2927489633769
2927489710473
2928378046935
2930861353071
2933462854641
2933471812080
2934033254688
2934667144047
2936699284470
2936901652452
2936901729096
2936901729156
2937505631985
2937505708449
2937505708689
2943461620035
2946933455394
2948644654824
2948644731528
2948645773305
2950590888552
2950590888612
2951716440384
3161100296514
3161101099500
3161101100265
3161109493503
3161147283267
3161352763143
3161667381681
3161675327262
3161675786016
3161678672160
3161872852206
3161951629266
3161951629281
3161956738902
3161956738917
3161960740854
3162102590199
3162103513260
3162107733813
3162240963954
3162291479361
3162534570975
3162706728945
3162706785777
3162762049347
3162808156332
3162808156362
3162812376885
3162812376915
3163378652136
3163390920270
3163432329609
3163432337451
3163432345611
3163948116954
3163948117227
3164183887899
3164317671558
3164318131959
3164318175639
3164318178756
3164519432298
3164519432358
3164523127146
3164523127206
3164606734737
3164992626984
3165127106739
3165181765470
3165181765485
3165378486618
3165378486633
3165378486678
3165378486693
3165662737248
3165668304159
3165668357616
3166229800224
3166234930518
3167941093851
3170231898864
3170429232108
3170507973375
3171376163823
3173448327585
3173981075409
3173985219582
3173993866566
3173993867025
3174786199011
3174786199251
3174791308647
3174791308887
3175591608672
3176266916616
3176326161195
3177202238016
3177207227223
3178016335215
3178016335455
3179349784419
3179350567377
3179352929136
3179358971712
3179361857856
3179404239171
3181694862927
3183912985920
3184492539360
3186916091631
3188015674302
3188476527168
3188476527648
3188481516375
3188481516855
3190003134426
3190003134441
3192625489389
3197607335346
3197657850753
3198416229843
3212638912320
3212648807049
3212648822409
3212836891887
3212920778583
3212920977687
3213222443967
3213222459327
3213420558990
3213420574350
3213440870655
3215487815208
3215856788724
3216112773195
3216112773255
3216112788555
3216112788615
3217203292482
3217203307842
3217770393009
3217781683488
3219535325577
3219535340937
3221762371431
3221762570535
3222249110295
3224179300080
3225520597248
3225520612608
3225818917785
3225818933145
3226590669726
3226590669741
3226590685086
3226590685101
3226674555852
3226674571212
3227140154865
3228947344200
3228947344260
3228947359560
3228947359620
3229006588779
3229006588839
3229006604139
3229006604199
3229551323553
3229551323793
3229551338913
3229551339153
3234110567409
3234123405024
3234680967456
3252364153152
3298534962039
3298534965204
3298534986207
3298535094129
3298535100417
3298535227671
3298535230788
3298535292996
3298535363817
3298537484937
3298538027709
3298539590793
3298541553474
3298543396881
3298544018022
3298544048265
3298546358067
3298548170769
3298548369681
3298549768209
3298550054739
3298550345676
3298550606190
3298551388482
3298589751105
3298594241769
3298596483873
3298596696297
3298597981419
3298598129991
3298598584083
3298598711367
3298600520937
3298600545825
3298600680687
3298601991621
3298636812567
3298639737678
3298639739982
3298642170135
3298644641934
3298736338812
3298743523308
3298744717311
3298798049487
3298801988367
3298827912279
3298827917073
3298831578195
3298836039711
3298836860127
3298836864921
3299037146934
3299105389602
3299105439642
3299106353718
3299106356910
3299109433725
3299112621879
3299112910692
3299113126998
3299113822410
3299118800718
3299120722758
3299120942754
3299122061235
3299306852358
3299307115758
3299309236878
3299311342734
3299315800206
3299340392184
3299340412791
3299341223031
3299341227825
3299341234431
3299341455669
3299342776062
3299342786367
3299342786463
3299344379967
3299344380780
3299344383084
3299346813237
3299347502841
3299349053247
3299349053343
3299349285036
3299349360639
3299355131667
3299355653886
3299355739902
3299355853392
3299355858675
3299542464039
3299558028447
3299599669014
3299599669029
3299608616862
3299608616877
3299675985012
3299680358028
3299682156501
3299683555140
3299687218257
3299688273444
3299691364974
3299692453884
3299692483455
3299692500687
3299692502988
3299726411589
3299730730941
3299742571329
3300158992740
3300161160288
3300211274571
3300247107111
3300358330860
3300446433138
3300496355952
3300496635987
3300816665736
3300820914474
3300823364139
3300823367304
3300825057576
3300825317418
3300832215723
3300869271561
3300875792079
3300882235401
3300883421577
3300926360058
3300926409930
3301387878090
3301391581146
3301398519018
3301400563914
3301402457898
3301622235192
3301631053032
3301633019544
3301684989690
3301757141367
3301757155830
3301757375313
3301758728166
3301758730161
3301760646306
3301760722530
3301762732881
3301762917303
3301762920420
3301763424240
3301765204134
3301765204680
3301765414884
3301769599923
3301771692006
3301771740144
3301806919395
3301821996993
3302024535915
3302024535975
3302050197207
3302057826705
3302335553463
3302335577730
3302338007991
3302338011108
3302338032258
3302341442790
3302342087490
3302342129862
3302570162679
3302576779665
3302576864145
3302577120177
3302620219542
3302620219557
3302762822760
3302762822820
3302777502555
3302777502615
3302778375912
3302779494393
3302829578586
3302829578601
3302829578646
3302829578661
3303101911344
3303149106531
3303149630817
3303669169632
3303672355296
3305382869451
3305951330298
3306322656579
3306331010883
3306334449108
3306335502327
3306377180007
3307666371168
3307669505127
3307669509921
3307670161986
3307670716209
3307673170737
3307673171043
3307674455859
3307676995377
3307677377535
3307677632559
3307678452975
3307678457769
3307955359455
3309954898920
3309958554168
3310002195081
3310891790055
3310894430463
3310897823457
3310899419553
3311093336682
3311093336742
3311100972927
3311176600209
3311419989936
3311420198832
3311420215278
3311420830590
3311426981358
3311428431735
3311429109591
3311433282372
3311435416434
3311435449920
3311470182657
3311470486515
3311470579683
3311476483335
3311476908483
3311479546305
3311482784013
3311485020975
3311485431183
3311632620492
3311676686319
3311705211153
3311705474553
3311707595673
3311709701529
3311714159001
3311993203650
3311998714170
3312236599785
3312236600025
3312476963094
3312476963109
3312477226494
3312479347614
3312479347629
3312481453470
3312481453485
3312485910942
3312485910957
3312560849220
3312563233740
3312565339596
3312569797068
3312576325488
3312617770941
3312862611423
3313083862497
3313089186147
3313095901167
3313381605732
3313381605972
3313751893995
3313756010283
3313766726187
3313767408633
3313993474875
3313993478040
3314276102526
3314522258427
3314557988826
3314557988841
3314570674650
3314570674665
3314643488757
3314649497559
3314649755637
3314656625073
3314699799489
3314699815491
3314851401294
3314855833416
3314855833476
3314895266667
3314895266727
3314897356773
3314897372523
3314897372583
3314901829995
3314901830055
3315428376954
3315428377014
3315505688466
3315505688481
3315508142994
3315508143009
3315511553526
3316788573324
3316788575298
3316789542606
3316792685802
3316795807575
3316797523680
3316804128450
3316805246931
3316854548847
3316855331139
3316999098084
3316999251492
3317078267391
3317594011647
3317594821887
3317604929106
3319079309034
3319175050986
3321930839520
3324304757487
3324305720631
3324305724999
3324305954577
3324311312145
3324313783944
3324316860183
3324363894507
3324364127301
3324890666754
3325503685869
3325974104643
3325974105123
3326262115920
3326586737160
3326595122814
3327156910056
3327165291018
3327407363835
3327584718465
3328333806300
3328346770140
3328925734383
3328925759271
3329675737584
3329679755232
3329688701424
3329689085808
3335053589649
3335057736366
3335058854847
3335108942721
3335862727344
3335863007379
3335914520022
3335914520037
3347942313972
3347942696880
3350074588206
3350075129847
3350078615214
3350079027246
3350079080424
3350079084885
3350079158559
3350083521606
3350083526400
3350083534239
3350089824723
3350129151855
3350140272387
3350176038270
3350282321838
3350645403138
3350649580290
3350879903295
3351215472636
3351221894604
3351516482655
3351685209966
3351691608042
3352036320276
3352357101000
3352365316920
3352365328953
3352457903994
3352645599099
3353165692014
3353303536785
3353303537745
3353396458638
3353396459598
3353505500520
3353505500580
3353563880523
3353563880583
3354101101740
3354101102700
3354109480113
3354651381009
3354653617518
3354654399810
3356970810729
3356986432905
3360358075503
3361628487312
3362965751280
3362965753158
3362966555904
3362974285614
3362975264529
3362975715120
3363018190083
3364159588749
3364163226957
3364163866479
3364165463919
3364583491950
3365826833790
3366196006902
3366398451528
3366398451588
3367002430881
3367002431121
3371549554665
3371550364140
3371550364905
3371555715063
3371557787970
3371566096188
3371566096230
3371600148321
3371600172387
3371665676151
3371753799660
3371766380334
3371837677533
3372122898231
3372321306606
3372322116846
3372355105791
3372357779193
3372370359867
3372406003542
3372406003557
3372556998453
3372693315549
3372748970817
3373175666538
3373261641525
3373261641555
3373846738728
3373889821065
3373889837067
3374401926120
3374980618602
3374980618662
3375037920075
3375037920135
3375064226193
3375450118440
3375584598195
3375591585363
3375835978074
3375835978089
3375835978134
3375835978149
3380679270381
3380878496748
3383905819041
3389806083927
3389861730627
3398930781015
3398930781495
3408115342209
3423097951680
3423663938658
3425436278139
3425956773672
3426570280011
3426570280071
3426889449399
3444566384541
3444567396912
3444572651421
3444614592099
3444615116385
3444860492505
3445134655200
3445137840864
3445377543699
3445432906326
3445432906341
3445485412374
3445586076708
3445632244446
3445632244461
3446005498452
3446290719780
3446290719810
3446848355019
3447146150907
3447788142147
3447799934676
3448363890822
3448605975120
3448649657490
3448649657505
3449135656209
3450283696404
3462833055615
3463396325088
3496116866577
3496119103086
3496119885378
3498436296297
3498451918473
3499626323601
3500398075482
3500398075497
3500398075542
3500398075557
3504693388281
3504693391599
3504693449721
3504694359111
3504696403968
3504697929981
3504701006316
3504701007081
3504701067756
3504701068521
3504910362252
3504949589679
3504952669959
3504961617807
3504985845567
3505268830188
3505268891628
3505273023456
3505273084896
3505472759022
3505472820462
3505513029204
3505553080317
3505556645718
3505556645733
3505556707158
3505556707173
3505564773150
3505564773165
3505564834590
3505564834605
3505565593566
3505565593581
3505565655006
3505565655021
3505707640629
3505707702069
3505716588477
3505716649917
3505843201644
3505843263084
3505889112573
3505900317357
3505900378797
3506135181663
3506135243103
3506307022764
3506319646830
3506319648456
3506358875511
3506358875883
3506361956163
3506370095601
3506370157041
3506370904011
3506412283701
3506412283731
3506412345141
3506412345171
3506421231549
3506421231579
3506421292989
3506421293019
3506644105887
3506975371272
3506978104827
3506982743784
3506982805224
3506983756926
3506983761720
3506984004090
3506984053962
3506984065530
3506984115402
3506990735736
3507553925130
3507923528430
3507923589870
3507964979601
3507965041041
3507968999415
3507981512679
3507981574119
3508132507515
3508132507575
3508132568955
3508132569015
3508735404252
3508924278519
3508934667867
3508934667927
3508934729307
3508934729367
3509259806199
3509265789798
3509268246303
3509834837334
3509834898774
3511648120266
3511648181706
3513875067897
3514029138924
3514029200364
3514976774511
3514976835951
3517584578118
3517584581958
3517593525966
3517593529806
3517633165143
3517644385233
3517644446673
3517863498495
3517863502335
3517864466007
3517864469847
3518149680726
3518149684566
3518391215463
3518391215703
3518391276903
3518391277143
3518399342895
3518399343135
3518399404335
3518399404575
3518400163311
3518400163551
3518400224751
3518400224991
3518783012451
3520145478168
3520145482008
3520724032026
3520724032041
3520724035866
3520724035881
3520807134039
3520807195479
3520816081887
3520816143327
3521616277359
3529801019370
3529801080810
3530472107694
3530472169134
3531283983516
3531605014293
3532081423191
3532081423671
3532081484631
3532081485111
3532090371039
3532090371519
3532090432479
3532090432959
3535834916352
3535888520775
3535888524615
3535897468623
3535897472463
3536225396205
3536225457645
3537311311359
3541501553055
3541501614495
3550343145903
3550343207343
3554149383843
3556248239151
3556299059085
3556299120525
3556438306188
3556438367628
3556441058700
3556804209186
3556804270626
3557042285721
3557042347161
3557045038233
3557847592392
3557847653832
3557850344904
3557898396705
3557898458145
3558245216094
3558245216109
3558245277534
3558245277549
3559100366202
3559462616193
3559469869047
3560134225785
3560134287225
3560234368074
3560234368134
3563087100729
3569126284866
3569126288706
3569172686337
3569172747777
3569418346047
3569418349887
3571079785839
3571079786079
3571079847279
3571079847519
3571458317961
3571458321801
3572392515201
3572392516161
3572392519041
3572392520001
3572632723089
3572632726929
3573404474970
3573404474985
3573404475030
3573404475045
3573404478810
3573404478825
3573404478870
3573404478885
3590593705521
3590594994129
3590597342304
3590601133122
3590605958943
3590647670625
3590794771743
3591365457462
3591449564502
3591449564517
3591454922070
3591454922085
3591600559413
3591605916981
3591608388780
3592204057947
3592305202485
3592305202515
3592310560053
3592310560083
3592313031852
3592313031882
3592551355956
3592875235161
3592885870056
3592889525304
3592933166217
3593816733639
3593826631668
3594024307818
3594024307878
3594107571345
3594393046176
3594879323226
3594879323241
3594879323286
3594879323301
3595158910947
3598428238305
3602949164193
3603478550004
3603479856624
3603530248161
3603734349615
3604294367934
3604619454324
3604626243567
3604627736061
3604671885309
3604677214653
3604919039391
3605143635819
3605822819661
3605825274189
3663809467884
3664178566455
3664412637177
3664413447417
3666463905768
3710852398071
3710854085952
3710855868138
3710856348648
3710856351456
3710917764975
3711422263302
3711431211150
3712293750879
3712813588500
3714282768744
3714282768804
3714658713021
3714860302026
3714882399927
3714886748337
3719978643969
3719987554161
3719987591817
3721135343727
3723743019504
3723743291136
3723752222658
3723752532753
3723795458307
3723802437603
3724592374038
3724592374053
3724601321886
3724601321901
3724932394893
3724940495181
3724942732143
3724943401839
3727008293697
3727017240999
3727017241545
3728030412762
3728030412777
3736918260414
3739851242625
3739851250305
3739893723873
3740622994506
3740622994566
3740623002186
3740623002246
3742056165315
3747660122271
3756501715119
3760306866573
3760309103535
3760309773231
3764774684874
3764777830410
3765479327976
3765482473512
3766345496889
3775328938287
3777619786521
3783875219904
3785023807356
3787347548235
3787347548295
3787666717623
3796806039033
3796960110060
3796960171500
3797322391746
3797322453186
3797329208631
3797329270071
3797338156479
3797338217919
3797564089593
3797564151033
3797760831135
3813113554917
3820390178748
3820390178790
3882650515596
3882654628074
3882659465952
3882861193764
3882940209663
3883220979300
3883455953919
3883456764159
3883799107665
3883800410391
3884270479968
3884596672620
3885036993258
3885976517574
3886073118708
3886138768203
3886138768263
3886446213621
3886681159863
3886681160676
3887792781792
3895541697504
3898757610486
3899335494066
3899342450670
3959103160170
3959103160230
3959707139763
4029258267360
4088817905250
4088817966690
4090422568992
4101696858624
4101709360998
4102888086081
4102888089921
4123175013375
4123176161772
4123176162537
4123180923159
4123183989624
4123183991154
4123230443235
4123381451244
4123461665022
4123664303775
4123742689056
4123743375366
4123750537011
4123752323214
4123947914478
4123985430777
4123989369657
4123990425531
4124031801174
4124031801189
4124039679966
4124039679981
4124040749022
4124040749037
4124182796085
4124190625452
4124191743933
4124310435426
4124311803729
4124372107077
4124887439157
4124887439187
4124895268524
4124895268554
4124896387005
4124896387035
4125073589979
4125457899240
4125461813145
4125463280904
4125513875259
4125516329787
4126020845562
4126029825582
4126029902139
4126033706634
4126399103607
4126401360804
4126401361569
4126405295745
4126456668135
4126505889414
4126507007895
4126600524123
4126600524183
4126606544490
4126606544550
4126607662971
4126607663031
4126968772482
4127173113450
4127173113510
4127177047626
4127177047686
4127210532516
4127210599935
4127211650997
4127256975318
4127256975333
4127407970169
4127407970229
4128309992790
4130075547087
4130595640314
4131015095139
4131535166934
4132299756033
4132308666225
4132308703881
4132504294380
4132505896623
4133436423744
4136053731171
4136054539107
4136054542272
4136060010822
4136062637040
4136068958670
4136068968258
4136116531149
4136117202735
4136307516207
4136624079648
4136858997759
4136866370919
4136866371159
4136874249711
4136874249951
4136875318767
4136875319007
4136913486102
4136913486117
4136922433950
4136922433965
4137209742204
4137244812285
4137247933773
4137251234253
4137253980045
4137256217037
4137715496289
4137716802411
4138390701867
4138390779243
4138401001353
4139282289495
4139290118862
4139291237343
4139329405761
4139338353063
4139338353609
4139476174152
4139476174212
4139575406481
4140091545063
4140091545303
4140347158362
4140347158377
4140347158422
4140347158437
4141424572041
4141425874752
4141433722707
4142196323982
4143713011278
4143713087835
4143719302827
4146559442400
4148940752625
4148947682871
4148949932745
4149721684686
4149755203326
4150556578647
4150556579127
4150564408014
4150564408494
4150565526495
4150565526975
4151281948395
4153563649515
4153563674403
4154307265344
4154322503538
4154357573619
4154358484929
4154363953479
4154363995587
4154368978371
4154372901327
4154372910915
4154594682777
4154700551661
4155366434718
4155366434733
4159676806818
4159678170327
4159678175121
4160484251091
4168802795136
4172614305165
4174709160480
4174709175840
4174713347721
4174723668015
4175286984639
4175485099662
4177575795066
4177944823470
4177944824430
4177945941951
4177945942911
4186232769402
4187645800227
4187883458457
4187893778751
4188655210398
4188655210413
4188739096524
4189890269034
4191071129451
4191071129511
4196183167455
4196183275377
4196194539315
4196391704556
4196446230735
4196450169615
4196760803127
4196995684089
4197004039923
4197859455819
4198006512108
4199046700266
4199050639146
4199411605488
4199983734711
4199986189239
4199986192356
4200225045393
4207603080168
4214443988823
4215242192895
4215243003135
4225055545083
4247738080119
4247738095479
4247788453635
4248528084543
4249333391214
4269482890239
4269490263639
4269498142431
4269499211487
4269775478358
4271541032655
4272299943576
4272715437783
4273000652502
4288024927968
4288271853138
4296580250976
4307854540608
4329338566857
4329621283647
4329621345087
4329909642357
4329909703797
4330110318798
4330143837438
4330148846847
4330988069169
4330988130609
4331666794347
4331666855787
4332417183387
4332555596631
4333126411959
4333126473399
4333356705015
4333564001883
4333564001943
4336175276415
4342262358801
4342262420241
4342508673753
4342508677593
4343024968446
4343025029886
4343227606959
4343227668399
4343280425694
4343280425709
4343280429534
4343280429549
4348160110560
4348160172000
4348393645311
4348393706751
4350676692699
4350676754139
4355104175895
4381437964209
4381438025649
4384006335354
4396840905339
4672924446999
4672924450116
4672924877310
4672926736383
4672929057012
4672931977011
4672934213427
4672934308302
4672934371278
4672936473468
4672937971887
4672938312774
4672938317568
4672938407817
4672940068035
4672940080872
4672940498754
4672941181695
4672975238121
4672983977331
4672984086465
4672984449315
4672984450179
4672986666867
4672987492011
4672987737459
4672988739561
4672990790889
4673025494103
4673029205838
4673135108526
4673183668431
4673185904847
4673210120019
4673218855743
4673218863903
4673222615871
4673226397695
4673494861344
4673495695347
4673497166406
4673503535022
4673505184800
4673505316386
4673710159758
4673730137205
4673730566643
4673730700287
4673733393663
4673733845823
4673733848940
4673739088059
4673739250107
4673743714035
4673744260656
4673746357503
4673789858142
4673789858157
4673796132594
4673939734572
4673940853053
4674065678589
4674065691444
4674065719980
4674065725248
4674065760081
4674074499069
4674078259197
4674081906687
4674115630917
4674115748589
4674125491149
4674125875695
4674125885283
4674129635823
4674363406239
4674367250271
4674543872238
4674544263918
4674544394730
4674544731552
4674544990719
4674548590764
4674585641265
4674595442541
4674644377644
4674644377674
4674645496125
4674645496155
4674743949804
4674746186220
4674884537424
4675209744888
4675214929614
4675215352824
4675215869736
4675216048095
4675216072632
4675216592520
4675221219048
4675222337529
4675266369513
4675272527055
4675272531849
4675784137962
4675786374378
4675790098938
4675792620282
4675793310120
4676074792794
4676074792809
4676146056930
4676149990017
4676154354414
4676154871029
4676154880407
4676154883473
4676155472895
4676158631157
4676159075139
4676160725742
4676161639119
4676161844223
4676162406135
4676205876207
4676254713990
4676255670423
4676255832471
4676363682408
4676363682468
4676440774641
4676446932183
4676446936977
4676722508454
4676723626935
4676723630052
4676724744870
4676725863351
4676725866468
4676921741898
4676921741958
4676926635354
4676926635414
4676959357092
4676960313525
4676960475573
4676967181047
4677009945831
4677161512539
4677161512599
4677162749544
4677162749604
4677212526582
4677218688858
4677218688873
4677218688918
4677218688933
4677552204207
4679779270968
4680349647258
4682051712867
4682060456751
4682064260832
4682067265329
4682257189620
4682346337215
4683204999087
4683208843119
4683255959181
4684340517864
4684341332616
4684342289049
4684342451097
4684342754280
4684442299386
4684448670714
4684448720586
4684449839067
4685288524659
4685288525031
4685288529825
4685483012955
4685483013015
4685811845616
4685813662530
4685818161870
4685819021184
4685819280351
4685822741820
4685822880396
4685825311647
4685826027351
4685859930897
4686018239436
4686020475852
4686108082623
4686380747697
4686389647350
4686395977986
4686622218729
4686622218969
4686624455145
4686624455385
4686667277142
4686667277157
4686818272053
4686825179055
4686828939183
4687522915125
4687522915155
4688104572906
4688145695625
4688909362539
4688909362779
4688912531451
4689038953026
4689039909459
4689040071507
4689320100753
4689331749855
4690091852634
4690091852649
4690091852694
4690091852709
4691178047040
4691178245616
4691182151658
4691186720718
4691188370496
4691188502082
4691193755409
4691238250959
4691238313935
4691244441411
4691757138978
4691757682656
4691758257459
4691993290974
4693468415112
4693469533593
4693476495816
4694039856330
4694274264795
4694278024923
4698694674144
4698702933678
4698703032042
4698704052159
4698704150523
4698707225262
4698707654403
4698709305006
4698710218383
4698710423487
4698754455471
4698760629483
4698803537538
4698804656019
4698996199167
4699508180640
4699509299121
4699709635308
4700313242178
4700313242658
4700314198611
4700314199091
4700314360659
4700314361139
4700371418337
4700414278380
4701035591625
4701035955339
4701795219195
4701847637754
4701923856000
4701924812433
4701924974481
4702216654551
4702596236232
4702596236712
4702729563831
4702730554068
4703260704195
4704063933393
4704117605187
4706408515563
4706917306362
4709432091846
4709432096640
4709432131473
4709445201120
4709492256675
4709733621663
4710018646014
4710250908816
4718575214511
4724464246596
4724465555463
4724472867438
4724473985919
4724476874493
4724476886937
4724477570658
4724480048736
4724528442723
4724573375490
4724574493971
4724759128383
4724759191359
4725248638878
4725278018592
4725279137073
4725286095039
4725286108665
4725614115741
4725664440165
4725668057085
4725668200293
4726755618666
4727325904680
4727555157870
4727603907450
4727744810607
4727748570735
4728264914334
4728264915294
4728416751471
4729037319630
4729087460643
4730228887023
4730232647151
4732315620771
4732315621731
4733793688071
4737635666199
4738163468079
4738503323340
4738973101806
4739644190712
4740438477435
4745952426414
4745998987875
4746002757507
4767058163658
4774054262667
4797689617551
4798293596319
4799098903755
4818957664254
4818970034007
4819017689775
4819246111449
4819248347865
4819532390946
4819533509427
4819818645138
4819818645153
4819975973109
4820017863390
4820017863405
4820020099806
4820020099821
4820630301921
4820680616181
4821243667080
4821244756536
4821244785561
4821533255259
4821536423931
4821814670139
4821815132826
4822988547831
4823039947734
4823039947749
4823189824104
4823189824164
4823190942585
4823190942645
4837215576642
4837216695123
4839497855835
4870502805198
4870552946211
4871308556697
4871642999037
4871694372591
4871698132719
4873062369915
4873354788858
4873781106339
4873781107299
4879091563056
4879097795304
4879097985024
4879149194979
4879192171650
4879193290131
4879298313198
4879663232817
4879668802290
4879669288755
4879888178238
4879896814752
4879897933233
4879954612725
4880286939021
4880748410727
4881380564889
4881665762043
4882605288663
4883119188180
4883175727062
4883175727077
4883326721913
4883326721973
4883662953471
4885994298831
4886514392058
4886514456057
4891446881511
4896010296807
4896010297047
4897346418513
4897352474451
4898157891807
4898350912668
4900196406474
4906467393471
4907200700139
4907243676810
4907244795291
4907948319912
4907949438393
4909476345321
4909482401259
4910236344000
4910236497408
4930624543854
4930638643197
4931772542190
4942041046905
4943520923310
5257044093930
5257055697681
5257619081250
5257620199731
5258190776868
5258240380527
5258244140655
5258760485214
5259330357384
5259331475865
5260273253364
5261070625719
5261126638038
5261126638053
5261276514408
5261276514468
5261277632889
5261277632949
5262811191651
5275302266946
5275303385427
5404276677219
5464212854940
5464349055918
5464824150048
5466058348746
5476098439680
5488976911080
5842590627999
5842597659231
5843503613433
5843546929371
5844251572473
5844594170955
5844594171015
5845113861951
5845198110975
5850298448895
5851432188654
5851432220847
5851438996047
5851439252079
5854095306729
5854157178354
5857261747776
5857764281691
5857764281751
5867746690239
5868536036928
5870162612943
5877964030623
5886805367439
5886805623471
5890550759412
5893844990205
5895932449935
5895932450895
5905596123423
5905847781807
5907257068011
5909102560671
5909102561631
5988341330511
6023707701903
6426428020815
6439598131551
6597070143438
6597070200834
6597070743906
6597071110623
6597071218545
6597071261646
6597071319315
6597074358273
6597074660916
6597074943861
6597075165951
6597075462015
6597079134204
6597079141923
6597080227650
6597083306121
6597083381736
6597120391161
6597122637537
6597123576825
6597125751879
6597125858913
6597127914729
6597272141748
6597273625134
6597275710956
6597276746775
6597276762414
6597278896620
6597278921508
6597284340270
6597287869356
6597338112783
6597355347993
6597362784081
6597371731929
6597640467954
6597640596822
6597640599366
6597644809527
6597645864309
6597647995191
6597647998308
6597653757375
6597655824558
6597655834146
6597656943039
6597656952627
6597846110214
6597855058062
6597875371251
6597879670647
6597879690489
6597880741947
6597882876153
6597882901041
6597888618495
6597891848889
6597933260826
6597933260841
6598076773167
6598077891375
6598127099934
6598127099949
6598134536022
6598134536037
6598143483870
6598143483885
6598210986060
6598211003508
6598211025984
6598215259989
6598224940341
6598227345276
6598262493645
6598497112863
6598680825582
6598680831840
6598681427952
6598681944063
6598682911338
6598686032979
6598686033252
6598686048618
6598688207712
6598693626474
6598697155560
6598731052131
6598747398987
6598781416239
6598782534447
6599016757980
6599016758898
6599030341200
6599356843560
6599367110280
6599368228761
6599412260745
6599938582314
6600291393783
6600293519283
6600341665473
6600544125003
6600544125063
6600551828331
6600551828391
6600559402983
6600586665873
6600785349876
6600871677879
6601077346266
6601110621939
6601112988561
6601163390934
6601163390949
6601313267304
6601313267364
6601314385785
6601314385845
6601358417754
6601358417769
6601358417814
6601358417829
6601634644290
6601635719472
6601637793276
6603350099253
6603350099283
6603966677385
6604855944162
6606196940841
6606200051571
6606202308465
6606204376929
6606204389169
6606213324777
6606257364771
6606485322495
6607338705711
6607393415781
6609418169343
6609428258721
6609955073904
6609960322884
6610005341763
6610244469009
6610253416857
6610534525728
6611016220950
6611016220965
6611025168798
6611025168813
6611096498016
6611100107076
6611109054924
6611629500897
6613378696008
6613378696068
6613441087851
6613441087911
6613982675361
6613982675601
6615323747394
6615323782755
6615327995223
6615331180887
6615332742336
6615336943071
6615339010254
6615339019842
6615340128735
6615340138323
6615374086095
6615374686563
6615375204303
6615375254979
6615384170307
6615894114288
6615894130353
6616130136063
6616130244318
6616332543660
6616343258796
6617605453707
6617606571915
6617655780489
6619938586947
6622742542842
6622839873219
6622893440751
6623410422306
6623411540787
6623698687698
6623698687713
6625121698440
6625122816921
6625175779023
6625691973114
6625691989722
6625695175386
6625926876411
6626350184151
6626635398870
6626917979094
6626917979109
6627067855464
6627067855524
6627068973945
6627068974005
6628217695680
6628217711424
6628549485876
6631069765626
6633577397376
6633593716668
6633593716710
6634383130290
6634396712592
6646462869408
6648609651255
6648611909154
6648615046434
6648616073223
6648619519863
6648622624290
6648626142588
6648676396803
6648894963519
6648896081727
6649415057187
6649416027711
6649416175395
6649465383954
6649465383969
6649616277303
6650039631831
6650041075479
6650221334382
6650893605483
6651007371642
6651461871642
6651466878504
6651831871479
6651834137844
6651838334967
6653173755234
6657944205831
6658881224679
6658882668327
6661786183959
6662648983377
6663839861097
6664063716219
6670084633968
6670088812521
6670860564462
6670940151762
6670940151777
6671091112695
6671092125855
6672936639450
6672936639723
6673305851889
6674077603830
6679496495871
6695904614127
6698991656922
6698991656937
6699075681732
6721825414383
6721825439271
6721909301079
6722429393151
6722429418039
6723050805207
6723234725475
6724476870522
6724845311220
6730750893927
6731892398055
6743099109234
6743100129858
6743101205040
6743103278844
6743959946838
6743959946853
6744110941749
6744815584821
6744815584851
6745432162953
6746334216144
6746606568081
6747378319962
6747378319977
6747378320022
6747378320037
6747663000942
6761353193331
6761404072515
6764208028410
6765966943599
6794639240802
6803228507331
6803229179892
6803229480765
6803230697328
6803232847728
6803235959652
6803235992367
6803241205248
6803286323211
6803480162319
6803493696303
6803798933439
6803799056418
6803800174899
6804087321810
6804087321825
6804242569077
6804419657445
6804654716127
6804846604584
6804889448523
6804902982507
6804947212149
6805040443692
6805182142068
6805510332552
6805511451033
6806080631850
6806083809498
6806455188678
6806457219456
6806651058504
6806651058564
6806652043128
6806652043188
6806702038089
6806702038149
6807255038097
6807306613206
6807306613221
6807456489576
6807456489636
6807457608057
6807457608117
6807844017453
6807849686505
6808932757836
6808932775284
6811014110679
6811265793897
6811265793957
6812406316029
6813496308975
6814637011752
6815576637429
6815583968967
6816120894216
6816314733324
6816398614227
6816398618067
6816918712617
6816918712857
6817724019528
6818395101915
6818395105755
6819587268447
6820348714740
6821482119135
6821482242114
6821483360595
6821683410663
6821780862873
6822552614814
6822552614829
6826045519170
6828377552265
6829048741881
6830143741599
6830622455721
6830949881367
6831280012491
6832138826970
6832138826985
6832270480077
6834853521399
6834946547424
6834946551264
6839787036621
6854773537902
6854775061614
6854818446339
6854831980323
6855339515709
6856378727712
6857057247051
6857858955291
6857990322108
6857990322150
6857990323068
6858040317069
6858040318029
6859333295436
6862183643418
6862604072877
6862604073837
6867653017344
6869935331967
6869935335807
6889416293631
6889699954578
6890324386917
6962142927534
6962427467007
6962951895033
7009394184684
7009394185449
7009394307564
7009394308329
7009400966880
7009402012536
7009402014066
7009402135416
7009402136946
7009437902691
7009450386531
7009961398278
7009961521158
7009970346126
7009970469006
7010165937390
7010166060270
7010208448443
7010249824086
7010249824101
7010249946966
7010249946981
7010258771934
7010258771949
7010258894814
7010258894829
7010400818997
7010400941877
7010408648364
7010408771244
7010409766845
7010409889725
7010818343703
7011105462069
7011105462099
7011105584949
7011105584979
7011113291436
7011113291466
7011113414316
7011113414346
7011114409917
7011114409947
7011114532797
7011114532827
7011675922152
7011676045032
7012674691047
7012674813927
7012723912326
7012725030807
7012824567402
7012824567462
7012824690282
7012824690342
7012825685883
7012825685943
7012825808763
7012825808823
7013428555428
7013429673909
7014526143861
7014528015702
7014528138582
7015105219893
7018517778945
7018517901825
7018526689137
7018526726793
7018526812017
7018526849673
7018722317292
7018722440172
7019654446656
7019659936551
7022280659952
7022280782832
7022842102560
7022842225440
7023077020671
7023077143551
7023084393831
7023084394071
7023084516711
7023084516951
7023093341679
7023093341919
7023093464559
7023093464799
7023131509014
7023131509029
7023131631894
7023131631909
7023140456862
7023140456877
7023140579742
7023140579757
7023427765116
7023427887996
7025500312407
7025500435287
7025508141774
7025508264654
7025509260255
7025509383135
7025547428673
7025547551553
7025556375975
7025556376521
7025556498855
7025556499401
7029937325739
7029937448619
7030505796810
7032777465312
7032777588192
7036774601559
7036774602039
7036774724439
7036774724919
7036782430926
7036782431406
7036782553806
7036782554286
7036783549407
7036783549887
7036783672287
7036783672767
7040525288256
7040525411136
7040540526450
7040540649330
7040918574573
7040918697453
7043675907546
7043675907561
7055020818048
7061137386639
7061741365407
7062546672843
7063224582009
7063495747707
7064162846382
7064162847342
7064162969262
7064162970222
7064163964863
7064163965823
7064164087743
7064164088703
7070069686140
7072450792314
7072450915194
7083828073431
7092669666279
7095337287165
7097567982888
7097575413483
7181185689666
7181185818414
7181194684608
7181237197251
7181991128592
7181992078335
7182003924735
7182194485932
7182205201068
7182333939207
7182899129004
7182899129034
7182909844140
7182909844170
7183467395979
7183468514187
7183517722761
7184412241911
7184610404970
7184610405030
7184613542250
7184613542310
7184621120106
7184621120166
7184674892619
7184674892679
7184692127889
7185217521843
7185270040722
7185270040737
7185413553003
7185413553063
7185414671211
7185414671271
7185463879770
7185463879785
7185463879830
7185463879845
7193533720737
7199439198588
7199489632323
7387545352935
7387642805145
7388414557086
7388414557101
7388485892988
7388492339943
7388498443212
7388535887949
7388967370272
7390623103107
7390816942155
7390816942215
7390830476139
7390830476199
7391907461442
7393099643757
7394239494537
7396484397993
7400715463671
7403457674112
7403651513160
7403651513220
7404255492513
7404255492753
7410211404099
7421703683982
7421712697200
7421712701376
7421712844398
7421715866709
7421956374543
7422274221942
7422275145663
7422277556064
7422509250288
7422512435952
7422719489844
7422844526604
7422844646127
7422845645085
7422851061585
7422852194940
7422853707543
7422895869669
7423365660747
7423424132916
7423424132946
7423516655916
7424556844074
7425127270728
7425127270788
7425731250321
7426268193642
7426325074275
7427408970060
7433113223976
7434588840945
7434597798384
7434597803334
7434597803793
7434790945548
7435159240992
7435394924841
7435394925081
7435394990847
7436200231752
7439957287938
7439958331359
7439958406419
7439964956274
7440016787055
7442296989369
7444521731394
7444572136299
7446853764489
7447473600504
7447480010481
7448056088181
7448330228574
7448330228589
7448480105004
7448481223485
7449184748076
7449184748106
7449185866557
7449185866587
7452842426688
7458217428183
7458217432977
7473294658563
7474854939936
7480659855642
7486129229568
7494727341792
7496145294111
7504986886959
7567736549922
7567790559843
7568018817561
7568018883327
7568304367221
7568790569502
7568790569517
7568874455628
7585987216962
7588319250057
7594658417262
7594658540142
7594659535743
7594659658623
7595799268011
7595799390891
7596367739082
7596738792432
7596738915312
7606402468722
7606402591602
7609537849818
7609537849833
7619843653626
7620128853522
7620128853537
7622125341210
7627862872800
7627869712671
7627869715788
7628121371199
7628432539566
7628434405215
7628444722293
7628718862686
7628718862701
7628868739116
7628869857597
7629060896589
7629530657403
7629573382188
7629573382218
7629574500669
7629574500699
7631090914227
7631292267384
7631292267444
7633573966716
7636996552563
7641326655078
7641326658918
7641326659377
7646115725262
7646686143522
7646687262003
7648397419656
7648398538137
7648405026792
7650686728050
7653018761145
7653683024397
7654209934143
7654209937260
7654784012943
7654830658149
7655921211246
7659009845073
7679459655219
7679502380034
7679503498515
7680207023136
7680208141617
7681691024718
7765351530801
7780471007736
7791121364985
7793017731804
7793017732722
7828384104114
7971468019104
7971468034626
7971468054537
7971468080175
7971468080370
7971468083010
7971472242675
7971474470007
7971475488927
7971526398243
7971526399107
7971568694466
7972038505791
7972239806478
7972273081875
7972273337568
7972273359900
7972380950550
7972481614884
7972663555725
7973078694393
7973086680480
7973186257956
7973186257986
7973414238303
7973416991487
7973421055959
7973741884299
7973800067721
7973800116105
7973857314810
7974320158410
7974689283039
7974689406663
7974695696097
7974697246197
7974974472849
7974974521233
7974981927135
7975259428998
7975467448038
7975497364080
7975501513296
7975545195666
7975545195681
7975688041323
7975688041383
7975746224730
7975746224745
7975746224790
7975746224805
7975746273114
7975746273129
7975746273174
7975746273189
7976132146674
7977179234580
7978891596186
7980594887343
7980599661231
7980601258671
7980645171747
7981738488420
7981790358255
7982882960319
7983815809665
7983816065697
7983816114081
7983818866677
7983823519983
7984352920896
7984352984025
7984357148976
7984359403470
7984360970112
7984638165273
7985124735966
7985158289343
7985409917214
7985409917229
7985493803340
7985535902637
7986014054895
7986018773421
7986641104824
7986678591753
7986685112271
7986691401705
7986691555593
7987439989032
7987439989272
7987447977819
7987490269146
7987490269161
7987616239587
7987624537071
7987628671437
7987629310959
7987630908399
7987859517399
7987865806833
7988429539734
7988429539749
7988580842859
7988580842919
7988580843099
7988580843159
7988637558774
7989721691487
7989728593791
7989771977283
7989772023693
7989772025667
7992581805258
7992816639963
7997237862303
7997245257717
7997530506399
7997808252546
7998043185150
7998045943344
7998050092560
7999519524264
7999519585530
7999523747835
7999577904267
7999620199626
8000324842728
8001138185160
8001138185640
8002606564674
8002663346127
8004183651834
8004938597769
8008780609695
8020902274503
8020915383777
8023014112815
8023015144959
8023299273759
8023578090498
8023578114846
8023578115119
8023815748176
8024440543647
8024621055072
8024624429166
8025295518072
8025866239866
8026284093027
8026287185775
8026950335865
8027084552094
8027084552109
8027084553054
8027084553069
8027571091743
8027629409571
8027822750127
8029232036331
8032140866607
8033282136495
8035895344704
8035943050095
8035947753315
8036184223551
8036748201234
8036748201249
8037841500516
8037841500756
8038224625497
8038744688922
8039919121839
8039919122079
8039919122799
8039919123039
8044482656718
8044486661190
8044532797731
8044532798595
8045673839565
8045674224111
8045674233699
8045677984239
8046093079968
8046764218152
8062786599375
8065588204746
8072584303755
8074144584648
8074144585128
8081040605091
8096076791139
8096307476799
8098303967082
8098874253096
8117597632242
8118360594066
8118360594081
8118644720148
8119833145611
8120063881752
8120071870299
8120357081754
8120718144129
8121204735579
8121204735639
8121489896010
8121489896070
8169036577311
8169094895139
8169288235695
8170465393236
8170697521899
8172543014559
8172543015519
8178196886658
8178204222366
8178204222639
8178204283806
8178204284079
8178431819262
8181576443385
8181576504825
8181710660574
8181710660589
8181710722014
8181710722029
8182197199263
8182197260703
8190518698734
8190518760174
8190562263999
8190562325439
8190566038191
8191366993554
8191366993569
8191366997394
8191366997409
8192793104952
8192793108792
8192850733017
8192850794457
8193363481242
8193363485082
8194545230319
8194545230559
8194545291759
8194545291999
8195887408335
8195887469775
8204259239838
8204259239853
8204259301278
8204259301293
8206248391818
8229173406696
8229173468136
8242051153614
8242101294627
8242101298467
8243242721007
8243242724847
8243246481135
8555633965965
8556779662947
8556782755695
8557580122974
8557580122989
8558804834433
8559375285687
8559576586314
8559576586374
8568468506946
8570414692719
8570414692959
8570800540041
8571974945169
8572746697050
8572746697065
8572746697110
8572746697125
8586772449603
8593217664993
8609009215056
8616275195766
8616845619951
8703038585439
9345849868281
9345851108910
9345853013811
9345855299598
9345856418079
9345856421196
9345856610868
9345856618488
9345859293180
9345859301085
9345864476211
9345899595951
9345906884211
9345914546685
9345965851890
9346054336806
9346054521132
9346106180751
9346108076607
9346419499638
9346419689970
9346420093746
9346658316339
9346658500665
9346661396787
9346858546719
9346990651221
9346994332812
9347047601997
9347460274020
9347463623010
9347463807336
9347515466955
9347517362811
9347666462124
9348131382888
9348705006330
9348706633704
9348951474939
9349070883564
9349274449863
9349278972792
9349278972852
9349572955227
9349572955287
9349640662998
9349649445510
9349891001559
9350420627454
9351558776268
9351560672124
9352756443087
9353646566868
9353687972289
9353890793445
9353890809195
9353890809255
9354216062934
9358414548075
9358414548135
9358789242255
9358940751756
9359304609708
9359544731049
9359544731289
9359882371068
9359929286925
9360350037960
9362164059720
9362164059780
9362772441063
9362819556246
9362819556261
9364103269872
9364112901312
9364118865783
9364674426672
9364688512800
9366391732200
9368673433458
9368724570111
9371005466553
9371619462828
9371621695215
9371623002633
9372193453887
9372195521070
9372196639551
9372196642668
9372394754574
9372428307996
9372629911212
9373334554284
9373334554314
9373907916654
9373908719400
9374017357050
9375045830250
9375045830310
9376236551553
9376244545515
9376987795404
9376988376465
9377003644689
9377042048259
9397389270852
9397392805152
9397404796959
9397446360627
9397656455343
9399065741547
9399677730126
9399678532872
9399778078458
9400244944458
9400616406609
9400625374452
9400625985525
9400911234207
9400911235167
9406532017023
9409752827055
9409752828015
9410273525358
9410274367860
9410276396919
9413130644862
9413415055194
9413415055209
9418870027071
9418870030188
9419119300623
9419438071743
9420528586827
9420679581996
9421716230346
9421719770154
9422290196808
9422290196868
9422293619784
9422293619844
9422894176401
9430276150056
9437121257439
9470403911268
9470457584643
9472017866016
9472691339118
9472740089211
9492168623769
9492940375710
9492940375725
9493024261836
9495112052436
9495153457857
9495156538305
9495356294763
9495356294823
9552010329327
9552011636745
9552023297532
9552023557167
9552023557362
9552023560002
9552023582304
9552213227316
9552300062553
9552578527122
9552584155182
9552585273663
9552585276780
9552783388686
9552816942108
9552828217107
9553014919980
9553018545324
9553071814494
9553071814509
9553163762892
9553214478333
9553622513520
9553719563052
9553719563082
9553723188396
9553723188426
9553969715295
9554296550766
9554297353512
9554355593097
9555232865247
9555236272119
9555237450675
9555434448612
9555434464362
9555434464422
9555529998225
9556301750106
9556301750121
9556301750166
9556301750181
9556687623666
9561141655401
9562282637181
9564371591073
9564897337038
9564897340878
9564950338287
9564950342127
9565180436223
9565180440063
9565181743641
9565181747481
9565953495582
9565953495597
9565953499422
9565953499437
9566037381708
9566037385548
9569136319851
9569136319911
9569136320091
9569136320151
9570267340878
9570268459359
9570327500685
9570327502659
9570832324386
9571082941695
9572543600520
9577781444511
9577885505235
9578590148337
9578925691551
9580075062522
9583150143042
9583150146882
9583201279695
9583201283535
9583717228209
9583717232049
9584739128826
9585482176137
9585482179977
9589336086687
9603552050223
9603554459112
9603562519920
9603563585277
9603648560898
9603751525308
9604121672706
9604133591838
9604133592111
9604353204000
9604754767869
9605160811512
9606404177274
9606406585710
9606406586202
9606407388456
9607505812857
9607589050035
9607589050995
9607640029086
9607640029101
9607640030046
9607640030061
9608126568735
9608378227119
9609787513323
9611347146228
9616722157119
9616722160959
9617291779602
9617291779617
9617291783442
9617291783457
9618780102489
9619288267290
9619288271130
9620474598831
9620474599071
9620474599791
9620474600031
9637907457636
9638115714612
9639525000816
9640759572474
9640762913994
9640765994442
9641136797313
9641701311618
9641710434231
9641908549194
9641908549254
9650795884542
9650800469826
9653132502921
9654306908049
9655078659930
9655078659945
9655078659990
9655078660005
9713207121192
9759372521373
9767305330548
9767358475167
9771050921937
9771052149201
9771307280175
9772716566379
9809708428407
9844886639679
9846026845404
10515274251405
10516029243135
10540859520543
10540993721487
11682567069711
11682885840831
11683976355915
11684127351084
11685163999434
11685167539242
11685737965896
11685737965956
11685741388872
11685741388932
11686341945489
11686879620558
11686932621807
11687457193917
11688019665228
11693723919144
11695196123037
11695196925324
11695205050833
11695401640716
11695460885295
11696004312831
11696005620009
11696005620249
11696810926920
11696870171499
11698476659619
11700569026527
11700577941129
11701151578047
11701349693070
11705132253180
11705132426562
11705140379613
11705183563215
11705699511729
11705710802208
11707464459657
11710028028636
11710028029554
11713449731328
11713748051865
11714519803806
11714519803821
11733851680356
11733905353731
11735465635104
11736187858299
11741270550810
11745394400946
11746739924736
11746799169315
11747546033727
11748351340398
11755329876735
11757611554344
11809721589288
11976654890280
11987833253292
12644384702127
12644589749676
12645193729209
12645999035880
12646666311513
12647607809991
12647617708020
12647617720053
12647620673487
12648949987299
12650138957061
12652219314657
12657269067729
12657525425967
12658085444286
12658417319919
12658464515469
12658468291005
12658934712171
12659601565545
12659616350541
12662638294560
12670158231177
12670219321071
12670929983118
12677001492459
12695989119117
12696140102028
12696744081561
12697549388232
12705317251725
12717654529167
12719063815371
12719214810540
12720254982120
12735667214199
12790709336766
12791604442629
12793684800225
12850546865289
12851113468098
12851113529538
12851318617230
12851551907487
12863716972185
12863716976025
12864488724126
12864488724141
12864488727966
12864488727981
12864572610252
12864572614092
12866904631269
12866904643179
12866904643239
12866904647019
12866904647079
12869367082929
12869367144369
12904366583163
12906648284535
13194140003394
13194140083680
13194143215938
13194144535449
13194148716546
13194149777358
13194149835027
13194149961666
13194149984124
13194150858495
13194152700279
13194153977727
13194155835384
13194155851125
13194155982813
13194156295272
13194190317129
13194190318659
13194198217263
13194203123199
13194203199903
13194204374625
13194204398691
13194206213859
13194206410467
13194241156434
13194243674391
13194243954387
13194251503758
13194355278126
13194357573612
13194425691903
13194437722047
13194438340251
13194710513154
13194720407214
13194724380021
13194724481166
13194725568162
13194726307635
13194726504243
13194726672183
13194726686643
13194945782715
13194945799536
13194948317493
13194948597489
13194954238620
13194955284735
13194956146860
13194959257659
13194959373936
13194961553145
13194998889558
13194998889573
13195008142482
13195008142497
13195011776538
13195011776553
13195011881814
13195011881829
13195149884469
13195149923967
13195156407087
13195162599285
13195162767903
13195162876725
13195281198732
13195282416300
13195282421568
13195282935633
13195284140703
13195289619054
13195290737535
13195290829932
13195295990382
13195296903759
13195297108863
13195297109949
13195297110495
13195297126095
13195341140847
13195345360749
13195345384815
13195575628575
13195582356447
13195759341294
13195760459775
13195760568558
13195760578146
13195763724576
13195764564330
13195765802082
13195766920563
13195810952547
13195854527541
13195854527571
13195861050159
13195867242357
13195867519797
13195867519827
13196088471231
13196430469803
13196436841131
13196437583769
13196437780377
13196437847496
13196472036489
13196475249033
13196475265035
13196480866347
13196486651913
13196996392698
13196996443338
13197004630170
13197239743227
13197285228186
13197285228201
13197285260058
13197285260073
13197361430775
13197362817216
13197364237137
13197364314108
13197364350972
13197369107127
13197369110244
13197369110487
13197369994224
13197371206134
13197372065958
13197372066504
13197373931463
13197374351607
13197376365552
13197376415424
13197377141220
13197377141985
13197377277948
13197377337828
13197377338593
13197377474544
13197377533905
13197421565889
13197575675256
13197575675316
13197622640715
13197622640775
13197646441617
13197649654161
13197944294901
13197944320134
13197944782722
13197947874999
13197947908530
13198035546408
13198148893926
13198149090534
13198166585847
13198179269847
13198224749814
13198232745942
13198232745957
13198232942550
13198232942565
13198383001320
13198383740793
13198383740853
13198383937401
13198383937461
13198384119801
13198418193498
13198418193513
13198418193558
13198418193573
13198421406042
13198421406057
13198421406102
13198421406117
13198428151770
13198428151785
13198713160002
13198716308988
13198716341622
13199897916273
13201045193097
13201051317711
13201051514319
13201571410938
13201571607546
13201934459874
13201991230311
13202510937558
13202511134166
13203267154875
13203269941116
13203277754976
13203279933099
13203279944496
13203280824177
13203280861833
13203282904956
13203283063743
13203283066860
13203283101552
13204409971647
13204417221423
13204423949295
13205606725353
13206488034465
13206491247009
13206500700801
13206700198506
13206700198566
13206705273828
13206705470436
13206781130481
13207024992255
13207027197855
13207027468080
13207033670514
13207034858190
13207034880894
13207035759033
13207038014208
13207038026367
13207040041842
13207040091714
13207041210195
13207085242179
13207807510974
13207894591902
13207894591917
13208166291312
13208181587964
13208216069709
13208222625729
13208467014495
13208467236831
13208636049900
13208636059488
13208702121825
13209309836040
13209884914302
13210166554074
13210166554089
13210255935447
13210256086005
13210260209631
13210310511015
13210310511561
13210457211720
13210457211780
13210458263118
13210463276616
13210463276676
13211061191073
13211061191313
13211067315687
13211067315927
13211067512295
13211067512535
13211114430870
13211114430885
13212403592910
13212408753858
13212409493331
13212409689939
13212409857879
13212409872339
13212443946051
13212447158595
13212453720015
13212453904323
13212966061794
13212972746466
13213208760030
13213215191391
13214685087627
13214786831562
13215491474664
13217017102659
13219911370464
13219911396480
13219912816401
13219920645768
13219922730735
13219970989125
13220480317122
13220488938018
13220490056499
13220496504360
13221339158175
13221534498783
13222191588840
13222200214152
13222201332633
13222257719019
13222257915627
13222295459547
13222778068968
13223000102649
13223059647642
13223059647657
13223945094903
13223996494806
13223996494821
13224002942610
13224002942625
13224146371176
13224146371236
13224147489657
13224147489717
13224525623265
13224539420139
13224539454819
13224539616747
13224539651427
13224539784687
13224539809575
13230648788166
13230648792960
13230649307025
13230655990446
13230657108927
13230662361774
13230663275151
13230663480255
13230707512239
13232602311924
13235262990327
13235263040967
13235264287665
13243532662704
13243833385887
13244681906100
13245679528176
13245687512898
13245688523118
13245688527357
13245689563758
13245689572494
13245692280687
13245693562146
13245940187055
13245947455239
13245964690449
13245973638297
13245974597439
13246175063862
13246252064514
13246258749186
13246487230911
13246487232219
13246494691107
13246500895839
13246501051923
13246551296862
13246551296877
13246551506910
13246551506925
13246594509942
13246702501821
13246736442390
13246736442405
13246745390238
13246745390253
13246820328516
13246829276364
13246878660207
13246879759821
13246885428477
13246886841069
13247114636628
13247349473259
13247353171047
13247356741443
13247407144893
13247407144923
13247584350066
13247634681564
13248019545993
13248024510267
13248071954298
13248071958474
13248776601576
13248903150555
13248959035377
13248963784389
13249155707979
13249155708039
13249161309291
13249161309351
13249193951121
13249471719042
13249965703002
13249965703017
13249965703062
13249965703077
13250246227266
13250255711607
13251392793972
13252578260361
13254806283297
13254814087680
13254815231145
13255956229476
13257098971752
13258035543969
13258564665207
13258565053836
13258572369903
13258577432439
13258622711667
13258627460679
13259385866607
13259385866847
13259386076655
13259386076895
13260512984559
13260512984799
13261793605365
13261801995231
13261990278984
13261990279044
13262594258337
13262594258577
13267204863171
13267221051207
13267372046103
13267725408684
13267725418272
13267741122216
13268170641567
13268310447279
13268311545966
13268360265405
13268765144544
13268781332307
13268781356136
13269440428008
13270391921136
13270391971008
13285408594380
13285408603968
13285424304747
13285424307912
13295256368331
13296816649704
13303677917358
13319280730110
13319715839151
13320122457567
13320135072927
13320420482223
13322735737563
13328964050415
13328976665775
13340177624946
13340178645570
13340178850680
13340178852210
13340178900552
13340178902082
13340181537795
13340181794556
13340181827190
13340184945711
13340184945906
13340184948546
13340184994914
13340755484682
13341040600662
13341040600677
13341185486508
13341191595573
13341890129580
13341890129610
13341896238645
13341896238675
13342131103839
13342510678665
13342516803279
13342516981641
13342516999887
13343309459994
13343309460009
13343601405546
13343601405606
13343685083793
13343691208407
13343691386769
13343691405015
13343976423126
13343976619734
13344456835674
13344456835689
13344456835734
13344456835749
13344463138650
13344463138665
13344463138710
13344463138725
13344849012210
13358425138416
13358482588227
13358488889229
13358488891203
13360714163883
13376728526535
13377497475231
13391711712834
13391721197175
13392009759327
13392009969375
13392294980382
13392294980655
13392858279540
13393136877279
13394003241087
13394043745929
13394939684526
13394939685486
13395218151057
13395667201401
13395801417630
13395801417645
13395801418590
13395801418605
13395989902938
13395989902953
13395989902998
13395989903013
13396287957279
13396539615663
13397948901867
13400307996477
13400311275375
13400311275423
13400311363440
13400311364847
13400313454080
13400314239150
13400314248738
13400314508079
13400314681344
13400361204867
13400364838923
13400512197420
13400565945135
13400583450897
13400592398745
13400877572130
13400878690611
13401116176953
13401116408511
13401117654612
13401119670111
13401119891028
13401163667901
13401355202838
13401355202853
13401364150686
13401364150701
13401439088964
13401448036812
13401452065644
13401489421245
13401921483624
13401921486240
13401925120296
13401970236525
13401974545713
13401975231339
13402588848264
13402589966745
13402641324777
13403150366376
13403166703080
13403535735168
13403579586999
13403579587545
13403730558840
13403730558900
13403780069739
13403780069799
13404106276029
13404333729015
13404385128918
13404385128933
13404535005288
13404535005348
13404536123769
13404536123829
13404539354715
13404539354775
13406065856781
13407202638123
13407726401946
13408092626391
13408344309609
13408344309669
13409425043745
13409433991593
13409435238399
13409441354751
13410575686620
13412646674421
13412907719547
13412907719607
13413195775872
13413199409928
13413244526157
13413248835345
13413481471743
13413481475583
13414039058130
13414039058145
13414374625857
13414374629697
13416035545818
13416665784159
13418560757826
13418561876307
13418564826978
13418853111705
13419624863646
13419624863661
13420833552072
13421416611018
13423178618115
13426128166809
13426889332287
13427694704553
13428412710027
13429972990920
13429972991400
13431453193728
13436859316161
13436865552333
13449740997249
13449741001089
13451850481440
13451850888567
13451854314879
13451904179433
13451904229155
13452089504775
13452098452623
13452418031421
13452418428078
13452655993875
13452659145759
13452659401791
13452994682094
13453498790979
13453507738827
13453649786148
13453658733996
13453796851455
13454122090104
13454178842985
13454703008778
13455068837820
13455068837862
13455068838780
13455791545455
13456401299952
13457542100292
13457551048140
13459682588589
13459682589549
13459883081067
13459883081127
13463259388680
13463542619739
13464739192575
13464739196415
13464924075780
13464933023628
13465293905580
13465293909420
13465528055073
13465528055313
13465537002921
13465537003161
13465866100479
13465866104319
13465878944415
13465878948255
13466333361984
13466342309832
13467065835087
13486208726112
13486210915632
13486210935876
13486211832969
13486214034879
13486983584910
13487056426326
13487056426341
13487207421237
13487215250604
13487340942783
13487912064309
13487912064339
13487919893676
13487919893706
13489431671937
13489631169642
13489631169702
13489636244964
13489636441572
13489989469344
13489989510546
13489989579906
13490002347138
13490005308855
13490005505463
13490203423818
13490203423878
13490240224497
13490240421105
13499095344450
13499381943705
13500153695646
13500153695661
13500237581772
13501427377545
13502569614699
13502569614759
13502601782673
13503373534554
13503373534569
13503373534614
13503373534629
13561173529791
13562064434664
13606464749250
13606464781122
13606466840718
13606506997743
13606507196847
13606573667703
13606724723463
13606741958673
13606750906521
13607042481252
13607513710614
13607513710629
13607522658462
13607522658477
13607597596740
13607606544588
13607613839223
13607655928431
13607899045983
13608130407651
13608130439271
13608134009667
13608411949788
13608411950772
13608796814217
13608839313354
13609543956456
13609556569848
13609730800869
13609736303601
13609741052613
13609932976203
13609932976263
13609938577515
13609938577575
13609971219345
13610248987266
13610742939354
13610742939369
13610742971226
13610742971241
13610742971286
13610742971301
13611023495490
13611604659573
13613355528585
13614824574453
13615583551521
13615592499369
13615646666751
13616740638831
13618804974327
13618805239797
13618812812193
13619399979891
13619404697283
13619404728903
13620150628779
13620150629019
13622570873589
13622767547208
13622767547268
13623371526561
13623371526801
13624710753264
13624768691907
13624768723779
13629327438147
13632234551295
13632239514999
13632239522679
13632807054510
13632807062190
13633044620307
13633044627987
13633048028223
13633048035903
13638166216113
13643022299823
13643265417375
13652107010223
13658009463927
13658012646297
13658012646603
13658817849375
13660286887947
13660288151082
13660578281688
13660854367434
13661220976311
13662568802670
13669419874536
13671182757339
13674024478170
13674024478185
13679486491764
13680677674989
13692372325887
13692372483756
13693422771645
13693506657756
13694637733416
13695220776360
13695838690683
13695838690743
13701492612537
13778265533538
13778320064355
13778828004066
13778834688738
13779275050020
13779398720475
13779412454919
13779916483683
13779979693092
13779979693122
13780547029899
13780648773834
13781353416936
13781486764020
13781490757623
13781493075168
13781527097025
13781692057962
13781692058022
13782296037555
13782348556434
13782348556449
13782486703863
13782493186923
13782493186983
13782499547739
13782499547799
13791190773315
13792297565151
13794371660790
13794374806263
13806317031144
13807833284256
13853231307483
13924287080688
13924350831501
13925435255406
13925905067106
13926296988510
13926296988525
13926576106155
13927515630576
13927515680448
13928092264578
13984426769250
13984715053977
13985486805918
13985486805933
13985564408700
13985570692044
13986039619104
13986040846368
13986705665256
13987701618819
13987848977256
13987848977316
13987902724971
13987902725031
13988452956849
13989040560387
13990178159469
13993556646825
13997315136000
14000536189824
14018773579656
14018776765320
14018777011080
14018781953934
14018782199694
14018784703089
14018786343168
14018786588928
14018788369272
14018788370802
14018788615032
14018788616562
14018789896002
14018789982216
14018789997708
14019034644495
14019034890255
14019041640591
14019068403609
14019068649369
14019271165599
14019353415615
14019353661375
14019354059583
14019354062700
14019645128670
14019645128685
14019645374430
14019645374445
14019795005100
14019795250860
14019796123581
14019796369341
14019840155550
14019840155565
14019840401310
14019840401325
14019914400567
14019914403732
14019914609412
14019922796556
14019923042316
14019923915037
14019924038511
14019924041676
14019924160797
14019924284271
14019924287436
14019930710652
14019972779841
14020443930699
14020444176459
14020450926795
14020499648172
14020499648202
14020499893932
14020499893962
14020500766653
14020500766683
14020501012413
14020501012443
14020594925868
14020595171628
14020601921964
14020680451803
14021064392703
14021065336686
14021121929097
14021635114026
14021635359786
14021635826664
14021636687406
14021636763963
14022004414965
14022004660725
14022061047783
14022061293543
14022061574211
14022204022635
14022204022695
14022205540680
14022205540740
14022205786440
14022205786500
14022210924138
14022210924198
14022211169898
14022211169958
14022211837515
14022211837575
14022212042619
14022212042679
14022212083275
14022212083335
14022212288379
14022212288439
14022256074603
14022256074663
14022256320363
14022256320423
14022296334225
14022809520273
14022809766033
14022813780732
14022814026492
14022860062614
14022860062629
14022860308374
14022860308389
14023068086106
14023068086121
14023068086166
14023068086181
14023346463594
14023346709354
14023403589987
14023923845394
14024487240012
14024487485772
14024494236108
14026566098421
14026617973743
14026826269035
14026826269095
14027909995470
14027909996457
14027910241230
14027910242217
14028112758447
14030191493928
14030191739688
14031137927073
14031668089725
14031668335485
14031768233427
14031774844914
14031775090674
14031869215500
14031869461260
14031876211596
14032472876529
14032473194793
14032473195033
14032473260799
14032473440553
14032473440793
14032473506559
14032480190889
14032480191129
14032673132460
14032808419743
14032814121852
14032814367612
14033278501704
14033278747464
14033285497800
14033377775532
14033377775562
14034894498510
14034894744270
14034895614423
14034895616991
14034895860183
14034895862751
14034896145216
14034939648975
14034939894735
14034988396422
14035089051498
14035089051558
14035381948251
14035381948311
14035382194011
14035382194071
14035693039524
14037035557890
14037035803650
14037036601311
14037036676371
14037036847071
14037036922131
14037037245279
14037043471986
14037093838659
14037614054466
14037848913459
14039319873102
14039319949659
14039323682475
14039323928235
14039375505081
14041600001346
14041600247106
14041607009652
14041650406251
14041650652011
14043932034441
14043932280201
14044609431273
14044610153475
14045362359996
14045362605756
14045408498526
14045408498541
14045408744286
14045408744301
14045558374956
14045558620716
14045559493437
14045559739197
14045693326479
14046168787662
14046168788142
14046169033422
14046169033902
14046169906143
14046169906623
14046170151903
14046170152383
14046170434368
14046170434848
14046213938127
14046213938607
14046214183887
14046214184367
14046263018028
14046263018058
14046263263788
14046263263818
14046264136509
14046264136539
14046264382269
14046264382299
14049166553007
14049924855552
14049925101312
14049926883186
14049927128946
14052201809835
14055339151233
14070323245032
14070329597742
14070372928515
14070373174275
14071933209888
14071933455648
14073175371630
14073549203118
14073549204078
14073549448878
14073549449838
14073550116495
14073550117455
14073550321599
14073550322559
14073550362255
14073550363215
14073550567359
14073550568319
14073594353583
14073594354543
14073594599343
14073594600303
14077738125594
14077738371354
14079734815551
14079735061311
14081837149050
14081837394810
14083207499520
14083207745280
14083213789983
14083214035743
14083465448367
14083465694127
14083778125686
14083778371446
14084874734571
14084874980331
14086427330478
14086427331438
14086720227231
14086720228191
14086720472991
14086720473951
14093223564063
14093223809823
14102065156911
14102065402671
14164860690291
14164869075555
14165097087513
14165097153279
14165097333273
14165097399039
14165104083609
14165389330962
14165868839454
14165868839469
14165869085214
14165869085229
14165875835550
14165875835565
14165952725580
14165952971340
14165959721676
14168031583989
14168291754603
14168291754663
14168895769170
14168895769185
14183065486914
14183065732674
14183072495220
14185397520009
14185397765769
14216921923578
14216922169338
14217207123474
14217207123489
14217207369234
14217207369249
14219203611162
14219203856922
14224948228383
14224948231500
14224998065385
14225199886911
14225228206911
14225502609186
14225502854946
14225510809518
14225511055278
14225753149503
14225753226495
14225753395263
14225753472255
14225797132638
14225797132653
14225797378398
14225797378413
14225946467484
14225947009068
14225947254828
14225948127549
14225948373309
14226139412301
14226609173115
14226651652140
14226651652170
14226651897900
14226651897930
14226652770621
14226652770651
14226653016381
14226653016411
14227213885320
14227214131080
14227791961290
14228370783096
14228370783156
14229160042344
14229160042404
14229160288104
14229160288164
14229170863707
14229170863767
14230652482428
14234074539825
14238834530223
14243185794882
14243186040642
14243193995214
14243194240974
14243764413474
14243764659234
14243765531955
14243765777715
14245475689608
14245475935368
14245476808089
14245477053849
14245483542504
14246283615963
14247765243762
14250097276857
14251288449855
14251288452972
14252999726958
14276538170931
14276580649986
14276580895746
14276581768467
14276582014227
14277285293088
14277285538848
14277286411569
14277286657329
14277343091061
14277343336821
14278769540430
14362383814179
14362383822570
14362383837870
14362384215552
14362386313248
14362386961455
14362386961650
14362386964290
14362386986592
14362387010658
14362572586911
14362656452763
14362943651775
14363228856918
14363228856933
14363379851829
14363575286925
14363981873115
14363986328880
14364084487026
14364084494901
14364084494931
14364333119583
14364333375615
14364653211624
14364718997385
14365592735127
14365605044151
14365893402513
14366410354359
14366665154394
14366665154409
14366665154454
14366665154469
14367051027954
14371498045611
14374734995361
14375256158184
14375260618512
14376404615151
14378490112500
14379499724139
14379499724199
14379499724379
14379499724439
14380624870896
14380626837471
14380629309936
14380690904973
14380690906947
14388711486978
14389281912255
14389294757007
14389297877583
14390438466810
14393522497902
14395102533114
14399699490975
14399699747007
14413911256695
14413926989565
14414496996126
14414496996399
14415051699711
14415118172157
14416305784842
14417010427944
14417869217145
14418003433374
14418003433389
14418003434334
14418003434349
14418489973023
14418741631407
14420150917611
14424664248975
14429143506777
14430838003119
14430838003359
14430838004079
14430838004319
14508402098175
14508516513522
14512123616859
14512123616919
14527459323612
14559955458591
14560207116975
14561616403179
14563461895839
14563461896799
14655250043967
14774700985503
14775828967935
14777909346261
14788718329680
14797509589488
14805827021808
14812810411440
14824084701072
14946552847245
14948499004254
14948499004269
14949589548795
14961333573999
14961333574239
15093957466719
15191248309371
15191248309431
15191248555131
15191248555191
15205273154592
15205273400352
15216212811339
15216212811399
15216213057099
15216213057159
15240892091769
15240892337529
15242586588351
15242586589311
15242586834111
15242586835071
15530606596233
15530618336256
15530718854382
15530811159468
15530895022041
15531173177772
15531177047487
15531180233151
15531180236268
15531188891304
15531378348174
15531415139001
15531423469311
15531618410655
15531666773982
15531666773997
15531746489952
15531747497949
15531758216367
15531759315054
15531793711041
15532220445672
15532229125224
15533743953882
15533743953897
15533744010714
15533744010729
15533827847061
15533839690224
15533839740096
15534082693095
15534510491688
15536356909377
15539736614889
15543487397265
15543503364984
15543503414856
15543776706969
15544305348351
15544548458910
15544548458925
15544632345036
15545784781320
15546964377963
15546964378023
15547295015670
15548856363468
15548860233183
15548863418847
15548871755568
15548871763473
15548871833319
15548872073835
15548872077000
15557529107709
15558669841416
15567112861344
15567125446374
15567125686446
15571723280769
15581605160439
15582157783032
15582157798773
15582443014239
15582728499198
15583000837206
15583000837221
15583151832117
15583163608239
15583570226655
15583582842015
15583856475189
15583856475219
15583868251311
15584998340346
15584998390986
15586183506651
15586721476095
15587276189100
15587848383999
15587861227935
15591284607087
15592411819503
15592424434863
15596183535612
15598168501722
15598168501737
15598264198830
15598264199790
15598465224264
15598465224324
15606473447400
15657442375656
15824609572464
15824621298879
15826086950745
15826086950805
15826467683511
15836686056816
15838770521559
15859975943856
15872052428208
15943491030930
15958664998842
16015934003886
16114733697840
16114733705745
16114733775591
16116679076571
16128759769710
16130840144880
16130840194752
16178320678473
16178320678533
16183077040122
16356671333151
16356671578911
16365512925999
16365513171759
16492676871660
16492687681407
16492687856169
16492690101345
16492725143535
16492736112225
16492736136291
16492740435855
16492790779842
16492791813495
16492876494207
16492889338143
16492935057423
16492975314399
16493247270918
16493253828543
16493253852810
16493254226751
16493254229868
16493256218766
16493260529118
16493261583663
16493459608110
16493461853286
16493495139987
16493495422944
16493545743126
16493545743141
16493681996223
16493824650759
16493828767581
16493831985015
16493878935453
16494117191775
16494294062463
16494298624347
16494344343627
16494386639295
16494495338796
16494636135507
16494636990207
16494956867199
16494965503854
16495057459146
16495535526954
16495540006824
16495762102248
16495774715640
16495904656983
16495904677335
16495904933367
16495911345825
16496105953608
16496105953668
16496106209640
16496106209700
16496479504311
16496481484221
16496481629382
16496683073226
16496683097706
16496683097766
16496709933201
16496710189233
16497253233015
16498387652940
16500518386671
16501803651585
16501812561777
16501812599433
16501816907247
16501864812543
16501864889247
16502005004268
16502958784623
16504091906856
16505023120119
16505023385589
16505568352095
16505572757388
16505574993858
16505575018338
16505575973649
16505618899203
16505769628428
16505857966905
16505860212081
16506368774571
16506368774811
16506373607721
16506373607961
16506417381654
16506417381669
16506423963546
16506423963561
16506426329502
16506426329517
16506629718846
16506631964022
16506713604972
16506716536815
16506751381389
16506759799245
16506759801711
16506763936077
16506766173039
16507178914632
16507229523951
16507235984739
16507907051433
16508782999383
16508791947231
16508797300695
16508833301313
16508833986369
16508839882659
16508842248615
16508842249161
16508846598081
16509081456561
16509353537478
16509359974902
16509602591583
16509853183962
16509853183977
16509853208442
16509853208502
16510937014239
16510937412447
16510941493119
16510944769359
16513223192520
16513791546570
16515500414274
16517832447369
16518510098145
16520057288535
16520066236383
16521674691201
16521681008508
16522245142455
16522446443082
16522446443142
16523066965935
16523826366306
16523872560579
16523878936515
16523878960995
16524384361905
16526158399401
16526961657306
16526961657321
16529198314485
16529247515847
16529483563167
16530002506899
16538325156015
16542069109239
16542082073079
16542126173103
16542130307469
16542132544431
16544223412200
16544227609719
16544227622163
16544230792089
16544230792395
16544273341443
16544502060441
16544797892130
16545035003697
16545273812382
16545273812397
16545357698508
16545833622816
16546505033739
16546611952650
16547075538798
16547081838462
16547316595752
16547439122103
16548255858291
16551638538522
16553343653289
16557107912448
16557162825573
16557400903131
16557968002866
16559964490554
16560335824884
16565698125774
16565702326143
16565903626542
16566272728437
16566507606075
16566704755503
16567312912746
16567409398575
16568912699388
16568925626364
16569170989131
16569170989191
16574831253372
16584002068431
16586233436043
16617241910562
16617495803655
16617522945855
16618043039523
16618905089859
16638718718583
16638720045855
16638992667291
16638997500441
16639517998911
16639517999007
16639769252382
16639769252397
16639853138508
16642226484063
16656965899842
16659297932937
16691107536402
16691107536417
16693104024090
16698842150739
16698899768205
16698899829645
16699852943007
16699853004447
16700845925214
16700845925229
16700845986654
16700845986669
16701180509739
16701700601982
16702057557120
16702057618560
16702063325313
16702835077194
16702835077254
16702872911511
16705678638975
16711726993986
16711726997826
16713680494959
16713680495199
16713680556399
16713680556639
16714059027081
16714059030921
16715233432209
16715233436049
16716005184090
16716005184105
16716005184150
16716005184165
16716005187930
16716005187945
16716005187990
16716005188005
16717152417327
16717906138743
16724603266815
16724603328255
16730030936643
16730030940483
16732839114366
16736212296606
16736212296621
16736212358046
16736212358061
16749046866351
16749046866591
16749046927791
16749046928031
16750943760300
16750943821740
16752667618683
16752667680123
16754949320055
16754949381495
16784734622721
16784743570569
16784795860383
16785033094929
16785506374662
16785515322510
16785804846870
16785804846885
16785888732996
16787022877992
16787954091255
16793874687777
16797678908769
16797904733457
16797913681305
16798676485398
16798676485413
16798685433246
16798685433261
16798760371524
16798769319372
16801101352299
16801101352359
16905279328665
16905577264230
16905812271921
16905863651286
16905863651301
16906014646197
16906051080606
16906051080621
16906134966732
16906198875141
16906719289269
16906719289299
16908216390327
16908216393444
16914120921513
16914133644897
16917889641813
16917940093797
16918747374966
16923261303807
16956546482079
16957674568191
16957674618063
16958825851656
16970572179303
16970844728799
16978273071879
16979682358083
17078751428211
17079653488842
17080024461303
17080024636065
17080213274103
17080226117979
17080226118039
17080271837259
17080271837319
17080591006647
17080796387946
17080796388006
17081362356546
17083694389641
17089688308578
17089734502851
17092020341673
17092823599578
17092823599593
17092905131991
17093106408264
17093106408324
17093194746801
17093710387617
17093710387857
17093966498682
17093966498742
17099666299203
17107992251235
17152095378315
17153039106039
17153240406378
17153240406438
17153844385971
17154041535339
17154041535399
17222827842114
17225159875209
17226334280337
17227106032218
17227106032233
17227106032278
17227106032293
17241131784771
17283014359599
17283768081015
17298701056638
17317323325065
17317323570825
17317324366656
17317324612416
17317373655231
17317373900991
17317425022194
17317425267954
17317518213420
17317518459180
17318095077006
17318095322766
17318122192953
17318122438713
17318128627263
17318128627359
17318128873023
17318128873119
17318927499624
17318927745384
17319655891755
17320580216769
17321032125531
17321032125591
17321032371291
17321032371351
17321351106303
17321886739869
17329873718379
17329873718439
17329873964139
17329873964199
17330493435801
17330493681561
17331000833790
17331265187742
17331265187757
17331265433502
17331265433517
17331349070703
17331349073868
17331349316463
17331349319628
17331392979213
17331393224973
17332486113102
17332527530283
17333429447157
17333429692917
17333678869833
17333678869893
17333679115593
17333679115653
17333681106795
17333681106855
17333681352555
17333681352615
17335628309313
17335628555073
17343086694921
17343086940681
17343657146175
17343858446862
17343858692622
17343892000284
17343892246044
17345476527354
17345476773114
17348462814993
17348463060753
17348505740547
17348505986307
17350790055759
17368856497440
17368856743200
17368863967263
17368864213023
17369115625647
17369115871407
17370524911851
17370525157611
17371708636746
17371708882506
17372085155829
17372370404511
17372370405471
17372370650271
17372370651231
17377989737007
17377989982767
17380271438655
17380271684415
17381211997359
17381211998319
17381212243119
17381212244079
17384878747482
17384878747497
17384878993242
17384878993257
17385017148813
17385017149773
17385017394573
17385017395533
17385019385775
17385019386735
17385019631535
17385019632495
17390582992911
17390583238671
17390901764031
17390902009791
17390902407999
17390902411116
17391992279115
17391992524875
17392143274284
17392143520044
17392613685102
17393183462442
17393183708202
17393753889096
17393753889156
17393754134856
17393754134916
17394357868689
17394358114449
17401739842344
17401740088104
17408584949727
17408585195487
17408585593695
17441871593448
17441921276931
17441921522691
17443481558304
17443481804064
17444723720046
17463352225437
17463624726270
17523475329033
17523475574793
17523482666031
17523482666226
17523482668866
17523482727471
17523482727666
17523482730306
17523482752608
17523482911791
17523482911986
17523482914626
17523482973231
17523482973426
17523482976066
17524247080974
17524247326734
17524280634396
17524280880156
17525428824159
17525428885599
17525429069919
17525429131359
17525814701961
17525814763401
17525814947721
17525815009161
17526696557535
17526696803295
17526989107089
17526989168529
17526989352849
17526989414289
17527760858970
17527760858985
17527760859030
17527760859045
17527760920410
17527760920425
17527760920470
17527760920485
17527761104730
17527761104745
17527761104790
17527761104805
17527761166170
17527761166185
17527761166230
17527761166245
17528146732530
17528146793970
17528146978290
17528147039730
17535830699937
17535830761377
17535830945697
17535831007137
17536645435929
17536645439769
17536645681689
17536645685529
17537417187870
17537417187885
17537417191710
17537417191725
17537417433630
17537417433645
17537417437470
17537417437485
17537501073996
17537501077836
17537501319756
17537501323596
17540595428715
17540595428775
17540595428955
17540595429015
17540595490155
17540595490215
17540595490395
17540595490455
17540595674475
17540595674535
17540595674715
17540595674775
17540595735915
17540595735975
17540595736155
17540595736215
17541786609549
17541786611523
17541786670989
17541786672963
17541786855309
17541786857283
17541786916749
17541786918723
17549245136799
17549245382559
17551534171386
17551534232826
17551534417146
17551534478586
17554613835330
17554613839170
17554614081090
17554614084930
17556198237690
17556198299130
17556198483450
17556198544890
17556945868425
17556945872265
17556946114185
17556946118025
17560795195551
17560795256991
17560795441311
17560795502751
17575585364994
17575585610754
17575592700702
17575592700975
17575592762142
17575592762415
17575592946462
17575592946735
17575593007902
17575593008175
17578964921721
17578964983161
17578965167481
17578965228921
17579099137950
17579099137965
17579099138910
17579099138925
17579099199390
17579099199405
17579099200350
17579099200365
17579099383710
17579099383725
17579099384670
17579099384685
17579099445150
17579099445165
17579099446110
17579099446125
17579585677599
17579585739039
17579585923359
17579585984799
17579837335983
17579837397423
17579837581743
17579837643183
17581246622187
17581246683627
17581246867947
17581246929387
17588755471890
17588755471905
17588755475730
17588755475745
17588755717650
17588755717665
17588755721490
17588755721505
17590239211353
17590239272793
17590239457113
17590239518553
17590751959578
17590751963418
17590752205338
17590752209178
17591933707695
17591933707935
17591933708655
17591933708895
17591933769135
17591933769375
17591933770095
17591933770335
17591933953455
17591933953695
17591933954415
17591933954655
17591934014895
17591934015135
17591934015855
17591934016095
18691698759822
18691698769410
18691698816513
18691698831102
18691698835182
18691698946047
18691699026942
18691699041663
18691703435214
18691705253070
18691705448910
18691707764361
18691711421856
18691712285046
18691749275625
18691750085865
18691753559235
18691762674957
18691900334094
18691957122159
18691984253721
18691984418391
18691984849881
18691993366239
18692198890716
18692269240830
18692269320366
18692269351290
18692269401162
18692269633110
18692273624646
18692275663974
18692282085942
18692284611822
18692470568454
18692479516302
18692504272575
18692513066559
18692513066655
18692516955255
18692516960049
18692554440726
18692554440741
18692555147154
18692555147169
18692563388574
18692563388589
18692567418966
18692567418981
18692705845164
18692706205428
18692721016821
18692756005662
18692756005677
18692756601822
18692756601837
18692839891788
18692844167733
18692844781533
18692855284791
18692890313829
18692890390533
18692890424685
18692896631757
18692902809153
18693137962911
18693309429111
18693309620298
18693318376959
18693360163311
18693360172899
18693410488236
18693410488266
18693425659893
18693645134871
18693645395484
18693645398640
18694031101611
18694081399290
18694551193854
18694551206298
18694551634842
18694551729354
18694558081578
18694840606938
18694840606953
18694920027264
18694920044262
18694920245889
18694924403361
18694924437570
18694932811494
18694932873591
18694970360385
18694979307687
18694979308233
18695121510267
18695121510327
18695121764202
18695121764262
18695122120296
18695122120356
18695128018404
18695406710772
18695407521012
18695419554648
18695419554708
18695490697143
18695496823494
18695691997770
18695691997830
18695696155242
18695696155302
18695731997937
18695740880592
18695927031384
18695927031444
18695931208536
18695931208596
18696262543152
18696312777711
18697973686572
18697973686602
18699492452784
18700825621497
18700825846569
18700826011239
18700826442729
18700826544876
18700826560305
18700832044641
18700834959087
18700840992489
18701040483564
18701110821393
18701119769241
18701966459460
18701975407308
18701979555759
18701979964047
18702029856261
18702032310789
18703212537354
18704059453104
18704261147496
18704261147556
18704307440235
18704307440295
18704583718743
18704583918402
18704592666591
18704597175057
18704634020673
18704634452943
18704634473871
18704634856389
18704642942883
18704642951109
18704642968521
18704697916407
18704700014547
18704785796085
18704785924605
18704791693164
18704851003887
18704868927249
18704868945918
18704877875097
18705155026293
18705160495923
18705395672697
18705404657649
18705443735382
18705443735397
18705445774710
18705454722558
18705594730293
18705640679190
18705640679205
18705649627038
18705649627053
18705724565316
18705733509999
18705733513164
18705740124159
18705740200863
18706299373365
18706299373395
18706871772057
18706915951497
18707435749881
18707721840090
18707721840105
18707804897187
18707805338574
18707813886453
18707855306625
18708065504847
18708065546091
18708065546151
18708090356625
18708666934230
18708666934245
18708817929081
18708817929141
18708862108506
18708862108521
18708862108566
18708862108581
18709952506062
18709952653122
18709961566071
18709965428016
18710002773759
18710002969599
18710007377871
18710009195727
18710009391567
18710018297793
18712234348266
18712234522539
18712249681899
18712284686217
18713040162555
18713094218778
18713094218793
18715086447906
18716797724040
18717473016834
18717481452855
18717481457223
18717518939649
18717527887497
18717754251129
18718039307634
18718039339839
18718039342956
18718051655298
18718526003070
18718660063845
18718660191981
18719079627726
18719079628206
18719428273716
18719750616942
18719762927016
18720606652314
18720606652329
18722837744112
18722843681619
18722887861059
18728269180545
18728777274054
18728785368774
18729011770032
18741104476119
18741947384790
18741947384805
18741955479510
18741955479525
18743238560814
18743238565308
18743238618114
18743239307214
18743244881823
18743289158511
18743289167247
18743293357809
18743301704901
18743304385905
18743439721764
18743448669612
18743528255295
18743530073151
18743530268991
18744043701297
18744052649145
18744094289682
18744094289697
18744098428758
18744098428773
18744249423669
18744394817535
18744434059365
18744442380285
18744849007968
18744857955816
18744954066741
18744954066771
18745520070186
18745520356152
18745526759274
18745529065305
18745532996136
18745570658379
18745620867450
18746090679402
18746090777370
18746325576219
18746459557536
18746460043182
18746460044142
18746460401313
18746460506103
18746463958929
18746463959889
18746464769169
18746464770129
18746466772641
18746473161972
18747130939752
18747232153194
18747232153254
18747238524522
18747238524582
18747802038270
18747808460238
18747902684418
18750660603258
18752374176303
18756136292142
18756173678895
18756173736495
18756928666080
18756928666320
18757264207719
18757270579047
18757277618001
18757279526895
18757279680309
18757314487557
18757323435405
18758405229384
18758464629513
18758975876478
18759403825071
18759403826031
18764726096364
18764726097129
18764776201347
18764927193900
18764998447377
18765007395225
18765014106111
18765497849070
18765531173433
18765581735766
18765581735781
18765732730677
18765770199318
18765770199333
18765779147166
18765779147181
18765854085444
18765863033292
18765904417725
18766336480104
18766336482720
18766437373749
18766437373779
18767007833832
18767007961983
18767565362856
18767578398702
18767800406235
18768195066219
18768195066279
18773840040225
18773848988073
18774054228972
18785248548552
18785831607498
18792106513239
18792106513719
18792827706507
18794387987400
18794387987880
18816265477920
18816454572012
18816504501255
18816513449103
18816823670583
18816832618431
18817058551545
18817913787459
18817922735307
18818064782628
18818073730476
18818585320827
18818593839465
18837727936494
18837782642625
18837786977379
18837979570191
18838013329305
18838019565177
18838298112006
18838298341311
18838307059854
18838734529068
18838785081246
18838785081261
18838791317118
18838868964207
18838868967372
18838919065317
18838932221853
18839388856395
18839439172140
18839439172170
18839539851564
18839624257278
18840580039722
18840580571064
18840869613594
18840869613609
18840949340661
18840949630695
18840957938352
18841150466376
18841150466436
18841201000299
18841201000359
18841754445969
18843432165708
18843432183156
18855981527007
18856551933474
18858263209608
18858263756760
18858842387658
18858849007578
18860544927042
18862876960137
18889273945806
18889317854211
18889368169986
18889552558800
18890072813088
18890878135584
18890890897518
18891561986424
18892126088826
18892404853338
18892404853353
18892539279279
18892539280239
18896683051290
18897857593326
18897858130788
18897859425840
18897870091335
18897872753763
18897907652847
18897907662435
18897907724859
18897912118257
18897920465349
18897920481351
18898115236749
18898142885241
18898146983871
18898147014489
18898432225599
18898432228716
18898436684595
18898440289410
18898864740213
18898914637182
18898918766430
18898918766445
18898998067056
18899002619511
18899007369297
18899011139247
18899011550412
18899013402591
18899052949605
18899480762724
18899524522953
18899533493025
18899569383285
18900139137963
18900139695912
18900143339784
18900143502702
18900147960729
18900193669323
18900204843579
18901078621104
18901079219409
18901087573713
18901191626835
18901753950696
18901896269937
18901943122902
18901943122917
18902094117753
18902094117813
18902420602878
18902427024846
18902471857641
18902991172938
18904752873387
18905272965630
18906988607337
18908140183047
18910206140103
18910742568654
18910742572494
18910755052356
18911040198231
18911040202071
18911325412950
18911325416790
18911610396306
18911610396321
18911610400146
18911610400161
18913028240328
18913083120171
18913083124011
18913606883994
18913606887834
18914970885876
18916115411295
18916119870291
18918447281163
18920724545535
18920730967503
18923740206099
18923832768492
18924201867063
18924201972510
18924210814911
18924436748025
18924444849201
18924780746517
18925246939071
18925908694824
18925910931000
18926483699694
18926491794570
18927653541459
18927867559515
18927867559575
18929046511311
18929046515151
18931281852168
18934364438448
18934368990903
18934373740689
18935232993750
18935232993765
18949396837377
18949397265870
18949397281839
18949401411048
18949405785225
18949410307440
18949460520351
18950168589318
18950177537166
18950203014996
18950538016533
18950538559239
18951020148846
18951678508296
18951678764328
18951679418187
18951691237752
18951735262587
18952249408890
18952253537646
18952253538138
18953436837555
18953436838515
18954015129585
18954023476677
18955155831141
18956812451178
18957194933748
18962281782000
18962281785840
18962566944273
18962566948113
18962567388735
18962567392575
18962575892121
18962575895961
18963093438015
18963338696214
18963338696229
18963338700054
18963338700069
18963347644062
18963347644077
18963347647902
18963347647917
18963422582340
18963422586180
18963431530188
18963431534028
18963898744686
18965763563115
18965763563175
18965763566955
18965763567015
18983756592633
18983757316089
18983757516012
18983761094592
18983769437745
18983769823488
18983811507831
18984041792529
18984042513177
18984050740377
18984247643292
18984327413166
18984528344574
18984529068030
18984541189686
18984813544470
18984813544485
18984814265118
18984814265133
18984822492318
18984822492333
18984897430596
18984898151244
18984906378444
18984910935183
18984963281925
18985656929496
18986990526420
18987238411371
18987238411431
18987552574692
18992883385377
18992884106025
18992892333225
18993089236140
18996641490246
18996642271554
18996642375150
18996650438094
18996902060847
18997785362415
18997795186548
18998081045919
18998311347051
18998974304649
19000148709777
19000920461658
19000920461673
19000920461718
19000920461733
19056985200108
19057354298679
19057589179641
19059052729896
19059635772840
19104015787200
19104015833532
19104015843120
19104015949890
19104016101102
19104020767791
19104020767986
19104020770626
19104020816994
19104022101633
19104066236367
19104066435471
19104070626033
19104078973125
19104216989988
19104225937836
19104793853574
19104820969521
19104821388816
19104829917369
19104875696982
19104875696997
19104875766870
19104875766885
19105026691893
19105026761781
19105156562439
19105172085759
19105172155647
19105207025583
19105626276192
19105635224040
19105731334965
19105731334995
19105731404853
19105731404883
19105966925919
19106297656203
19106304028584
19106347982985
19106352803721
19107236825760
19107244040865
19107522388113
19107527208849
19107535646355
19107807755709
19108015792746
19108015792806
19108243813227
19108243813287
19108294139994
19108294140009
19108294140054
19108294140069
19108298960730
19108298960745
19108298960790
19108298960805
19108579306494
19108585728462
19108684834290
19113193764813
19116363980961
19116368801697
19116377239203
19116955512141
19116964311855
19117192212369
19117475417973
19117963964310
19117963964325
19118047847271
19118047850436
19118054494005
19118054886225
19118056795119
19118056948533
19118091755781
19118100703629
19120051322778
19120051322793
19121133530475
19121133530535
19121133530715
19121133530775
19122319734087
19122319892547
19122324711309
19122324713283
19123074510015
19126883249151
19126889671119
19129785463809
19129785471489
19129785892302
19129785899982
19129794411657
19129794419337
19129801057524
19129849146783
19130557215750
19130557223430
19130566163598
19130566171278
19131732534420
19132067292360
19132067390760
19132067398440
19132067938104
19132072273146
19136736339450
19137490823145
19140536367606
19140574148589
19141333297311
19141391501526
19141391501541
19153421257617
19156125666882
19156130802462
19156130802735
19156141234758
19156711711797
19157178596640
19157837211912
19157837704524
19157887745835
19157893966203
19158407838078
19159503023481
19159637239710
19159637239725
19159637240670
19159637240685
19160123779359
19160375437743
19161784723947
19162407038826
19168452886272
19169010756030
19169252141631
19169311345494
19169311345509
19169462340405
19170057448302
19170166983477
19170166983507
19170776821071
19170777313113
19172471809455
19172471809695
19172471810415
19172471810655
19177231840236
19177281769479
19177290717327
19177600540599
19177600938807
19177600941924
19177609886655
19177835819769
19178691055683
19178700003531
19178842050852
19178850998700
19190494724031
19190735836275
19191354382239
19191874221759
19191874632924
19192197584619
19193719316469
19194533279607
19195283726295
19195284124503
19195293072351
19200195975087
19275814595394
19275821084262
19275823508343
19275827370288
19275865128291
19276620099090
19276955245671
19276955449623
19276955614062
19276959529809
19276960340049
19276968089607
19277018552751
19278096464811
19278111624171
19278146628489
19278956161050
19278956161065
19279035821559
19279237113930
19279237113990
19279293902055
19279321033617
19279606131186
19279606181058
19280092785498
19280092785513
19280092785558
19280092785573
19280948390178
19282659666312
19282716454377
19282725359595
19288162626465
19289899395951
19292128473060
19292732452593
19294118538051
19298631575874
19303916625897
19305091031025
19305376119735
19305862782966
19352263973736
19352263973796
19352867953329
19422413875746
19423034850159
19424125151880
19424181939945
19424704329930
19424710949850
19425316350027
19425316350087
19425356345073
19426071308904
19426071308964
19426128097014
19426406869314
19428738902409
19440097061442
19444710811971
19483114511079
19483932408435
19484305260009
19484309223435
19484309389257
19485060230808
19485244504755
19485479665137
19485483794385
19485769005495
19485869504808
19486251417078
19486255546326
19486255546341
19486542856038
19490327952834
19494325387233
19497143794440
19501032140370
19516332495369
19516332689550
19516332690684
19516332699138
19516335508200
19516338928110
19516341588852
19516341745407
19516348167375
19516398405447
19516618171134
19517104247310
19517137800732
19517477876817
19518623172174
19518664589355
19518665390031
19519185420282
19519470617370
19519470617385
19519839795159
19520125009878
19520409366162
19520409366177
19525463958387
19528681388007
19529217471486
19529232991092
19529502606105
19529518278111
19529803492830
19530274358046
19530274358061
19530358244172
19530364747647
19530373826385
19531558413099
19532545712535
19533250355637
19535391380319
19536927114831
19542115209966
19542153492459
19542159353583
19542396606324
19543258822557
19547471005506
19549803038601
19552844248209
19552855307766
19554451298220
19565731119039
19565740197777
19567872854850
19567872870210
19567881058953
19567881074313
19568442531330
19568652810894
19568652826254
19569495988512
19569496003872
19570153999914
19570204887945
19570204903305
19571379293073
19571379308433
19572151044954
19572151044969
19572151045014
19572151045029
19572151060314
19572151060329
19572151060374
19572151060389
19580220885921
19580220901281
19580770278144
19580770293504
19581051169689
19581051185049
19581612642066
19581612642081
19581822921630
19581822921645
19581822936990
19581822937005
19581906807756
19581906823116
19583609129754
19584238840683
19584238840743
19584238856043
19584238856103
19589346941070
19589346950658
19591691884395
19593151502007
19599678037509
19599680492037
19643168251434
19662940731252
19664700159339
19688181676359
19688186653581
19690132810590
19690132810605
19702967380335
19702967380575
19703352765417
19722503844078
19724772757800
19726282719159
19731618723699
19735673950974
19735673954814
19738601649111
19748324037219
19749452021349
19749452829285
19752881125359
19774247426100
19774247441460
19774315880319
19775656712304
19775656727664
19776882792744
19777922816040
19789197105672
21028173865452
21028173866217
21028211518191
21028223970435
21028224885831
21028224890625
21028374962988
21028425529095
21028446216465
21028455164313
21028731584430
21028945618158
21028978942521
21029029504854
21029029504869
21029167783980
21029180499765
21029217968406
21029217968421
21029226916254
21029226916269
21029301854532
21029310802380
21029314880124
21029352186813
21029784249192
21029784251808
21029834815299
21029872427052
21029872427082
21029885142837
21029885142867
21030057512190
21030057747198
21030447313704
21030455602920
21030455731071
21030728885976
21031013131944
21031013825976
21031248175323
21031386837201
21031583741802
21031583741862
21031642835307
21031642835367
21032187721395
21032724852174
21032787759459
21033307696470
21035065403691
21035589167514
21037287809313
21037287967743
21037296757161
21037501998060
21038433264501
21038442212349
21039570478824
21041058541440
21041152942359
21041159769495
21041857585461
21041864074599
21041864074839
21041864412597
21044273505105
21044279993175
21044280332241
21046414770126
21046427641458
21046985188386
21048696317640
21048696464520
21048697011672
21048697240824
21048697251576
21048759674553
21049279376586
21051028794831
21053935416465
21055554282327
21055554282807
21056275475595
21057835756488
21057835756968
21059698255341
21079700778750
21079713247008
21079801424898
21079952270343
21079961218191
21080506068000
21081361556547
21081370504395
21081512551716
21081521499564
21082033089915
21082041608553
21082787781483
21082838108250
21082838108265
21084264065520
21085404865860
21085413813708
21087745846635
21087745846695
21092786841348
21092795789196
21093390820641
21093390820881
21093391265343
21093399768489
21093399768729
21094196127552
21094196572014
21094205075400
21320282328297
21320432969196
21320795583558
21320798203509
21320802067767
21321036948729
21322500498984
21322501193016
21323083541928
21329358802737
21333154946373
21333965694294
21333965694309
21334116689205
21334821332277
21334821332307
21612289583730
21612847130658
21614558406792
21614621616825
21615711742824
21615711742884
21616315722417
21616504563816
21616504563876
21630530316354
21630593526387
21852794710158
21853374247029
21855139653483
21856503457524
21856599271095
21863125806597
21863128261125
21866497827582
21905479824465
21906616020522
23364623530728
23364623627847
23364632575695
23364678180801
23364875108367
23364908867481
23365193650182
23365193879487
23365202598030
23365680619422
23365680619437
23365764502383
23365764505548
23365814603493
23366284394571
23366435389740
23366519432190
23367190570968
23367205634811
23367475577898
23367765151770
23367765151785
23367844878837
23367845168871
23368046004552
23368046004612
23368096538475
23368096538535
23368145161431
23368649984145
23368700526486
23368700526501
23370327703884
23373750030849
23373750459342
23373750460329
23373758941041
23373758978697
23374900220724
23376031957800
23376032163816
23376986754279
23377508553597
23377709679372
23377793738583
23377802686431
23378078953302
23378313658665
23378313658905
23378363760918
23378363760933
23378372708766
23378372708781
23379118965576
23380779680577
23380780112847
23380788627879
23380788628425
23382877065183
23385158936568
23387440465218
23389772498313
23392054401999
23392054402479
23416175656308
23416213392387
23417317206132
23417773673760
23419434817455
23419434818415
23423578589466
23425575279423
23429047963392
23429618589558
23447968437861
23510937551385
23511709303326
23511709303341
23511793189452
23528905950786
23531237983881
23562762387450
23563047587346
23563047587361
23565044075034
23570782617207
23570786213841
23570882646807
23571587289909
23572220614623
23572455258915
23572728028119
23572728181527
23572740731583
23573113657161
23574204643944
23574204644004
23581062207471
23587708526055
23587708526295
23597357145687
23622330546429
23622582206127
23622900971934
23623126538451
23623521729021
23623525217637
23623762763607
23623991492331
23624282855679
23625471539994
23625471540009
23628038977908
23631457352601
23632604356455
23949930388335
23952211888203
23952211888263
23953302407490
23955634440585
23964845333493
23965046459208
23965046459268
23965650438561
23965650438801
23971606350147
24094767893058
24097099926153
24098274331281
24099046083162
24099046083177
24099046083222
24099046083237
24113071835715
25288768786953
25288768981134
25288768982268
25288768990722
25288769003421
25288775219694
25289339238207
25289540538894
25289574092316
25289959962213
25292845657746
25292845657761
25301938897689
25302710649630
25302710649645
25302794535756
25302794553204
25307022423903
25307827671903
25319907297090
25322239330185
25340878822914
25342590291498
25354048933650
25354048933665
25356045421338
25361783232654
25361783242242
25372114329093
25415604543018
25497209049384
25498719010743
25521888312933
25546752171903
25549319084328
25549697119377
25549697120337
25550359107624
25550374361919
25561633397256
25701085601742
25701085724622
25701098962920
25701370806297
25701370929177
25702092231471
25702092354351
25702142558238
25702142558253
25702142681118
25702142681133
25702226444364
25702226567244
25702226584692
25702746510435
25702746633315
25702796874543
25702796997423
25704357123777
25704357246657
25710212399145
25710212522025
25711416206949
25713433627647
25713433750527
25714020800067
25714020922947
25719339205698
25719339328578
25719389544399
25719389667279
25721620912011
25721621034891
25721671238793
25721671361673
25752910421823
25752910544703
25753195642362
25753430515491
25753430638371
25753480842258
25753480842273
25753480965138
25753480965153
25755477329946
25755477452826
25876105566849
25876676018103
25876877318730
25876877318790
25885769239362
25888101272457
25889275677585
25890047429466
25890047429481
25890047429526
25890047429541
25904073182019
26080192690257
26113981981557
26285201147970
26285201270850
26286006709776
26287482854283
26287482977163
26287533181065
26287533303945
26288707586193
26288707709073
26289429011307
26289429011367
26289429134187
26289429134247
26289479338074
26289479338089
26289479338134
26289479338149
26289479460954
26289479460969
26289479461014
26289479461029
26297549179041
26297549301921
26303505090627
26303505213507
26345339655921
26356077073623
28037548392441
28037560899840
28037602584183
28037833589529
28038038719644
28038118831890
28038320144382
28038605341470
28038605341485
28038689227596
28039448005848
28040781602772
28042166006115
28046675182377
28046880312492
28050433347906
28050693137199
28051576438767
28052102423403
28052765381001
28053939786129
28054711538010
28054711538025
28054711538070
28054711538085
28055801988930
28055810193033
28056581944974
28058134022025
28063322601471
28068699412224
28068737290563
28068980303769
28069752055710
28069752055725
28089943625490
28089943625505
28091940113178
28093129358928
28102031421219
28105208924148
28110562128639
28112843806248
28164953841192
28183631491683
28247510392821
28248324355959
28262176560180
28269526293231
28270050865983
28270050869100
28271762143086
28298476052049
28329618702252
28457662148052
28504640955636
30374589279861
30376291575336
30386946022725
30427446225534
30428401610280
30428775314577
30428775315537
31885838742576
31885838848137
31885843460235
31885845559023
31885847493102
31885847683887
31885851362280
31885851562350
31885897832289
31885901819973
31886337936540
31886338103094
31886409299391
31886421581442
31886422309494
31886610600078
31886657146515
31886707029846
31886707029861
31886744741910
31886845406244
31886858024757
31886979749853
31886992654335
31887029748189
31887277675860
31887508575591
31887549998706
31887550049316
31887550049346
31887562667829
31887562667859
31887747222744
31887747389298
31887784883988
31887798017076
31888926146232
31888976205786
31888976205801
31889059951569
31889060098965
31889060266656
31889865304656
31889865798483
31890415239543
31891543025940
31895024767977
31895179529388
31895259649875
31896115289937
31896119268708
31898736561954
31898773981641
31898782865223
31898988011823
31899008726871
31899008958873
31899013570971
31899015669759
31899017674719
31899293941590
31899300884478
31899591692178
31899591692193
31899780710814
31899780710829
31899864596940
31899877114224
31899877117917
31899877474287
31899877517109
31900397298027
31901064416043
31901588179866
31902196629867
31902196629927
31904092385151
31904092485087
31904105067657
31904142509523
31904155305729
31904155505007
31904876819598
31906386871752
31911608530833
31912413883920
31912414377747
31912749369141
31914473086602
31916989874544
31917275178393
31918046930334
31918046930349
31931481661329
31935243485616
31937378129409
31937378371758
31937387077257
31937961803334
31938149881350
31938158829198
31938817453215
31940230592250
31940230642890
31940237014218
31946706504366
31947659046063
31950263077872
31950326295843
31950548240145
31950557187993
31951131914070
31951131914085
31951282908981
31951319992086
31951319992101
31951328939934
31951328939949
31951403878212
31951412826060
31951987552053
31951987552083
31953400753626
31953400753641
31953407124954
31953407124969
31953497192436
31953744858987
31953744859047
31958953825047
31959658468149
31959872954229
31960577597301
31960812453471
31961705699304
31996178824863
32012674627560
32031880725111
32031880737555
32033008511508
32033071754817
32068438126209
32085303458430
32085789437274
32086494080376
32091996962538
32091996977838
32092005865329
32092198535148
32092294930431
32092567633719
32092580614146
32092802514681
32093137943805
32093138003796
32093943107667
32094291514824
32094861842856
32095224610812
32095788601542
32096023494327
32101130237820
32106073232061
32106073235901
32108355348453
32110250819415
32112545028552
32119713113340
32120987980668
32120988177264
32122380746223
32129309479059
32144677952733
32145160019196
32145918924810
32146623567912
32177955739113
32177955764001
32181319202649
32181319202709
32194002773463
32251766576982
32251766576997
32251917571893
32252622214965
32252622214995
32298155397633
32298155584578
32298164345481
32298453303231
32298453921435
32298927149574
32298936097422
32298969819804
32299023723666
32299023723681
32299779305760
32300487617673
32300496447531
32301007860474
32301014282442
32301020211354
32301389932791
32301662022801
32302433774682
32302433774697
32302433774742
32302433774757
32307295514283
32310503615649
32311053595392
32311053607551
32311325508369
32311334456217
32312097260310
32312097260325
32312106208158
32312106208173
32312181146436
32312190094284
32314184393178
32314184393193
32314522127211
32314522127271
32316459527235
32327075228826
32327075228841
32336617893108
32348697487284
32349695109360
32349704104302
32349704108541
32349955768239
32349980271633
32349989219481
32350190645046
32350610091126
32350752023574
32350752023589
32350760971422
32350760971437
32350835909700
32350844857548
32350895341005
32351130217812
32351365054443
32351368752231
32351599931250
32351650262748
32352979365573
32353176890475
32353176890535
32355408375156
32358821864481
32358830812329
32359971810660
32362643041863
32384308630413
32385717916617
32386437789450
32387142432552
32387328514017
32469967009929
32470004451795
32470017248001
32470738761870
32471393259423
32472248814024
32480234852271
32483137120665
32483908872606
32483908872621
32483992758732
32486324791659
32486324791719
32710472270376
32710472273730
32710472495889
32710472516136
32710472519490
32710535324649
32710535570409
32710770206547
32710770452307
32710770818271
32711625846609
32711626092369
32711676324465
32712804306825
32712804552585
32712817591401
32713706823639
32713978711953
32713978957713
32714750463834
32714750463849
32714750463894
32714750463909
32714750709594
32714750709609
32714750709654
32714750709669
32719611799395
32719612045155
32719612411119
32722820304801
32722820550561
32722833304575
32723034931071
32723642479614
32726628926919
32728776216387
32728776462147
32728789501125
32746992218001
32746992463761
32747042695857
32762595592278
32763152923473
32763152938833
32763907910526
32763908156286
32766102029526
32766102029541
32883290631204
32883995274276
32883995274306
32898390387447
32917214352486
32923539363177
32925770732388
32939511272901
32953151150532
32971455091911
32973317364054
32984289662916
34222364127465
34222401594135
34222599009363
34223106237237
34223320723317
34223454582069
34223454649425
34224025366389
34224595759416
34225153468392
34226021822040
34226021822100
34228055515581
34230337628133
34231440601905
34231440602211
34234661861631
34234863414888
34234863414948
34235198622621
34258821020817
34272846695925
34272846772629
34274339884188
34274708979030
34274708979045
34274859973941
34275564617013
34275564617043
34275749170392
34275749480574
34276705794360
34283181477036
34286838893943
34286838970647
34287543613749
34287879065565
34289959532433
34289959533393
34290680954217
34515214346070
34515214346085
34515365340981
34516069984053
34516069984083
34528397325621
34820455103313
37383395756979
37383397471977
37383397733049
37383398279412
37383398289081
37383398422353
37383398717235
37383398751225
37383407654958
37383407661948
37383407870649
37383407921289
37383410315913
37383410968782
37383411484467
37383411859293
37383412070391
37383448812903
37383448953123
37383448953987
37383450289527
37383450291945
37383450358887
37383450361137
37383454735731
37383458253033
37383461571057
37383461881665
37383462421281
37383505114950
37383600220140
37383607988511
37383650149383
37383650408655
37383659097231
37383663175887
37383680749392
37383684048720
37383689614143
37383693134931
37383897966111
37383968038830
37383968836782
37383969318711
37383969955263
37383973532214
37383976832070
37383978266559
37383979048224
37383982480062
37383982501311
37384169223918
37384169484990
37384170041022
37384179622590
37384179673230
37384182067854
37384200841464
37384203892272
37384204140792
37384204199673
37384208401527
37384208406321
37384209758052
37384213097727
37384216528959
37384216604415
37384216988316
37384217140479
37384217349375
37384217354169
37384253139030
37384253139045
37384254361950
37384254361965
37384265682774
37384265682789
37384318090998
37384404238380
37384405335711
37384405356861
37384417640364
37384418361087
37384539419925
37384539543399
37384547249292
37384547255061
37384548491247
37384551327948
37384552446429
37384589601981
37385006103648
37385008981920
37385009235360
37385010085119
37385017158498
37385017274715
37385056424241
37385059435587
37385068383435
37385073061929
37385108881452
37385108881482
37385109999933
37385109999963
37385122283436
37385122283466
37385122311930
37385210430756
37385210690028
37385219378604
37385223457260
37385307252315
37385680373544
37385688335466
37385689366266
37385692521471
37385731458555
37385742077673
37385742337545
37385743564809
37386249572250
37386249777930
37386249970458
37386250402506
37386250878186
37386263645418
37386494667672
37386499128699
37386541791066
37386541791081
37386618858222
37386618956541
37386619595712
37386619810146
37386619976703
37386620762367
37386624319863
37386625629429
37386627841926
37386632522751
37386633267711
37386683676801
37386818617179
37386818617239
37386832606692
37386833559402
37386833559462
37387189248678
37387190367159
37387190370276
37387190526642
37387201739586
37387203134391
37387203137508
37387434131379
37387436586225
37387437533439
37387474449639
37387475252370
37387475252385
37387961968482
37387969949040
37388023786851
37389102744900
37389111692748
37389116375028
37390243774776
37390353432570
37390814151066
37391443725675
37391443725735
37392522342240
37392525086304
37392525641568
37392531259104
37392534667872
37392534727473
37392534727779
37392538926015
37392726412020
37392739558959
37393950631647
37393964091999
37394807258088
37394820025320
37394906803194
37396280393280
37396283130672
37396283458041
37396283482929
37396283524992
37396283594613
37396284374751
37396285488624
37396292488518
37396292542461
37396296451395
37396330713873
37396333094853
37396347351561
37396383059394
37396383581538
37396383658242
37396385525046
37396396425474
37396484720388
37396484979660
37396493668236
37396496813565
37396496838453
37396497746892
37396548611055
37396567582713
37396580426649
37397087702496
37397088301344
37397088699681
37397088699921
37397088958953
37397088959193
37397089633983
37397097647529
37397097647769
37397101068576
37397101726185
37397101726425
37397295937455
37397339334654
37397352178590
37397352178605
37397423481852
37397432156784
37397436064716
37397487913293
37397894006592
37397894940654
37397899962726
37397902954440
37397906124657
37397907066144
37398242750244
37398571003818
37398628954095
37399376360811
37399376361051
37399420513242
37399420513257
37399506087792
37399510576068
37399768097643
37399768097703
37400088653814
37401651224526
37401652022478
37401652504407
37401653140959
37401661452255
37401662233920
37401664089282
37401665207763
37401665687007
37401714911439
37402221642786
37402222761267
37402223015712
37402228465632
37402454683356
37402462000383
37402466577234
37402470327927
37403932918920
37403934037401
37403934738411
37404504360138
37404745023195
37404747279963
37406265911139
37409167437486
37409167517439
37409167535805
37409168174976
37409168389410
37409168555967
37409169341631
37409172899127
37409172903495
37409172971025
37409174223534
37409176422135
37409176434579
37409181030927
37409181102015
37409181846975
37409181851343
37409268041346
37409269159827
37409736014832
37409736030897
37409750318850
37409972684448
37409973802929
37409986112703
37410024003414
37410024003429
37410174139116
37410174998325
37410182827692
37410186906348
37410188024829
37410322759359
37410356477505
37410878782188
37410879641397
37410879641427
37410887470764
37410887470794
37410891549420
37410892667901
37411128053328
37411461562248
37411463575551
37411463617407
37411500459147
37411550545914
37412598746730
37412598746790
37413060487080
37413060740040
37413060740520
37413195057876
37414539013116
37420475512518
37421094679269
37421344960404
37421865061620
37429330463391
37430186553252
37432798528176
37432854284685
37433645623254
37433645623269
37433944264116
37433944655796
37434939080319
37434946260087
37434946272531
37434951272814
37434951277053
37434951296736
37434988875585
37434989872161
37435037879298
37435038997779
37435202936751
37435235788863
37435437813558
37435508451330
37435742522400
37435743640881
37435743849555
37435857259638
37436137467645
37436142509517
37436377386324
37436603759649
37436612222955
37436847099762
37436896971903
37436897431260
37436897830452
37437217636104
37437220011387
37437225701241
37437232279146
37437232737819
37437233168223
37437320127690
37437320383866
37437329849418
37437790408488
37438024770792
37438034492520
37438089066522
37438089066537
37438159742865
37438159743825
37438215569007
37438420086603
37438420086663
37439501712759
37439551964451
37440655543668
37441834531593
37441842498921
37445218979172
37445722848897
37446494424720
37447836231561
37447877905353
37447878049281
37448607983502
37449013930989
37456409924601
37456414404861
37456417542636
37456417543401
37456463196513
37456463491683
37456666064559
37456697382873
37456982367426
37456982593983
37456982597100
37456982889570
37456985366508
37456989559776
37456995733506
37457189295342
37457229504084
37457229803583
37457269555197
37457273182038
37457273182053
37457281309470
37457281309485
37457282129886
37457282129901
37457424176949
37457433124797
37457469134814
37457469134829
37457559737964
37457567391711
37457605587453
37457608692141
37457616853677
37457839068951
37457851717983
37457852095455
37458035110254
37458075350391
37458075350763
37458086631921
37458087482145
37458128820021
37458128820051
37458137767869
37458137767899
37458360580767
37458699280104
37458700540410
37458700590282
37458706176939
37458706578312
37458706734888
37459640064750
37459646258385
37459681515921
37459685474295
37459698048999
37459847511624
37459847511684
37459849043835
37459849043895
37459885053927
37460651204187
37460651204247
37465538975721
37465591542777
37465745675244
37466680661799
37466693310831
37466693688303
37474665779679
37482188644014
37482194679648
37483797959511
37483797959991
37483806907359
37483806907839
37484142526143
37493218089375
37502059682223
37507961575200
37508015595405
37508154121359
37508154842508
37508242332057
37508520745506
37508758100127
37508758822041
37509014083998
37509014084013
37509097970124
37509563407563
37509564128712
37509575170158
37509614933025
37509961752414
37509961752429
37510246259064
37511850762105
37517083924905
37529427291750
37529427392505
37529435434608
37529489272419
37529712592401
37529712851673
37529713526463
37529721540249
37529725251315
37529725618905
37529996894754
37529998013235
37530009354054
37530199144446
37530246164052
37530283148946
37530283148961
37530484344342
37530484344357
37530484603614
37530484603629
37530493292190
37530493292205
37530497370846
37530497370861
37530568230468
37530577178316
37530852844767
37531088811825
37531092989031
37531092991281
37531096509549
37531708170888
37531709260344
37531709289369
37531721739003
37531767597801
37532000253531
37532279636634
37532909211243
37532909211303
37533147807579
37533147807639
37533148605531
37533148605591
37533453051639
37533504451542
37533504451557
37533654327912
37533654327972
37533655446393
37533655446453
37533656006235
37533656006295
37547680080450
37547681198931
37550534064090
37580967198327
37581017450019
37581541996686
37581773060505
37582121023284
37582121029236
37583307984489
37583819292666
37584917818479
37584917823273
37589556066864
37589556723543
37589561537607
37589561605137
37589565056247
37589569665039
37589570485455
37589615171631
37589616286953
37589618792499
37589656675458
37589657793939
37590361318560
37590362437041
37590412637526
37590412637541
37590563632437
37590571461804
37590575540460
37590576658941
37591227241575
37591227243825
37591268275509
37591268275539
37591276104876
37591276104906
37591280183532
37591281302013
37591516687440
37591852251519
37591888851897
37591939180026
37592778391494
37592779194240
37592987380842
37592987380902
37592993005407
37593356697510
37593583691988
37598692761393
37598733852393
37598743433961
37598978315859
37599833955921
37600965301755
37602501531207
37602501533457
37602731644503
37602731648343
37602739771935
37602739775775
37602740592351
37602740596191
37603016859222
37603016863062
37604785401771
37604830092282
37604830142154
37604830145994
37605305490174
37605305494014
37605534785256
37605534789096
37608392944866
37608394063347
37616472192789
37616481140637
37617616561407
37617708180618
37617709299099
37618412823720
37618413942201
37619366051796
37619366862036
37622983045098
37626883058832
37635200327313
37641096740718
37641097550958
37641104666079
37641104809881
37641151526121
37641876561822
37641906501663
37642250107983
37643386154088
37643389828728
37644192660024
37650228000561
37654031693409
37655177189037
37655177192877
37655420214879
37655420218719
37675455381390
37675460884017
37675465639008
37675469831865
37675657383156
37675708071951
37676026843071
37676027704050
37676232635958
37676241583806
37676596224012
37676597342493
37676895063135
37677117358155
37677268099884
37677268353324
37677738229224
37677750996456
37677837774330
37677838129098
37678308272040
37678308525480
37678308541482
37678542772200
37678878714696
37678878714756
37678878968136
37678878968196
37679482947729
37680019891050
37681160667468
37685736655983
37686864921384
37687803790071
37688340926307
37688341097916
37688404837677
37688542642956
37689146622249
37689146622489
37689146688255
37689486632820
37689495580668
37689951929160
37712261434527
37721103027375
37748470470513
37748522513913
37748676646380
37749038928066
37749045744951
37749054692799
37749280625913
37749896991519
37758738584367
37795716822387
37795727175270
37795767140385
37795825446126
37796634258642
37796869668351
37797674167923
37797674240127
37797674699484
37797674700468
37797674987088
37797675098676
37798105899210
37798810542312
37800329232675
37808613478263
37808713575891
37809175776561
37809418218993
37809753762207
37810260436323
37810890993663
37811871049665
37812404563398
37814783655807
37821540152553
37821540160233
37821770514969
37821770580735
37821775042131
37822052597280
37822542266910
37822542266925
37822626153036
37822630682193
37822631934702
37822638668943
37822638734415
37822638742095
37824685763802
37826858962257
37833040539315
37833040611519
37833041358480
37836798635508
37846731148704
37847066832804
37847067110820
37847067111060
37847264374776
37847469488406
37848403734126
37848404852607
37848878774610
37849544584875
37850484109296
37851831552366
37857997053585
37858005105807
37858005113487
37860147785586
37861290127356
37861763139957
37868792863629
37870392201249
37870739020638
37870739020653
37881672924843
37881674405097
37881674429985
37881715259091
37882184236974
37882419902193
37882470560094
37882470560109
37882620436524
37882621555005
37882622114847
37882755345567
37882755445407
37883325079596
37883325079626
37883326198077
37883326198107
37890750879537
37906105392030
37906105392045
37968081780528
37968083585058
37968084703539
37968084957984
37968323942655
37968332270199
37968655313745
37968668260863
37968711138927
37969794861192
37969795979673
37970744441844
37970944768347
37970944768407
37971234745947
37971234746007
37971591141846
37971591141861
37971741018216
37971741018276
37971742136697
37971742136757
37980076338795
37980076338855
37983684131457
37985764966224
37985766770754
37985767889235
37985768143680
37995235933719
37995239119383
37996420426266
37996420426281
37996506053631
38040534441570
38174813559726
38175627753495
38199441414888
38200020621942
38208031815270
38208031996371
38208032368617
38208032375106
38208033178092
38208033178857
38208041615985
38208044201730
38208044582502
38208045774543
38208079544625
38208082802403
38208095569635
38208284841735
38208600425286
38208600427590
38208601777698
38208602407650
38208602896179
38208603414510
38208608573286
38208615663411
38208804120558
38208804930798
38208835349232
38208838565151
38208888066390
38208888066405
38208888817494
38208888817509
38208951665874
38209036648620
38209039061301
38209039812405
38209044793023
38209046750892
38209046890668
38209170850581
38209173308967
38209174095396
38209223557953
38209640134512
38209641939042
38209643057523
38209694127939
38209741291692
38209741291722
38209743704373
38209743704403
38209744455477
38209744455507
38209751393964
38209751393994
38209751533740
38209751533770
38209991474814
38209991724084
38210313053832
38210314172313
38210326939545
38210327142399
38210327540607
38210364408201
38210364424203
38211117023259
38211119448216
38211127403643
38211128389659
38211132325563
38211251267319
38211252552384
38211253670865
38211253674978
38211253683684
38211366085302
38211452567658
38211452567718
38211455205738
38211455205798
38211462669930
38211462669990
38211462809706
38211462809766
38211518125899
38211518125959
38211538813329
38211924452136
38211924705576
38212059185331
38212071849375
38212109334486
38212109334501
38212122101718
38212122101733
38212259210856
38212259210916
38212260329337
38212260329397
38212273096569
38212273096629
38212310565210
38212310565225
38212310565270
38212310565285
38212596661614
38213167009110
38214890421756
38214927906255
38214940673487
38215447999482
38215460766714
38215829945838
38216387526102
38216400293334
38217361310700
38220380406177
38220916228674
38220917347155
38220917368083
38220921717603
38220921720768
38220973405929
38221030983123
38221215885279
38221501099998
38221723387239
38221723387479
38221735626225
38222071169439
38222582674785
38223198995208
38223204770175
38223212380110
38224139305815
38224943904231
38224943904471
38224956671463
38224956671703
38226284963394
38226286081875
38226298849107
38226336317763
38227091357778
38230900604271
38233806656238
38233807951848
38233852564473
38234956076175
38235413594967
38235413595447
38235745745628
38235745746546
38236082927310
38236089668475
38236091892351
38236091904795
38236095694542
38236096813023
38236134307563
38236147074795
38236183511562
38236184630043
38236888154664
38236889273145
38237003171034
38237593917126
38238416008683
38238428775915
38239225663425
38239557567981
38241516322767
38244589929345
38245357846206
38254855238373
38259570927618
38259570942978
38259572046099
38259572061459
38263044851787
38263044851847
38263044867147
38263044867207
38264135371074
38264135386434
38266467404169
38266467419529
38267356670946
38267356686306
38271112117938
38275879422792
38275879422852
38275879438152
38275879438212
38276483402145
38276483402385
38276483417505
38276483417745
38281337819967
38281626178677
38281865321727
38282704605489
38283383330667
38284133897883
38284318463175
38284469458011
38284469458071
38284842948279
38285280476763
38285280476823
38290224050787
38299876646880
38300110181631
38302393229019
38333154500529
38354058915792
38354062147182
38354347279959
38354354479935
38354632494678
38354632556535
38354866647483
38355201877614
38355202996095
38356342728363
38356355907324
38356393391823
38356406159055
38357198619162
38357198619177
38357282252784
38357291737713
38357295431406
38357382111366
38357383229847
38357567796951
38357568430995
38357580564183
38357853011670
38357865778902
38358086754468
38358087872949
38372366089839
38373117837264
38375409888987
38390568249006
38390569367487
38405600856642
38405600872002
38407932889737
38407932905097
38409107294865
38409107310225
38409879046746
38409879046761
38409879046806
38409879046821
38409879062106
38409879062121
38409879062166
38409879062181
38414195290350
38414199027711
38414241198585
38414303291106
38414304409587
38414397929103
38414773057314
38415807215307
38416478302587
38416480526463
38416484328654
38416484333448
38416485447135
38416572145674
38416573264155
38417276788776
38417277907257
38417982551238
38418430490472
38418430490532
38423317673331
38427365397246
38427365401086
38427568039839
38427646219827
38427646223667
38428977326043
38429357495961
38429357499801
38430297027186
38431152658134
38431152658149
38431152661974
38431152661989
38431303652985
38431303653045
38431303656825
38431303656885
38432456243010
38433250606431
38435540430939
38439972431082
38439973549563
38441102341629
38442354796266
38442355914747
38443998962871
38445329405523
38445329409363
38466299783202
38466299798562
38466300901683
38466300917043
38466548750967
38466548766327
38466549152340
38466549167700
38468011059336
38468011074696
38468012177817
38468012193177
38469807339990
38469807340005
38469807355350
38469807355365
38469957216360
38469957216420
38469957231720
38469957231780
38469958334841
38469958334901
38469958350201
38469958350261
38553298525293
38553961432575
38553969613545
38554909396197
38564526943740
38564572814925
38607119834223
38614870908507
38618394123855
38843737525629
39376363833330
39376363841235
39376556495679
39377068484337
39377404015311
39377404027551
39380499152475
39380499152535
39390162818991
39390574126047
39397611904731
39397612302939
39403459045023
39404415338490
39404415346395
39405119989497
42056322829926
42056332274094
42056336005629
42056382605187
42056537131404
42056587665327
42056620789491
42056621091987
42056892432930
42056893551411
42056904892230
42057141110937
42057141313023
42057141702228
42057191653278
42057191653293
42057328914879
42057754933407
42057761964639
42057762072543
42057946417608
42057988527207
42057988529457
42057996768615
42057996951531
42058033557951
42058603709064
42058604827545
42058617277179
42058617579675
42058667918841
42058711234779
42058713580026
42059409304539
42059415877881
42059607572391
42059744834427
42059744834487
42059753616219
42059753616279
42059758476363
42059758476423
42060043345755
42060043345815
42060362416383
42060399989718
42060399989733
42060549866088
42060549866148
42060550984569
42060550984629
42060551544411
42060551544471
42061150863663
42062560149867
42065462684835
42065462754303
42065504719593
42065512961001
42065739601491
42065747842899
42066595241553
42066596494062
42066596526255
42066603301455
42066603482961
42066603557487
42066603665391
42067731205113
42068670304245
42068884938603
42068884938663
42069220746018
42069259612137
42069262816839
42069262819089
42069271058247
42069321483762
42071551397865
42072426053184
42072928587099
42072928587159
42074575618626
42074576737107
42074841072783
42076866529002
42076867647483
42077438011338
42082305884718
42082910995647
42083700342336
42083715170922
42084434110347
42084672294651
42084672597147
42085326918351
42087474518013
42087675643788
42088279623081
42088279623321
42093128336031
42101961612945
42101969672847
42101969854353
42101969928879
42107871818991
42108668598681
42109009295613
42109486182240
42110155782495
42110442392187
42110442530907
42111096755343
42111096756303
42112435285422
42112489147683
42119284123755
42120760428831
42121012087215
42122421373419
42124266866079
42124266867039
42129920758686
42129920758959
42132437332539
42133292979705
42133427196894
42133427196909
42147603944655
42155975776158
42155975776173
42180886394400
42180889875456
42180889943016
42202616349231
42202851289311
42202851303999
42203505635919
42204025635435
42204260590203
42220903515801
42221675267742
42221675267757
42238872007311
42253900770990
42253954633251
42254189588019
42256186075707
42262494150468
42262494960708
42262543473903
42262543661247
42262581393363
42262694518830
42263064678432
42263286036465
42263621579679
42264103805034
42264104009724
42265581270651
42265715552463
42274842319287
42275379221151
42275379224991
42278885659359
42278885663199
42280747864128
42280948327476
42281553180375
42281553344340
42281753437356
42288264131727
42289676597151
42290632898523
42291337541625
42314032802850
42325441444671
42640703015055
42641591167116
42641592326223
42641592409071
42642112301259
42642263296428
42646155610572
42648487643499
42648487643559
42653336460285
42653537586060
42654141565353
42654141565593
42654762436959
42654946872264
42658705165311
42666421635636
42667226745516
42667830921840
42667931388588
42667931388618
42669642664554
42669642664614
42786765458073
42787537210014
42787537210029
42787621096140
42789953129067
42789953129127
42790188083835
42790188083895
42846810269748
42847415122647
42847415286612
42847615379628
42848219555952
42848320022700
42848320022730
42850031298666
42850031298726
43225694205087
46729246457742
46729247255694
46729248374175
46729499148303
46729817919423
46729818780402
46730387300364
46730388176895
46730388418845
46730908434507
46730921508783
46731059176236
46731059429676
46731629205450
46732099617834
46732333848552
46732669791048
46732669791108
46732670044488
46732670044548
46733274024081
46733810967402
46733811699150
46734951743820
46734952628220
46737082477551
46740655997736
46741594866423
46742132002659
46742333719308
46742937698601
46742937698841
46742937764607
46743743005512
46747500061698
46747501105119
46747501180179
46752064505154
46752114910059
46752115641807
46754396538249
46755226628895
46755587477166
46755588595647
46755873002334
46755873002349
46756022878764
46756023997245
46756635915099
46756727521836
46756727521866
46756728640317
46756728640347
46759631056815
46780800548727
46780837432323
46782397460256
46782397713696
46783119936891
46788202629402
46793672003328
46794478112319
46795283418990
46802261546865
46802830004418
46803688067871
46812529660719
46821083619249
46875277184718
46875561591321
46875561657087
46876333343262
46876333343277
46876417229388
46878129321786
46893529990722
46893581127375
46895862023817
46927102004799
46927386427386
46927671627282
46927671627297
46929668114970
46935464001195
46935506335443
46935975313326
46935976111278
46935977229759
46936210978545
46936261636446
46936261636461
46936411512876
46936412631357
46936546521759
46937116155948
46937116155978
46937117274429
46937117274459
46953658499022
46953659296974
46953660415455
46954228917282
46954230035763
46954477885047
46954478286420
46955940193416
46955941311897
46961175074559
46962601539231
46963557840603
46964262483705
46986953534583
46987045153794
46987046272275
46987749796896
46987750915377
46989277330233
46989327658362
46998353780091
47023586715432
47023586968872
47024525837559
47141765293614
47143174579818
47897528601981
47951349910911
50577537774555
50577537779223
50577537780477
50577548119587
50577548127978
50577548143278
50577550402164
50577551266863
50577551267058
50577551269698
50577551292000
50577551316066
50577736892319
50577820758171
50578120521570
50578356794964
50578739592333
50579146178523
50579149380912
50579150634288
50579497424991
50579497681023
50579497769727
50579817517032
50579820275688
50579831797704
50579883302793
50579919873786
50579919924426
50580624567528
50580624783867
50580676089306
50580676089321
50580757040535
50580769349559
50580960212808
50580960212868
50581057707921
50581259282523
50581259282583
50581329180132
50581574659767
50581578153567
50581777954788
50581829459802
50581829459817
50581829459862
50581829459877
50582215333362
50586662351019
50589898375095
50589899300769
50589899644917
50590100875371
50590100875431
50590420463592
50590422403056
50590423670544
50590424923920
50591563527135
50591568920559
50593706557377
50593706602305
50594664029547
50594664029607
50594664029787
50594664029847
50595789176304
50595792361968
50595793615344
50595855210381
50595855212355
50603408324307
50603409233619
50603875792386
50604112967409
50604113876721
50604315203199
50604328047135
50604446217663
50604448433919
50604448510623
50604449419935
50604459062415
50604462182991
50605602772218
50606528530167
50608739022177
50610266838522
50614046294007
50614863796383
50614864052415
50618622246900
50629089721425
50629141159305
50629661301534
50629661301807
50630216005119
50630688140142
50631421925709
50631470090250
50631656656728
50631656855832
50631657999963
50632174733352
50632312053090
50633033522553
50633167738782
50633167738797
50633167739742
50633167739757
50633654278431
50633905936815
50635315223019
50639828554383
50640498249576
50640498448680
50640499592811
50642024926701
50644307812185
50646002308527
50646002308767
50646002309487
50646002309727
50650564548765
50650564558353
50650616304525
50651569479327
50652562461534
50652562461549
50652896984619
50653417076862
50653774093440
50654589386391
50668868892207
50669622613623
50676319803135
50687928832926
50687928832941
50702660296620
50703244991709
50704384155003
50723680818930
50724066911775
50724574281375
50725476197979
50726787902205
50727287922267
50727287922327
50742391961376
50742623629020
50742639273591
50775119763999
50775371422383
50776780708587
50777388957051
50777401683483
50778626201247
50778626202207
50779670658423
50783759130303
50783760357567
50783760367155
50783797867731
50784502510833
50784703837311
50784716681247
50784837068031
50784838054047
50784850817103
50786917164279
50798020923999
50798020927839
50810893071519
50811849372891
50812554015993
50820217188495
50833387295391
50833387299231
50836054965267
50837581691439
50846658140991
50848131341943
50848131345783
50870414349375
50989854434544
50989865290911
50990993273343
50992136349435
50993073651669
51002802194925
51002802204513
51003881381712
51003882635088
51005071312875
51012672641520
51012673894896
51016631088063
51017335731135
51017905939704
51027973463472
51027974716848
51039247753104
51039249006480
51041607903918
51043017190122
51043777848522
51044482491624
51064022259933
51064022269521
51099388640913
51161717152653
51162237587391
51162807623010
51163663309662
51163663309677
51164753854203
51174600964449
51176497879407
51176497879647
51179920773087
51191651983095
51191664826971
51191664827031
51234730834479
51235484555895
51308253903648
51308501215863
51309121772127
51311403691611
51311403691671
51325937089344
51372040617207
51372053461083
51372053461143
51403311871647
51405392347383
51405392593143
51406412614779
51406412614839
51406412860539
51406412860599
51431377116747
51431377116807
51431377362507
51431377362567
51456056397177
51456056642937
51457750893759
51457750894719
51457751139519
51457751140479
51475199202351
51475199202546
51475199205186
51475199227488
51475199448111
51475199448306
51475199450946
51477145360479
51477145606239
51477531238281
51477531484041
51478608148296
51478608148356
51478705643409
51478705889169
51479477395290
51479477395305
51479477395350
51479477395365
51479477641050
51479477641065
51479477641110
51479477641125
51487547236257
51487547482017
51493503145869
51493503147843
51493503391629
51493503393603
51503250707706
51503250953466
51512511731871
51512511977631
51527309237022
51527309237295
51527309482782
51527309483055
51530681458041
51530681703801
51530815674270
51530815674285
51530815675230
51530815675245
51530815920030
51530815920045
51530815920990
51530815921005
51575124754431
51609148571220
51609148816980
51611601141477
51611765750859
51611765750919
51611765996619
51611765996679
51620677591029
51620677836789
51621328754418
51621328758258
51621329000178
51621329004018
51624935857755
51624935857815
51624935861595
51624935861655
51624936103515
51624936103575
51624936107355
51624936107415
51663104029839
51663104030799
51663104275599
51663104276559
51672767699487
51672767703327
51672767945247
51672767949087
51673019357871
51673019361711
51673019603631
51673019607471
51674428644075
51674428647915
51674428889835
51674428893675
51676274136735
51676274137695
51676274140575
51676274141535
51676274382495
51676274383455
51676274386335
51676274387295
51745869739731
51746574382833
51746909926047
51756321593055
51771538478847
51772964943519
51773921244891
51774625887993
52597312828863
52597312845471
52597313074623
52776560533506
52776561076578
52776561594318
52776561651987
52776561778626
52776561801084
52776564993588
52776565276533
52776565498623
52776565794687
52776573853416
52776616084551
52776616191585
52776762474420
52776767079447
52776767095086
52776774672942
52777132224174
52777136196981
52777367101695
52777371074619
52777568224047
52777702646892
52777715273013
52777752957807
52777757177709
52777987281780
52777987445535
52778171158254
52778171760624
52778172276735
52778172385518
52778172395106
52778176365651
52778176365924
52778176381290
52778183959146
52778272867119
52778520673872
52778847176232
52778897719083
52779783023094
52779783483264
52779796132737
52780034457675
52780034457735
52780567678938
52780567884618
52780567884678
52780600954611
52780601355984
52780839968730
52780839968745
52781124976962
52781128125948
52782840431925
52782840431955
52783457010057
52784346276834
52785692641137
52786829038383
52786883748453
52789446675150
52789446697854
52789450304892
52789450655556
52789496451939
52790638128525
52791119833569
52792667902965
52792869028680
52792869028740
52793473008033
52793473008273
52794815409870
52794865019235
52794865536975
52794865721283
52795620576990
52795833591468
52797096904587
52799428919619
52802238478842
52802900754978
52802901873459
52804612031112
52804613149593
52806408311766
52806408311781
52806558188136
52806558188196
52806559306617
52806559306677
52808039818548
52810560098298
52810561325562
52813119329199
52813887045264
52828101380718
52828101389454
52828105379106
52828109852535
52828112899104
52828112956962
52828151166243
52828386414399
52828390809051
52828906508067
52829531408151
52830483771258
52830483775434
52830957211176
52831188418536
52831322204151
52832664087906
52837232401899
52838373000999
52842139316049
52850582458527
52852796184561
52853567936502
52902541137879
52902737959968
52903967203194
52911382730727
52922589441906
52922590462530
52922590667640
52922590669170
52922593611516
52923450279510
52923450279525
52923597303468
52923601274421
52923730965300
52924301946540
52924301946570
52924305917493
52924305917523
52924922495625
52925824548816
52926013222506
52926013222566
52926096900753
52926868652634
52926868652649
52926868652694
52926868652709
52927153333614
52940843526003
52940894405187
52943125980843
52943703964410
52945457276271
52974129573474
52977351501486
52977351502446
52982719512564
52982719813437
52982723180400
52982731537920
52982732765184
52982984028975
52983289389090
52983290507571
52984393315179
52985000665224
52985001783705
52985945521350
52986142375800
52986142375860
52986192370761
52986192370821
52986796945878
52986796945893
52986946822248
52986946822308
52986947940729
52986947940789
52987334350125
52990504443351
52990756126569
52990756126629
52991896648701
52999077601119
53000972574786
53000973693267
53001271195545
53002042947486
53002042947501
53009634074271
53010112788393
53010440214039
53011760812749
53013871277568
53019277369293
53034259249152
53034259264866
53034263870574
53034322312995
53034829848381
53034830245038
53037480654780
53037480654822
53037480655740
53037530649741
53037530650701
53038823628108
53042094405549
53042094406509
53049425664639
53049425668479
53069190287250
53069190492930
53069814719589
53084365482426
53141633260206
53188878657678
53188891299552
53188928235363
53188928434467
53190308676375
53194016476533
53194595552565
53199150269223
53214647891298
53214647898978
53215218871470
53215218879150
53242699968042
53263318406103
53272159998951
53274827619837
53360677350498
53360731881315
53361494257407
53361695533740
53362400176812
53362400176842
53362958846859
53363898580980
53363902574583
53364103874922
53364103874982
53364111452778
53364111452838
53364707854515
53364905003883
53364905003943
53376783477750
53388728848104
53507847072366
53508987923115
53509927447536
53567133137817
53567904889758
53567904889773
53567976225660
53567988775884
53568026220621
53568457702944
53568458930208
53569117482216
53570320808811
53570320808871
53572589976429
53575974730665
53579733219840
53601194016654
53601203177070
53601204404334
53601446707215
53601480466329
53601690945078
53601765478335
53601765876543
53601765879660
53602209822516
53602211049780
53602252218270
53602252218285
53602334859276
53602335977757
53602336101231
53602336104396
53602344040215
53602345267479
53602386202341
53602386600549
53602855993419
53602914465588
53602914465618
53602915692852
53602915692882
53603006988588
53603100231282
53603477153646
53603485079352
53603486107512
53604047176746
53604047643624
53604416477685
53604617603400
53604617603460
53604668137323
53604668137383
53605221582993
53605272125334
53605272125349
53605758526314
53606899302732
53610322058190
53610322059177
53612603556648
53614080152445
53614281278220
53614885257513
53614885257753
53614885323519
53615690564424
53617351711695
53619447620610
53619448664031
53619448739091
53619449062239
53619507119727
53619508346991
53624012064066
53624062468971
53626344097161
53627820561246
53627820561261
53627970437676
53627971556157
53628626000847
53628626001327
53628675080748
53628675080778
53628676199229
53628676199259
53652735061992
53652784991235
53654345272608
53655587188590
53656006416303
53656006417263
53660150188314
53662146878271
53665619562240
53666190188406
53675635626783
53684477219631
53747509150233
53747509215999
53747794699893
53748280902174
53748280902189
53748364788300
53765477549634
53767809582729
53799333986298
53799619186194
53799619186209
53801615673882
53807353205472
53807922872238
53807924737887
53808209195358
53808209195373
53808359071788
53808360190269
53809063714860
53809063714890
53809064833341
53809064833371
53825606057934
53826176476194
53826177594675
53827887752328
53827888870809
53833173357069
53858992712706
53858993831187
53859697355808
53859698474289
55114030227615
55116243953649
55116244152753
55117015705590
55117015904634
55117015904694
55165988906967
55166185729056
55167414972282
55167415171386
55171407948159
55174830499815
55177460018688
55405081029294
55939083395871
55947924988719
56075095005123
56075095597410
56075095988163
56075098653672
56075098656480
56075098657617
56075098661730
56075098670436
56075098681836
56075098682601
56075098690089
56075099636712
56075099639520
56075099640657
56075099644770
56075099653476
56075099664876
56075099665641
56075099673129
56075345891343
56075346874383
56075664625554
56075664625734
56075664662463
56075664686730
56075665468098
56075665470738
56075665608594
56075665608774
56075665645503
56075665669770
56075666006802
56075666043711
56075666046828
56075666451138
56075666453778
56075870434542
56075870442030
56075871417582
56075871425070
56075900336883
56075901319923
56075954321238
56075954321253
56075955304278
56075955304293
56075962448670
56075962448685
56075963269086
56075963269101
56075963431710
56075963431725
56075964252126
56075964252141
56076105316149
56076106299189
56076114263997
56076115247037
56076236467719
56076239568759
56076240551799
56076248219472
56076249202512
56076285386469
56076286369509
56076286767717
56076295727853
56076297992877
56076298975917
56076532857183
56076533840223
56076755177547
56076756160587
56076767771121
56076768754161
56076805484238
56076806467278
56076809959221
56076809959251
56076810942261
56076810942291
56076818907069
56076818907099
56076819890109
56076819890139
56076906172716
56076907155756
56077040414292
56077041397332
56077376190264
56077377173304
56077377320814
56077380419304
56077381402344
56077389330888
56077390313928
56077946360874
56077947343914
56077950840744
56077951823784
56078379188199
56078380171239
56078516787528
56078516787588
56078517043560
56078517043620
56078517770568
56078517770628
56078518026600
56078518026660
56078518157028
56078529616491
56078529616551
56078530183035
56078530183095
56078530599531
56078530599591
56078531166075
56078531166135
56078890338231
56078891321271
56079120767121
56079121023153
56079121750161
56079122006193
56079658442190
56079659425230
56079671356788
56080232512854
56080233495894
56080798486860
56080798504308
56080799469900
56080799487348
56082929220591
56082930203631
56084221280511
56084222263551
56084426814444
56084427797484
56085374450031
56085375012405
56085375274596
56085375433071
56085375995445
56085376257636
56086502740776
56086503723816
56087983591308
56087984574348
56088029733123
56088030716163
56088030832617
56088042060753
56088043043793
56088180462348
56088181445388
56088243872559
56088244855599
56088268800825
56088269783865
56088784441641
56088784441881
56088785424681
56088785424921
56088788890983
56088788891223
56088789874023
56088789874263
56088797018415
56088797018655
56088797313726
56088797838831
56088797839071
56088798001455
56088798001695
56088798296766
56088798821871
56088798822111
56088834736470
56088834736485
56088834797466
56088834797481
56088835719510
56088835719525
56088835780506
56088835780521
56088985731381
56088986714421
56089040552766
56089041535806
56089124405616
56089124410197
56089124431125
56089124438892
56089125388656
56089125393237
56089125414165
56089125421932
56089589748552
56089590731592
56089640060193
56089640357871
56089641043233
56089641340911
56089653158763
56089654141803
56089690374453
56089690374483
56089691357493
56089691357523
56091204809559
56091205792599
56091213467505
56091213757407
56091214450545
56091214740447
56091250716579
56091251699619
56091686959995
56091686960055
56091688267764
56091699727227
56091699727287
56091700710267
56091700710327
56091770808822
56091771791862
56093347848159
56093348831199
56093349229407
56093352327039
56093353310079
56093360928393
56093361911433
56093399540067
56093402604387
56093403587427
56094132680334
56094133663374
56095634026440
56095635009480
56097911220078
56097911248194
56097912203118
56097912231234
56097962384847
56097963367887
56100243281289
56100244264329
56101438903878
56101439886918
56102479098711
56102479099191
56102480081751
56102480082231
56102488046559
56102488047039
56102489029599
56102489030079
56104085525121
56104086508161
56104655976375
56104656959415
56104857277002
56104857277062
56104858260042
56104858260102
56105477799855
56105478782895
56106237165936
56106237200226
56106238148976
56106238183266
56106531039129
56106532022169
56106623071725
56106624054765
56107302791070
56107302791085
56107303774110
56107303774125
56108569233321
56108570216361
56111614578420
56111614590864
56111615561460
56111615573904
56111899228575
56111900211615
56120740821423
56120741804463
56124490777008
56124491760048
56126635229160
56126638325499
56126639308539
56126646415152
56126647398192
56126684175363
56126685158403
56126696734605
56126697717645
56126835981708
56126836964748
56127208726050
56127209709090
56127439961241
56127440944281
56127779124501
56127780107541
56127789923967
56128244456736
56128245267912
56128245439776
56128246250952
56128529911422
56128530894462
56128642891614
56128642891629
56128643874654
56128643874669
56128966679931
56128967662971
56129201004504
56129201987544
56129486225208
56129487208248
56129487355758
56129868462015
56129868462975
56129869445055
56129869446015
56131198608738
56131201673058
56131202656098
56134049372442
56134050355482
56138042597352
56138043580392
56139518746368
56139519729408
56139582156579
56139583139619
56140324855359
56140325838399
56140378836786
56140379819826
56141130162030
56141131145070
56141477461359
56141477461599
56141478444399
56141478444639
56142375324474
56142376307514
56148108959694
56148109942734
56148112863999
56148113160063
56148113847039
56148114143103
56148163449927
56148164432967
56148314444823
56148314460462
56148315427863
56148315443502
56148683562357
56148684545397
56148918439995
56148919423035
56149115589423
56149116572463
56149262638389
56149263621429
56149723731027
56149723731300
56149723746666
56149724714067
56149724714340
56149724729706
56149820232495
56149821215535
56150394541608
56150395524648
56151331831680
56151581823051
56151581823111
56151582806091
56151582806151
56152115044314
56152116027354
56152148319987
56152149303027
56152149704400
56158431113829
56158432096869
56166412902351
56166413885391
56168644269963
56168645253003
56199652744482
56199653727522
56199657217911
56199658200951
56199933779775
56199934762815
56200453873443
56200454856483
56201078773527
56201079756567
56202504576552
56202505559592
56209920366375
56209921349415
56221123927758
56221124910798
56221136842356
56221186567401
56221187550441
56221228216599
56221229199639
56221408334361
56221409317401
56221412783703
56221413766743
56221420911135
56221421206206
56221421731551
56221421894175
56221422189246
56221422714591
56221697998422
56221698981462
56221929815871
56221929815967
56221932859701
56221933842741
56222180086302
56222180086317
56222181069342
56222181069357
56222263972428
56222263989876
56222264955468
56222264972916
56224219066008
56224220049048
56224348779345
56224349762385
56239376733762
56239377716802
56239427870415
56239428853455
56240190975570
56240191958610
56241708766857
56241709749897
56272664094306
56272948747839
56272949730879
56273518370322
56273518370337
56273519353362
56273519353377
56274101354079
56274102337119
56275514858010
56275515841050
56281827537990
56281828521030
56284474159233
56284475142273
56285245911114
56285245911174
56285246894154
56285246894214
56294137827906
56294137831746
56294138810946
56294138814786
56294997644886
56294997644901
56294997648726
56294997648741
56294998627926
56294998627941
56294998631766
56294998631781
56295148639797
56295148643637
56295149622837
56295149626677
56295853282869
56295853282899
56295853286709
56295853286739
56295854265909
56295854265939
56295854269749
56295854269779
56296469861001
56296469864841
56296470844041
56296470847881
56297644266129
56297644269969
56297645249169
56297645253009
56298416018010
56298416018025
56298416018070
56298416018085
56298416021850
56298416021865
56298416021910
56298416021925
56298417001050
56298417001065
56298417001110
56298417001125
56298417004890
56298417004905
56298417004950
56298417004965
56312441770563
56312441774403
56312442753603
56312442757443
56333652342102
56333652342117
56333653325142
56333653325157
56333803337013
56333804320053
56334507980085
56334507980115
56334508963125
56334508963155
56367357785580
56367358768620
56367726884151
56367727867191
56367735831999
56367736815039
56367961765113
56367962748153
56369433711912
56369434694952
56440737652626
56440738635666
56441362084965
56441363068005
56487474002829
56487474985869
56488556392725
56488557375765
56489420159838
56489420159853
56489421142878
56489421142893
56491978941282
56491979924322
56500300475733
56500301458773
56502254729583
56502254729823
56502255712623
56502255712863
56510282883939
56510283866979
56514040968534
56514040968549
56514040976214
56514040976229
56514041951574
56514041951589
56514041959254
56514041959269
56514191963445
56514191971125
56514192946485
56514192954165
56514896606517
56514896606547
56514896614197
56514896614227
56514897589557
56514897589587
56514897597237
56514897597267
56524786531230
56524786531245
56524787514270
56524787514285
56537621100975
56537621101215
56537622084015
56537622084255
56560438664928
56560439647968
56561856041751
56561857024791
56570697634599
56570698617639
56659222870665
56659223853705
56659994622606
56659995605646
56660350631655
56660351614695
56660364032895
56660365015935
56662435469985
56662436453025
56662682671179
56662682671239
56662683654219
56662683654279
56663002823607
56663207221866
56663207221926
56663208204906
56663208204966
56663773162350
56663773190466
56663774145390
56663774173506
56666105223561
56666106206601
56672099142498
56672100125538
56672392981401
56672393964441
56673164733342
56673164733357
56673165716382
56673165716397
56673248619468
56673249602508
56674040868708
56674041851748
56674431175593
56674432158633
56675517242184
56675517242244
56675518225224
56675518225284
56675580652395
56675580652455
56675581635435
56675581635495
56675605580721
56675606563761
56676121221537
56676121221777
56676122204577
56676122204817
56676377332602
56676377332662
56676378315642
56676378315702
56682077105007
56682077133123
56682078088047
56682078116163
56690403085155
56690404068195
56734506212235
56734507195275
56735449939959
56735450922999
56735651240298
56735651240358
56735652223338
56735652223398
56736255219891
56736256202931
56736452369259
56736452369319
56736453352299
56736453352359
56805238676034
56805239659074
56807570709129
56807571692169
56808745114257
56808746097297
56809516866138
56809516866153
56809516866198
56809516866213
56809517849178
56809517849193
56809517849238
56809517849253
56823542618691
56823543601731
56899728749331
56899729063935
56899729732371
56899834900503
56899929293100
56899930276140
56900307317877
56900308300917
56900533252383
56900533272633
56900534235423
56900534255673
56900539543605
56901338579304
56901339562344
56902064469867
56902065452907
56902580876010
56902581859050
56902949205939
56902950188979
56902955463249
56903520402630
56903521385670
56903524087479
56903525070519
56904291348846
56904292331886
56913422643966
56913423627006
56913804058893
56913805041933
56914945697259
56914946680299
56915834086272
56915835069312
56922595291503
56922596274543
56925497774601
56925498757641
56925504042513
56926269526542
56926270509582
56926303079964
56926304063004
56930916820227
56930917803267
56951267577120
56951268560160
56954119716426
56954120699466
56967289827162
56967289827177
56967290810202
56967290810217
56972994072591
56972995055631
56973312843711
56973313826751
56973314224959
56973314228076
56973933567717
56973934550757
56973934948965
56974403358795
56974404341835
56974554353964
56974555337004
56975025502062
56975594542122
56975595525162
56976164968776
56976164968836
56976165951816
56976165951876
56976768948369
56976769931409
56984150922024
56984151905064
56990996029407
56990997012447
56990997410655
57024283410408
57024332356611
57024333339651
57025892637984
57025893621024
57027135537006
57045756834414
57045757817454
57046046536446
57046047519486
57064060777071
57064061760111
57105886408713
57105887391753
57106658160654
57106659143694
57106691714076
57106692697116
57109107637215
57109108620255
57119056515609
57119056519449
57119057498649
57119057502489
57119828267550
57119828267565
57119828271390
57119828271405
57119829250590
57119829250605
57119829254430
57119829254445
57119912153676
57119912157516
57119913136716
57119913140556
57124945293663
57124946276703
57131656216479
57131657199519
57137024915010
57137024918850
57137025898050
57137025901890
57139356948105
57139356951945
57139357931145
57139357934985
57157996444674
57157997427714
57171166551570
57171166551585
57171166555410
57171166555425
57171167534610
57171167534625
57171167538450
57171167538465
57173163039258
57173163043098
57173164022298
57173164026138
57449486205816
57449486207346
57450492841644
57450626503476
57450639419055
57451197484716
57451197484746
57451767873531
57452573045019
57452808105606
57452908760682
57452908760742
57453512748708
57456331141482
57458612458338
57460051612575
57462484197783
57463188840885
57463511958396
57465592335054
57465604760529
57465642111843
57466326181353
57467739064179
57470021519019
57474635084139
57476681520948
57476866624206
57476866624686
57476916400995
57480624719730
57504247039662
57504247040622
57512534985594
57597796627050
57616100569707
57655657750248
57656835068493
57657266297958
57658031035338
57658735678440
57659117884233
57659117884293
57664782490344
57668540587590
57673909572840
57673909597728
57676985086299
57692201439885
58034742610542
58035883461291
58036822985712
58046486662002
58239771515112
58239771540000
59373630308238
59373882998799
59373916757913
59374201769919
59374688509854
59374688509869
59374771150860
59374772269341
59374772392815
59374772395980
59374822493925
59375292285003
59375443280172
59376483468330
59376852769269
59377053894984
59377053895044
59377104428907
59377104428967
59377657874577
59377708416918
59377708416933
59378194817898
59379335594316
59379335611764
59381466328047
59382758349774
59382758350761
59385039848232
59386516444029
59386717569804
59387321549097
59387321549337
59387321615103
59388126856008
59389788003279
59391883912194
59391884955615
59391885030675
59396448355650
59396498760555
59398780388745
59400256852830
59400256852845
59400406729260
59400407847741
59401062292431
59401062292911
59401111372332
59401111372362
59401112490813
59401112490843
59404014907311
59425221282819
59426781564192
59428442707887
59428442708847
59432586479898
59434583169855
59438055853824
59438626479990
59448071918367
59456913511215
59519945441817
59519945507583
59520717193758
59520717193773
59520801079884
59520801097332
59537913841218
59540245874313
59571770277882
59572055477778
59572055477793
59574051965466
59580359163822
59580645486942
59580645486957
59580795363372
59580796481853
59581500006444
59581500006474
59581501124925
59581501124955
59598042349518
59598612767778
59598613886259
59600324043912
59600325162393
59613788437242
59631429004290
59631430122771
59632133647392
59632134765873
59665689320910
59667970819368
59957745854466
59957746972947
59958938278767
59961219778635
59961219778695
59962310297922
59964642331017
59965531597794
59973853223925
59974054349640
59974054349700
59974658328993
59974658329233
59980614240579
59984086075938
59984087194419
59985797352072
59985798470553
59987593632726
59987593632741
59987743509096
59987743509156
59987744627577
59987744627637
60103775783490
60106107816585
60107282221713
60108053973594
60108053973609
60108053973654
60108053973669
60122079726147
60164474710050
60164475828531
60166185986184
60166187104665
60167982266838
60167982266853
60168132143208
60168132143268
60168133261689
60168133261749
60182157895746
60182159014227
60198844489845
60748082105577
60748083088617
60748123754775
60748124737815
60748601897886
60748601898159
60748602880926
60748602881199
60748825354047
60748825354143
60748828397877
60748829380917
60749977622463
60749978605503
60750300632811
60750301615851
60751171485690
60751244317521
60751245300561
60751255368447
60751974118905
60751975101945
60752108336094
60752108336109
60752109319134
60752109319149
60752259087195
60752259087255
60752260070235
60752260070295
60752594874783
60752595857823
60757158580017
60757159563057
60758299179663
60758300162703
60760916374254
60760917357294
60761474788290
60761475771330
60763248408537
60763249391577
60763470743547
60763471726587
60764006055675
60764942905839
60764942906079
60764943888879
60764943889119
60766285083855
60766286066895
60769359525627
60769360508667
60773792896785
60773793879825
60773803947711
60774656915358
60774656915373
60774657898398
60774657898413
60797423898612
60797424881652
60799571082216
60799572065256
60822186784431
60822187767471
60894060360351
60894061343391
60895943620350
60895944603390
60896629948155
60897566798559
60897567781599
60947026590111
60947027573151
62122981363602
62122981569282
62138155331514
62138156558778
62195424336558
62357811011145
62357811011205
62362567372794
62362568596218
62362568600058
64458872105646
64484549652474
64484550879738
65447284111122
65447285094162
65494528728978
65494529712018
65970700578414
65970701140968
65970701143776
65970701144913
65970701149026
65970701157732
65970701169132
65970701169897
65970708940656
65970708944832
65970708948642
65970708956868
65970708964911
65970708974280
65970708996984
65970708998514
65970713352192
65970764041347
65970813299766
65970915033900
65970986287377
65970995235225
65971283315886
65971472921838
65971514260764
65971514302335
65971514441055
65971519013433
65971519244991
65971519646364
65971556808534
65971556808549
65971556930934
65971565756382
65971565756397
65971565878782
65971707803445
65971715632812
65971716751293
65971720928703
65971758039318
65971758039333
65971766987166
65971766987181
65971841925444
65971842056055
65971850873292
65971854867660
65971855261599
65971892257725
65972324320104
65972324322720
65972411857374
65972412446517
65972412446547
65972420275884
65972420275914
65972421394365
65972421394395
65972425571775
65972596395774
65972982480696
65972982906600
65972990902143
65973082404810
65973553202856
65973787047912
65973796007451
65973933862512
65973935222751
65973981675495
65973985467375
65974131551850
65974131551910
65974132670331
65974132670391
65974182906219
65974182906279
65974740815472
65975277350772
65975322676719
65975835000150
65977605474603
65978129238426
65979055095285
65979827880225
65979836828073
65980029301740
65980113311601
65980121158431
65980122259449
65980125928383
65980981939812
65983048065783
65983598612352
65983786814973
65983786839861
65984169238518
65984391378279
65984391378519
65984400326127
65984400326367
65984726892912
65984726897493
65984726918421
65984734726860
65984734749564
65984740025169
65985196126065
65985310477938
65986807296855
65986815126222
65986816244703
65988966501582
65989004521071
65989005091683
65989168924044
65989772903577
65991236388552
65991244310187
65991819447498
65992049752059
65996471236296
65996534046639
65997041391174
65998081586007
65998081586487
65998089415374
65998089415854
65998090533855
65998090534335
65998760453802
65998760495658
65998815546507
66000375827400
66000375827880
66000505404159
66001839653232
66001847510898
66001851864576
66002225559021
66007221153780
66007316842182
66008021485284
66020093264304
66020106396561
66020676849330
66022240812795
66022253317920
66022253624688
66022492341255
66022501289103
66023381611797
66023381735271
66023389441164
66023390683119
66023859349614
66023901627459
66023910575307
66024052622628
66024061570476
66024199687935
66024200089308
66024530438520
66024581679465
66024634862970
66024808065147
66024819596088
66025469830830
66025469831790
66025470949311
66025470950271
66026280154803
66026280155763
66026804136432
66026804160354
66027944936772
66027953884620
66030038250996
66030285917547
66030285917607
66033757776762
66035125786485
66035134734333
66035326912260
66035335860108
66035930891553
66035930891793
66035931232830
66035939839401
66035939839641
66036736198464
66036745146312
66043715850987
66043716252360
66043765937223
66043916932119
66044519790291
66045326218323
66045326218596
66054033601125
66072571295451
66096681260823
66104382266094
66105522853671
66116737887999
66116742839196
66116788162287
66116830703895
66116838533262
66117015270999
66117024218847
66117300485718
66117535346997
66117543176364
66117598236306
66117598236321
66119070960171
66119594723994
66119951266641
66119959095462
66119959096008
66120520580853
66137373861066
66138078504168
66168269584377
66168269622000
66168554784273
66168555125310
66168563732121
66169041336318
66169326536214
66169326536229
66169335484062
66169335484077
66169410422340
66169419370188
66169423282140
66171503736564
66171751403115
66171751403175
66176872838976
66177430025286
66177673854207
66178482239520
66179149129770
66187411388127
66189756529152
66190600132182
66190600132197
66190600136022
66190600136037
66190751127093
66190751130933
66191455770165
66191455770195
66191455774005
66191455774035
66195176781633
66195683882358
66195926302044
66195931084407
66198208036443
66202628273919
66202637178615
66202641371880
66228407016567
66229254829398
66229254829413
66229405824309
66229413653676
66229598224125
66230110467381
66230110467411
66230118296748
66230118296778
66230744062827
66231829572714
66231829572774
66262758387252
66262960272876
66262968066606
66263052129567
66263056899519
66263329371447
66263337153918
66263337200814
66263338319295
66263564252409
66263572047423
66264377352810
66264717950172
66265040569896
66265091112747
66265623612840
66265979036919
66271893722415
66336964572261
66383269609479
66383278557327
66383303368593
66383588380599
66384075120534
66384075120549
66384158880021
66384159003495
66384159006660
66384166709388
66384167951343
66384678895683
66384687843531
66384829890852
66384838838700
66384976956159
66384977357532
66387581428578
66388722204996
66388731152844
66391063185771
66391063185831
66392144961441
66395903054709
66395912002557
66396104180484
66396113128332
66396708159777
66396708160017
66396717107625
66396717107865
66397513466688
66397522414536
66401271566295
66405885371235
66409643455830
66409643455845
66409643463510
66409643463525
66409794450741
66409794458421
66409802280108
66409802287788
66410499093813
66410499093843
66410499101493
66410499101523
66410506923180
66410506923210
66410506930860
66410506930890
66410747121204
66412218199146
66412218199206
66412218206826
66412218206886
66424101433332
66457458529047
66466300121895
66554829589983
66555030866316
66555634845849
66555965401710
66555966520191
66556439517216
66556440152520
66556775725683
66557106252459
66557911694331
66558045776880
66558251813736
66558251813796
66558855793329
66567709453170
66567713806848
66581157190518
66703235803338
66703940446440
66761025732387
66761545824630
66761793026679
66789881182746
66789881182761
66795397832937
66795632714835
66796488354897
66797624418858
66797666957163
66798765244488
66798765244548
66799126574775
66804469515972
66804474307377
66804474307683
66809025131262
66831854726289
66841077401286
66845880478101
66847888927404
66847888942764
66848593570476
66848593570506
66848593585836
66848593585866
66850304846442
66850304846502
66850304861802
66850304861862
66859872676119
66860577319221
66862993237905
66862993238865
66863714659689
66941649023742
66941858195103
66943267481307
66944223716910
66961906902606
67001504807472
67001505053232
67002076477233
67002076722993
67004588160123
67019759662929
67019759908689
67029552648831
67031889589737
67031889835497
68307163620075
68307213706311
68307364701207
68308773987411
68308773987684
68313438053685
68313438053715
68320048277316
68360129029911
68367830035182
68368970622759
69269234021889
69269234040558
69269235004929
69269235023598
69269242969737
69269243952777
69269246627232
69269247124272
69269247610272
69269248107312
69269297198313
69269297443725
69269298181353
69269298426765
69269804446206
69269804683086
69269805429246
69269805666126
69269817292083
69269818275123
69270005773830
69270006756870
69270014721678
69270015704718
69270039393399
69270048271935
69270048272031
69270048341247
69270049254975
69270049255071
69270089646102
69270089646117
69270090629142
69270090629157
69270098593950
69270098593965
69270099576990
69270099577005
69270844634487
69270845617527
69270853582335
69270854565375
69271181323287
69271243600734
69271243600749
69271244583774
69271244583789
69271515981672
69271516005738
69271516964712
69271516988778
69272455232640
69272455311735
69272456215680
69272464259583
69272468118663
69272469101703
69272505565761
69272506548801
69272514513063
69272514513609
69272515496103
69272515496649
69278360826873
69278361809913
69278373672753
69278374655793
69278646026769
69278647009809
69278654974617
69278655957657
69279501664836
69279502647876
69279510612684
69279511595724
69279514524636
69279515507676
69281594658480
69281595641520
69281796251211
69281796251271
69281797234251
69281797234311
69281842645611
69281842645671
69281843628651
69281843628711
69282118924119
69282119907159
69282127871967
69282128855007
69282169226049
69282170209089
69282178148259
69282178156485
69282178173897
69282179131299
69282179139525
69282179156937
69282404132625
69282404151294
69282405115665
69282405134334
69282413080473
69282414063513
69283175884566
69283175884581
69283176867606
69283176867621
69283184832414
69283184832429
69283185815454
69283185815469
69283259770692
69283260753732
69283268715375
69283268718540
69283269698415
69283269701580
69284078170479
69284078170719
69284079153519
69284079153759
69285349091829
69285350074869
69285390512001
69285391495041
69285600710223
69285600751467
69285600751527
69285601693263
69285601734507
69285601734567
69285638229399
69285639212439
69287500477779
69287501460819
69295003890999
69295012838847
69295054145025
69295055128065
69295063092873
69295064075913
69295586860674
69295587843714
69297298132392
69297299115432
69306320574150
69306321557190
69306609972126
69306609972141
69306610955166
69306610955181
69319444541871
69319444542111
69319445524911
69319445525151
69319490684886
69319490684901
69319491667926
69319491667941
69319779843477
69319780826517
69320974927140
69320975910180
69320983874988
69320984858028
69321578906673
69321579889713
69321587854521
69321588837561
69321591783027
69321592766067
69322384213344
69322385196384
69322393161192
69322394144232
69323064270681
69323065253721
69324007700403
69324007701363
69324008683443
69324008684403
69324009072372
69329909381679
69329910364719
69333708884271
69333709867311
69333772041495
69333773024535
69334463871456
69334463871696
69334464854496
69334464854736
69334476684597
69334477667637
69334799413095
69334800396135
69334849692933
69334850675973
69334858640781
69334859623821
69336892604241
69336893587281
69336939030447
69336939031407
69336940013487
69336940014447
69342311406723
69342312389763
69342462399276
69342463382316
69342533652753
69342534635793
69342542600601
69342543583641
69343066378809
69343066610367
69343067361849
69343067593407
69343067994780
69343305404694
69343305404709
69343306387734
69343306387749
69343314352542
69343314352557
69343315335582
69343315335597
69343389290820
69343390273860
69343398238668
69343399221708
69343439623101
69343440606141
69343871685480
69343871688096
69343872668520
69343872671136
69345100568232
69345101551272
69345730271595
69345730271655
69345731254635
69345731254695
69351375245601
69351376228641
69351384193449
69351385176489
69362783753928
69362784736968
69363366812874
69363367795914
69370362911883
69370363894923
69371923192776
69371923193256
69371924175816
69371924176296
69378768519156
69378769502196
69393800683296
69393801666336
69394039706631
69394040689671
69394048654479
69394049637519
69395448992835
69395449975875
69395457940683
69395458923723
69395599988004
69395600971044
69395608935852
69395609918892
69395747053311
69395748036351
69395748437724
69396129044841
69396130027881
69415322182755
69415323165795
69415833317382
69415834300422
69415842265230
69415843248270
69416702063199
69416703046239
69436377593034
69436378576074
69452068434591
69452069417631
69467087764176
69467088747216
69475975494786
69475976477826
69489145601682
69489145601697
69489145605522
69489145605537
69489146584722
69489146584737
69489146588562
69489146588577
69490618325547
69490618329387
69490619308587
69490619312427
69491142089370
69491142093210
69491143072410
69491143076250
69504026999946
69504027982986
69526932042753
69526933025793
69526940990601
69526941973641
69527703794694
69527704777734
69527712742542
69527713725582
69539816987376
69539816991216
69539817970416
69539817974256
69540102149649
69540102153489
69540103132689
69540103136529
69540111097497
69540111101337
69540112080537
69540112084377
69540873901590
69540873901605
69540873905430
69540873905445
69540874884630
69540874884645
69540874888470
69540874888485
69540882849438
69540882849453
69540882853278
69540882853293
69540883832478
69540883832493
69540883836318
69540883836333
69540957787716
69540957791556
69540958770756
69540958774596
69540966735564
69540966739404
69540967718604
69540967722444
69543298768491
69543298768551
69543298772331
69543298772391
69543299751531
69543299751591
69543299755371
69543299755431
69561291798009
69561292781049
69561576997905
69561577980945
69561585945753
69561586928793
69562063549950
69562064532990
69562348749846
69562348749861
69562349732886
69562349732901
69562357697694
69562357697709
69562358680734
69562358680749
69562432635972
69562433619012
69562441583820
69562442566860
69562445495772
69562446478812
69564773616747
69564773616807
69564774599787
69564774599847
69570418590753
69570419573793
69570427538601
69570428521641
69574176695622
69574177678662
69574185643470
69574186626510
69574437266223
69574438249263
69575846552427
69575847535467
69636587935272
69636588918312
69637170978216
69637171961256
69681752195364
69681753178404
69681761143212
69681762126252
69682356174897
69682357157937
69682365122745
69682366105785
69683161481568
69683162464608
69683170429416
69683171412456
69695626961157
69695627944197
69695635909005
69695636892045
69707320669185
69707320676865
69707321652225
69707321659905
69707329617033
69707329624713
69707330600073
69707330607753
69708092421126
69708092428806
69708093404166
69708093411846
69708101368974
69708101376654
69708102352014
69708102359694
69735385038411
69735386021451
69748555149147
69748556132187
69754816974855
69754817957895
69754825922703
69754826905743
69755135745975
69755136729015
69756226261059
69756227244099
69756235208907
69756236191947
69756377256228
69756378239268
69756386204076
69756387187116
69756524321535
69756525304575
69756525705948
69772818931671
69772819914711
69854503271283
69854504254323
69867388174161
69867389157201
69867434601327
69867435584367
69929799179112
69929799179172
69929800162152
69929800162212
69930403158705
69930404141745
70002239535306
70002240518346
70093880341551
70093880341746
70093880344386
70093880587311
70093880587506
70093880590146
70093881324591
70093881324786
70093881327426
70093881570351
70093881570546
70093881573186
70095826499679
70095826745439
70095827482719
70095827728479
70096158377550
70096159360590
70096199794731
70096200777771
70096212377481
70096212623241
70096213360521
70096213606281
70097386782609
70097387028369
70097387765649
70097388011409
70098158534490
70098158534505
70098158534550
70098158534565
70098158780250
70098158780265
70098158780310
70098158780325
70098159517530
70098159517545
70098159517590
70098159517605
70098159763290
70098159763305
70098159763350
70098159763365
70098544408050
70098544653810
70098545391090
70098545636850
70106228375457
70106228621217
70106229358497
70106229604257
70106752676862
70106753659902
70109093618475
70109094601515
70110993104235
70110993104295
70110993104475
70110993104535
70110993349995
70110993350055
70110993350235
70110993350295
70110994087275
70110994087335
70110994087515
70110994087575
70110994333035
70110994333095
70110994333275
70110994333335
70112133965616
70112134948656
70112184285069
70112184287043
70112184530829
70112184532803
70112185268109
70112185270083
70112185513869
70112185515843
70114462320207
70114463303247
70121931846906
70121932092666
70121932829946
70121933075706
70126595913210
70126596158970
70126596896250
70126597142010
70131192871071
70131193116831
70131193854111
70131194099871
70145416264329
70145416279689
70145417247369
70145417262729
70145990376222
70145990376495
70145990621982
70145990622255
70145991359262
70145991359535
70145991605022
70145991605295
70146188016270
70146188031630
70146188999310
70146189014670
70147019602542
70147690691448
70149362597241
70149362843001
70149363580281
70149363826041
70149496813470
70149496813485
70149496814430
70149496814445
70149497059230
70149497059245
70149497060190
70149497060205
70149497796510
70149497796525
70149497797470
70149497797485
70149498042270
70149498042285
70149498043230
70149498043245
70149983353119
70149983598879
70149984336159
70149984581919
70150235011503
70150235257263
70150235994543
70150236240303
70151644297707
70151644543467
70151645280747
70151645526507
70158586375065
70158586390425
70158587358105
70158587373465
70159358127006
70159358127021
70159358142366
70159358142381
70159359110046
70159359110061
70159359125406
70159359125421
70159442013132
70159442028492
70159442996172
70159443011532
70160189713278
70160636886873
70160637132633
70160637869913
70160638115673
70161774046059
70161774046119
70161774061419
70161774061479
70161775029099
70161775029159
70161775044459
70161775044519
70162331383215
70162331383455
70162331384175
70162331384415
70162331628975
70162331629215
70162331629935
70162331630175
70162332366255
70162332366495
70162332367215
70162332367455
70162332612015
70162332612255
70162332612975
70162332613215
70240009893618
70240010139378
70240010876658
70240011122418
70243616996955
70243616997015
70243617242715
70243617242775
70243617979995
70243617980055
70243618225755
70243618225815
70291448838687
70291449084447
70291449821727
70291450067487
70291700497071
70291700742831
70291701480111
70291701725871
70293109783275
70293110029035
70293110766315
70293111012075
70293332098686
70293333081726
70294955275935
70294955276895
70294955521695
70294955522655
70294956258975
70294956259935
70294956504735
70294956505695
74766791048739
74766791210865
74766791728416
74766793181052
74766793237176
74766794275278
74766794885358
74766794894946
74766795112308
74766795175425
74766795194094
74766795366417
74766797899950
74766798291270
74766798292800
74766798491904
74766798553008
74766799935078
74766799950576
74766799951395
74766799953696
74766804123273
74766806218620
74766807239118
74766807248706
74766807334596
74766845419587
74766845423241
74766899332338
74766907417842
74766999713772
74767003463982
74767045948527
74767053815757
74767058912367
74767058989071
74767082336511
74767083632913
74767361393184
74767361470806
74767361474208
74767365599742
74767366006098
74767367552070
74767368094038
74767368097440
74767368650574
74767368812343
74767369473570
74767376641710
74767377760191
74767566927366
74767575875214
74767600217616
74767600546935
74767603407291
74767603693305
74767607443515
74767609425471
74767609425567
74767609494783
74767611519231
74767650799638
74767650799653
74767659747486
74767659747501
74767805002263
74767855384854
74767855384869
74767931849043
74767937975061
74767938637422
74767939220340
74767939270980
74767939755903
74767947064428
74767948165887
74767948168188
74767948182909
74767985458125
74767986160365
74767989603261
74767991105517
74767998421965
74767998484197
74768403839214
74768405788023
74768406522912
74768407784544
74768408294496
74768408973687
74768412750186
74768414735871
74768416803054
74768416812642
74768417921535
74768417931123
74768459599725
74768468275275
74768513498994
74768619270444
74768741493783
74769077774280
74769078584520
74769078839850
74769079086798
74769079367400
74769079488171
74769080063304
74769080205279
74769080749704
74769139281801
74769139297803
74769364615419
74769650548392
74769659458602
74769881987883
74769884930043
74769894321816
74769932314650
74769932314665
74770014470094
74770016386176
74770016465271
74770017359745
74770017812352
74770018389207
74770018874094
74770019012592
74770019449779
74770019614704
74770024402812
74770025413119
74770027440630
74770066458621
74770066719297
74770069997505
74770075666599
74770075667145
74770118871174
74770119989655
74770216844772
74770217654136
74770217654196
74770218004344
74770218004404
74770218009828
74770218086472
74770218086532
74770218581832
74770218581892
74770219665480
74770219665540
74770229808612
74770229885256
74770229885316
74770313686929
74770506435675
74770506435735
74770514521179
74770514521239
74770584833271
74770699579176
74770789111626
74770789111686
74770820824305
74770822561425
74770823514276
74770824632757
74770825329399
74770833256191
74770833788145
74770833864849
74771026079832
74771026079892
74771026906728
74771026906788
74771031961179
74771031961239
74771085438810
74771085438825
74771085438870
74771085438885
74771359124784
74771359306080
74771361318336
74771411920737
74771411944803
74771559665148
74771560263996
74772500139516
74772511584588
74772552971109
74772561918957
74772969550200
74773640572728
74774217651513
74775917769657
74775917781504
74775921980409
74775923936964
74775925225761
74775931125552
74775975743073
74776207180305
74776216128153
74777062818372
74777064831495
74777071766220
74777116515261
74778205489800
74778206608281
74778215838504
74778306819066
74778306868938
74779155279777
74779348028523
74779348028583
74779356114027
74779356114087
74779403799147
74779403799207
74779675947888
74779678128846
74779680077655
74779680812544
74779682074176
74779682369367
74779682571120
74779682584128
74779682688882
74779683263319
74779687019436
74779689025503
74779691092686
74779691115390
74779692211167
74779692232095
74779730379585
74779739301795
74779739310021
74779739327433
74779880519532
74779893483372
74779893560076
74779965286161
74779965304830
74779974234009
74780246314941
74780484499065
74780497462905
74780497539369
74780497539609
74780737038102
74780737038117
74780745985950
74780745985965
74780820924228
74780821111092
74780822876784
74780822913648
74780823185745
74780824304604
74780829868911
74780829872076
74780871175821
74781286656492
74781293473056
74781302846280
74781498935229
74782539124665
74782897138668
74782903110210
74782904228691
74782910245365
74782951665537
74783109558105
74783109558165
74783161863759
74783161905003
74783161905063
74783579358585
74785044578880
74785044656739
74785044659904
74785051279971
74785051283136
74785051998039
74785052659266
74785057929009
74785059827406
74785060945887
74785098217935
74785102233927
74785111181775
74785111191363
74785851012351
74785853118192
74785853257950
74785866221790
74785866231378
74787333734088
74787900037626
74789624345922
74791900837209
74791956379017
74792560781055
74792560786944
74792565044535
74792566965858
74792567189226
74792567453358
74792568307707
74792571910050
74792573992383
74792615298561
74792615517633
74792624246409
74793368305527
74793582719532
74794177399362
74794177399842
74794178517843
74794178518323
74794287362604
74794287362634
74794950837498
74794958923002
74795788013184
74795789131665
74796593721015
74797181924847
74797929500637
74797929523185
74797937125137
74797938480624
74798499923232
74800222310361
74800792779258
74803298207991
74803298220435
74803305008814
74803306127295
74803415219910
74803881727686
74804119863012
74812531822278
74816189248176
74816189285040
74816189557137
74817051838422
74817051838437
74818332834414
74818334567490
74818334979168
74818335592398
74818336516911
74818336778820
74818337925111
74818337977623
74818338161781
74818338277407
74818341748002
74818345798254
74818345806990
74818346362911
74818346916735
74818346925471
74818385027055
74818385786505
74818385825007
74818386075075
74818388352879
74818397273091
74818536080676
74818545028524
74818589636151
74818589686791
74818589935791
74818598021295
74818598583999
74818619095359
74818624745433
74818632059199
74819140060209
74819149008057
74819343363756
74819396497374
74819396497389
74819529308133
74819756624031
74819945366880
74819954314728
74819957554464
74819998922355
74819998972995
74819999221995
74820007307499
74820007870203
74820048006828
74820048006858
74820149968164
74820615585642
74820616273803
74820625424217
74820628549482
74820666600585
74820728188794
74820728192970
74821421500539
74821432836072
74821474331514
74821552035249
74821552036209
74821555189170
74821555190130
74821759282794
74821759282854
74821841005713
74821844714655
74821844715615
74821852800159
74821852801119
74822280908655
74822562430827
74822562430887
74822612757594
74822612757609
74822612757654
74822612757669
74822897286606
74822898548016
74822901302598
74822910250446
74824042231668
74824042282308
74824051179516
74825749429626
74825762393466
74825762470170
74826119316912
74826119317872
74827462299447
74827466338281
74827470535215
74828598216879
74829791660745
74829793983081
74830682598561
74830686307503
74830686308463
74830694393007
74830694393967
74831215521111
74831231844096
74831231970813
74831270037807
74831424257796
74831432969916
74832025024992
74832025025232
74832028237089
74832028237329
74832231067119
74832231067359
74832360566631
74832410846469
74832411062127
74832411539085
74832419794317
74832833544000
74832837224253
74832842256120
74834308901499
74834447837085
74834447838045
74834500183983
74834500184943
74839863369057
74839910469651
74839910469702
74840094806289
74840103754137
74840376015276
74840615112753
74840615112804
74840866558230
74840866558245
74840875506078
74840875506093
74840946302700
74840946835296
74840950444356
74840959392204
74841000776637
74841012961005
74841247831935
74841767932671
74842661721768
74843028878208
74843291425131
74843291425191
74848936399137
74848945346985
74848998914799
74858059200972
74860344907464
74876312674257
74876313206688
74891600860167
74891609808015
74892358622364
74893010146371
74893019094219
74893161141540
74893170089388
74893690198377
74894204116170
74912824610352
74912824791648
74912826803904
74912827257324
74912827258089
74912835085176
74912835086706
74912877430371
74912883336291
74913025150716
74913025749564
74913108391545
74913121355385
74913121432089
74913312616095
74913394470918
74913403418766
74913599010030
74913682896726
74913682896741
74913683516502
74913683516517
74913691844574
74913691844589
74913833891637
74913834511413
74913841721004
74913842839485
74913880143486
74913893107326
74913893184030
74913893184045
74913965625084
74913977070156
74914435035768
74914538534709
74914538534739
74914539154485
74914539154515
74914546364076
74914546364106
74914547482557
74914547482587
74914721902299
74915108994792
74915393039451
74915678137902
74915683137081
74916107763687
74916257640042
74916257640102
74916258758523
74916258758583
74917961088342
74931089831490
74933361323598
74933366322777
74933370398379
74933421864585
74933938746570
74936210537952
74964362772174
74964364033584
74964366788166
74964375736014
74964648917712
74964652129809
74964854959839
74965231468050
74965231468065
74965423881750
74965423881765
74965507767876
74966657531769
74966928697467
74966932793979
74967214915194
74967227873082
74967227879034
74967227955738
74967584802480
74967584803440
74967595919022
74967595919982
74967597037503
74967597038463
74972953321386
74972953327938
74972953719594
74972955599970
74972957037615
74972957037810
74972957040450
74972964779895
74972964781806
74972965123119
74972965123314
74972965125954
74972965172322
74973003650607
74973005724963
74973005928495
74973053989494
74973054040083
74973054040134
74973061250934
74973241676031
74973758683185
74973758683236
74974094169972
74974144510785
74974903195743
74974911281247
74975285361033
74975285377035
74975289073545
74975297159049
74975297797995
74976042581115
74976093410298
74976174569184
74976174593250
74976376158570
74976376158630
74976459766161
74976463478673
74976471564177
74976845658408
74976980138163
74977231518042
74977231518057
74977231518102
74977231518117
74977235230554
74977235230569
74977235230614
74977235230629
74977243316058
74977243316073
74977243316118
74977243316133
74977567191363
74977621104114
74977629189618
74980370922906
74985301359009
74985305071521
74985313157025
74985834337911
74985834341751
74985834864360
74985834868200
74985891067761
74986421083839
74986421087679
74988119948040
74988179479083
74988179482923
74988927980283
74989071891198
74990069800299
74990069800359
74990069800539
74990069800599
74990077885803
74990077885863
74990077886043
74990077886103
74991214182015
74991257270595
74991260981133
74991260983107
74991269066637
74991269068611
74992016422143
74998776239097
74999300755998
75001004978952
75001007069823
75001008542970
75001016628474
75002617511880
75002807194206
75002807194221
75004104269535
75004104273375
75005672609274
75005680694778
75009510882177
75010269567135
75010277652639
75024493196289
75024493491648
75024493731771
75024502144137
75024697734636
75024702437772
75025066833207
75025067072286
75025067072559
75025074662574
75025074814839
75025075157790
75025075158063
75025075781055
75025264948230
75025273896078
75025301714169
75025306417305
75026111723976
75026828754537
75027714430128
75027714431088
75027965819979
75027965820039
75028439293305
75028447378809
75028518794928
75028518795888
75028573509534
75028573509549
75028573510494
75028573510509
75028581595038
75028581595053
75028581595998
75028581596013
75029056339266
75029060049183
75029068134687
75029311707567
75029319793071
75030720993771
75030729079275
75031388372361
75035905204089
75037378140912
75037378144752
75037433199423
75037663303185
75037663307025
75037672251033
75037672254873
75037944372855
75037944376695
75037944512172
75038435055126
75038435055141
75038435058966
75038435058981
75038444002974
75038444002989
75038444006814
75038444006829
75038518941252
75038518945092
75038527889100
75038527892940
75039713582937
75039721668441
75040604157360
75040604158320
75040800390984
75040800391044
75040859922027
75040859922087
75040859925867
75040859925927
75041404370337
75041404370577
75041408079279
75041408079519
75041408080239
75041408080479
75041416164783
75041416165023
75041416165743
75041416165983
75058848752640
75058852118463
75058852951545
75058855441272
75058855442802
75058865082303
75058903473477
75059138151441
75059147099289
75059425184802
75059426303283
75059624703486
75059659016127
75059862077100
75059909903382
75059909903397
75059918851230
75059918851245
75059993789508
75059995802631
75060002737356
75060047486397
75060566720172
75060566720202
75061136460936
75061137579417
75061146809640
75061237790202
75062070172140
75062070181728
75062277996138
75062277996198
75062334770283
75062334770343
75062647095285
75062932741590
75062932741605
75063082617960
75063082618020
75063083736441
75063083736501
75067979744289
75067988692137
75071733657501
75071737849158
75071740078545
75071740110129
75071746797006
75071946123180
75071998419759
75072027983871
75072315196863
75072543413247
75072881193852
75072889945596
75073355409384
75073407705963
75074018144025
75074961570510
75131929885935
75133809385212
75134149088808
75135084617601
75135856369482
75135856369542
75179111835714
75179111964462
75179115245847
75179115248964
75179115372486
75179115430005
75179115457632
75179123075214
75179124193695
75179163054729
75179163343299
75179313348900
75179322296748
75179366904375
75179375852223
75179914194687
75179917274640
75179917328433
75179926276281
75180120631980
75180249439584
75180252659463
75180257664864
75180306429765
75180315377613
75180722635104
75180731582952
75180776190579
75180785138427
75180825275052
75180825275082
75181057928784
75181392854952
75181393542027
75181394407080
75181405818792
75181443868809
75182333029047
75182536551018
75182536551078
75182597008971
75182597009031
75182618273937
75183339699051
75183339699111
75183390025818
75183390025833
75183390025878
75183390025893
75183674554830
75183678570822
75183687518670
75183687528258
75184819499892
75184828447740
75186019561353
75187098283896
75187098283956
75191459866785
75191993298912
75193188114693
75193188807309
75193197062541
75193614492477
75196035559329
75197415778371
75197419315143
75201978497487
75201982513479
75201991461327
75201991470915
75204881822721
75204881830401
75204890770569
75204890778249
75205086361068
75205086368748
75205167305727
75205450332846
75205455459639
75205455467319
75205455470436
75205463289006
75205463296686
75205464407487
75205464415167
75205653574662
75205653582342
75205662522510
75205662530190
75205690340601
75205690348281
75206018498112
75215615810976
75215619194868
75215624036256
75216424300176
75230117555616
75231225464949
75232936773738
75232944385578
75232945504059
75232982792571
75232984361577
75232995756411
75237495865194
75237508829034
75241384869504
75244340967999
75244353931839
75245146274670
75245159238510
75252378128391
75252387076239
75252696899511
75253135890588
75253787414595
75253796362443
75253938409764
75253947357612
75254981384394
75265264843791
75265820120127
75265828205631
75266155159470
75266674129995
75266825125164
75270380085207
75270717439308
75276421693224
75278099414796
75278462513085
75278703394089
75278703394329
75279508701000
75304239258438
75304809683733
75350919871281
75350921768034
75350922886515
75351480180576
75351711874800
75351712954623
75351715060464
75352047606129
75352050743844
75352050760050
75352051288887
75352051497732
75352051690260
75352063707684
75352340285535
75352348371039
75354142998516
75354340243818
75354340243878
75354382728423
75354395692263
75354395768907
75354395768967
75354944223411
75355486288194
75356614887792
75357805280745
75357818244585
75357818321289
75358897043832
75358897043892
75361181878383
75361189963887
75363791465457
75363799067409
75363800422896
75364361865504
75364943407965
75364995754863
75367027895286
75367217299428
75367230263268
75367230339912
75367230339972
75367821278961
75367834242801
75367834319265
75367834319505
75373790230851
75377262066210
75378960301800
75378973265640
75378973342344
75378974384121
75380919499368
75380919499428
75382045051200
75496951773762
75498080373360
75498091489902
75498092608383
75499232340651
75499270766313
75499283730153
75499283806857
75499800688842
75500171865072
75500362529400
75500362529460
75500445171441
75500458135281
75500458211985
75501216923382
75501229887222
75501229963866
75501229963881
75501229963926
75501229963941
75515255716419
75557122923405
75557131008909
75557878364415
75558210001008
75559014365808
75559069080414
75559069080429
75559077165918
75559077165933
75559361899752
75559363018233
75560290499490
75571099728240
75571903650159
75571903650399
75571911735663
75571911735903
75583411378806
75591429780270
75591431418414
75591435858030
75591482046243
75591531523638
75591713852895
75591716956377
75591922398774
75592007282976
75592438381551
75592488708318
75592488708333
75593035339761
75593143024623
75593331684978
75593717561208
75593719531086
75593760948267
75593813786250
75594283808382
75594518429352
75594519803646
75594650080692
75594651698049
75594753307878
75595423449930
75595423449990
75595991348064
75600555445743
75600558549225
75600560509680
75601746719469
75602839926504
75603827017725
75603978213240
75603978213300
75604313830398
75604366916271
75604895448567
75605458286463
75605920219488
75606599120895
75606654772011
75607163964798
75607530848832
75609681539952
75609690468672
75609739800687
75612023473743
75618344285118
75618805137984
75618805138464
75619487380266
75640824657855
75642964498929
75642964514289
75642967523136
75642977417865
75642977433225
75643551054783
75643551070143
75643749169806
75643749185166
75644111845998
75644111861358
75644159814381
75644159829741
75645252696747
75645252712107
75645816426024
75646192221168
75646192236528
75648110294304
75655849208064
75655849223424
75655855632174
75655855897458
75655855912818
75656147528601
75656147543961
75656919280542
75656919280557
75656919295902
75656919295917
75657003166668
75657003182028
75657466243569
75657466258929
75657468765681
75659335199595
75659335199655
75659335214955
75659335215015
75664439178225
75665009578272
75682692763968
75737456817888
75738040344693
75739793045355
75740937633099
75740937633159
75740971180947
75741252662967
75742590645606
75742590646065
75760273831761
75789575779872
75797590079283
75797591070144
75797841770703
75799402052076
75800442240234
75801379274679
75801381729207
75801381732324
75808998620136
75810676341708
75811280321001
75811280321241
75823359106767
75825642575304
75849696378720
75849708501792
75849708517152
75849931258608
75849931273968
75862016621040
75862016636400
75862578059808
75862578063648
75862578075168
75862578079008
75935026094016
75935026891968
75935028313974
75935598733875
75936169160292
75937310002104
75937310010009
75939105172182
75939105172197
75939256167033
75939256167093
75944156987199
75953281911666
75953281919571
76760667222975
76761371866047
77103311138145
77103358238739
77103358238790
77103542575377
77103551523225
77104062881841
77104062881892
77104113218934
77104122166782
77104314327318
77104314327333
77104323275166
77104323275181
77104394071788
77104394271057
77104398213444
77104407161292
77104448545725
77104695601023
77104864558368
77104872783648
77106109490856
77106739194219
77106739194279
77107816621431
77107817147880
77108403367359
77110161762603
77112380224305
77112384168225
77112393116073
77112669599601
77112678547449
77116138848000
77116947444735
77119931952855
77123792676552
77126086553055
77139760443345
77139760642449
77155048629255
77155057577103
77155806391452
77155938023271
77155946971119
77156457915459
77156466863307
77156608910628
77156617858476
77157137967465
77157651885258
77159360424432
77159926656375
77160501224772
77160510172620
77162586437040
77162586438000
77162842205547
77162842205607
77167682074485
77167691022333
77167883200260
77167892148108
77168487179553
77168487179793
77168496127401
77168496127641
77169292486464
77169301434312
77170899154833
77170899155793
77395311163857
77395311195441
77397257154300
77397596857896
77398532386689
77399304138570
77399304138630
77400444792765
77411417291724
77693082007920
77701394725713
77927894910975
77927895904752
77928457347360
77931922438896
77940787957500
77946140533056
77954471018160
77979426717486
77981037328881
77981037344241
77983998900720
77983998916080
77984560343328
77984560358688
77992311618513
77992311633873
78065325916770
78065328158562
78065332072170
78065332087470
78065332221945
78065332354815
78065333603424
78065338007520
78065378521977
78065378523507
78065380183923
78065380188099
78065391485817
78065391487347
78065613405849
78065617421841
78065626369689
78065911672932
78066103973886
78066135203571
78066135960831
78066137239059
78066142392339
78066146440575
78066385157790
78066385157805
78066389173782
78066389173797
78066398121630
78066398121645
78066469040751
78066469043916
78066470805255
78066471487404
78066473059908
78066482004591
78066482007756
78066951778617
78067274329620
78067613781582
78067622866728
78067657949865
78068181976842
78068549417205
78068551077621
78068551090065
78068551174839
78068553293751
78068553563847
78068562381045
78068562393489
78068763713898
78068763713958
78068801076843
78068801076903
78068814040683
78068814040743
78068832354993
78069121498242
78069121532802
78069123586182
78069275260719
78069322841946
78069322842006
78069334145370
78069334145430
78069358603959
78069364538583
78069367693491
78069409352850
78069409352865
78069418028694
78069418028709
78069604106874
78069604106934
78069895351569
78069896049984
78069945858543
78070470933846
78072747491322
78072748523514
78074454997710
78074454998697
78074459013702
78074459014689
78074467961550
78074467962537
78077679966849
78078213091965
78078213982512
78078217102128
78078217152768
78078217519971
78078217523136
78078217551822
78078217796049
78078226055805
78078226068249
78078997820190
78079232667564
78079404274557
78079406204877
78079408820079
78079417238397
78079417247085
78079874021871
78079877967201
78079878037863
78079878477153
78079886985711
78079886995299
78079937310636
78079937310666
78080499253176
78080549022507
78080549269455
78080549550057
78081436020609
78081484651215
78081485504973
78081488545761
78081488667207
78081488806833
78081489056751
78081497615055
78081639529848
78081639529908
78081648586602
78081648586662
78081723674583
78081723955185
78082207727562
78082207772490
78082207772550
78082293696918
78082293696933
78082495707126
78083579540991
78083629859427
78085917724239
78086438119161
78088199992641
78091110962793
78091882714734
78091904960112
78092758940367
78092758940847
78092762956359
78092762956839
78092771904207
78092771904687
78093389512680
78094329036183
78096517035891
78096521465793
78096521494479
78096529999731
78098761344939
78101841100788
78101841112821
78114775191471
78116871683721
78116871862353
78117643435662
78117682887807
78118012714965
78119212809291
78119254034442
78119958677544
78120018214494
78120018214509
78120139355823
78120139356783
78120143288193
78120143289153
78120152319663
78120152320623
78120773090664
78123721816395
78126279817791
78126292781631
78129803017071
78129804685299
78129806961477
78129807041799
78129815980911
78129815989647
78130041794457
78130042371903
78130323127926
78130336091766
78130336104210
78130813546398
78130813546413
78130897432524
78132047380296
78132986865582
78132986866542
78133229465451
78133229465511
78138346639686
78138346641216
78138355587534
78138355597122
78138607260783
78139546770381
78140626122696
78140626932936
78140687630217
78140687646219
78141572751228
78141618345921
78141778157028
78141862035345
78142247927592
78142382136561
78142633787226
78142633787241
78142633787286
78142633787301
78150703628193
78156650582343
78156659530191
78156659539779
78189883940814
78189884865327
78189886273527
78190180407615
78192176897898
78211360837137
78211361093121
78211361535552
78211370040969
78211411344111
78211455460290
78211936419414
78212132845062
78212141792910
78212160103392
78212164035123
78212164038288
78212164593168
78212175343167
78212175343263
78213638730186
78214576026273
78215347778154
78215347778214
78215922131316
78215933455773
78229616369532
78229665478209
78230428925919
78262900752345
78265187301963
78266047004250
78266047004265
78271490504529
78271499596905
78271542308073
78271542369513
78271542394401
78272271348846
78272293594224
78280618782513
78280618843953
78284425778787
78284425782627
78284669703801
78284669707641
78285441455742
78285441459582
78335915136582
78335915140422
78335924084430
78335924088270
78338776227450
78338776231290
78357385968846
78357389984838
78357398932686
78357399981120
78358195699263
78358195699359
78358401481764
78359106124836
78359106124866
78360248653578
78360251069754
78360610937985
78361382689866
78361382689926
78370274610498
78370274803182
78370560488895
78370560507801
78370854235566
78371332259742
78371332259757
78371416142703
78371416145868
78372606643593
78373496519157
78373744627017
78373744627077
78373748178795
78373748178855
78373781048721
78374552800602
78374552800617
78374552800662
78374552800677
78431207364543
78477648951945
78477649509870
78478420703886
78479260089852
78481080577896
78481080577956
78481684557489
78490534379484
78490581953523
78490584163107
78490584310023
78490584711075
78490585640289
78490593257871
78490819062681
78491590814622
78491590814637
78491674700748
78494006733675
78494006733735
78503424686871
78544414568235
78544934660478
78551462543103
78552954167208
78554145357387
78554145357447
78604544104827
78649441483263
78650634926703
78650638859073
78650647890543
78652300061433
78652715301873
78652728265713
78662378978163
78662380908483
78662391942003
78662391950691
78663482436462
78664623287211
78665549871861
78665562835701
78665562848145
78666334600026
78666334600086
78678447742689
78679219494630
78725944040679
78858836376801
78859608128742
78870832078569
78870832082409
78872006483697
78872006487537
78872778235638
78872778239478
78891107481087
78893287732422
78893389158216
78893389158276
78893992375524
78893993137809
78902852255742
78902898049293
78902901601071
78905988611994
78905988612009
78906928133622
78908798760036
78909025502463
78916876481679
78955578476877
78955578492237
78955582028655
78955582044015
78966200046465
78966202824663
78966971798346
78966971798406
84112646517624
84112646519154
84112656090783
84112694549829
84113653153452
84114357796524
84114357796554
84115861248492
84115861258080
84116069072490
84116069072550
84116438171637
84117785804733
84125524733853
84125531154897
84125533661649
84125789496111
84125819060223
84126334489599
84126672270204
84127198782315
84128752646862
84130893633009
84130906551945
84131480188863
84131678303886
84133181830827
84135468990429
84136039413024
84138409827756
84138622104366
84139226083899
84140026936014
84140026936494
84140031390570
84143778342144
84143785031538
84144076662681
84144848414622
84144848414637
84166466252616
84166753093755
84167407351470
84167407352430
84175695297402
84177127780131
84185658487551
84187940165160
84188875693953
84189647445834
84189647445894
84240050200104
84258958382079
84277504898592
84332253589437
84337637635872
84337860392688
84349936775133
84349945755120
84350507193888
84350507197728
84373481888634
84386316458619
84405274721454
84418159357356
84418161864108
86449102240209
86451387934248
86452323463041
86453095214922
86453095214982
86454235869117
86465208368076
86471919054813
86471928034800
86472489477408
86476482657228
86476482657708
86480240752593
86503497969192
86741730442668
87411986775615
87411986775711
87412192558116
87412897201188
87412897201218
87415744888221
87424351584153
87425123336094
87425123336109
87425207219055
87425207222220
87427287595509
87427535703369
87427535703429
87427539255147
87427539255207
87429439537023
87437761032723
87478873982349
87478873983309
87478877534127
87478877535087
87538014601032
87557210373789
87716124147150
93458489918568
93458493726702
93458493820002
93458493828162
93458493856002
93458493857136
93458493898734
93458494344288
93458494380288
93458496669564
93458502465792
93458540129007
93458544075555
93458544138543
93458544457545
93458544459075
93458544885795
93458544978531
93458547076131
93458741576943
93458745532431
93458779291545
93458779412415
93458781430905
93459060195246
93459064303551
93459299122962
93459299506083
93459299920914
93459349832850
93459349832865
93459496394796
93459551043486
93459551043501
93459553182846
93459634506948
93459634674996
93459634926447
93459634929612
93459635029092
93459635105796
93460104537471
93460154818635
93460201037868
93460201037898
93460305813804
93460386123006
93460775513784
93460775585406
93460775935656
93460775944248
93460778390184
93460825861257
93461342436792
93461345753610
93461345756682
93461346001962
93461346123882
93461346156138
93461346320538
93461715028851
93461715057840
93461715152343
93461715302901
93461715615138
93461912352618
93461912352678
93461916428616
93461916428676
93461966962539
93461966962599
93462000266385
93462285312642
93462516332211
93462520408209
93462772018266
93462772018281
93462772018326
93462772018341
93463053328746
93463058009532
93464198127948
93464244489537
93467616578559
93467620883406
93467620884393
93467621413551
93467621428083
93469902381864
93470841859233
93471378827103
93471378977661
93471428934447
93471481553175
93471488380311
93471576147948
93471580103436
93471951974262
93472180127481
93472184082729
93472184082969
93472186196277
93472193023413
93472570210125
93472989389640
93473661255480
93473710637007
93473711022345
93474515864346
93474515864361
93474516266874
93474599829411
93474600779136
93474602115921
93474608943057
93474650536911
93474651063279
93474801536376
93474801536436
93474885042135
93476743380942
93476747423346
93476747489247
93476797770819
93477313799202
93479025075336
93479025622488
93479830546104
93481310815536
93481310889282
93481357271403
93483642922377
93484263608115
93484263634632
93485924826063
93485924826543
93487116558234
93487350615774
93487351011243
93487351418520
93487401338010
93487401338025
93489632892672
93489640978176
93499610860929
93510029389566
93510033992910
93510034239090
93510035811534
93510083816451
93510084133923
93510130035714
93510834678816
93510834831039
93510935506482
93511644097824
93511644548268
93512366272185
93512885976570
93512887954554
93513116392299
93513166719066
93513166719081
93513254444673
93513305241519
93513305242479
93514026196554
93514026196614
93514062765687
93517449013530
93519445703487
93522918117186
93522918387456
93522918837900
93523489013622
93523723631166
93525250150281
93526424555409
93527196307290
93527196307305
93527196307350
93527196307365
93531508071522
93531508249323
93534645637914
93534645637929
93534830140311
93535304898534
93535534783413
93558888668979
93592174664430
93604518674382
93604518814314
93604522506594
93604523495100
93604523523906
93604531912680
93604803878937
93604804019961
93604807975449
93605379157746
93605525304111
93605575630878
93605575630893
93605575771902
93605579727390
93605579727405
93605659517004
93605659534452
93605663613516
93605709975105
93605716699341
93606179583075
93606229947183
93606855552207
93606855557001
93607375645434
93607790196417
93608029957335
93608029962129
93608314202259
93608314974135
93608801714010
93608801714025
93608801714070
93608801714085
93609086103036
93609086135670
93609086938416
93622772278338
93622776301104
93622776374850
93622822617039
93622822756971
93622827466563
93625053984651
93625104311433
93625108407945
93641076346497
93656115456369
93656115506241
93656343494463
93656347523646
93656863588131
93656913914898
93656913914913
93656918011410
93656918011425
93658910402586
93658914499098
93664648150014
93664648164735
93664652242770
93664652753358
93664652999538
93664653014865
93664654571982
93664702578657
93664702763847
93664702894371
93664702895235
93664849457166
93664906245231
93664933376793
93665558212338
93665705128734
93665705128749
93665789014860
93665843936205
93665845754829
93666258743370
93666263176608
93666934142664
93666934314792
93666984081225
93666985024809
93666985032633
93666985048635
93666985050063
93667505092590
93667505192346
93667739249886
93667739254680
93667740052632
93667923598845
93668071243368
93668071243428
93668077141476
93668125080651
93668125080711
93668159455191
93668681121009
93668681644791
93669215599938
93669261900783
93669266750307
93669268847907
93670922809644
93670922809674
93671497716024
93671547633033
93672068092314
93673774969641
93677001048039
93677050797765
93677537466240
93677740816236
93678103458336
93678344795769
93680759118807
93680959651656
93680959651716
93681563631009
93681563631249
93682901776194
93682905928752
93682910689143
93682952092671
93682956696015
93682956942195
93682958514639
93683107798260
93683107951668
93683476280694
93683711164242
93683711962194
93685233809289
93685758301386
93685989285627
93687519542595
93688035570978
93689746847112
93690473152491
93691227352314
93692706594792
93692754400395
93693609717498
93694314681288
93694314681768
93695786644032
93716187741186
93716477573439
93716479392063
93716996962515
93717043412754
93717043412769
93718474063722
93718474309608
93718475882346
93718519781451
93719039900442
93719044349736
93719413833111
93719665491579
93719665491639
93720080062824
93720751161342
93720755764686
93720756010866
93720757583310
93720805905699
93720851807490
93723088043961
93723609726330
93731354352456
93750551578623
93750551854542
93750551994318
93750552227103
93750552384687
93750560489373
93750610939113
93750803885631
93750837198873
93751124194374
93751126814325
93751558624047
93751608950814
93751608950829
93751692836940
93751743610125
93752213171835
93752263267119
93752829803832
93752833353000
93753404511738
93756256481148
93759678791721
93759687413553
93762900020223
93763722495423
93764294305110
93764294305125
93764445300021
93765149943093
93765149943123
93824136453939
93825847730073
93825848303487
93827642892246
93827642892261
93827793887097
93827793887157
93870806657790
93870810947601
93870811507314
93870813079758
93870861004425
93870861402147
93871612099263
93872421816492
93872421826080
93872422104096
93873143532585
93873143540409
93873663244794
93873897569067
93873947895834
93873947895849
93874028015232
93874031712897
93874803464778
93874803464838
93883695385410
93883696106124
93883696393728
93884886757005
93886027418505
93887201823633
93887973575514
93887973575529
93887973575574
93887973575589
93889110600447
93889115449971
93889117022415
93896631639843
93901999328067
93922346387502
93922350148674
93922637899839
93924631854987
93924634390122
93924682181769
93925856586897
93926578012011
93926578012071
93926628338778
93926628338793
93926628338838
93926628338853
93934698179745
93936426643311
93956710784508
93956962013199
93956996070681
93957280784319
93957281082687
93957281182527
93957281185644
93957767822622
93957767822637
93957851708748
93957901965309
93958371299403
93958522294572
93958992459630
93959042242281
93959562466728
93959562482730
93960132909384
93960132909444
93960736888977
93962414608716
93965837663529
93968118862632
93969796584204
93970400563497
93970400563737
93971205870408
94042612178583
94043175741474
94043800812399
94044220545312
94044228630816
94044270624099
94044558335607
94044887017608
94044893478891
94044943805673
94045692488376
94045826698464
94045881237441
94046082312267
94046082312327
94046118210801
94046833174632
94046833174692
94046889962742
94047172757808
94047172831554
94049504864649
94050390108642
94055494798944
94055494834944
94055502920448
94055544913731
94058715606999
94058715757557
94058916883272
94058916883332
94059520862625
94059520862865
94060858927170
94061664397938
94065476774211
94068949588854
94188634220610
94188638243376
94188638317122
94189439659536
94190915926923
94190966253705
94190970350217
94191855594210
94192140658833
94192144755345
94192862083947
94192862084007
94192912410714
94192912410729
94192912410774
94192912410789
94192916507226
94192916507241
94192916507286
94192916507301
94206938163267
94206942259779
94248763718466
94248767871024
94248772631415
94248818130723
94248969893940
94249338222966
94250379180144
94251095751561
94251984944631
94252186237002
94252186237062
94252243025127
94252270156689
94253041908570
94253041908585
94253041908630
94253041908645
94253897513250
94255608789384
94255665577449
94261111749537
94265077596132
94265681575665
94267067661123
94271580698946
94283130376194
94283130395337
94283130447474
94283132536479
94283231049714
94283702857845
94283902147278
94283935665918
94285414236168
94285462480569
94286214976299
94286265303066
94286265303081
94286351601660
94287892944381
94287892969269
94289302255473
94296300506073
94296585711972
94297072258014
94297072258029
94301434390131
94311282554874
94334667540546
94334667555906
94335472979472
94335810885639
94335810900999
94336949246859
94336949262219
94336999573641
94336999589001
94338173978769
94338173994129
94338895403883
94338895403943
94338895419243
94338895419303
94338945730650
94338945730665
94338945730710
94338945730725
94338945746010
94338945746025
94338945746070
94338945746085
94347015571617
94347015586977
94348744050543
94411710946935
94429358429949
94489286316354
94490477499201
94491570517992
94491618349449
94491618365451
94492510041495
94492709146986
94492709147046
94492761699963
94492761700023
94492792754577
94493178646824
94493313126579
94493564506458
94493564506473
94493564506518
94493564506533
94493852219250
94496184252345
94501634347425
94504452936456
94507590259011
94512156161907
94518850262967
94525843870593
94540825385847
94540825401207
94544298793035
94544298793095
94544298808395
94544298808455
94544617962423
94544617977783
94545389312322
94545389327682
94547721345417
94547721360777
94557133364040
94557133364100
94557133379400
94557133379460
94557737343393
94557737343633
94557737358753
94557737358993
95794955840610
95794956018411
95794956025806
95794956823758
95794956825156
95795241230361
95795527260396
95795962655535
95796012982302
95796012982317
95796096868428
95796667298607
95798093407002
95798093407017
95798277909399
95798752667622
95798982552501
95804082823209
95805223724925
95807304051711
95813209629762
95813259968463
95813260766415
95815491336075
95815541662857
95822336438067
95846780845887
95846781643839
95847300939555
95847351266322
95847351266337
95849347754010
95855622433518
96087215923029
96087584223027
96088155221628
96088625209068
96089295499161
96089296072575
96091090661334
96091090661349
96091241656185
96091241656245
96091628100963
96379071572034
96381353278347
96381403605129
96382578010257
96383299435371
96383299435431
96383349762138
96383349762153
96383349762198
96383349762213
96388198428531
96391419603105
96397375514691
96619791880701
96619791905589
96620160982389
96621201191793
96628717384260
96672942088053
96675158716023
96675894876669
96675894892029
96675894916917
96677304203121
102804343070670
102804343479945
102804628275225
102804917890677
102805115231886
102805148782143
102805148782239
102805349700399
102805400027166
102805400027181
102805483913292
102806054343471
102807564713904
102807614647023
102808135138446
102808135138950
102813469868073
102816691096575
102817513590681
102818285342622
102818285342637
102818369225583
102818369228748
102820449602037
102820701261675
102820701261735
102821305249686
102821305249701
102822596674626
102822647013327
102824878380939
102824928707721
102830163226287
102856167890751
102856172481183
102856453111290
102856687984419
102856738311186
102856738311201
102858166868520
102858734798874
102865009891887
102865014074031
102872039540655
102872039541615
102950372376348
103010753089551
103011071860671
103011072258879
103011072261996
103012162375755
103012313370924
103012783535982
103013353559082
103013923985736
103013923985796
103014527965329
103016205685068
103018336418799
103021909938984
103023587660556
103024191639849
103024191640089
103024996946760
103028754519927
103028755046367
103028755444575
103033318446402
103035650479497
103040884998063
103062041444328
103062091373571
103063651654944
103064322621000
103064893570926
103069456570650
103074925944576
103109286153678
103304840910120
105141006999381
105142416285420
105163824010749
105163824035637
105553120668738
105553123538805
105553131523839
105553131922047
105553170982473
105553170984003
105553221821778
105553224339735
105553232169102
105553691878302
105553691878575
105553926464880
105553928982837
105553934903964
105553936812204
105554129991207
105554263600977
105554312587245
105554312599533
105554834634279
105555452701833
105555461531691
105556344902481
105556344979452
105556345016316
105556352731302
105556352731848
105556393038753
105556627106961
105557064099321
105557147251191
105557158439679
105557198316510
105557198316525
105557398858842
105557398858857
105557398858902
105557398858917
105557684855199
105558878087025
105562250606460
105562258420320
105565468699809
105565680863850
105565680863910
105566006354670
105566016424377
105566578701894
105566788176318
105567196735053
105568338388953
105568858533246
105569438928462
105570032886255
105570032886495
105571375064271
105571424611395
105571946727138
105571953411810
105572182998879
105573767496906
105574472140008
105578893481745
105578901311112
105578951654469
105579707018943
105579746895774
105579746895789
105580034734077
105583506288609
105589629972369
105591582977268
105594243655671
105594243706311
105594244458417
105603654476724
105603662571444
105604660193520
105604661062632
105604669188462
105604669192701
105604920852399
105604945355793
105604954303641
105605155729206
105605232729858
105605233527810
105605233573749
105605239414530
105605575175286
105605717107734
105605717107749
105605726055582
105605726055597
105605800993860
105605809941708
105605860425165
105606095301972
105606330138603
105606565015410
105606615346908
105608141974635
105608141974695
105610373459316
105613786948641
105613795896489
105614936894820
105616079637096
105618686306151
105618695253999
105699150340767
105702656778975
105735709191879
105751838944884
105759564116241
105759573064089
105760335868182
105760335868197
105760344816030
105760344816045
105760419754308
105760428702156
105760470086589
105760950901869
105761621990121
105762131031720
105762504228528
105762760735083
105762760735143
105766183303467
105768405709089
105768414656937
105772225191501
105779814217416
105811070170119
105811079117967
105812479456323
105812488404171
105812630451492
105812639399340
105813159508329
105814772210799
105815381965296
105816522765636
105816531713484
105818863746411
105818863746471
105822523285083
105823904741124
105823913688972
105824508720417
105824508720657
105824517668265
105824517668505
105825314027328
105825322975176
105826046500431
105845179245615
105845179245810
105845179248450
105845189391456
105846034867701
105846037091670
105846037091685
105846188086581
105846195915948
105846892729653
105846892729683
105846900559020
105846900559050
105847125403743
105847511281545
105848611834986
105848611835046
105848685686673
105848970134688
105849457438554
105849457438569
105849457438614
105849457438629
105849843312114
105857527279521
105862292008299
105862292008359
105862292008539
105862292008599
105882491775135
105965487663087
105965487862191
105965722624017
105965731571865
105966494375958
105966494375973
105966503323806
105966503323821
105966578262084
105966587209932
105967392615132
105967392616116
105968919242859
105968919242919
105974564216865
105974573164713
105991308797682
105994915901019
105994915901079
106019267553291
106021549468014
106053618398760
106137808669410
106137815354082
106138897149027
106139629439178
106140334082280
106140468701943
106140507762369
106150171438659
106301521591164
106377765368433
106378251830943
106378610860830
106378610860845
106378669581522
106378895065911
106378895069076
106378895274756
106378895467284
106378897962594
106378946405037
106379181269343
106379661117147
106380045058047
106380047409147
106380617352750
106380617429307
106387093423791
106388022862191
106390748898771
106391445430575
106391445430815
106391453541873
106391789085087
106398300538446
106398300615003
106404673991823
106406721086682
106414264333986
106414547640735
106423389233583
106429345131405
106429345146765
106431291288414
106431291288429
106431291303774
106431291303789
106444125858159
106444125858399
106444125873519
106444125873759
106524069323295
106576749750879
106576749766239
106584208872255
106588151529051
106588151529111
106597815195567
106605264281307
106605264679515
106721924317119
106722209522262
106722209522277
106722360517173
106723065152370
106723065160245
106723065160275
106739607502815
106867382763519
108851657537004
108851657913927
108851666861775
108851705808879
108851716777569
108851716801635
108852227936262
108852236884110
108860784316929
108860793227121
108860793264777
108860985669612
108864828024663
108864836972511
108865113239382
108865398046998
108865398047013
108865406994846
108865406994861
108865684064103
108865740464589
108867763664727
108867772612575
108867813966657
108867822913959
108867822914505
108868334202822
108872772211914
108879037953879
108879046901727
108882853225923
108885942322650
108885942322665
108901049774583
108905485699083
108927893364732
109061038222464
109061038283904
109143715288065
109143724235913
109144487040006
109144495987854
109156659574113
109156885398801
109156894346649
109157657150742
109157657150757
109157666098590
109157666098605
109157741036868
109157749984716
109160082017643
109160082017703
109438634154186
109448715168195
109451804264922
109451804264937
109676291666670
109679560882113
109689461777406
109689981499134
109691466778446
109691508195627
109709770721103
109822605391614
110226047136084
111394278301695
111394848731718
111408018842454
111408018842469
111408169837365
111408874480437
111408874480467
112150189507560
112150189510368
112150189511505
112150189515618
112150189524324
112150189535724
112150189536489
112150190399424
112150191194820
112150191197376
112150191473640
112150191476448
112150191477585
112150191481698
112150191490404
112150191501804
112150191502569
112150197307248
112150197311424
112150197315234
112150197323460
112150197331503
112150197340872
112150197363576
112150197365106
112150199273328
112150199277504
112150199281314
112150199289540
112150199297583
112150199306952
112150199329656
112150199331186
112150252407939
112150301666358
112150403400492
112150474653969
112150476620049
112150483601817
112150485567897
112150761635829
112150961288430
112150963254510
112151002627356
112151002668927
112151002807647
112151004593436
112151004635007
112151007380025
112151045175126
112151045175141
112151045297526
112151047141206
112151047141221
112151054122974
112151054122989
112151054245374
112151056089054
112151056089069
112151196170037
112151198136117
112151200767540
112151203999404
112151205117885
112151205965484
112151207083965
112151209295295
112151246405910
112151246405925
112151248371990
112151248372005
112151255353758
112151255353773
112151257319838
112151257319853
112151330292036
112151330422647
112151332258116
112151332388727
112151333140215
112151339239884
112151341205964
112151380624317
112151382590397
112151812686696
112151812689312
112151900813109
112151900813139
112151902779189
112151902779219
112151908642476
112151908642506
112151909760957
112151909760987
112151910608556
112151910608586
112151911727037
112151911727067
112151913938367
112152471273192
112152473239272
112152479268735
112152570771402
112152572737482
112152573535434
112153041569448
112153043535528
112153275414504
112153277380584
112153278178536
112153284374043
112153286340123
112153422229104
112153470042087
112153472008167
112153473833967
112153616151624
112153616151684
112153619918442
112153619918502
112153621036923
112153621036983
112153621884522
112153621884582
112153623003003
112153623003063
112153671272811
112153671272871
112153673238891
112153673238951
112154229182064
112154811043311
112154813009391
112155323366742
112155325332822
112157093841195
112157095807275
112157617605018
112158543461877
112158545427957
112159316246817
112159318212897
112159325194665
112159327160745
112159517668332
112159519634412
112159601678193
112159609525023
112159610626041
112159614294975
112160470306404
112162536432375
112162538398455
112163086978944
112163275181565
112163275206453
112163277147645
112163277172533
112163657605110
112163879744871
112163879745111
112163881710951
112163881711191
112163888692719
112163888692959
112163890658799
112163890659039
112164215259504
112164215264085
112164215285013
112164217225584
112164217230165
112164217251093
112164223093452
112164223116156
112164225059532
112164225082236
112164684492657
112164686458737
112164798844530
112166295663447
112166297629527
112166303492814
112166304611295
112166305458894
112166306577375
112168493458275
112168495424355
112170724755144
112170726721224
112170732676779
112170734642859
112171307814090
112171538118651
112176022413231
112176529757766
112176531723846
112177569952599
112177569953079
112177571918679
112177571919159
112177577781966
112177577782446
112177578900447
112177578900927
112177579748046
112177579748526
112177580866527
112177580867007
112178248820394
112178248862250
112178250786474
112178250828330
112178303913099
112179864193992
112179864194472
112179993770751
112179995736831
112181328019824
112181329985904
112181335877490
112181337843570
112181713925613
112181715891693
112186799080134
112186805208774
112186807174854
112187503723236
112187509851876
112187511817956
112199581630896
112199583596976
112200165215922
112201729179387
112201731145467
112201741684512
112201980707847
112201982673927
112201989655695
112201991621775
112202869978389
112202870101863
112202871944469
112202877807756
112202879049711
112202879773836
112203347716206
112203389994051
112203391960131
112203398941899
112203400907979
112203540989220
112203542955300
112203549937068
112203551903148
112204018805112
112204070046057
112204072012137
112204958197422
112204958198382
112204959315903
112204959316863
112204960163502
112204960164462
112204961281983
112204961282943
112206292503024
112206292526946
112206294469104
112206294493026
112207433303364
112207435269444
112207442251212
112207444217292
112209774284139
112209774284199
112209776250219
112209776250279
112213246143354
112213248109434
112214614153077
112214623100925
112214815278852
112214817244932
112214824226700
112214826192780
112215419258145
112215419258385
112215421224225
112215421224465
112215428205993
112215428206233
112215430172073
112215430172313
112216224565056
112216226531136
112216233512904
112216235478984
112223254303815
112223256269895
112223258844393
112223258869281
112223405298711
112223407264791
112224008156883
112224010122963
112224814584915
112224814585188
112224816550995
112224816551268
112232335318833
112233521967717
112233523933797
112252059662043
112252061628123
112276169627415
112276171593495
112285011220263
112285013186343
112296226254591
112296228220671
112296231436281
112296276528879
112296278494959
112296319070487
112296321036567
112296326899854
112296328865934
112296503637591
112296505603671
112296512585439
112296514551519
112296788852310
112296790818390
112297003188222
112297023713589
112297025679669
112297031542956
112297033509036
112297086602898
112297086602913
112298559326763
112298561292843
112299083090586
112299439633233
112299441599313
112299447462054
112299447462600
112299449428134
112299449428680
112300008947445
112300010913525
112316862227658
112316864193738
112317566870760
112317568836840
112347757950969
112347757988592
112347759917049
112347759954672
112348043150865
112348045116945
112348052098713
112348054064793
112348529702910
112348531668990
112348814902806
112348814902821
112348816868886
112348816868901
112348823850654
112348823850669
112348825816734
112348825816749
112348898788932
112348900755012
112348907736780
112348909702860
112351239769707
112351239769767
112351241735787
112351241735847
112356918391878
112356920357958
112357162220799
112357164186879
112358637496362
112358639462442
112366899754719
112366901720799
112370088498774
112370088498789
112370088502614
112370088502629
112370090464854
112370090464869
112370090468694
112370090468709
112370239493685
112370239497525
112370241459765
112370241463605
112370944136757
112370944136787
112370944140597
112370944140627
112370946102837
112370946102867
112370946106677
112370946106707
112375414668636
112375416634716
112375419450999
112377696403035
112377698369115
112382116640511
112382118606591
112382125545207
112382127511287
112407895383159
112407897349239
112408743195990
112408743196005
112408745162070
112408745162085
112408894190901
112408896156981
112408902020268
112408903986348
112409086590717
112409088556797
112409598833973
112409598834003
112409600800053
112409600800083
112409606663340
112409606663370
112409608629420
112409608629450
112411317939306
112411317939366
112411319905386
112411319905446
112442246753844
112442248719924
112442448639468
112442450605548
112442456433198
112442458399278
112442540496159
112442545266111
112442817738039
112442819704119
112442825520510
112442825567406
112442826685887
112442827486590
112442827533486
112442828651967
112443052619001
112443054585081
112443060414015
112443062380095
112443865719402
112443867685482
112444528936488
112444530902568
112444579479339
112445111979432
112445467403511
112445469369591
112451382089007
112516452938853
112516454904933
112562757976071
112562759942151
112562766923919
112562768889999
112562791735185
112563076747191
112563078713271
112563563487126
112563563487141
112563647246613
112563647370087
112563647373252
112563649212693
112563655075980
112563656317935
112563657042060
112564167262275
112564169228355
112564176210123
112564178176203
112564318257444
112564320223524
112564327205292
112564329171372
112567069795170
112567071761250
112568210571588
112568212537668
112568219519436
112568221485516
112570551552363
112570551552423
112570553518443
112570553518503
112571633328033
112575391421301
112575400369149
112575592547076
112575594513156
112575601494924
112575603461004
112576196526369
112576196526609
112576198492449
112576198492689
112576205474217
112576205474457
112576207440297
112576207440537
112577001833280
112577003799360
112577010781128
112577012747208
112580759932887
112580761898967
112585373737827
112585375703907
112589131822422
112589131822437
112589131830102
112589131830117
112589133788502
112589133788517
112589133796182
112589133796197
112589282817333
112589282825013
112589284783413
112589284791093
112589290646700
112589290654380
112589292612780
112589292620460
112589987460405
112589987460435
112589987468085
112589987468115
112589989426485
112589989426515
112589989434165
112589989434195
112589995289772
112589995289802
112589995297452
112589995297482
112589997255852
112589997255882
112589997263532
112589997263562
112590235487796
112591706565738
112591706565798
112591706573418
112591706573478
112591708531818
112591708531878
112591708539498
112591708539558
112636946895639
112636948861719
112645788488487
112645790454567
112735453768302
112735454886783
112735455734382
112735456852863
112736594619051
112736596585131
112737400060923
112737534143472
112737536109552
112737740180328
112737740180388
112738344159921
112747197819762
112747199785842
112882724169930
112882726136010
112883428813032
112883430779112
112941281393271
112969369549338
112969369549353
112969371515418
112969371515433
112975831528383
112976536171455
112977112785450
112977114751530
112977155323755
112977157289835
112978253611080
112978253611140
112978255577160
112978255577220
112978614941367
112978616907447
112983957882564
112983959848644
112988513497854
112988515463934
113020565767878
113020567733958
113027377293996
113027377309356
113027379260076
113027379275436
113028081937068
113028081937098
113028081952428
113028081952458
113028083903148
113028083903178
113028083918508
113028083918538
113029793213034
113029793213094
113029793228394
113029793228454
113029795179114
113029795179174
113029795194474
113029795194534
113047839953442
113121137390334
113121139356414
113121346561695
113121348527775
113122755847899
113122757813979
113123712083502
113123714049582
113141395269198
113141397235278
113184076526715
113184078492795
113209041015423
113209042981503
113532616144713
113532616144773
114898970321967
114898970322162
114898970324802
114900916480095
114901302357897
114902476763025
114903248514906
114903248514921
114903248514966
114903248514981
114903634388466
114911318355873
114916083084651
114916083084711
114916083084891
114916083084951
114917274265485
114917274267459
114927021827322
114931685893626
114936282851487
114951080356638
114951080356911
114954452577657
114954586793886
114954586793901
114954586794846
114954586794861
114955073333535
114955324991919
114956734278123
114965726867289
114967421363631
114967421363871
114967421364591
114967421364831
115045099874034
115048706977371
115048706977431
115096538819103
115096790477487
115098199763691
115100045256351
115100045257311
115107409475112
115159519510056
115191833404479
115362876141423
115362876340527
118249094287215
118748166973170
118748403957759
118749644986314
118750349629416
118750733756133
118759610647287
118760246290419
118761286476735
118774171383471
118776218478330
118801652741322
118814822852058
118814822852073
118953522116307
118954226759409
118954562302623
118956271368168
118961455527909
118963973969631
118979190855423
118980617320095
118981573621467
118982278264569
119042541618423
119175734067141
120331082366181
121496038335231
121496040301311
121496247509550
121496249475630
121497656795754
121497658761834
121498320012840
121498321978920
121498370555691
121515306428076
121515308394156
121547585793570
121547587759650
121550430047784
121550432013864
124244819407920
124244820227910
124244828158446
124244828349231
124244878497633
124245725407254
124245826071588
124246010413533
124246011404901
124246489240935
124246530664050
124246530714660
124246530714690
124246765549332
124246766347284
124247101903656
124248040616913
124248041427153
124248845970000
124250523691284
124254005433321
124254240315219
124255087854453
124255095955281
124257168253815
124257754646985
124257763530567
124257989392215
124257998340063
124258274606934
124260045081387
124263073050495
124263123174867
124263124170567
124270589196177
124270590006417
124270639806177
124270640358639
124271394549264
124271730034485
124281377223879
124290462326673
124294211781111
124296358794753
124296359037102
124296367742601
124297130546694
124297139494542
124297500665460
124305687169710
124309243743216
124309528905489
124309537853337
124310300657430
124310300657445
124310309605278
124310309605293
124310384543556
124310393491404
124312725524331
124312725524391
124317934490391
124318639133493
124321055334396
124391134307415
124391134312209
124391419522134
124391906064150
124391906064165
124391989176852
124391989950276
124444770102618
124445474745720
124450977627882
124450977643182
124450986530673
124451179200492
124451179919340
124451548299063
124451549017911
124451783180025
124451783898873
124451985207831
124452118609149
124452118669140
124452119425908
124452589179255
124452923773011
124453260268872
124454199820272
124454769266886
124455004159671
124455542028150
124456733176677
124463863468887
124465053897405
124465053901245
124469231484759
124469232203607
124473845970807
124478693778684
124479968646012
124479968842608
124481361411567
124481362130415
124488290144403
124502518183191
124502769841719
124504179127923
124504899590154
124505604233256
124508222437236
124536936404457
124536936429345
124549821580641
124610747242326
124610747242341
124610898237237
124611602880309
124611602880339
124657136062977
124657136249922
124657145010825
124657707459486
124657707459759
124657907814918
124657916762766
124657950485148
124658277933684
124659468283017
124659477112875
124660642688145
124661079680505
124661213897694
124661213897709
124661414440026
124661414440041
124661414440086
124661414440101
124661700436383
124669484280993
124670021935854
124670306173713
124670315121561
124671077925654
124671077925669
124671086873502
124671086873517
124671161811780
124671170759628
124672353970137
124672874114430
124673502792555
124673502792615
124674048467439
124674048467679
124675390645455
124675440192579
124683762476958
124683762476973
124695598558452
124707670057908
124707678152628
124708675774704
124708676643816
124708684769646
124708684773885
124708936433583
124708960936977
124708969884825
124709171310390
124709590756470
124709732688918
124709732688933
124709741636766
124709741636781
124709816575044
124709825522892
124709876006349
124710110883156
124710345719787
124710580596594
124710630928092
124712157555819
124712157555879
124714389040500
124717802529825
124717811477673
124718952476004
124722701887335
124722710835183
124743289295757
124744698581961
124745418454794
124746123097896
124746309179361
124828985117139
125069453161233
125082623144958
125085609592263
125085610395009
125122133588817
125122133604177
125122134399057
126581382259479
126582086902581
126584503103484
126587036180925
126874195011414
126874195011429
126874346006325
126875050649397
126875050649427
127543355404146
127543356164418
127543356629880
127543356631410
127543356679752
127543356681282
127543357204473
127543406591715
127543406713647
127543641501339
127543925567010
127543926685491
127544128956414
127544363265708
127544497084413
127544497098279
127544497499652
127544497882365
127544497884708
127544497895220
127544547347265
127544965728354
127544966846835
127545067908780
127545067908810
127545636843144
127545637961625
127545688197513
127545688213515
127546443237528
127546576341696
127546577460177
127546577464290
127546577472996
127546577857248
127546778995050
127546778995110
127546779184746
127546779184806
127546862602641
127547148856998
127547248494888
127547382049527
127547382974643
127547433123798
127547433123813
127547433246198
127547583000168
127547583000228
127547584118649
127547584118709
127547634354522
127547634354537
127547634354582
127547634354597
127550202314040
127550251695567
127550771788794
127552483094187
127554815221737
127555704195489
127555989626865
127556240017986
127556241136467
127556241157395
127557382382460
127557382432332
127558522784520
127559093410686
127559462759118
127560267693543
127560267693783
127561608752706
127561609871187
127561660107075
127562415147090
127563891943083
127570737048270
127570737048750
127571406716622
127571458096875
127571507300874
127571508419355
127572211943976
127572213062457
127572917706438
127573739797995
127574495143794
127579913718657
127594894732290
127594895850771
127594896328128
127596087156591
127598117463726
127598117464686
127598368656459
127598368656519
127598687825847
127599459175746
127601791208841
127602680475618
127606405409658
127606405459530
127611002101749
127611203227464
127611203227524
127611807206817
127611807207057
127619457687195
127619642252487
127619793247323
127619793247383
127625547840099
127689956503074
127690190436795
127690525666926
127690526785407
127691046629229
127691666517675
127691667779208
127691667799608
127691717181135
127692522408474
127692522408489
127692606042096
127692705900678
127692707019159
127692891586263
127693410543780
127693411662261
127693613936232
127693613936292
127707639688770
127725892038318
127725893156799
127740924661314
127743256694409
127744431099537
127744867938159
127745202851418
127745202851433
127745202851478
127745202851493
127749800459283
127751895934986
127751897053467
127752600578088
127752601696569
127753306340550
127758642052131
127762970009139
127762970012979
127764681285273
127764681289113
127765620816498
127766476447446
127766476447461
127766476451286
127766476451301
127766627442297
127766627442357
127766627446137
127766627446197
127780653194835
127780653198675
127801623587874
127801624706355
127802195704437
127803334864008
127803335982489
127805131144662
127805131144677
127805281021032
127805281021092
127805282139513
127805282139573
127835414007603
127835984833710
127836555832332
127837126262751
127839204568230
127839205686711
127908478811235
127955672000514
127955673118995
127955673596352
127955724130275
127956864424815
127959145924683
127959145924743
127959465094071
127960236443970
127962568477065
127963457743842
127971779369973
127971980495688
127971980495748
127972584475041
127972584475281
127978540386627
127982012214306
127982012221986
127982013332787
127982013340467
127983723490440
127983723498120
127983724608921
127983724616601
127985519771094
127985519771109
127985519778774
127985519778789
127985669647464
127985669647524
127985669655144
127985669655204
127985670765945
127985670766005
127985670773625
127985670773685
127992230796207
128042580044844
128043284687916
128043284687946
128128613034606
128129082846306
128129753885355
128130693409776
128130693459648
128140357086066
128140357135938
128367990660930
128368091435799
128368796078901
128370322694025
128371497099153
128371782111159
128372268851034
128372268851049
128372268851094
128372268851109
128377167798051
128380338692001
128386294603587
128575289288607
128918029035351
128918029845591
128918029850385
128918037983199
128918314250070
128918315060310
128918801602326
128918801602341
128918885488452
128920025327466
128926870628199
128926871438439
128926871443233
128926879576047
128944704808941
128944705619181
129123902191593
129123903001068
129123903001833
129124673943534
129124674753774
129124758640470
129124758640485
129124909635381
129125614278453
129125614278483
129129036832086
129133231133676
129137593210215
129137593210455
129140009128791
129151283417943
129151283418423
129155427390957
129882905456283
129883090021575
129883241016411
129883241016471
129884952292659
129886663568793
129895924592580
129902635478355
130841889138705
130841890121745
130841939983593
130841940966633
130842090459135
130842091057983
130842091442175
130842459564234
130842460547274
130842695778111
130842695778207
130843500344187
130844170799400
130844171059242
130844171782440
130844172042282
130844222516943
130845396922071
130845681295287
130845681319554
130845682278327
130845682302594
130845915708663
130845915904503
130845916887543
130845965961366
130845965961381
130845966944406
130845966944421
130851015903810
130851016458033
130851016886850
130851017441073
130851301101279
130851302084319
130853347936905
130853348919945
130854238514919
130854522342033
130854523325073
130854775156599
130855344455994
130855345439034
130856434927971
130856435911011
130857995239383
130857995497461
130857996222423
130857996480501
130858045541313
130858045557315
130858046524353
130858046540355
130858851430290
130858851430305
130858852413330
130858852413345
130860344839908
130860345822948
130860345976356
130865276581344
130865277564384
130867710619371
130869319846467
130869319846947
130869320829507
130869320829987
130869940864638
130869941847678
130870511032842
130870512015882
130870880206263
130870930460289
130870931443329
130893429276063
130893429342003
130893430259103
130896851242344
130896851242404
130896852225384
130896852225444
130897455221937
130897456204977
130906363931907
130906364914947
130907505330573
130907506313613
130914903529794
130914904512834
130916094712641
130916095695681
130917235562889
130917235578891
130917236545929
130917236561931
130918326360426
130918326360486
130918327343466
130918327343526
130918409968017
130918410951057
130918795860264
130918796843304
130918930340019
130918931323059
130919181719898
130919181719913
130919181719958
130919181719973
130919182702938
130919182702953
130919182702998
130919182703013
130927251560865
130927252543905
130933207472451
130933208455491
130951461084033
130951462067073
130966443693504
130966444676544
130969916021835
130969916021895
130969917004875
130969917004935
130970236174263
130987919376285
130988723285523
130988724268563
130991709632646
130991710615686
130991995399314
130991995399329
130991996382354
130991996382369
130992481398033
130992482381073
131006742066912
131006743049952
131050329498750
131050329503544
131050330481790
131050330486584
131050899666954
131050900649994
131064069773850
131064069773865
131064069777690
131064069777705
131064070756890
131064070756905
131064070760730
131064070760745
131102808358017
131102809341057
131103580109898
131103580109958
131103581092938
131103581092998
131112472026690
131112472030530
131112473009730
131112473013570
131114804059785
131114804063625
131114805042825
131114805046665
131115978464913
131115978468753
131115979447953
131115979451793
131116750216794
131116750216809
131116750216854
131116750216869
131116750220634
131116750220649
131116750220694
131116750220709
131116751199834
131116751199849
131116751199894
131116751199909
131116751203674
131116751203689
131116751203734
131116751203749
131133946874946
131133947857986
131136278908041
131136279891081
131137453313169
131137454296209
131137738788000
131137739771040
131138225065050
131138225065065
131138225065110
131138225065125
131138226048090
131138226048105
131138226048150
131138226048165
131146294906017
131146295889057
131148022956477
131148023939517
131257628510568
131257628510628
131257629493608
131257629493668
131258232490161
131258233473201
131267141200131
131267142183171
131283196984449
131283196992129
131283197967489
131283197975169
131283968736330
131283968736390
131283968744010
131283968744070
131283969719370
131283969719430
131283969727050
131283969727110
131327220961728
131327221944768
131330693290059
131330693290119
131330694273099
131330694273159
131331013442487
131426207918628
131427617204832
131429427837819
131429427837879
131431138523616
131431139506656
131442681235890
131442682218930
131572604009184
131572604992224
131669744845431
131669745828471
131670314514306
131670314581122
131670315497346
131692293424695
131692294407735
131743329476535
131743330459575
133591809916893
133645429094289
133645429095249
133797080372109
133798489658313
134002985903151
134002985903346
134002985905986
134004932061279
134005317939081
134006492344209
134007264096090
134007264096105
134007264096150
134007264096165
134007649969650
134015333937057
134020098665835
134020098665895
134020098666075
134020098666135
134021289846669
134021289848643
134031037408506
134035701474810
134040298432671
134055095937822
134055095938095
134058468158841
134058602375070
134058602375085
134058602376030
134058602376045
134059088914719
134059340573103
134060749859307
134069742448473
134071436944815
134071436945055
134071436945775
134071436946015
137852182554354
137854749337317
137864261871603
137865302057919
137878186964655
137880234059514
137905668322506
137918838433242
137918838433257
140201814032829
140201815015869
149533582098942
149533591435059
149533591529934
149533591592910
149533593695100
149533595534406
149533595539200
149533595629449
149533598021838
149533598095278
149533598153520
149533641670947
149533641671811
149533643888499
149533644959091
149533645961193
149533648012521
149533648273641
149533843126479
149533879837503
149533883155539
149533883236287
149534160756654
149534168517702
149534367381390
149534400935667
149534403329955
149534403425904
149534447079774
149534447079789
149534453656722
149534453656737
149534596956204
149534598074685
149534722941612
149534722946880
149534735480829
149534738795601
149534782712781
149534786857455
149535020627871
149535201093870
149535201953184
149535202212351
149535301599276
149535301599306
149535302717757
149535302717787
149535403407852
149535541759056
149535873091368
149535873294264
149535878440680
149535879559161
149535923591145
149536443596010
149536443869166
149536450144410
149536732014426
149536732014441
149536811576046
149536812694527
149536815852789
149536817947374
149536818860751
149536819065855
149536863097839
149537097996273
149537381966502
149537383084983
149537383088100
149537624402679
149537667167463
149537869748214
149538209425839
149540436492600
149541006868890
149542721482464
149542724486961
149542724748081
149542724748387
149542724955135
149543003558847
149543862220719
149543862629007
149544999975912
149545099521018
149545105892346
149545105942218
149545107060699
149546469067248
149546475383502
149546476242816
149546476501983
149546482533279
149546677697484
149547046868982
149547053199618
149547281676777
149547281677017
149547486160815
149548756322280
149549566584171
149549566584411
149549569753083
149549695828974
149549988971487
149551843942350
149551895472591
149551895535567
149551901964495
149552414360610
149552415479091
149552650512606
149554125636744
149554126755225
149554697077962
149554935246555
149559351895776
149559360155310
149559361273791
149559364446894
149559366526638
149559367440015
149559367645119
149559411677103
149559460759170
149559461877651
149560165402272
149560166520753
149560366856940
149561028639969
149561071500012
149561693176971
149562452440827
149562454835115
149562505161882
149562505161897
149562873876183
149563253457864
149563253458344
149563387775700
149563973172675
149570089313478
149570089318272
149570105166993
149570908130448
149584130918805
149585130089070
149585131207551
149585134096125
149585134108569
149585137270368
149585185664355
149585187957795
149585230597122
149585231715603
149585416350015
149585416412991
149585422841919
149585708124174
149585905860510
149585935240224
149585936358705
149586325278717
149586325421925
149587412840298
149587413086184
149587419332202
149587983126312
149588224768875
149588275095642
149588275095657
149588358788598
149588405792367
149589694541262
149589744682275
149590889868783
149598123116823
149598827759925
149601243678609
149601243679569
149601965100393
149606656209507
149609833798050
149658346839183
149658950817951
149659756125387
149679626987520
149679674911407
149679677191971
149679905569497
149679912102105
149680189612578
149680190731059
149680475866770
149680475866785
149680633194741
149680633527279
149680677321438
149680677321453
149680683854046
149680683854061
149681237606316
149681287523553
149681337837813
149681338170351
149681900888712
149681901978168
149681902007193
149682190476891
149682193645563
149682472354458
149683645769463
149683697169366
149683697169381
149683847045736
149683847045796
149683848164217
149683848164277
149697872798274
149697873916755
149731160026830
149731210167843
149732355354351
149734012010490
149739748127679
149739748130796
149739748784688
149739755016936
149739755206656
149739806668467
149739806718243
149739806719107
149739849393282
149739850511763
149739955534830
149739957711660
149740041543615
149740041574233
149740041599961
149740320454449
149740326785343
149740326788460
149740554036384
149740555154865
149740561691193
149740611834357
149740813326174
149740813326189
149740813351902
149740813351917
149740897179255
149740944160653
149741366997864
149741367000480
149742038037966
149742038062446
149742038087658
149742322983675
149743262510295
149743776409812
149747171677689
149747171916186
149748883167081
149748883192809
149752104103143
149752641290112
149758003640145
149758009971039
149758010193384
149758815113439
149760862074618
149760862125258
149767858173627
149767858224267
149767900898442
149767902016923
149768378259438
149768605541544
149768606660025
149769418505160
149769418505640
149770133566953
149770893565632
149770893719040
149776263550647
149791295864829
149791295970792
149791295995680
149793628158027
149794148097390
149794148097882
149795188439400
149795909729571
149806462729032
149825642910600
149825648099214
149825649373119
149825652488448
149825654514552
149825654516082
149825655881736
149825655897228
149825900789775
149825907540111
149825934529983
149825934548889
149826219560895
149826219959103
149826219962220
149826511273950
149826511273965
149826661150380
149826662268861
149826706300830
149826706300845
149826788941836
149826790060317
149826790183791
149826790186956
149826793600143
149826796610172
149826838679361
149826843502269
149827310075979
149827316826315
149827365793452
149827365793482
149827366911933
149827366911963
149827461071148
149827467821484
149827930947048
149827931236206
149828030492154
149828036863482
149828501243304
149828501259306
149828501726184
149828870560245
149828927193063
149828927473731
149829069922155
149829069922215
149829071685960
149829071686020
149829077069418
149829077069478
149829077982795
149829077982855
149829078187899
149829078187959
149829122219883
149829122219943
149829675665553
149829679926012
149829726207894
149829726207909
149830212608874
149830269489507
149830789744914
149831353385292
149831360135628
149833431997941
149833692168555
149833692168615
149834776140750
149834776141737
149837057639208
149838534235005
149838640990194
149838735360780
149838742111116
149839339340073
149839339340313
149839339406079
149839346090409
149839346090649
149839539031980
149839680267132
149839681471797
149839963710879
149840144646984
149840151397320
149840243675052
149840243675082
149841760643790
149841761759703
149841761762271
149841762044736
149841805794255
149841854295942
149841954951018
149841954951078
149842248093531
149842248093591
149842558939044
149862205050753
149900089709343
149908931302191
149945914564767
149945958752163
149948190354408
149949421002975
149950521950499
149951667137007
149955041784831
149958262595823
149961067915737
149971726589811
149971734975075
149971963232793
149971963298559
149971969582239
149971969983129
149972255230482
149972734984734
149972734984749
149972741735070
149972741735085
149972818870860
149972822158062
149972825621196
149974897483509
149975157654123
149975157654183
149975761668690
149975761668705
150031814127903
150031814131020
150032065786431
150032368754466
150032376954798
150032619294783
150032619371775
150032663277918
150032663277933
150032812367004
150032813154348
150032814272829
150033005311821
150033237047199
150033475072635
150033517797420
150033517797450
150033518915901
150033518915931
150034080030600
150034657860810
150034666290600
150035236682616
150035236682676
150036026187624
150036026187684
150037518381948
150042078640047
150118276302882
150118277421363
150118847998500
150118901362287
150119987579016
150119988697497
150119995408383
150120930474996
150121783859670
150121783859685
150121933736040
150121933736100
150121934854521
150121934854581
150131739249489
150135959488578
150135960607059
150143483501544
150265353152544
150323872135656
150325006277550
150325481371680
150326203949001
150327294491496
150327294491556
150327378354129
150327663565239
150327898471089
150328150106070
150328150106085
150336219946977
150336755661312
150349634132712
150358222235238
150358225092930
150358230491694
150358231405071
150358231610175
150358231855476
150358275520227
150358275642159
150358282068579
150358793909538
150358794495522
150358795614003
150359366026791
150359366428164
150359416275777
150359423026863
150359834656866
150359835775347
150360505185672
150360505771656
150360506890137
150360557126025
150360557142027
150360612859530
150360613978011
150361312166040
150361316361978
150361317502632
150361318621113
150361318876926
150361362653082
150361362653097
150361445270208
150361446388689
150361446392802
150361446401508
150361446785760
150361552381158
150361553499639
150361647923562
150361647923622
150361731531153
150362117423400
150362250978039
150362251903155
150362302052310
150362302052325
150362302174710
150362451342696
150362451342756
150362451928680
150362451928740
150362453047161
150362453047221
150362503283034
150362503283049
150362503283094
150362503283109
150363365703153
150365120624079
150365640717306
150366580243926
150367358518131
150369638999784
150369640118265
150369684150249
150370573124001
150370858555377
150371108373294
150371108946498
150371110064979
150371110085907
150371163629289
150371401515807
150372257359743
150373391713032
150373398194175
150373490741130
150373962339198
150374195384232
150374430262758
150375136622055
150375136622295
150376477095234
150376477681218
150376478799699
150376529035587
150377284075602
150386275645134
150386327025387
150386376229386
150386377347867
150387080872488
150387081990969
150387786634950
150388608726507
150394782647169
150407623731135
150409763645442
150409763660802
150409764763923
150409764779283
150409771313778
150409771329138
150410576755251
150410576770611
150410910919278
150410910934638
150410911832655
150410911848015
150410912037759
150410912053119
150410956069743
150410956085103
150411378653472
150411378668832
150412051770027
150412051785387
150412103346873
150412103362233
150412991294448
150412991309808
150412992661632
150412992676992
150413237569611
150413237569671
150413237584971
150413237585031
150413556738999
150413556754359
150414328088898
150414328104258
150414334851444
150414334866804
150416660121993
150416660137353
150417549388770
150417549404130
150422652943104
150422652958464
150422654970738
150422654986098
150423788800878
150423788816238
150424081943391
150424081958751
150424929651627
150424929666987
150425871014901
150425871030261
150426072140616
150426072140676
150426072155976
150426072156036
150426676119969
150426676120209
150426676135329
150426676135569
150434326615707
150434511180999
150434662175835
150434662175895
150440416768611
150504260613954
150504831188721
150505059365307
150505116247794
150506586109647
150506592642255
150506592647049
150507112735482
150507391336986
150507391337001
150507574829190
150507575947671
150507760514775
150507767047383
150507767052177
150508045729494
150508052262102
150508279472292
150508280590773
150508538804058
150508538804073
150508538804118
150508538804133
150522564556611
150555793574466
150555793589826
150555800337012
150555800352372
150558125607561
150558125622921
150559300012689
150559300028049
150560071764570
150560071764585
150560071764630
150560071764645
150560071779930
150560071779945
150560071779990
150560071780005
150564390089586
150565999383654
150566722122681
150566722138683
150566722140111
150566764863498
150566765981979
150567469506600
150567470625081
150567896545239
150568175269062
150568181759958
150568414458879
150569003840355
150573515576040
150576738138087
150577273673286
150577838937651
150577838941491
150579550213785
150579550217625
150580489745010
150580496208855
150581345375958
150581345375973
150581345379798
150581345379813
150581496370809
150581496370869
150581496374649
150581496374709
150582694032243
150590210242539
150590963038143
150595522123347
150595522127187
150615980015427
150616492501026
150616492516386
150616493619507
150616493634867
150618203777160
150618203792520
150618204895641
150618204911001
150618211384296
150618211399656
150619150907799
150619150923159
150619402566267
150619402566327
150619402581627
150619402581687
150620000057814
150620000057829
150620000073174
150620000073189
150620149934184
150620149934244
150620149949544
150620149949604
150620151052665
150620151052725
150620151068025
150620151068085
150620493085554
150620493100914
150622825118649
150622825134009
150701820736791
150703254880863
150704160835065
150705251392587
150705251392647
150705855332607
150710955670527
150712096473711
150714814399986
150718421503323
150718421503383
150728403911871
150730819834575
150738621252255
150747462845103
150756589671567
150756589672527
150766253345055
150766505003439
150767914289643
150769759782303
150769759783263
150848998552143
150884364923535
150993886641663
150998114454651
150998114454711
151287085242447
151300255353183
151527267876927
151537015439967
151552232378895
151572381811359
151578001242144
151578001257504
151579948304511
151579948319871
151873281567138
151921794608271
151922398587039
151923203894475
152163537478431
152172379071279
152697774384795
152697958950087
152698109944923
152698109944983
152699821221171
152701532497305
152710793521092
152717504406867
152832125240736
152832125256258
152832125276169
152832125301807
152832125302002
152832125304642
152832129464307
152832131691639
152832132710559
152832225916098
152832410905305
152832695727423
152832897028110
152832930559200
152832930581532
152833182657246
152833182657261
152833320777357
152833735916025
152834071459935
152834457289353
152834457337737
152834977380042
152835346504671
152835352917729
152835631694481
152835631742865
152835639148767
152835917169312
152836124669670
152836403446362
152836403446377
152836403446422
152836403446437
152836403494746
152836403494761
152836403494806
152836403494821
152836789368306
152841252108975
152841252498153
152841258480303
152841302393379
152842447579887
152843540181951
152844473287329
152844473335713
152844480741615
152845010142528
152845010205657
152845014370608
152845016625102
152845295386905
152845781957598
152845815510975
152846067138846
152846067138861
152846151024972
152846193124269
152846671276527
152847298326456
152847348623337
152848097210664
152848097210904
152848147490778
152848147490793
152848281758703
152848285893069
152848288130031
152848523028465
152849238064491
152849238064551
152849238064731
152849238064791
152849294780406
152850378913119
152850429198915
152850429245325
152850429247299
152857895083935
152857902479349
152858187728031
152858465474178
152858700406782
152860176745896
152860176807162
152860180969467
152860277421258
152860982064360
152863263786306
152863320567759
152864840873466
152865595819401
152869437831327
152881559496135
152883671334447
152883672366591
152883956495391
152884235312130
152884235336478
152884235336751
152886523461498
152887607557497
152887741773726
152887741773741
152887741774686
152887741774701
152888228313375
152888479971759
152889889257963
152892798088239
152896600271727
152896841445183
152897405422866
152897405422881
152898881847129
152899401910554
152900576343471
152900576343711
152900576344431
152900576344671
152905139878350
152905143882822
152905190019363
152905190020227
152906331061197
152906335205871
152906750301600
152907421439784
152907992217582
152923443821007
152926245426378
152933241525387
152934801806280
152934801806760
152956734012771
152956964698431
152958961188714
152958961434600
152959531474728
152978254853874
152980490367243
152980721103384
152981375365761
152981861957211
152981861957271
152982147117642
152982147117702
153029693798943
153029945457327
153031354743531
153033200236191
153033200237151
153038854108290
153038861443998
153038861444271
153038861505438
153038861505711
153039089040894
153042233665017
153042233726457
153042367882206
153042367882221
153042367943646
153042367943661
153042854420895
153042854482335
153051175920366
153051175981806
153051223259823
153052024215186
153052024215201
153052024219026
153052024219041
153053450326584
153053450330424
153053507954649
153053508016089
153054020702874
153054020706714
153055202451951
153055202452191
153055202513391
153055202513631
153056544629967
153056544691407
153064916461470
153064916461485
153064916522910
153064916522925
153066905613450
153089830628328
153089830689768
153102708375246
153102758516259
153102758520099
153103903702767
153124183080111
153124189451439
153124189470345
153124190511936
153124233364515
153124239800511
153124291167474
153124384358700
153124961222286
153124988338233
153124988384319
153124994772543
153124994772639
153125378551023
153125793644904
153127035207162
153127041578490
153127898270811
153127898270871
153128217005823
153136739863659
153136739863719
153137353190847
153137359562175
153137359581081
153137642587509
153138131333022
153138131333037
153138213012924
153138215215983
153138215219148
153138259124493
153140295592437
153140545015113
153140545015173
153140547252075
153140547252135
153197449138191
153197767909311
153197768307519
153197768310636
153198858424395
153199009419564
153199479584622
153200049591720
153200049607722
153200620034376
153200620034436
153201224013969
153208605987624
153244449634815
153244733763615
153246059163132
153253575356463
153257333452764
153257383784355
153308873961264
153319738702824
153330341474313
153330348811311
153330348811506
153330348814146
153330348872751
153330348872946
153330348875586
153331113226254
153331146779676
153331204433397
153331204494837
153332294969439
153332295030879
153332680847241
153332680908681
153333562702815
153333855252369
153333855313809
153334627004250
153334627004265
153334627004310
153334627004325
153334627065690
153334627065705
153334627065750
153334627065765
153335012877810
153335012939250
153342696845217
153342696906657
153343511581209
153343511585049
153344283333150
153344283333165
153344283336990
153344283337005
153344367219276
153344367223116
153347461573995
153347461574055
153347461574235
153347461574295
153347461635435
153347461635495
153347461635675
153347461635735
153367661340831
153367661402271
153416291187597
153418237344606
153418237344621
153419462056065
153420032507319
153420233807946
153420233808006
153429125728578
153431071914351
153431071914591
153431457761673
153432632166801
153433403918682
153433403918697
153433403918742
153433403918757
153447429671235
153563695807071
153656765708115
153657051693087
153659040710952
153659091445455
153659617574538
153660265850583
153660551065302
153660557096166
153660785816055
153660835872918
153660835872933
153660993155931
153660993155991
153663604099512
153665885815362
153665893285935
153668217848457
153669107443431
153669113476833
153669392253585
153669698437389
153669700674351
153671304839523
153671982379563
153672787685274
153672787685289
153672865150935
153672915452865
153672915468867
153673727206902
153682579547883
153684189758019
153684189758499
153685380944394
153685800371841
153709732120671
153709732136031
153711721138536
153711721138596
153711721153896
153711721153956
153712325118129
153712325133489
153718573713519
153718573728879
153721190902545
153721190917905
153721233828099
153721233843459
153722378864973
153722378880333
153722381101935
153722381117295
153729773441346
153730964624193
153732105474441
153732105490443
153733196271978
153733196272038
153733279879569
153733665771816
153733800251571
153734051631450
153734051631465
153734051631510
153734051631525
153742121472417
153748077384003
153766330995585
153784785918027
153784785918087
153784785933387
153784785933447
153785105087415
153785105102775
153803593197075
153805069585080
153806579544198
153807351309585
153863780426526
153863780426541
153863780487966
153863780487981
153864115970733
153864116032173
153864350835039
153864350896479
153865769578506
153873192427887
153873192489327
153876614996271
153876614996511
153876615057711
153876615057951
153878939685402
153878939685417
153878939689242
153878939689257
153899717206431
153899717267871
153908558799279
153908558860719
153914514697101
153914514712461
153914514758541
153914514773901
153916460854110
153916460854125
153916460869470
153916460869485
153916460915550
153916460915565
153916460930910
153916460930925
153917678254209
153917678269569
153918450006090
153918450006150
153918450021450
153918450021510
153927341922882
153927341926722
153927341938242
153927341942082
153929295423855
153929295424095
153929295439215
153929295439455
153929295485295
153929295485535
153929295500655
153929295500895
153929673955977
153929673959817
153929673971337
153929673975177
153930848361105
153930848364945
153930848376465
153930848380305
153931620112986
153931620113001
153931620113046
153931620113061
153931620116826
153931620116841
153931620116886
153931620116901
153931620128346
153931620128361
153931620128406
153931620128421
153931620132186
153931620132201
153931620132246
153931620132261
154206522525696
154206572730147
154206807640281
154207085150754
154207086269235
154207521794796
154207522913277
154207528732917
154207529065455
154207579392222
154207579392237
154207945156767
154208133144492
154208226437868
154208227556349
154208233375989
154208233708527
154208796426888
154208797545369
154208901458139
154209606101241
154209743499393
154210515251274
154210515251334
154210592707542
154210592707557
154210742583912
154210742583972
154210743702393
154210743702453
154215649233129
154216786717422
154216786749615
154224768336450
154224769454931
154225339199202
154225340317683
154237661038080
154259199518973
154412680675311
154412680763187
154412932454607
154414492735980
154415532924138
154416472413111
154416472416228
154424089304040
154425767025612
154426371004905
154426371005145
154792248690720
154803522980352
155375894090319
155389064201055
155411260461711
155424430572447
156131666129460
156131806308015
156132555292926
156133226431704
156133511606712
156133739933979
156133743323355
156133877544951
156137498030442
156142068024552
156143651086743
156143742509565
156144111611253
156144355729845
156146771649489
156147493070313
156151194792408
156151194797304
156155801973099
156278963516010
156297267458667
156336915412179
156337620055281
156337955598495
156340240413288
156340240413348
156352789796328
156352789796568
156355076461800
156355076486688
156358151975259
156358158455547
156361916569080
156364010615967
156364966917339
156365671560441
156423293727942
156424149551007
156424669390527
156424998973752
156426425036376
156426425036436
156432991143855
156435266629224
156435266629284
156436463838678
156436463838693
156436614833589
156437319476661
156437319476691
156628880620080
156631962640056
156645988401000
156645988401060
156920938404072
156920938428960
156959001003252
157020864636753
157178564368116
157505050114761
157505821866702
157505855385342
157507385905419
157508270903937
157509042655818
157509042655878
157517934576450
157518220225497
157518991977438
157518991977453
157520266609545
157521441014673
157522212766554
157522212766569
157522212766614
157522212766629
157536238519107
157651078578174
157654220100378
157654220100393
168225280752360
168225281042094
168225293519592
168225864089814
168227176653822
168227847792600
168236689385448
168236702188479
168245816158200
168251919107286
168251919107301
168276832877940
168276833286192
168277118501919
168285960094767
168308625659493
168351038846469
168432446003415
168432458667228
168432877836255
168432878113695
168433385249751
168433385403159
168433397953215
168434673319932
168434861865576
168434861865636
168436585861590
168441719429103
168441719706543
168457272169671
168458014367319
168458832451044
168484182439269
168486128761626
168486128761641
168517338415656
168517338419010
168517401469929
168517636351827
168517636717791
168517921552326
168518491991889
168518542223985
168519670452105
168519683490921
168520572723159
168520844857233
168521616609114
168521616609129
168521616609174
168521616609189
168526477944675
168526478310639
168529686450081
168529699204095
168529900830591
168553858363281
168553908595377
168639036209055
168647877801903
168647878210191
168664571065701
168664571073381
168711815716485
168711816114693
168724080236004
168724080252006
168730405262697
168732636631908
168760017050052
169050783072342
169050783072357
169053135697638
169053148464870
169053622364148
169053635208024
169053635208084
169062476800872
169062476800932
169101517342917
169101517358277
169104675195552
169104675210912
169256136118725
169256136134727
169257696416100
169268970705732
169286083212891
169286083212951
169293448647126
169293448647141
169312239114693
169312239130053
170572073428581
172908535632741
173142024289173
173156016487191
173156721130293
173159858470761
186916985042199
186916993227261
186917181114612
186917194353036
186917244886959
186917278313619
186917798332569
186917798534655
186917848874910
186917848874925
186918419186271
186918419294175
186918603639240
186918653990247
186918654173163
186919274801307
186919325140473
186920066526171
186920264794023
186920415697995
186920415698055
186921019638015
186921808085295
186923217371499
186926119906467
186926119975935
186926170182633
186926405064531
186927260704593
186927260779119
186927260887023
186929877967650
186929928279879
186929978705394
186933585808731
186933585808791
186935498294415
186935817463743
186942963106350
186943568217279
186944372392554
186945329818779
186945984139983
186948131739645
186948332865420
186948936844713
186948936844953
186953785557663
186962627075985
186962627150511
186970143403872
186971099613819
186971099752539
186971753976975
186971753977935
186973146369315
186979941345387
186981417650463
186981669308847
186983078595051
186984924087711
186984924088671
186990577980318
186990577980591
186993094554171
186993950201337
186994084418526
186994084418541
187008261166287
187016632997790
187016632997805
187041547097088
187041547164648
187063273570863
187063508510943
187063508525631
187064162857551
187064682857067
187064917811835
187081560737433
187082332489374
187082332489389
187099529228943
187114611854883
187114846809651
187116843297339
187123200695535
187123200882879
187123201134657
187123238614995
187123351740462
187123721900064
187123943258097
187124278801311
187124761026666
187124761231356
187126238492283
187126372774095
187135499540919
187136036442783
187136036446623
187139542880991
187139542884831
187141405085760
187141605549108
187142210402007
187142210565972
187142410658988
187148921353359
187150333818783
187151290120155
187151994763257
187174690024482
187186098666303
187209050947071
187209101153769
187209101178657
187210191808356
187212258492663
187213278760059
187213278760119
187282065347631
187282065347826
187282065350466
187282920969717
187284011505759
187284397383561
187285571788689
187286343540570
187286343540585
187286343540630
187286343540645
187294413381537
187319377877151
187329296525556
187330115234460
187338624658164
187367763307764
187379842901940
187380849518958
187380849523197
187381101182895
187381336059702
187381755505782
187382040755661
187382275632468
187382510469099
187382745345906
187382795677404
187386553789812
187391117225316
187402324365312
187416014716500
187418631896139
187418631896199
187427543736309
187427758644603
187427758644663
187428194899698
187428194903538
187431802003035
187431802003095
187431802006875
187431802006935
187501360236687
187501679406015
187502248388748
187502249547855
187502249630703
187502769522891
187502920518060
187506812832204
187509144865131
187509144865191
187513993681917
187514194807692
187514798786985
187514798787225
187515419658591
187515604093896
187519362386943
187519362591711
187527078857268
187527883967148
187528488143472
187528588610220
187528588610250
187530299886186
187530299886246
187647422679705
187648194431646
187648194431661
187648278317772
187650610350699
187650610350759
187650845305467
187650845305527
187707467491380
187708072344279
187708072508244
187708272601260
187708876777584
187708977244332
187708977244362
187710688520298
187710688520358
187742432182335
187742432257791
187744848176127
187752179745375
187767396684303
187767396755391
187787546116767
187792159917492
187795112609919
187795112625279
187815496962846
187815496962861
187815832507053
187816067371359
187824908964207
187851433742751
187860275335599
187866231233421
187866231248781
187868177390430
187868177390445
187868177405790
187868177405805
187887940904691
187889937392379
187890876918999
187891363460955
187891363461015
187947785318415
187947834445875
187960955425311
187960955429151
187977581705172
188000465745999
188000465761359
188013635852895
188013635856735
188013635868255
188013635872095
188086351426719
191590404049119
191591058395727
191591058466596
191599245641967
191604228506463
191626424767119
191628370996116
191639594877855
191642363194134
191642463858468
191643168501540
191643168501570
202311296640687
202312425095163
202313230266651
202313233656027
202313367877623
202316988363114
202320708834207
202323141419415
202323232842237
202323601943925
202323846062517
202326261982161
202326983402985
202335292305771
202458453848682
202476757791339
202516405744851
202517110387953
202517445931167
202534566794472
202534566819360
202537642307931
202543500948639
202544457250011
202545161893113
202602784060614
202603639805343
202603639883679
202604159723199
202612481398191
202612481476527
202615954171350
202615954171365
202616105166261
202616809809333
202616809809363
202808370952752
202808942622513
203100428736744
203100428761632
203186328552480
203200354969425
203260953613344
205524401382432
205535675672064
205609259119518
205609259119791
205609260102558
205609260102831
205610288100078
205610634844095
205610635827135
205610957854443
205610958837483
205610959188984
205610959238856
205612631340537
205612632323577
205612765557726
205612765557741
205612766540766
205612766540781
205613252096415
205613253079455
205618956401295
205618957384335
205621573595886
205621574578926
205623458210814
205623905630169
205623906613209
205624127965179
205624128948219
205624129349592
205625600127471
205625600127711
205625601110511
205625601110751
205626942305487
205626943288527
205630016747259
205630017730299
205635314136990
205635314137005
205635315120030
205635315120045
205642097715192
205660228303848
205660229286888
205682844006063
205682844989103
205754717581983
205754718565023
205756600841982
205756601825022
205758224020191
205758225003231
205900746486831
205900746487026
205900746489666
205900747469871
205900747470066
205900747472706
205901602108917
205901603091957
205901887321791
205901887372431
205901888304831
205901888355471
205902692644959
205902693627999
205903078522761
205903079505801
205904252927889
205904253910929
205905024679770
205905024679785
205905024679830
205905024679845
205905025662810
205905025662825
205905025662870
205905025662885
205905410553330
205905411536370
205913094520737
205913095503777
205915057483167
205915058466207
205917859249515
205917859249575
205917859249755
205917859249815
205917860232555
205917860232615
205917860232795
205917860232855
205938059016351
205938059999391
205975187249055
205975188232095
205975707088575
205975708071615
205984028841903
205984029824943
206046876038898
206046877021938
206050483142235
206050483142295
206050484125275
206050484125335
206434178102046
206434178102061
206434179085086
206434179085101
206434513646253
206434514629293
206434748510559
206434749493599
206436733810404
206436745269867
206436745269927
206436745273032
206436746252907
206436746252967
206436746256072
206443590103407
206443591086447
206447012671791
206447012672031
206447013654831
206447013655071
206449902613371
206449902613431
206449902616536
206449903921140
206449915380603
206449915380663
206449915383768
206449916363643
206449916363703
206449916366808
206470114881951
206470115864991
206478956474799
206478957457839
206484862068528
206484863051568
206484912372621
206484912387981
206484913355661
206484913371021
206486858529630
206486858529645
206486858544990
206486858545005
206486859512670
206486859512685
206486859528030
206486859528045
206499693099375
206499693099615
206499693114735
206499693114975
206499694082415
206499694082655
206499694097775
206499694098015
206579636564511
206579637547551
206632316992095
206632317007455
206632317975135
206632317990495
207189237584616
207220376133312
211106241373800
211106242756578
211106242938675
211106245197774
211106245347816
211106245378095
211106245418958
211106245508823
211106245531311
211106245550952
211106245607049
211106245995726
211106246072115
211106246164959
211106247396351
211106248554321
211106248579785
211106291442681
211106291743815
211106292764019
211106293335873
211106295872751
211106296410345
211106297691873
211106299058415
211106299068003
211106342790978
211106345924418
211106442667950
211106448679470
211106493819855
211106496953295
211106497185327
211106527642431
211106527650591
211106527702683
211106530402329
211106530623513
211106531292243
211106531306397
211106812490946
211106815673538
211107017358990
211107020331726
211107046647483
211107047434080
211107050567520
211107050824635
211107050909247
211107050909343
211107053850366
211107054198483
211107054596691
211107251827503
211107302154270
211107302154285
211107302375454
211107302375469
211107381961455
211107382084095
211107382607586
211107382792527
211107383285757
211107383309922
211107386040396
211107386261580
211107386932305
211107388468962
211107388505076
211107389023842
211107432555213
211107433435119
211107433619427
211107434174307
211107437547981
211107439733949
211107851954154
211107852025188
211107853050606
211107853617324
211107853626912
211107857965674
211107906471531
211107906513135
211107956470575
211108524139512
211108524189384
211108525816827
211108527022890
211108573967787
211108577200329
211108577572137
211108580757801
211108623739035
211109094289386
211109097422826
211109097505146
211109097519102
211109097555018
211109097658362
211109100689610
211109100869544
211109328382137
211109330161563
211109379819354
211109379819369
211109462338722
211109462439831
211109462462421
211109463657717
211109463667095
211109463670161
211109464489983
211109466931155
211109467861827
211109468573619
211109468604579
211109469962199
211109516995311
211109563229847
211109567406999
211109570666562
211109713997547
211110034588599
211110034591716
211110037027458
211110037722039
211110037725156
211110037746306
211110235422042
211110235422102
211110267872949
211110272050101
211110274923255
211110275309664
211110470299227
211110470299287
211110472043643
211110472043703
211110808491351
211110809468334
211110811996512
211110862126371
211110862437825
211111377025506
211111996817763
211113093260778
211115367984753
211115369243439
211115369287392
211115369295531
211115371995177
211115372216361
211115372884785
211115372885091
211115372899245
211115373327939
211115657456319
211116512896893
211117649689578
211118593223679
211118593444863
211118791799643
211118791799703
211119126012669
211119126314820
211119127905603
211119127906956
211119129100272
211119130506222
211119130509279
211119131528508
211119131575278
211119133616112
211119176417187
211119176477631
211119180802401
211119180802767
211119182848959
211119415642047
211119415717785
211119418690521
211119700766454
211120133965743
211120187469726
211120187469741
211120190442462
211120190442477
211120267493952
211120271352687
211120271355852
211120317195261
211120792364391
211120992776493
211121414005119
211122214389099
211122214389339
211122270800346
211122270800361
211122351729141
211122398529921
211122603314661
211122603388779
211122603388839
211122603391305
211122603391365
211123073085225
211123160554983
211123160555223
211123207138194
211123207138209
211123207857042
211123207857057
211124496888864
211124496891888
211124498177472
211124498801730
211124499022914
211124500228095
211124545316547
211124549140431
211124549361615
211124549938383
211124550309315
211125065397534
211125507597996
211126776295419
211126780508043
211126782666747
211126784055240
211126830834825
211126831056009
211127583051483
211131397203435
211132012251822
211132015438809
211132015896183
211132016441091
211132065574575
211132119092418
211132119245826
211132216545012
211132216698420
211132300524249
211132582285170
211132585581258
211132787190750
211132823735520
211132823888928
211132870821522
211132870821537
211133072276190
211133072276205
211133151838818
211133625935667
211133625984624
211134293432298
211134294725355
211134299873256
211134300026664
211134863996106
211134867309210
211135239743223
211135436545611
211135436545671
211135953632235
211137383819760
211142748964815
211142749163919
211142749681314
211142750227680
211142753303697
211142755395234
211142800545699
211144359575712
211147363189155
211148456505780
211155633865344
211157780719662
211157782597218
211157786963490
211157788163583
211157835508335
211158070017855
211158070239039
211158070815807
211158355459578
211158358563654
211158358583298
211158590111523
211158591082047
211158640438290
211158640438305
211158640659474
211158640659489
211158922902429
211158926366727
211158928988949
211158973226853
211159206726519
211159214405655
211159214792535
211159396388718
211159731698943
211159734884607
211159734909495
211160063270250
211160064563307
211160066850120
211160068279752
211160068659819
211160070035784
211160115826041
211160633179338
211160636925978
211160637147162
211160639129706
211160922343518
211160922343533
211161053597295
211161572474718
211161573701022
211161573701982
211161810322623
211161810323583
211162400028993
211163490385173
211164683769129
211165621222755
211165623181155
211166912018991
211168055998503
211168056385383
211168518210210
211171472254767
211171808349900
211171864218093
211171864242981
211172096477463
211172331060513
211173002055531
211173234674043
211173238770555
211173941667759
211173941668719
211179256641126
211179258631215
211179258631410
211179258634050
211179259796463
211179259985838
211179261828288
211179263033247
211179310110561
211179310127307
211179313328481
211179461345262
211180065324795
211180115760978
211180115760993
211180870408680
211181204789343
211181541703656
211181590667145
211181642683146
211182342426651
211182347326248
211182395003898
211182765072273
211183536824154
211183536824169
211183536824214
211183536824229
211191606665121
211197562574733
211197562576707
211207310136570
211207313333448
211215813113799
211216571160735
211231368665886
211231368666159
211231806127260
211233131396475
211233651621066
211234740886905
211234829131383
211234875103134
211234875103149
211234875104094
211234875104109
211252273976919
211252274274882
211252274953902
211252277482080
211252277785971
211252327611939
211252327923393
211252328005443
211252842511074
211253125938774
211253125938789
211253462303331
211253696196255
211253697423519
211254558746346
211254606307977
211254652497627
211254653724891
211254838281819
211255123456827
211255357140729
211255358367993
211255491487458
211255780713105
211255784447703
211256304320211
211256552464986
211256552465001
211256552465046
211256552465061
211270578217539
211272806642523
211272862689003
211288828674723
211289921991348
211303861825161
211303865514561
211304014921524
211304950558461
211304951785725
211304955870741
211305424207728
211306149254697
211307032718946
211307086708323
211312400494845
211312400885934
211312400891409
211312402676718
211312457439075
211312605179124
211312652154543
211312655216655
211312689035199
211312689198939
211312970919282
211312973987775
211312974215370
211312977574830
211312977588978
211312977639618
211313259455634
211313259455649
211313540395884
211313540472930
211313591677437
211314014221695
211314061440375
211314061440747
211314064502859
211314215498028
211314346670751
211314682015743
211314682066410
211314683359467
211314688507368
211314688842216
211315255686186
211315255943322
211315624836567
211315628372034
211315825179723
211315825179783
211315826112840
211315826112900
211316430092433
211316967767502
211318107812172
211320187197399
211320235446627
211320292438338
211321530791787
211321577632761
211323812066088
211325288511327
211325288644302
211325335730007
211325338785315
211325338789155
211325388183282
211325388187122
211325489787660
211326093766953
211326093767193
211326144322266
211326144322281
211326144326106
211326144326121
211326476574273
211326476578113
211326899073864
211327853466363
211327853470203
211328995286619
211328995286679
211328995290459
211328995290519
211330653157218
211330657173471
211330660760526
211332986009067
211335220573506
211335271710159
211337552606601
211338176797890
211338176951298
211341310960794
211341310960809
211342784025891
211342840864194
211342841017602
211343592586959
211348906844322
211361842945665
211361842949505
211363942184823
211363942251264
211363943061504
211363990812393
211363990826217
211363993500675
211364144807055
211364745787935
211364748785823
211365081328878
211365553782048
211365554093259
211365601023009
211366228637499
211366276005243
211367163458703
211367163459663
211371358697754
211376827128351
211376827132191
211376828071680
211376875312641
211376881825377
211377078786735
211377078790575
211377113464383
211377634180671
211378439487342
211378488072939
211378488076779
211380333565599
211380333566559
211380333569439
211380333570399
211398298951536
211398303172119
211398304298769
211398349258095
211398353420271
211398353518479
211398588427455
211398591600219
211398873720627
211398873736014
211399155871770
211399155871785
211399162163286
211399162163301
211399313158197
211399444166151
211399494361101
211399961177769
211400017801269
211400017801299
211400580660714
211400584996761
211400635337211
211401520344816
211401524539104
211401722770779
211401722770839
211401778032615
211402098171846
211402380158934
211402380158949
211402531153785
211402531153845
211405148409834
211407433193067
211411184551185
211411188280782
211411191229884
211411239527913
211411993512639
211411994081982
211412380487151
211412798819310
211413519852345
211413519852489
211413519855915
211413520315689
211471318351479
211472121713727
211473649391433
211518558268650
211518559866528
211518562483185
211518565607424
211518615811875
211518660689175
211518850722009
211519128232482
211519128451554
211519129350963
211519365332277
211519572147183
211519622473950
211519622473965
211520176226220
211520276790255
211520839508616
211520840627097
211520940633834
211520947955706
211521781251921
211521784739553
211522556491494
211522584800439
211522635789270
211522635789285
211522785665640
211522785665700
211522786784121
211522786784181
211525461037353
211525981009818
211526350241751
211527690302127
211527692314857
211531448446926
211532249522991
211532252197887
211532585618124
211533730148280
211533732210414
211533779324841
211533780445161
211534719951855
211534954850289
211535726602230
211536811418178
211536812536659
211544330811255
211544617405119
211544617974462
211545469955310
211545469962990
211546617263931
211547184233466
211549704119808
211549752389583
211556677709472
211570103156271
211570669898070
211570904398233
211571710098528
211572670802043
211572955283322
211574045210937
211576950315336
211582984375152
211582984388160
211583186783028
211583273267007
211584596069232
211585268599659
211585319500569
211586929556841
211604461617102
211604507615211
211604508603897
211604746821657
211605518573598
211605518573613
211605602459724
211605887677215
211606743037224
211607309399934
211607310210174
211613588414505
211614729270063
211616809643007
211690358831136
211690360074048
211690360744002
211690360872750
211690360965186
211690407235119
211690407258819
211690412251587
211690646294169
211690927339806
211691166182928
211691168263935
211691369540268
211691418046110
211691418046125
211691497754484
211691501932236
211691549167215
211692068044638
211692069271902
211692074183340
211692074183370
211692305893503
211692642450315
211692692777097
211692692998281
211693578153696
211693582330848
211693785459306
211693785459366
211693833965163
211693833965223
211693867182225
211693867403409
211694588607339
211694588607399
211694638934106
211694638934121
211694638934166
211694638934181
211694639155290
211694639155305
211694639155350
211694639155365
211696116792675
211696118751075
211699487600499
211699487887017
211702708775073
211702708996257
211704437238639
211708664686659
211708664907843
211717270395471
211763378544279
211763424517005
211765324701303
211765370674014
211765370674029
211836389965449
211836963602367
211837161717390
211837528288866
211837582278243
211838054170467
211854646788063
211896515099490
211897659029583
211899991996491
211899991996551
211900025978835
211901082515778
211903414548873
211908867571683
211910829136479
211910829140319
211912625291223
211912826567496
211912826567556
211913430546849
211913430547089
211919386458435
211930874937390
211930875618918
211930876180035
211930876999542
211930877965794
211930877966199
211930878285126
211930879292910
211930882297779
211930882478574
211930882490370
211930882491504
211930925406051
211930929561537
211930932533091
211930933216359
211930933221153
211931080607988
211931445248034
211931446366515
211931447419443
211931449648179
211931684334585
211931730344154
211931730344169
211932016068672
211932016562175
211932017845860
211932065859213
211932307187871
211932489608352
211932540076131
211933156524168
211933157642649
211933158687672
211933158695577
211933160924313
211933163796456
211933163936232
211933258289610
211933263489243
211933734428298
211933962932712
211933968132345
211934016532506
211934016532521
211934095900800
211934096099313
211934099051139
211934100293094
211934100582624
211934101095840
211934102201478
211934103319959
211934103525063
211934150689473
211934297972043
211934297972103
211934298760932
211934301422952
211934301423012
211934352701259
211934352701319
211934354978427
211934354978487
211934905402545
211934952804822
211934952804837
211934953857750
211934953857765
211934956086486
211934956086501
211935102681192
211935102681252
211935103799673
211935103799733
211935104852601
211935104852661
211935107081337
211935107081397
211935445497714
211935488405487
211937777530809
211938711029667
211940002021920
211941142887150
211941143869026
211941148748526
211941148780719
211941193898991
211943763897984
211943811408873
211943811434217
211943814112515
211943814218019
211943814365763
211943817528111
211944046290771
211944337661814
211944901930833
211945421619489
211946099230671
211946904539034
211946904539049
211946984174979
211946988435411
211947037845489
211947269161875
211947273635799
211947554374572
211947558850518
211949128433730
211949129552211
211949130597234
211949130605139
211949132833875
211953749440371
211955975633400
211957454173923
211957454917374
211957456197603
211957835648517
211957835663085
211958591059479
211958594245143
211958929470954
211958933802939
211958981064399
211959786291738
211959786291753
211959869904513
211959870384087
211960155469527
211960436536734
211960440603846
211960440684246
211960441329282
211960442422950
211960443541431
211960541113032
211960541113512
211960641656394
211960641656454
211960673518323
211967382440064
211968526023573
211976510240418
211980268302225
211982422499136
211982469064707
211982469080067
211982471589513
211982518221591
211982985653862
211983220144503
211983222864693
211983555688701
211983561550077
211985636251023
211985636251983
211985642483298
211985687633763
211985694061731
211985694062691
211985928380115
211986210515910
211986210531270
211986360205161
211986492651666
211986492651681
211986492667026
211986492667041
211986985474542
211986985489902
211990250276259
211990250277219
211992736103013
211994769972963
211994770524081
211994770525041
211998520952448
211998520953408
212003894253363
212003896741890
212003994105666
212004145134543
212004698748768
212005835677335
212006745604074
212007165875331
212007215404947
212007366202443
212007366202503
212007685191330
212007685371831
212007685903287
212007685906404
212007920048049
212076903964923
212076955412139
212078047830495
212079286330107
212080125278148
212080225856727
212080930499829
212080984891542
212080984891557
212097441118968
212104291772448
212115566062080
212128450960110
212128450975470
212131715761827
212131715762787
212137033120686
212137033914210
212137037594577
212137037709102
212137041254193
212137611137826
212137843551486
212137844831715
212138173956078
212138175222702
212138224282629
212138224297197
212138982879255
212139322398024
212139322413960
212139372894153
212140124583579
212140174925850
212140174925865
212140258538625
212140309148871
212140460143707
212140460143767
212140547299281
212140827006918
212140829963394
212140831057062
212140832175543
212140832510391
212140832513508
212141030290506
212141030290566
212141062152435
212141268570984
212141268571044
212141319051222
212141319051237
212141654988135
212142171419955
212143882696089
212149385754099
212149388892129
212149922207298
212149922211138
212152254240393
212152254244233
212153143719876
212153428645521
212153428649361
212153999267559
212153999271399
212154000070290
212154000070305
212154000074130
212154000074145
212154200397402
212154200397417
212154200397462
212154200397477
212154200401242
212154200401257
212154200401302
212154200401317
212155294323522
212159854605651
212165896336875
212166031742916
212168226149955
212168226153795
212173598810049
212188574219127
212188574234487
212188577163330
212188577178690
212188623038601
212188623433263
212189151289137
212189713952628
212190909196425
212190909211785
212191793931426
212191793932386
212192083601553
212192083616913
212192855353434
212192855353449
212192855353494
212192855353509
212192855368794
212192855368809
212192855368854
212192855368869
212200925194401
212200925209761
212274472123392
212274472144905
212274475302126
212274475691760
212274478525674
212274526939641
212274681072108
212275243896846
212275285051641
212276753823531
212276860890858
212277693373407
212278505057463
212283603416889
212287642255641
212288162362110
212288414007582
212288414007597
212288497893708
212288555837901
212290444810011
212290636341633
212300241952671
212300249553609
212300249691903
212301021305550
212301054824190
212302527196920
212305610655042
212305668599235
212307942688137
212326014863412
212326014876672
212326216366476
212326582180866
212326817197980
212326820346009
212327625652680
212335342996020
212338947128127
212339752291602
212339752291617
212341748779290
212420786254590
212423068702491
212566534354299
212566584672297
212566636984134
212567341627236
212567721080973
212569382023656
212569616906043
212687929834560
212723296205952
212858644459329
212861808924801
212862580676682
212862580676742
212870940196785
212871472597314
212873804630409
212874979035537
212875750787418
212875750787433
212875750787478
212875750787493
212889776539971
213100249846239
213102381884919
213102618716112
213102905127606
213103135522995
213103139996919
213103140001713
213103183111089
213111454283763
213111460308960
213115215126924
213115262309265
213128100024963
213128104494519
213128104498887
213150695783049
213150695798409
213151450745616
213151450760976
213153871134195
213153921452193
213153921467553
213164721535629
213164721550989
213442706400303
213442706400498
213442706403138
213442707457440
213442707472962
213442707492873
213442707518511
213442707518706
213442707521346
213442707565551
213442709597376
213442757879649
213442757896395
213442761012915
213442761062691
213442761063555
213442808132802
213442908912108
213442909083444
213442912056108
213442995888063
213442995918681
213442995944409
213443277944127
213443280011310
213443281129791
213443281132908
213443479244814
213443512775904
213443512798236
213443512891641
213443516035641
213443563530066
213443563530081
213443714401452
213443717527092
213443767670622
213443767670637
213443767696350
213443767696365
213443851523703
213444318132729
213444318177768
213444318369648
213444321342312
213444321344928
213444419044524
213444419044554
213444652558431
213444653676639
213444985090431
213444992382414
213444992406894
213444992432106
213444993185160
213444993209640
213445038436233
213445039506057
213445039554441
213445090452234
213445091979258
213445559596746
213445790195739
213445795095336
213445797906651
213445842772986
213445928721375
213445932128247
213446130304740
213446130320490
213446130320550
213446212841361
213446213911185
213446213959569
213446499386016
213446780176350
213446780176365
213446984593242
213446984593257
213446984593302
213446984593317
213446985663066
213446985663081
213446985663126
213446985663141
213446985711450
213446985711465
213446985711510
213446985711525
213447321068835
213447370466802
213447371585010
213448458857793
213450126260634
213451834325679
213451837511529
213451837537257
213451884610083
213455054434209
213455055504033
213455055552417
213455588177646
213455588214510
213455592359232
213455592422361
213455592467400
213455593197006
213455595634560
213455797092861
213455797117749
213455877603609
213456166194549
213456364174302
213456397727679
213456649355550
213456649355565
213456733241676
213457206403953
213458445297150
213458677342971
213458679427368
213458679427608
213458729707482
213458729707497
213458863975407
213459614746095
213459614746335
213459819162987
213459819163047
213459819163227
213459819163287
213459820281195
213459820281255
213459820281435
213459820281495
213460961129823
213460963197006
213460964315487
213461010343821
213461010345795
213461011415619
213461011462029
213461011464003
213463816419066
213463816469706
213468477300639
213468478068399
213469047690882
213469049912046
213469282623486
213469282664190
213470757905658
213470758962600
213470759023866
213470761102536
213470812518075
213470812568715
213470859637962
213471330195450
213471332603886
213471333406632
213471564281064
213472372849608
213472372850088
213473846003010
213473897139663
213475421971962
213475423090170
213476178036105
213479217895095
213480018929823
213480020048031
213483825229185
213494247906351
213494250315240
213494250340128
213494816434974
213494816435247
213494817528834
213494817553182
213494817553455
213495249563391
213497100033402
213497102441838
213497102442330
213497103244584
213498188655993
213498189774201
213498276900471
213498322872222
213498322872237
213498322873182
213498322873197
213498323990430
213498323990445
213498323991390
213498323991405
213498809411871
213498810530079
213498864074019
213499061070255
213499062188463
213500470356459
213500471474667
213507418017087
213507987639570
213507987639585
213509462945625
213509464063833
213509984127258
213511157441967
213511157442207
213511157442927
213511157443167
213511158560175
213511158560415
213511158561135
213511158561375
213515772236067
213515772236931
213517332518304
213518003656488
213518054741499
213536258021355
213536827643082
213543823742091
213545384022984
213545384023464
213570113691432
213734765296815
213734767353870
213734768472351
213734768475468
213734768665140
213734768672760
213734815581219
213734966575404
213735020130879
213735569482815
213735570554937
213735570601023
213735959656269
213736375861608
213736429417083
213737097160521
213737097359625
213737617423866
213737618687976
213737620635048
213738191027064
213738191027124
213738552717270
213740472726396
213742802847717
213747935407551
213748794425340
213748841341197
213751076113992
213751076114052
213808031354895
213808350126015
213809440641099
213809591636268
213810631808424
213810631824426
213811202251080
213811202251140
213811806230673
213819188204328
214026826313367
214026872286093
214026873404301
214028010031341
214028772470391
214028818443102
214028818443117
214028819561310
214028819561325
214029158293449
214030044272769
214030248835944
214030248836004
214030332698577
214030614724023
214030616791206
214030617909687
214030816024650
214030816024710
214030852815537
214031104450518
214031104450533
214039174291425
214039707945282
214041653012847
214041653013087
214041654131055
214041654131295
214042039978377
214043214383505
214043986135386
214043986135401
214043986135446
214043986135461
214058011887939
214267342022451
214267344434034
214267344510978
214268532471663
214269283446423
214269622927656
214269676467129
214269676483131
214269676484559
214270612846467
214270613644419
214270663174035
214270813971531
214270813971591
214270850889687
214271128760790
214271133672375
214271133675492
214271136104406
214271367817137
214271367836919
214271368032759
214271418089622
214271418089637
214271904490818
214271958184803
214274186316216
214274236523913
214276468032066
214278800065161
214279692482535
214279974470289
214281362862702
214281887056227
214283443237872
214283447367639
214283447412678
214283447416821
214283448215424
214283449434822
214283450553303
214283497669569
214283497685571
214283648542536
214283648542596
214284252521889
214284252522129
214285648376691
214290208433475
214293164586987
214294771974723
214294771975203
214295963161098
214296332334519
214296382588545
214303898843055
214316729234094
214318934359875
214321165728744
214321165744104
214322104133766
214322104149126
214322105252247
214322105267607
214322303355240
214322303355300
214322303370600
214322303370660
214322356910715
214322356910775
214322356926075
214322356926135
214322907334833
214322907350193
214323447430002
214323447445362
214325779463097
214325779478457
214331816044803
214331816060163
214340355658050
214341546840897
214342687691145
214342687707147
214343778488682
214343778488742
214343862096273
214344247988520
214344382468275
214344633848154
214344633848169
214344633848214
214344633848229
214352703689121
214358659600707
214376913212289
214395368134731
214395368134791
214395368150091
214395368150151
214404775911360
214404776709312
214404779981727
214404780408819
214404783562848
214404833957667
214404876847602
214405068867801
214405346378274
214405346484846
214405347496755
214405350416898
214405352854323
214405581368313
214405638258654
214405638258669
214405789253565
214405790292975
214405840619742
214405840619757
214405916729343
214406208552927
214406386642080
214406493896637
214406493896667
214406494936047
214407057654408
214407058772889
214407064130457
214407997291191
214408001712864
214408054177767
214408205172603
214408205172663
214408853935062
214408853935077
214408859292630
214408859292645
214409003811432
214409003811492
214409004929913
214409004929973
214409010287481
214409010287541
214410531266031
214412199155610
214413910460649
214415050145775
214417660931712
214417711251747
214417918862127
214418470343679
214418472828399
214418472828639
214418852790243
214418856158205
214418856208845
214418858651619
214418859206499
214419328148331
214420888746975
214420982853570
214421687496672
214423029563970
214423029796578
214423030682451
214423035917961
214423036040019
214423807669902
214431351951102
214431353231331
214431353487060
214432163036127
214432163036607
214434438146760
214434438147240
214435968919539
214435968970179
214436206028697
214436977780638
214436977780653
214442426446773
214454225577891
214455779061237
214455829758369
214457122544025
214457127901593
214459171715082
214459537266048
214459537267008
214459543451583
214459543452543
214459543977852
214464150443427
214464150444387
214467961372374
214469257146147
214471149059940
214477791287091
214477794513375
214477891139394
214478042168271
214478595782496
214478981783535
214480642637802
214481582937015
214481582940132
214496048576511
214530139430463
214530944737134
214531616628168
214551094236159
214551096721119
214551996751599
214604727183438
214605431826540
214605615928995
214605615929955
214610941929267
214610941990707
214610992328937
214611193620687
214611193682127
214611227210835
214611740585214
214611741865443
214612082850897
214612599831033
214612753902060
214612753963500
214613794090218
214613794151658
214614076104858
214614076104873
214614076166298
214614076166313
214614726012870
214614726074310
214614733579191
214614733582308
214614733640631
214614733643748
214620068803377
214620068803683
214622350470120
214622350531560
214623286884339
214623290063103
214623874002879
214623874064319
214623874120665
214624028191692
214624028253132
214624632170985
214624632171225
214624632232425
214624632232665
214625010651747
214625010655587
214639793370603
214647449222289
214660377023139
214660377026979
214662678391092
214662678452532
214664087677296
214664087738736
214665617681274
214678452251259
214696838124441
214696838188776
214697410821567
214699685932200
214701397204476
214701397237110
214704618687888
214820313985665
214821085737546
214821085737606
214829977658178
214832309691273
214833484096401
214834255848282
214834255848297
214834255848342
214834255848357
214842862690044
214842862722678
214846084173456
214848281600835
214868836960308
214870246246512
214902992102268
214902992163708
214903046962923
214904657502249
214904657563689
214905281441256
214905281502696
214906268117121
214906268178561
214912123366335
214912123427775
214915931791881
214915931853321
214988897860233
214989669612174
214990032836928
214990039022463
214990039547772
214992683264742
214994646014307
215001830861811
215002067970969
215002839722910
215002839722925
215002923609036
215005255641963
215005255642023
215136111499875
215229414164724
215229417084723
215229417379650
215229459960201
215229668776143
215229980079906
215230216131003
215230221488571
215230273013490
215230600856301
215231229057516
215231355877143
215231355943959
215231691356040
215231749407951
215231749412745
215232269245674
215232269501178
215232631001217
215232635097729
215232731594886
215232732713367
215232738070935
215232836663112
215232836663172
215232919339155
215232923813079
215232923817873
215233201694406
215233202079462
215233204551852
215233207616166
215233208734647
215233208737764
215233209027798
215233402753098
215233402753158
215233406849610
215233406849670
215233436237988
215233436249844
215233436313591
215233437356469
215233440642705
215233442714037
215233637513064
215233637513124
215233695569754
215233695569769
215233695569814
215233695569829
215238742297332
215240818213512
215240819331993
215240824689561
215240825625576
215241760932003
215241762271968
215241765405555
215241765405927
215241765410721
215242294673730
215242298770242
215242345801575
215242503347148
215243107326441
215243107326681
215243486251329
215244626706825
215244630803337
215244676899834
215244683321802
215245387964904
215245515833922
215245516952403
215245522309971
215245801111953
215245805208465
215246572863834
215246572863849
215246572863894
215246572863909
215246576960346
215246576960361
215246576960406
215246576960421
215247663265602
215247721322307
215252231114193
215255179454178
215255237510379
215256087658194
215256320435748
215256790123074
215256790123554
215256791241555
215256791242035
215256796599123
215256796599603
215258324518650
215258400736896
215258401855377
215258407212945
215260598616387
215260602712899
215265967179759
215278852622721
215282140477629
215282140492989
215283283492713
215297112665955
215303564910591
215375442771966
215375731219161
215376502971102
215376502971117
215393696599761
215435626014435
215435626075875
215436146108211
215436146169651
215437857384345
215437857445785
215439048570699
215439048570759
215439648072594
215439648072609
215439648134034
215439648134049
215439652546518
215439652546533
215439652607958
215439652607973
215439803541369
215439803541429
215439803602809
215439803602869
215442471118287
215442471179727
215442991211514
215442991272954
215443926262188
215443926323628
215443930738134
215443930799574
215451729065943
215452482642339
215452482642579
215452482703779
215452482704019
215452487116263
215452487116503
215452487177703
215452487177943
215453829293907
215453829355347
215463677519595
215463677581035
215465959220715
215465959282155
215490328882164
215490328897524
215490328943604
215490328958964
215503264110243
215503264111203
215503264114083
215503264115043
215503268571777
215503268587137
215503268633217
215503268648577
215779168743408
215779169813058
215779173324147
215779736187678
215780592961695
215780780472825
215781501846153
215781549263067
215782253906169
215782676251281
215783199858387
215783200256595
215783448003162
215783448003177
215783448003222
215783448003237
215789434522350
215789434554543
215791517844129
215792054762457
215792302152687
215792306505519
215792826514398
215793715791723
215794386520521
215797473755715
215805748835859
215807220248568
215809506530679
215830757363337
215830910459700
215831847323901
215831847336756
215832319745904
215833928257122
215986989366249
216036867497844
216046044633981
216363285503625
216363859140543
216364057255566
216364423827042
216376455614361
216377227366302
216377227366317
216377311252428
216379643285355
216379643285415
216381542326239
216960285011952
217011824183604
217703311003485
217703315029902
217703315073912
217703315074674
217703315304444
217703315827854
217703316946335
217703366681187
217703368824675
217703567720463
217703884714398
217703886491583
217704120626169
217704166635738
217704166635753
217704452360256
217704452853759
217704455872524
217704456991005
217704742517727
217704743479455
217704925899936
217704926725503
217704977006667
217705128001836
217705597042152
217705600227816
217705699780827
217706168189994
217706404423929
217706537340375
217706734263627
217706734263687
217706738616648
217706738616708
217707342596241
217707879539562
217707880271310
217707924697071
217707925829097
217709020315980
217709022674847
217711151049711
217712438313504
217712441095065
217713579178734
217713584110575
217713585040110
217713585072303
217713630190575
217714724569896
217716200189568
217716201015135
217716250509603
217716402291468
217717006270761
217717006271001
217717006336767
217717340826492
217717811577672
217717857911073
217717861043565
217718532131817
217721568633858
217721569677279
217721569752339
217723850387115
217726133077314
217726183482219
217726184213967
217728465110409
217729656049326
217729657167807
217729890174591
217729890465507
217729892489187
217729941574494
217729941574509
217730091450924
217730092569405
217730271940101
217730796093996
217730796094026
217730797212477
217730797212507
217732977404616
217732977405096
217733699628975
217734453587826
217739818731648
217740962315157
217754906004483
217754906357385
217754907881097
217754954513175
217755057310863
217755656436087
217755659156277
217755661289631
217755991980285
217755997841661
217756466285856
217756466597067
217757132312415
217757133293646
217757188509051
217758072542607
217758072543567
217758075907758
217758077026239
217758077251170
217758078774882
217758123925347
217758796496745
217761797359950
217762271201562
217762686567843
217762686568803
217763983847010
217764028997475
217765172394597
217766263316043
217767740575488
217768546684479
217769351991150
217770957244032
217770957244992
217771682352495
217776430397250
217776581426127
217777135040352
217777756640031
217779181895658
217786598232879
217849345756878
217849391314665
217849630163481
217849630229247
217850401915422
217850401915437
217850485801548
217852197893946
217867598562882
217867649699535
217869930595977
217901170576959
217901454999546
217901740199442
217901740199457
217903262845518
217903736687130
217903967488620
217904152053411
217904152054371
217909474885629
217909575548115
217910043885486
217910044683438
217910045250462
217910045250735
217910045801919
217910278808703
217910280191217
217910281123299
217910330208606
217910330208621
217910480085036
217910481203517
217910610247662
217910615734431
217910660574213
217911184728108
217911184728138
217911185846589
217911185846619
217913417471481
217913551688670
217913551688685
217914038227359
217922359726830
217924691761113
217926386258415
217926386258655
217927727071182
217927727869134
217927728436431
217927728987615
217928297489442
217928298607923
217930008765576
217930009884057
217936100267934
217936100267949
217936670751903
217937627053275
217938331696377
217938332628459
217961014434792
217961014458129
217961014458915
217961059330185
217961113725954
217961114844435
217961818369056
217961819487537
217963396230522
217964230223010
217964230223970
217972422967161
217995369284640
217995372066201
217995654149919
217996143818142
217996510149870
217996510162668
217996512868149
217996516011246
217996561161711
217996800181023
217997655541032
217998225190056
218004495742767
218005641773871
218068437893103
218115632187636
218115635107635
218115635230515
218115886799055
218115886921935
218115913236447
218116818879213
218116819002093
218117447080428
218117447203308
218118487268586
218118487391466
218118853120641
218118853243521
218119425639078
218119425761958
218119426757559
218119426760676
218119426880439
218119426883556
218119624872522
218119624872582
218119624995402
218119624995462
218124754829295
218124960320244
218127043648488
218127043771368
218128516793154
218128516916034
218128721370060
218128721492940
218129325349353
218129325349593
218129325472233
218129325472473
218130848826249
218130848949129
218132023231377
218132023354257
218132794983258
218132794983273
218132794983318
218132794983333
218132795106138
218132795106153
218132795106198
218132795106213
218133885861873
218146820735811
218146820858691
218201532617775
218201532617970
218201532620610
218202388239861
218203478775903
218203864653705
218205039058833
218205810810714
218205810810729
218205810810774
218205810810789
218206196684274
218213880651681
218218645380459
218218645380519
218218645380699
218218645380759
218238845147295
218287430576130
218287431694611
218288567405055
218288568113487
218288572821090
218288574344802
218288619495267
218290904500299
218290904500359
218291995019586
218293182138723
218294327052681
218295216319458
218301452814912
218303537795031
218303739071304
218303739071364
218304343050657
218304343050897
218310298962243
218313770797602
218313771916083
218314337159778
218315482073736
218315483192217
218317226954487
218317278354390
218317278354405
218317428230760
218317428230820
218317429349241
218317429349301
218433460505154
218434647624291
218435792538249
218436966943377
218437738695258
218437738695273
218437738695318
218437738695333
218451764447811
218494159431714
218494160550195
218494725793890
218495870707848
218495871826329
218497615588599
218497666988502
218497666988517
218497816864872
218497816864932
218497817983353
218497817983413
218511842617410
218511843735891
218527945624494
218527950098385
218528001468075
218528146233231
218528750169855
218529136017645
218529555519435
218529605648553
218529608938275
218530284279147
218530284279753
218531037087387
218531166139380
218531170259073
218531173498599
218531221652679
218531367264840
218531367264900
218531372647515
218531372647575
218531374822248
218531374822308
218531458684881
218531736497622
218531736500166
218531740710327
218531742777510
218531743895991
218531743899108
218531942010954
218531942011014
218531975571447
218531978801841
218532021581031
218532230436822
218532230436837
218533083923763
218534795199897
218535734731122
218537127240291
218540295952371
218540300277729
218540833931586
218540879938185
218541970599534
218543165964681
218544050974704
218544056223684
218544340369809
218545112121690
218545112121705
218545112121750
218545112121765
218550767109459
218553718712034
218554859693604
218558283310386
218559137874243
218577336970926
218674549409331
218676260685465
218677200216690
218678055847638
218678055847653
218678206842489
218678206842549
218692232595027
218734153481955
218734964232990
218734964233005
218735299777197
218735534641503
218744376234351
218747798802735
218747798802975
218770901012895
218779742605743
218785698503565
218785698518925
218787644660574
218787644660589
218787644675934
218787644675949
218800479230319
218800479230559
218800479245679
218800479245919
219077702548479
219091159737090
219132094281834
219699447431601
220452094248471
220452094272168
220452140334447
220452144594831
220452382676571
220452660635214
220452664812366
220452945720858
220452945720873
220452946948122
220452946948137
220452953239638
220452953239653
220453104234549
220453235242503
220453285437453
220453752254121
220453758563361
220453808877621
220453808877651
220454379312936
220454426413563
220455311421168
220455315615456
220455569108967
220455889248198
220456708137831
220456710227811
220458939486186
220461224269419
220464979300302
220465032852993
220465784588991
220466589895662
220467310928697
220467310928841
220467310932267
220470398198787
220472629693419
220474914608622
220477243428843
220478149263897
220478921015838
220478921015853
220479004901964
220483283242959
220503634009647
220503834143676
220504204151874
220505241528942
220505243429880
220505912617848
220505962446123
220506485997438
220506486136698
220506489347880
220510481739114
220516571327295
220516804120383
220525109427831
220527440467785
220577453349075
220579783482234
220598408481471
220616380094190
220619229019098
220651947224682
220658252693454
220658298691563
220658537898009
220659309649950
220659309649965
220659393536076
220659678753567
220667379490857
220668520346415
220670600719359
220676503353207
220676506297410
220676556636111
220678838330505
220710077513535
220710647933970
220710647933985
220712070544746
220712071837803
220712644421658
220725241944699
220725241948539
220744152035070
220864411119336
220864412368521
220864507803462
220864666007055
220864696270782
220864984886958
220865184120462
220865212446564
220865216560959
220865216561055
220865217670719
220865217670815
220865218537215
220865219764479
220865599350765
220866075293259
220866226288428
220867634458614
220867635685878
220867836903240
220867836903300
220868440882833
220868970135036
220868975783325
220870118602572
220877299360638
220877582479257
220878104557353
220878354231198
220878354231213
220878438114159
220878438117324
220880517263349
220880518490613
220880770150251
220880770150311
220882668072654
220916001057417
220916232990681
220917004742622
220917004742637
220918336434042
220918336438218
220919041081320
220923369488154
220925074583529
220925078780463
220929839312367
220929839312607
220930026809997
220931120688750
220932108429231
220932108430191
221620325430651
221620375748649
221620422436470
221620428060486
221620428858438
221621127073692
221621132703588
221621133501540
221621512157325
221623173100008
221638624917129
221639379879696
222788558430222
222788559548703
222788559551820
222788559741492
222788559749112
222788757651756
222788809311375
222788811207231
222789361631289
222789697463436
222789750732621
222790166937960
222790218597579
222790220493435
222790369592748
222790888236873
222790888435977
222791409764328
222791982103416
222791982103476
222792343793622
222793123758078
222794261906892
222794263802748
222796593924069
222796593939819
222796593939879
222801492372879
222801643882380
222802247861673
222802247861913
222802585501692
222802632417549
222803053168584
222804867190344
222804867190404
222809094862824
222811376564082
222811427700735
222813708597177
222814326133257
222814896584511
222814898651694
222814899770175
222814899773292
222815097885198
222815131438620
222815333041836
222816037684908
222816037684938
222816611047278
222816611850024
222817748960874
222817748960934
222819745178883
222840095935776
222840149491251
222840901118163
222842380860750
222842381663496
222842481209082
222842948075082
222843231251322
222852976655982
222855833775486
222856065821307
222856118185818
222856118185833
222861822431247
222862141202367
222863231717451
222863382712620
222864422900778
222864993327432
222864993327492
222864996750408
222864996750468
222865597307025
222872979280680
222879824388063
222913160715267
222914720996640
222915443219835
223080818845236
223082228131440
223093499015166
223155910251816
223750629200793
223750629265128
223750884152847
223751436683007
223752293439051
223752444434220
223753852604406
223754055049032
223754055049092
223754659028625
223755188280828
223756336748364
223758409764240
223763564454825
223764322703145
223766735409141
223802219203209
223809587633946
223815049531389
223816244955789
223896653766396
223899875249808
223956783178620
223956783240060
223956838039275
223956838054575
223958448578601
223958448640041
223960059193473
223960059254913
223965914442687
223965914504127
223969722868233
223969722929673
224008527540108
224008527601548
224009131519641
224009131581081
224009936826312
224009936887752
224011464583194
224011464583209
224011464644634
224011464644649
224300377009248
224300377045248
224300379015024
224300379019200
224300379023010
224300379031236
224300379039279
224300379048648
224300379071352
224300379072882
224300380941408
224300380977408
224300382947184
224300382951360
224300382955170
224300382963396
224300382971439
224300382980808
224300383003512
224300383005042
224300662077375
224300665309593
224300666009535
224300669241753
224300949307938
224300950426419
224300953240098
224300954358579
224301182171043
224301183141567
224301184335132
224301184376703
224301186103203
224301187073727
224301188267292
224301188308863
224301232497810
224301232497825
224301235830750
224301235830765
224301236429970
224301236429985
224301239762910
224301239762925
224301385707180
224301385951980
224301386825661
224301387070461
224301389639340
224301390757821
224301437061534
224301437061549
224301440993694
224301440993709
224301519869700
224301519925767
224301520947660
224301523801860
224301523857927
224301524879820
224301568155933
224301572088093
224301806125023
224301810057183
224301988448238
224301992380398
224302038981921
224302042914081
224302090350252
224302090350282
224302090595052
224302091468733
224302091468763
224302091713533
224302094282412
224302094282442
224302095400893
224302095400923
224302658609208
224302660584072
224302660719339
224302661702553
224302662541368
224302664516232
224302664651499
224302665634713
224303228985498
224303232917658
224303466081819
224303470013979
224303651749863
224303655682023
224303801626218
224303801626278
224303802539595
224303802539655
224303802744699
224303802744759
224303805558378
224303805558438
224303806471755
224303806471815
224303806676859
224303806676919
224303852980587
224303852980647
224303856912747
224303856912807
224304405464823
224304409396983
224304456864726
224304456864741
224304460796886
224304460796901
224304606741096
224304606741156
224304607859577
224304607859637
224304610673256
224304610673316
224304611791737
224304611791797
224304991571433
224304991596321
224304992751087
224304995503593
224304995528481
224304996683247
224307275548971
224307279481131
224309504078511
224309506902441
224309510834601
224310647717871
224310651650031
224313313271553
224313317203713
224313365546994
224313369479154
224314070400495
224314070400735
224314074332655
224314074332895
224314404801228
224314404823932
224314408733388
224314408756092
224315830830075
224315834762235
224316485200590
224316486316503
224316486319071
224316489132750
224316490248663
224316490251231
224316533728239
224316972650331
224316972650391
224316976582491
224316976582551
224318632493634
224318633612115
224318636425794
224318637131568
224318637139473
224318637209319
224318637544275
224318680917267
224318684849427
224319203356386
224319204474867
224320914384555
224320918316715
224327759489742
224327759490222
224327760608223
224327760608703
224327763421902
224327763422382
224327764540383
224327764540863
224328430528170
224328430570026
224328434460330
224328434502186
224329233676203
224329237608363
224329284002970
224329284002985
224329287935130
224329287935145
224330175478527
224330179410687
224331515557632
224331517585266
224331517915089
224331519489792
224331521517426
224336890822374
224336986916550
224336990848710
224337691559652
224337695491812
224351966798883
224351970731043
224352171363471
224352175295631
224352208390239
224352729405849
224353059515532
224353063447692
224353527213228
224353531145388
224353580649675
224353584581835
224353731644844
224353735577004
224354251753833
224354255685993
224355139905198
224355139906158
224355140818575
224355140819535
224355141023679
224355141024639
224355143837358
224355143838318
224355144750735
224355144751695
224355144955839
224355144956799
224355145482108
224357623958988
224357627891148
224359955991915
224359955991975
224359959924075
224359959924135
224361049983087
224363427851130
224363431783290
224364801502860
224364804492063
224364805435020
224364808424223
224365005934476
224365009866636
224365056150447
224365060082607
224365609913769
224365609914009
224365613845929
224365613846169
224366415220680
224366419152840
224366465436651
224366469368811
224368310929311
224368310930271
224368314861471
224368314862431
224446407962367
224446411894527
224446457057001
224446458236655
224446460989161
224446462168815
224446508607630
224446512539790
224446513128690
224446694293215
224446698225375
224447213250732
224447217182892
224448741034539
224448744966699
224449629169830
224449629170376
224449633101990
224449633102536
224450120232027
224450120232087
224467043935434
224467047867594
224467748578536
224467752510696
224497952073759
224498203732143
224498233806489
224498237738649
224499005558430
224499005558445
224499009490590
224499009490605
224499089444556
224499093376716
224499613018347
224501421477483
224501421477543
224501425409643
224501425409703
224501458511007
224501458511967
224506585559331
224506585560195
224506589491491
224506589492355
224507343851583
224507343928575
224507347783743
224507347860735
224508145841568
224508149773728
224508816979752
224508819204138
224508820911912
224508823136298
224513380380984
224513384313144
224513950757274
224513954689434
224519420131200
224519424063360
224525596376412
224525600308572
224527640966346
224527644898506
224527878110811
224527882042971
224532307252983
224532311185143
224534637065355
224534640997515
224536197346248
224536197346728
224536201278408
224536201278888
224558077090935
224558081023095
224558933793141
224558937185118
224558937185133
224558937725301
224559083728044
224559087660204
224559268298493
224559272230653
224559272729325
224559788371116
224559788371146
224559792303276
224559792303306
224560927014696
224560930946856
224561499647082
224561499647142
224561503579242
224561503579302
224562688570659
224562692502819
224571771754863
224571771755103
224592434659278
224592435049647
224592435626463
224592438591438
224592439558623
224592487153377
224592491085537
224592638140974
224592642073134
224592719863833
224592723795993
224593007228286
224593007275182
224593008393663
224593011160446
224593011207342
224593012325823
224593242121791
224593246053951
224593441289007
224593445221167
224593491615774
224593491615789
224593495547934
224593495547949
224593575501900
224593579434060
224593627009485
224593630941645
224594047427178
224594051359338
224594145932079
224594149864239
224595287176698
224595658035123
224595661967283
224601561456681
224601565388841
224604782685183
224604786617343
224605605160383
224712744067107
224712747999267
224712797578482
224712801510642
224712948631695
224712952563855
224713836783756
224713840715916
224714304481452
224714308413612
224714357917899
224714361850059
224714508913068
224714512845228
224715262861563
224715266793723
224716404681819
224716404681879
224716408613979
224716408614039
224718401227212
224718405159372
224720733260139
224720733260199
224720737192299
224720737192359
224725246274667
224725246274727
224725250206827
224725250206887
224725578771084
224725582703244
224725783202700
224725787134860
224726387181993
224726387182233
224726391114153
224726391114393
224727192488904
224727196421064
224739472354476
224739472362156
224739476286636
224739476294316
224740176997548
224740176997578
224740177005228
224740177005258
224740180929708
224740180929738
224740180937388
224740180937418
224740849083642
224740853015802
224741888273514
224741888273574
224741888281194
224741888281254
224741892205674
224741892205734
224741892213354
224741892213414
224764236407925
224764236523551
224764240340085
224764240455711
224764488181935
224764492114095
224765897468139
224765901400299
224767742960799
224767742961759
224767746892959
224767746893919
224776584553647
224776584554607
224776588485807
224776588486767
224798844678159
224798848610319
224799163449279
224799167381439
224800253964363
224800257896523
224800404959532
224800408891692
224801445131688
224801445147690
224801449063848
224801449079850
224802015574344
224802015574404
224802019506504
224802019506564
224802619553937
224802623486097
224804297273676
224804301205836
224810001527592
224810005459752
224811679249164
224811683181324
224812283228457
224812283228697
224812287160617
224812287160857
224813088535368
224813092467528
224884499073840
224884499081745
224884499151591
224884542859539
224884546791699
224885635476078
224885636389455
224885636594559
224885639408238
224885640321615
224885640526719
224885641052028
224886103210272
224886107142432
224886776326827
224886780258987
224887715851248
224887719783408
224897377463904
224897377499904
224897379527538
224897381396064
224897381432064
224897383459698
224898806500191
224898810432351
225031954081887
225032905877706
225032909809866
225033610520808
225033614452968
225125819060667
225125822992827
225127294493226
225127294740174
225127295858655
225127298425386
225128097641259
225128101573419
225128147968026
225128147968041
225128151900186
225128151900201
225128334524550
225128335643031
225128338456710
225128339575191
225128434235208
225128434235268
225128435318856
225128435318916
225128438167368
225128438167428
225128439251016
225128439251076
225129038214801
225129039167652
225129040286133
225129042146961
225129043099812
225129044218293
225134139590340
225134143522500
225136421143176
225136422261657
225136425075336
225136426193817
225137898022743
225141118763586
225141119882067
225141122695746
225141123814227
225150782842602
225150783961083
225152393052738
225152393053218
225152394171219
225152394171699
225152396984898
225152396985378
225152398103379
225152398103859
225154003666560
225154004785041
225154007598720
225154008717201
225154809374391
225170747475654
225170751407814
225176550205506
225176550220866
225176550334254
225176554137666
225176554153026
225176554266414
225176601713091
225176601728451
225176605645251
225176605660611
225177355644432
225177359576592
225177559001772
225177559017132
225177562933932
225177562949292
225178263644844
225178263644874
225178263660204
225178263660234
225178267577004
225178267577034
225178267592364
225178267592394
225178831911819
225178831927179
225178835843979
225178835859339
225178882238601
225178882253961
225178886170761
225178886186121
225179974920810
225179974920870
225179974936170
225179974936230
225179978852970
225179978853030
225179978868330
225179978868390
225180056643729
225180056659089
225180060575889
225180060591249
225180778068843
225180778068903
225180778084203
225180778084263
225180782001003
225180782001063
225180782016363
225180782016423
225180828395610
225180828395625
225180828395670
225180828395685
225180828410970
225180828410985
225180828411030
225180828411045
225180832327770
225180832327785
225180832327830
225180832327845
225180832343130
225180832343145
225180832343190
225180832343205
225188898236577
225188898251937
225188902168737
225188902184097
225190626715503
225271528269471
225271532201631
225272937555675
225272941487835
225273893791278
225273897723438
225291576976974
225291580909134
225298238531679
225298242463839
225307080124527
225307084056687
225331168981314
225331172913474
225332360164161
225332364096321
225333501014409
225333501030411
225333504946569
225333504962571
225334258234491
225334262166651
225334591811946
225334591812006
225334675419537
225334679351697
225335061311784
225335065243944
225335195791539
225335447171418
225335447171433
225335447171478
225335447171493
225335451103578
225335451103593
225335451103638
225335451103653
225343517012385
225343520944545
225346335601416
225346339533576
225349472923971
225349476856131
225359222723199
225359226655359
225367726535553
225367730467713
225386181457995
225386181458055
225386181473355
225386181473415
225386185390155
225386185390215
225386185405515
225386185405575
225387271977282
225387271992642
225387275909442
225387275924802
225389604010377
225389604025737
225389607942537
225389607957897
225399016029000
225399016029060
225399016044360
225399016044420
225399019961160
225399019961220
225399019976520
225399019976580
225399620008353
225399620008593
225399620023713
225399620023953
225399623940513
225399623940753
225399623955873
225399623956113
225471831457791
225471835389951
225472839011451
225472839011511
225472842943611
225472842943671
225486863856672
225486863859696
225486867788832
225486867791856
225496661693163
225496665625323
225497803513419
225497803513479
225497807445579
225497807445639
225522431531115
225522435463275
225522482793849
225522486726009
225524177290431
225524177291391
225524181222591
225524181223551
225535601641851
225535605574011
226052725798944
226052729731104
226054672861311
226054676793471
226079637363279
226079641295439
226293243967350
226293247899510
226293814387251
226293818319411
226294384813668
226294388745828
226295525655480
226295525663385
226295529587640
226295529595545
226297320825558
226297320825573
226297324757718
226297324757733
226297471820409
226297471820469
226297475752569
226297475752629
226311497565042
226311497572947
226311501497202
226311501505107
227050591257375
227059432850223
227255323694127
227255323694322
227255323696962
227255323719264
227257269852255
227257655730057
227258830135185
227259601887066
227259601887081
227259601887126
227259601887141
227259987760626
227267671728033
227272436456811
227272436456871
227272436457051
227272436457111
227273627637645
227273627639619
227283375199482
227288039265786
227292636223647
227307433728798
227307433729071
227310805949817
227310940166046
227310940166061
227310940167006
227310940167021
227311426705695
227311678364079
227313087650283
227322080239449
227323774735791
227323774736031
227323774736751
227323774736991
227548186776639
227598914027145
227598914271945
227598915068736
227598917959305
227598919000896
227599015724274
227599019656434
227599165553871
227599169486031
227599207312401
227599685779086
227599686023886
227599689711246
227599719329343
227599719329439
227599719542526
227599723261503
227599723261599
227599769651358
227599769651373
227599773583518
227599773583533
227599979064342
227599979064357
227600052596340
227600056528500
227600062950468
227600524639743
227600528571903
227600725835244
227600729767404
227601243796491
227601247728651
227602135061121
227602138993281
227602185570471
227602185571017
227602189502631
227602189503177
227602622827611
227602622827671
227602626759771
227602626759831
227602703397270
227602705512375
227602707329430
227602709444535
227602804077864
227602808010024
227602906813002
227602906813062
227602910745162
227602910745222
227608048905249
227608326032025
227608329964185
227609181670092
227609185602252
227610322403304
227610326335464
227611259777937
227611263710097
227611464420459
227611464420519
227611468352619
227611468352679
227611513703019
227611513703079
227611517635179
227611517635239
227611798733634
227611798879548
227611798926318
227611798929375
227611802665794
227611802811708
227611802858478
227611802861535
227611849205667
227611849213893
227611849231305
227611853137827
227611853146053
227611853163465
227612000124876
227612004057036
227612084137881
227612084382681
227612088070041
227612604104169
227612604104409
227612608036329
227612608036569
227612855889822
227612855889837
227612856134622
227612856134637
227612859821982
227612859821997
227612939772783
227612939775948
227612943704943
227612943708108
227613467946273
227614078367496
227614082299656
227614130766729
227614134698889
227615020149237
227615024081397
227615269571913
227615269571973
227615271767631
227615271808875
227615271808935
227615273504073
227615273504133
227615275699791
227615275741035
227615275741095
227615305171857
227615309104017
227616076923738
227616076923753
227616076923798
227616076923813
227616080855898
227616080855913
227616080855958
227616080855973
227617219011393
227617222943553
227624734150281
227624738082441
227627067229434
227627071161594
227630053517073
227630057449233
227630102676291
227630106608451
227635991631558
227635995563718
227648358696417
227649161742294
227649161742309
227649165674454
227649165674469
227650454553717
227650454669343
227650458485877
227650458601503
227650654932396
227650658864556
227650706327727
227650710259887
227651258911929
227651262844089
227652064218600
227652068150760
227652115613931
227652119546091
227652735328089
227652739260249
227653961106591
227653961107551
227653965038751
227653965039711
227659580439087
227659584371247
227662802699439
227662802700399
227662806631599
227662806632559
227664529698189
227664533630349
227666607850893
227666607851853
227666610087855
227666610088815
227666611783053
227666611784013
227666614020015
227666614020975
227672213658009
227672217590169
227672731489983
227672735422143
227672985409950
227672985409965
227672989342110
227672989342125
227673069296076
227673073228236
227673536796654
227673540728814
227675401329003
227675401329063
227675405261163
227675405261223
227681055250857
227681059183017
227723719711887
227723723644047
227725128998091
227725132930251
227725279993260
227725283925420
227725800102249
227725804034409
227744942735358
227744946667518
227744993240163
227744997172323
227745227996889
227745231929049
227745513322638
227745517254798
227745999748830
227745999748845
227746003680990
227746003681005
227748077991450
227748077991465
227748081923610
227748081923625
227766048650442
227766052582602
227805070180113
227805073368111
227805073368306
227805073370946
227805073429551
227805073429746
227805073432386
227805074112273
227805077300271
227805077300466
227805077303106
227805077361711
227805077361906
227805077364546
227807019526239
227807019587679
227807023458399
227807023519839
227807405404041
227807405465481
227807409336201
227807409397641
227808209740794
227808213672954
227808579809169
227808579870609
227808583741329
227808583802769
227809351561050
227809351561065
227809351561110
227809351561125
227809351622490
227809351622505
227809351622550
227809351622565
227809355493210
227809355493225
227809355493270
227809355493285
227809355554650
227809355554665
227809355554710
227809355554725
227809737434610
227809737496050
227809741366770
227809741428210
227817421402017
227817421463457
227817425334177
227817425395617
227818005405417
227818005409257
227818009337577
227818009341417
227820289382955
227820289386795
227820293315115
227820293318955
227821044310779
227821048242939
227822186130795
227822186130855
227822186131035
227822186131095
227822186192235
227822186192295
227822186192475
227822186192535
227822190062955
227822190063015
227822190063195
227822190063255
227822190124395
227822190124455
227822190124635
227822190124695
227823377311629
227823377313603
227823377373069
227823377375043
227823381243789
227823381245763
227823381305229
227823381307203
227833124873466
227833124934906
227833128805626
227833128867066
227837788939770
227837789001210
227837792871930
227837792933370
227842385897631
227842385959071
227842389829791
227842389891231
227856612048009
227856615980169
227857183402782
227857183403055
227857183464222
227857183464495
227857187334942
227857187335215
227857187396382
227857187396655
227857383799950
227857387732110
227860555623801
227860555685241
227860559555961
227860559617401
227860689840030
227860689840045
227860689840990
227860689841005
227860689901470
227860689901485
227860689902430
227860689902445
227860693772190
227860693772205
227860693773150
227860693773165
227860693833630
227860693833645
227860693834590
227860693834605
227861176379679
227861176441119
227861180311839
227861180373279
227861428038063
227861428099503
227861431970223
227861432031663
227862837324267
227862837385707
227862841256427
227862841317867
227869782154905
227869782158745
227869786087065
227869786090905
227870553906846
227870553906861
227870553910686
227870553910701
227870557839006
227870557839021
227870557842846
227870557842861
227870637792972
227870637796812
227870641725132
227870641728972
227871829913433
227871829974873
227871833845593
227871833907033
227872969825899
227872969825959
227872969829739
227872969829799
227872973758059
227872973758119
227872973761899
227872973761959
227873524409775
227873524410015
227873524410735
227873524410975
227873524471215
227873524471455
227873524472175
227873524472415
227873528341935
227873528342175
227873528342895
227873528343135
227873528403375
227873528403615
227873528404335
227873528404575
227891257003161
227891260935321
227892028755102
227892028755117
227892032687262
227892032687277
227892112641228
227892116573388
227894190749073
227894194681233
227894444674155
227894444674215
227894448606315
227894448606375
227894962500954
227894962501014
227894966433114
227894966433174
227900098596009
227900102528169
227903856700878
227903860633038
227903906841891
227903910774051
227904108323631
227904112255791
227904659805183
227904663737343
227905045619709
227905047838191
227905049551869
227905051770351
227905055973837
227905517609835
227905521541995
227963983974879
227963987907039
228011231821941
228011235754101
228011432200620
228011436132780
228012033928959
228012036180153
228012037861119
228012040112313
228012841486824
228012845418984
228025306966413
228025310898573
228037000674441
228037000682121
228037004606601
228037004614281
228037283697663
228037287629823
228037772426382
228037772434062
228037776358542
228037776366222
228063341856885
228063345789045
228084496980111
228084500912271
228085906266315
228085910198475
228086057261484
228086061193644
228097936450623
228097936512063
228097940382783
228097940444223
228184456677471
228184460609631
228193298270319
228193302202479
228195915459345
228195919391505
228197103421773
228197105658735
228197107353933
228197109590895
228331910592714
228331914524874
228389239253901
228389239315341
228389243186061
228389243247501
228391185410910
228391185410925
228391185472350
228391185472365
228391189343070
228391189343085
228391189404510
228391189404525
228404019980655
228404019980895
228404020042095
228404020042335
228404023912815
228404023913055
228404023974255
228404023974495
228423548008191
228423595837299
228423595841475
228423599769459
228423599773635
228424352892435
228424356824595
228425829434958
228425833367118
228426766730997
228426766743441
228426769217223
228426770663157
228426770675601
228427339239558
228427343171718
228427538495322
228427538495382
228427542427482
228427542427542
228428111004945
228428114937105
228430963144698
228430967076858
228435895620225
228435899552385
228438764675883
228438764922831
228438768608043
228439939327959
228440224542678
228440509350294
228440509350309
228440513282454
228440513282469
228444133377615
228444137309775
228475087321737
228475087337097
228475091253897
228475091269257
228475859073678
228475859089038
228475863005838
228475863021198
228488020323315
228488020338675
228488024255475
228488024270835
228488030677443
228488030692803
228488257432473
228488257447833
228488261364633
228488261379993
228489029184414
228489029184429
228489029199774
228489029199789
228489033116574
228489033116589
228489033131934
228489033131949
228489113070540
228489113085900
228489117002700
228489117018060
228491445103467
228491445103527
228491445118827
228491445118887
228491449035627
228491449035687
228491449050987
228491449051047
228569576490513
228569580422673
229797939709344
229797939724866
229797939744777
229797939770415
229797939770610
229797939773250
229797939834735
229797939834783
229797939874815
229797940079583
229797943841289
229797944035470
229797944036604
229797944045058
229797944057757
229797944069238
229797944074032
229797944093487
229797944812335
229797944871984
229797990175491
229797990271215
229797990280803
229797994540785
229798040384706
229798044768147
229798145490126
229798225373913
229798510196031
229798514292543
229798711496718
229798715593230
229798744951911
229798745027808
229798745050140
229798749146652
229798749411249
229798997125854
229798997125869
229799080493295
229799080518183
229799080980999
229799085711996
229799366729823
229799550384633
229799885928543
229800225895080
229800271757961
229800271806345
229800791848650
229801077384186
229801160868759
229801160871876
229801160973279
229801167386337
229801446163089
229801446211473
229801731637920
229801939138278
229802020712082
229802020712097
229802217914970
229802217914985
229802217915030
229802217915045
229802217963354
229802217963369
229802217963414
229802217963429
229802558591331
229802603836914
229803694262733
229803694416141
229804218842604
229807066577583
229807066966761
229807072948911
229807116861987
229808208322671
229810287755937
229810287804321
229810577115795
229810824611136
229810824674265
229810825448910
229810829191026
229810829545422
229810831093710
229811109855513
229811113952025
229811399426850
229811596426206
229811629979583
229811835826092
229811881607454
229811881607469
229811885703966
229811885703981
229811965493580
229811969590092
229812485745135
229812490119663
229812540469164
229812540469194
229813110702984
229813112795064
229813163091945
229813677549054
229813911679272
229813911679512
229813911954171
229813961959386
229813961959401
229814050803447
229814050815891
229814096227311
229814102598639
229814251745130
229814251745190
229814337497073
229814855583735
229815052533099
229815052533159
229815052533339
229815052533399
229815056860008
229815056860068
229815109249014
229816193381727
229816197478239
229816198473330
229816243667523
229816243713933
229816243715907
229818530506425
229820807024067
229820807177475
229823709552543
229823710320303
229824279942786
229824514875390
229825991214504
229825991275770
229826091889866
229826096273307
229826561848314
229826562447354
229826796532968
229826800916409
229829078254914
229829082351426
229829082612546
229829129391567
229829133488079
229829135036367
229830655342074
229831364503467
229831410288009
229831414384521
229834733101215
229835252299935
229835588197269
229835595030708
229843574694063
229849480158255
229849484254767
229849485803055
229849580395287
229850049780738
229850049805086
229850049805359
229850053877250
229850054328255
229850285038389
229850621005428
229851765345834
229851765952383
229852331568138
229852331686266
229852332285306
229852336381818
229852337930106
229853422026105
229853422378857
229853510270583
229853556242334
229853556242349
229853556243294
229853556243309
229854042781983
229854294440367
229855703726571
229859798276709
229860887948040
229862414740335
229862650268991
229862654365503
229862655913791
229863219891474
229863219891489
229863223987986
229863223988001
229864696315737
229865216379162
229865220475674
229865590024110
229865590025070
229866390812079
229866390812319
229866390813039
229866390813279
229870954346958
229870958286990
229870958296578
229871004487971
229871004488835
229872145529805
229872564770208
229873235908392
229873286993403
229873806686190
229889258289615
229891490273259
229892059894986
229899055993995
229900616274888
229900616275368
229922779167039
229924775657322
229924775903208
229924779597354
229925345943336
229943969016831
229944024076899
229944069322482
229944979685100
229945159748301
229945159901709
229945684328172
229946535571992
229946535846651
229947189834369
229947676425819
229947676425879
229947961586250
229947961586310
229962272509635
229962272663043
229995508267551
229995759925935
229997169212139
229998360750186
229999014704799
229999014705759
230004098954415
230004103229727
230004103232844
230004149367693
230004354888255
230004668576898
230004903509502
230004908424915
230004954141534
230004954141549
230005105136445
230005294413645
230005764174459
230005809779517
230005809779547
230006046496983
230006095524702
230006095524717
230006384103720
230006951081466
230007525784440
230007525784500
230007894065079
230008716312561
230009807483772
230017269061311
230017269065151
230017838683794
230017838683809
230017838687634
230017838687649
230018930094447
230018930094687
230019264795192
230019264799032
230019835171482
230019835175322
230020254990021
230022922540851
230024633816985
230024638543848
230026920245106
230029252278201
230030438717298
230030443451199
230030443454316
230032154099688
230032154728302
230032720082058
230040609890295
230041461896094
230041461896109
230046316802484
230054296465839
230054296466079
230055638105853
230055693172275
230055738777363
230055927226239
230056208531358
230056443420465
230056648956063
230056829288445
230057590415103
230057924541774
230057969719305
230058494138664
230061342777204
230068522843854
230068572984867
230068572988707
230089997548719
230090003920047
230090003938953
230090047833123
230090198827308
230090775690894
230090802806841
230090802852927
230090809241151
230090809241247
230090857534302
230090857534317
230091008529213
230091138750261
230091608113512
230091713172285
230091713172315
230092849675770
230092856047098
230093508086931
230102349679779
230103167659455
230103174030783
230103174049689
230103457394094
230103945801630
230103945801645
230104029684591
230104029687756
230104073593101
230105168653806
230106110061045
230106361720683
230106361720743
230163263606799
230163582377919
230163582776127
230163582779244
230164672893003
230164823888172
230165294053230
230165864060328
230165864076330
230166434502984
230166434503044
230167038482577
230174420456232
230210260778958
230210261188233
230210261576910
230210545983513
230211032940174
230211066490431
230211066490527
230211267408687
230211317735454
230211317735469
230211401621580
230211873631740
230211972051759
230219383565937
230219387576361
230220528478077
230222608804863
230223147921372
230223198252963
230223431298969
230224203050910
230224203050925
230224286933871
230224286937036
230226367310325
230226618969963
230226618970023
230228514382914
230228564721615
230228565519567
230230796089227
230230846416009
230262085599039
230262086396991
230262605692707
230262656019474
230262656019489
230264652507162
230270927600175
230277957248943
230277957249903
230285553171432
230296155942921
230296206469359
230296927694862
230296961248284
230297297122077
230299377171423
230299377499824
230309326049817
230309326053657
230310097801758
230310097801773
230310097805598
230310097805613
230310181687884
230310181691724
230332663103220
230382059683479
230382060415602
230382105656205
230384005840503
230384051813214
230384051813229
230384392448697
230385276524673
230385280621185
230385846975927
230385851072439
230386048276554
230386048276614
230386052373066
230386052373126
230386669119747
230394940197186
230394944293698
230396085594990
230396886382959
230396886383199
230397226445739
230397272230281
230397276326793
230398446635409
230398450731921
230399218387290
230399218387305
230399218387350
230399218387365
230399222483802
230399222483817
230399222483862
230399222483877
230400364358259
230413244139843
230413248236355
230528134605315
230529510275679
230588269117251
230588784483123
230590495759257
230590500486120
230591440009623
230591691668091
230591691668151
230592290921430
230592290921445
230592441916281
230592441916341
230592782187378
230595114220473
230606467668819
230611086130035
230617780231095
230622573397779
230622577881090
230622577992243
230622580176723
230622674806002
230623721027199
230624234820387
230624855179560
230624905914063
230624960238363
230625425524458
230625432043146
230625664881465
230625795622839
230625799069383
230625799106556
230625799300224
230626080319191
230626281909339
230626281909399
230626365533910
230626369525446
230626371564774
230626600284663
230626650341526
230626650341541
230627187344643
230627187934467
230627191590147
230629418568120
230630358443952
230630360252919
230631700283970
230631750734595
230632841540103
230634032317065
230634921427863
230634921430980
230634921912039
230634927945441
230635123502187
230635123502247
230635206722193
230635515142959
230636033197875
230637119308131
230637744474009
230638602153882
230638602153897
230638679619543
230638684005234
230638684123122
230638729921473
230638729937475
230638784643462
230638885513080
230638885513140
230638969180119
230639489286564
230639539636182
230639539636197
230639541675510
230639690631033
230639690631093
230648393888355
230648394016491
230650004226627
230650004227107
230650294034964
230650726311162
230651195413002
230651614840449
230653716383571
230659087398591
230674113751071
230674117686576
230674119682935
230674119698295
230674365409455
230674687875891
230674687891251
230675258405895
230675308869039
230675774695659
230676399152025
230676399167385
230677535607144
230677535607204
230677535622504
230677535622564
230677620188319
230677620189279
230678139586737
230678139602097
230678194314198
230678194314213
230678194329558
230678194329573
230678345309049
230678345309109
230678345324409
230678345324469
230686461781167
230686461782127
230687048296707
230687048312067
230688195570543
230688195585903
230695587909954
230695588320738
230695588321143
230696779092801
230697919943049
230697919959051
230699010740586
230699010740646
230699094348177
230699480240424
230699614720179
230699866100058
230699866100073
230699866100118
230699866100133
230707935941025
230713891852611
230723639825898
230732145464193
230750600386635
230750600386695
230750600401995
230750600402055
230750919556023
230750919571383
230768652830211
230768652889827
230768653420035
230768657075715
230769407665683
230770884053688
230771825738487
230771825750931
230772394012806
230773165778193
230794376325186
230795181764112
230796658031499
230796708358281
230797882763409
230798604188523
230798604188583
230798654515290
230798654515305
230798654515350
230798654515365
230803503181683
230806724356257
230808452819823
230812680267843
230828732511279
230828732511474
230828732514114
230828738262498
230828738262903
230828786774115
230830342837107
230830678669407
230831013549945
230831064547209
230831584047114
230832238952337
230833010704218
230833010704233
230833010704278
230833010704293
230833396577778
230841080545185
230844754154010
230844754154025
230844754157850
230844754157865
230845845273963
230845845274023
230845845274203
230845845274263
230847036454797
230847036456771
230854552510323
230856784016634
230856789767658
230857723404021
230858297767863
230861448082938
230866045040799
230866386320277
230880271825683
230880271841043
230880378518295
230880842545950
230880842546223
230881083161397
230883492722817
230883492738177
230884214766969
230884220501865
230884264474698
230884264474758
230884264490058
230884264490118
230884348983198
230884348983213
230884348984158
230884348984173
230884835522847
230885087181231
230886496467435
230890596399717
230893156391490
230893156395330
230893156406850
230893156410690
230895488424585
230895488428425
230895488439945
230895488443785
230895489056601
230896662829713
230896662833553
230896662845073
230896662848913
230897183552943
230897183553183
230897183553903
230897183554143
230897434581594
230897434581609
230897434581654
230897434581669
230897434585434
230897434585449
230897434585494
230897434585509
230897434596954
230897434596969
230897434597014
230897434597029
230897434600794
230897434600809
230897434600854
230897434600869
232134406056078
232134452257059
232134452257923
232136012539296
232136683677480
232136734762491
232138199954118
232141247078712
232141817455002
232147286828928
232147863626547
232148092937919
232148898244590
232149574902681
232151370064854
232151370064869
232151521059705
232151521059765
232154938042347
232155507664074
232162503763083
232164064043976
232164064044456
232165546812243
232185996488433
232188227366442
232188793712424
232190555268387
232426514638455
232426711375887
232426950773916
232427030147007
232428120662091
232428271657260
232428360060120
232429311829416
232429311845418
232429882272072
232429882272132
232430486251665
232432163971404
232435792366764
232437868225320
232439545946892
232440149926185
232440149926425
232440955233096
232959035679042
232959036089826
232959036090231
232960226861889
232961367712137
232961367728139
232962458509674
232962458509734
232962542117265
232962928009512
232963062489267
232963313869146
232963313869161
232963313869206
232963313869221
232968167089011
232971383710113
232973067878271
232974202299144
232975248843159
232975953486261
232977339621699
232987087594986
232995593233281
233008434249663
233014048155723
233014048155783
233014048171083
233014048171143
233015138675010
233015138690370
233017470708105
233017470723465
233026882726728
233026882726788
233026882742088
233026882742148
233027486706081
233027486706321
233027486721441
233027486721681
234470864583369
234471636335310
234471669853950
234472056029103
234474085372545
234474857124426
234474857124486
234483749045058
234484034694105
234484806446046
234484806446061
234486081078153
234487255483281
234488027235162
234488027235177
234488027235222
234488027235237
234502052987715
234616893046782
234677593133412
234677593333650
236395111097586
236398718200923
236398718200983
236398807674582
236407559793771
236407559793831
236423162602746
236440650575607
236446550042655
236446801701039
236448210987243
236450056479903
236450056480863
236458898072751
236458898073711
236601168802863
236601168803058
236601168805698
236601745011102
236602829241453
236603114960991
236603500329705
236603500838793
236604675243921
236605446995802
236605446995817
236605446995862
236605446995877
236605832869362
236610301391769
236613516836769
236614103531085
236618281565547
236618281565607
236618281565787
236618281565847
236619472746381
236619472748355
236626937960415
236626988801907
236629220308218
236630159695605
236633884374522
236638481332383
236638822611861
236652814809879
236653278837534
236653278837807
236653519452981
236656650550383
236656651058553
236656656793449
236656785274782
236656785274797
236656785275742
236656785275757
236657271814431
236657523472815
236658932759019
236663032691301
236664401624667
236667924840015
236667925348185
236669619844527
236669619844767
236669619845487
236669619845727
236807381311425
236810468282394
236810468282409
236893232362905
236894004114846
236894031885375
236894366793525
236894373164853
236980552050783
236989393643631
237185334688653
237187280845662
237187280845677
237200115415407
237200115415647
237219693786723
237220130170527
237221539456731
237228971763375
237426087211839
237427469234979
237439693535151
237447142620891
237451622137443
239143795015305
239143989903660
239144566767246
239144593883193
239144600317503
239144600317599
239144648610654
239144648610669
239144799605565
239145399189864
239145504248637
239145504248667
239148358430109
239156724624783
239156965126041
239157736877982
239157736877997
239157820760943
239157820764108
239157864669453
239159901137397
239160152797035
239160152797095
239162046805296
239162048817015
239162617009971
239164328286105
239169558385161
239169608911599
239170128836415
239170330137102
239170363690524
239174977430787
239195328187680
239195433246483
239196137889585
239197614373416
239198180326986
239198465862522
239204461427247
239211066027390
239211300432507
239211350437722
239211350437737
239211491076015
239211491076975
239217054683151
239217373454271
239217373852479
239217373855596
239218463969355
239218614964524
239219085129582
239219089339263
239219655152682
239220225579336
239220225579396
239220829558929
239228211532584
239235056639967
239235057038175
239268343037928
239268392967171
239269953248544
239270675471739
239271195164526
239289823915677
239343924324987
239349947019273
239349997545711
239350718771214
239350752324636
239351087815932
239351088198429
239353168247775
239353168576176
239362832719566
239362832723406
239363117126169
239363117130009
239363888878110
239363888878125
239363888881950
239363888881965
239363972764236
239363972768076
239368200959763
239368201362672
239375716827039
239381085525570
239381085529410
239381136662223
239381136666063
239383417558665
239383417562505
239386454179572
239401487432751
239402057055234
239404339559802
239414657539647
239414657543487
239415227162130
239415227162145
239415227165970
239415227165985
239417223649818
239417223653658
239448731267070
239448737689038
239511142503720
241480305714807
241480502452239
241480741850268
241480821223359
241481911738443
241482062733612
241482151136472
241483102921770
241483673348424
241483673348484
241484277328017
241484815003086
241484869136739
241485955047756
241489583443116
241491659301672
241493337023244
241493941002537
241493941002777
241494746309448
241498504409055
241503067809090
241503118945743
241505399842185
241531840736259
241533401017632
241534123240827
241539205933338
241544675307264
241545481416255
241546286722926
241774590272808
242992126026729
242992129958889
242992360908627
242992364840787
242992645936770
242992649868930
242992880869374
242992880910078
242992884801534
242992884842238
242993216548689
242993220480849
242993266761711
242993270693871
242994021902556
242994025834716
242994357405354
242994361337514
242994408047721
242995162770072
242995166702232
242995297219395
243001202501475
243001206433635
243003484015338
243003487947498
243004625387391
243004960886076
243005010742947
243005014675107
243005245750233
243005249682393
243005816047506
243005816047521
243005819979666
243005819979681
243006017502174
243006017502189
243006021434334
243006021434349
243007242158904
243007246091064
243007812535194
243007816467354
243010379957445
243011134663890
243011134679634
243011138596050
243011138611794
243013181294538
243013185226698
243017845798659
243020697441930
243020701374090
243021787957995
243021791890155
243028582920081
243028586852241
243044186048598
243046886737059
243046886738019
243046890669219
243046890670179
243047692485846
243047692485861
243056500207566
243056504139726
243056550348579
243056554280739
243067371656874
243067375589034
243138104634351
243138108566511
243198286500387
243198290432547
243198519285759
243198523217919
243198804808806
243199374794751
243199378726911
243201086198184
243201090130344
243202027847415
243202031779575
243205129819497
243207361188708
243218769383880
243218773316040
243221101729221
243234741606852
243252340514139
243252344446299
243253045548231
243254907820374
243257608508835
243257608509795
243257612440995
243257612441955
243261182106987
243261186039147
243265880119236
243284133302793
243284133496974
243284133498108
243284133506562
243284133530742
243284133535536
243284137234953
243284137429134
243284137430268
243284137438722
243284137462902
243284137467696
243284143667694
243284905054734
243284908986894
243284938608156
243284942540316
243286414986474
243286418918634
243288210173586
243288210173601
243288214105746
243288214105761
243296766577299
243296770509459
243297303413529
243297307345689
243298075165470
243298075165485
243298079097630
243298079097645
243298159051596
243298162983756
243298209844719
243357147748494
243357147758082
243357151680654
243357151690242
243404392590432
243404392626432
243404396522592
243404396558592
243404677658559
243404681590719
243405197752227
243405201684387
243405248078994
243405248079009
243405252011154
243405252011169
243406674190392
243406678122552
243407244566682
243407248498842
243413519659695
243417327616803
243417331548963
243420549309423
243433249257387
243433253189547
243433299584154
243433299584169
243433303516314
243433303516329
243435531138816
243435535070976
243455982380067
243455986312227
243457542794412
243457546726572
243468817084044
243468821016204
243478547682852
243478551615012
243490292159844
243492573565224
243492577497384
243494083526583
243494087458743
243529953074724
243529957006884
243530657717796
243530657717826
243530661649956
243530661649986
243576241899717
243577382307939
243577386240099
243579043236810
243579047168970
243786963671493
243788104079715
243788108011875
243816709357491
243816709473378
243816709481538
243816713289651
243816713405538
243816713413698
243816759791919
243816763724079
243817514776338
243817518708498
243817850328372
243817854260532
243818991167160
243818995099320
243819041514633
243819045446793
243819561406986
243819561809514
243819565339146
243819930682227
243819930711216
243819934614387
243819934643376
243820215919761
243820219851921
243820987671642
243820987671657
243820987671702
243820987671717
243820991603802
243820991603817
243820991603862
243820991603877
243829057512609
243829061444769
243829644587823
243829648519983
243831926290383
243831930222543
243832731517722
243832731517737
243832731598746
243832731598761
243832731920250
243832735449882
243832735449897
243832735530906
243832735530921
243833100695511
243833104627671
243833385910230
243833389842390
243834963076722
243834967008882
243835013424195
243835017356355
243842479261491
243842483193651
243844760862651
243844764794811
243845566269150
243845570201310
243871470082689
243871470098049
243871474014849
243871474030209
243872241834570
243872241834630
243872241849930
243872241849990
243872245766730
243872245766790
243872245782090
243872245782150
243881133755202
243881133770562
243881137687362
243881137702722
243883465788297
243883465803657
243883469720457
243883469735817
243884640193425
243884640208785
243884644125585
243884644140945
243885411945306
243885411945321
243885411945366
243885411945381
243885411960666
243885411960681
243885411960726
243885411960741
243885415877466
243885415877481
243885415877526
243885415877541
243885415892826
243885415892841
243885415892886
243885415892901
243889723724898
243889727657058
243893045793687
243893049725847
243893750436789
243893754368949
243917104322355
243917108254515
243962738159970
243962742092130
243990118791456
243990122723616
244001393045088
244001393081088
244001396977248
244001397013248
244022867896146
244022871828306
244023773865714
244023777797874
244025954903262
244025954908056
244025958835422
244025958840216
244026340734027
244026340734087
244026344666187
244026344666247
244027431253314
244027435185474
244029763286409
244029767218569
244039175305032
244039175305092
244039179237192
244039179237252
244039779284385
244039779284625
244039783216545
244039783216785
244041926817618
244041930749778
244045735195971
244045739128131
244049443005690
244049446937850
244051825370874
244051829303034
245330819425962
245330823358122
245620595517582
245620599449742
246153171493986
246153175426146
246156493562775
246156497494935
246157198205877
246157202138037
246180552091443
246180556023603
248489636428800
248489636450313
248489637541203
248489638685232
248489638815840
248489638883022
248489639505555
248489639607534
248489639622246
248489639644143
248489639833518
248489640064371
248489640424992
248489643962607
248489689958241
248489689974987
248489690609199
248489691245049
248489691314409
248489694458409
248489740592754
248489740593522
248489841192942
248489845377516
248489924876121
248489929315419
248490209279679
248490210087231
248490210090348
248490210315906
248490210354993
248490210746286
248490408202254
248490445172475
248490449349627
248490449357049
248490495608658
248490495608673
248490646945836
248490696628062
248490696628077
248490781128564
248490828725961
248491250256360
248491351588908
248491351588938
248491450789932
248491585650291
248491918128939
248491920068328
248491920466536
248491921364334
248491921551336
248492021139450
248492022530826
248492727173928
248492781467802
248492781467817
248492857678815
248492859777696
248492861551842
248493061328100
248493061404744
248493061404804
248493062315595
248493062315655
248493062445045
248493145943763
248493531098664
248493666598611
248494203006414
248494253147427
248495394069825
248498765360640
248498766468969
248498766692928
248498767722297
248498770907961
248498770908267
248501047357992
248501102837721
248501987536611
248502524545992
248502528871935
248502574735617
248502625322994
248502725002860
248502725079564
248502806561049
248502814073343
248503326667518
248503578312990
248503578313005
248503662199116
248503720143309
248504134365768
248504185717089
248505609115419
248505744687069
248505796346433
248506232426331
248506232426391
248507892465375
248507893272927
248507893540689
248507893542498
248507893931982
248508464350242
248508695445456
248510175626376
248512506949071
248515406258079
248515413859017
248515978784430
248515979902911
248516185610958
248516219129598
248517070635585
248517070636065
248517695504328
248519434714719
248519973270903
248520023467497
248520774960450
248520832904643
248523106993545
248526952021683
248530710117876
248530760441217
248541179168820
248541179182080
248541179272680
248541230370441
248541280586754
248541464358675
248541746486274
248541985229856
248542789073952
248542838928417
248543460068970
248543511244155
248544031399278
248544031399770
248544400594575
248544400595535
248544401264226
248545743464751
248550305951523
248550507301428
248554063363584
248554064268063
248554064441187
248554113218049
248554114721025
248554315926447
248554869419583
248554916597010
248554916597025
248555674726254
248555725212651
248556913084698
248557570705311
248557570706271
248562654318912
248562658465587
248562708803817
248562910157007
248562943685715
248563799325777
248564316305913
248564470438380
248564940119019
248565510626538
248565792641178
248565792641193
248566442549190
248566450115511
248566450118628
248571785278257
248571785278563
248574067006440
248575003359219
248575006537983
248580958261569
248599165697169
248614394927412
248615804213616
248635667266833
248635668491982
248635718632995
248635868980782
248635950559998
248635954390803
248636239624686
248636524169946
248636524169961
248636859555393
248637278266986
248637333944553
248637948962943
248638233007899
248638520475642
248639179405011
248653972434639
248672175603444
248672225926785
248687208950319
248687493312063
248690061077370
248695802493129
248695847581929
248695898750931
248696082463827
248696084099091
248696367738606
248696574245070
248696603394033
248696603627583
248696604147303
248696607763710
248696938937247
248696939706165
248698078893738
248698080590379
248704924056369
248704924056675
248704925691939
248708972600025
248708972603865
248709253650018
248709253653858
248709744351966
248709744351981
248709744355806
248709744355821
248711019343851
248711955160641
248711955164481
248714050725096
248722993954719
248723950256091
248724654899193
248733111418623
248747336596668
248747337709887
248747338471185
248747338471971
248748193569141
248748194103126
248748194103141
248748345098037
248749049741109
248749049741139
248749670530665
248749903752219
248751901900671
248758745345067
248758746980217
248760222815808
248760222819648
248761418062341
248761418066181
248781697664064
248781698199159
248781698202015
248781698659707
248781748977705
248782885386381
248783978329128
248783979542331
248784029239113
248784029438217
248784546329064
248784549516414
248784781211451
248784973429425
248789480796048
248854708638588
248854763437803
248856374038569
248856997977576
248857984653441
248863839902655
248903094139968
248903616196641
248904237338280
248904238458600
248905177965294
248913465910266
248913465960138
248914890486273
248914891989249
248927726170995
248927726544558
248930292378651
248930292386331
248938460511360
248957387570280
248967990757998
248968661846904
248968661859912
248987854985358
248987854986492
248987854994946
248987855019126
248988145513563
248996987106105
248996987106411
249074325880767
249074326292514
249074561154663
249074896165455
249074896178094
249074896834146
249076037568648
249076087250889
249076973230209
249077031238305
249077261656017
249077266095315
249077546867127
249077744982090
249077744982150
249077983725672
249077983725732
249078033407958
249078033407973
249086103248865
249086104502193
249086107687857
249086107688163
249086636902722
249088066276191
249088968935817
249090061782756
249090061859400
249090061859460
249090143340945
249090915092826
249090915092841
249090915092886
249090915092901
249092009066463
249092009478210
249099524033256
249100330597239
249102090653307
249102090730011
249104940845379
249146768818044
249220789841580
249221494484652
249221494484682
249223205760618
249223205760678
249279912667368
249282479287419
249314272125954
249314273244435
249314273646126
249314274101043
249314274178419
249314277825582
249314324498241
249314373953346
249314474571228
249314524982223
249314843653314
249315075553110
249315078596448
249315414151647
249315464550255
249317125451754
249317495272422
249317544925059
249317545723011
249317546190327
249317546259687
249317546261937
249317595252627
249317746050123
249317746050183
249317779949520
249318065039010
249318065219511
249318065750967
249318065754084
249318069433014
249318299793072
249318299828403
249318299895729
249318304302327
249318304307121
249318836569410
249321168602505
249322057869282
249322058645889
249322830397770
249322830397830
249326621542368
249327159067971
249330379383729
249330379432332
249330379491270
249330379495413
249330380294016
249330426614673
249330580621128
249330580621188
249331184600481
249331184600721
249337140512067
249340612347426
249340613447538
249340613465907
249342323623560
249342324742041
249342895158474
249343264290210
249343264330371
249343268799927
249343268804295
249344119904214
249344119904229
249344269780584
249344269780644
249344270899065
249344270899125
249350830921647
249365860088457
249365860103817
249366615051024
249366615066384
249368195975370
249368195990730
249368900618472
249368900633832
249369035439603
249369085757601
249369085772961
249379885841037
249379885856397
249387287803494
249387342550755
249387862644531
249389573920665
249391364608914
249391364608929
249391369082838
249391369082853
249391520077689
249391520077749
249405545830227
249415394055915
249442045418484
249442045433844
249460302054978
249460357050603
249462634088073
249463444058874
249463524131457
249463524292596
249463808493201
249464295883338
249464295883398
249464379115239
249464379917970
249464379917985
249464383585494
249464383585509
249464580245082
249464580245097
249464580245142
249464580245157
249478605997635
249520430961762
249520481162799
249520482390063
249521000981538
249521002081650
249521002100019
249521006638818
249521572926516
249522712257672
249522713376153
249523652891025
249523652964483
249523657438035
249523657438407
249524424642906
249524424642966
249524508538326
249524508538341
249524658414696
249524658414756
249524659533177
249524659533237
249528266608995
249534176749554
249534507736641
249534507740481
249535653140175
249535653144015
249536173237242
249536823071379
249536823075219
249536827545303
249536827549143
249537108284076
249537108287916
249537112760022
249537112763862
249538684167234
249538685285715
249546206017299
249549058143978
249550815188259
249569874108033
249569874111873
249571970144304
249571970159664
249573112376238
249573112391598
249573161326767
249573161342127
249575482293459
249584323886001
249584323886307
249584323901361
249659010796656
249670758951408
249694377168048
249709409537196
250070186805420
250070186815008
253162562805009
253162764518958
253163135162862
253164173805162
253164229482729
253164844501119
253164844513563
253166074943187
253171690730355
253174256945691
253174916536035
253175503772361
253176019636098
253180816916433
253183383725595
253192225318443
253195983013503
253195983025947
253226988489012
253370382572925
253371053661177
253381656862557
253424203881855
253435478171487
253747685379756
253748390022828
253748390022858
253749245667867
253750101298794
253750101298854
253750570678587
253758087260715
253761844955775
253761844968219
254344820116848
254380186488240
257835489275511
257835489278367
257835489736059
257835540054057
257835586741878
257836058070702
257836059189183
257836291379100
257836676462733
257837820315465
257837820514569
257838337405416
257838764505777
257843271872400
257853741256398
257853742374879
257853742756734
257853789222537
257854544185104
257856125109450
257856829752552
257861547955803
257887833196755
257889409617786
257908499714940
257908554514155
257908554529455
257910165114921
257911775729793
257917630979007
257960244076428
257960848055961
257961653362632
257963181119514
257963181119529
258041646061710
258041646062844
258041646071298
258041646472380
258041936589915
258050778182457
258050778182763
258059899278384
258095467372074
258247804383090
258247805608824
258247805610354
258248812244652
258249516887724
258249516887754
258251228163690
258251228163750
258261831361404
258263911738062
258268340922027
258275186027214
258275186027694
258278944122738
258302566442670
258302566443630
258310854388602
261688003316859
261688003316919
261688007249019
261688007249079
261712967818827
261712967818887
261712971750987
261712971751047
261737647099257
261737651031417
261739341595839
261739341596799
261739345527999
261739345528959
261756789904431
261756789904626
261756789907266
261756793836591
261756793836786
261756793839426
261758736062559
261758739994719
261759121940361
261759125872521
261760296345489
261760300277649
261761068097370
261761068097385
261761068097430
261761068097445
261761072029530
261761072029545
261761072029590
261761072029605
261769137938337
261769141870497
261775093847949
261775093849923
261775097780109
261775097782083
261784841409786
261784845341946
261794102433951
261794106366111
261808899939102
261808899939375
261808903871262
261808903871535
261812272160121
261812276092281
261812406376350
261812406376365
261812406377310
261812406377325
261812410308510
261812410308525
261812410309470
261812410309485
261893356452939
261893356452999
261893360385099
261893360385159
261902919456498
261902919460338
261902923388658
261902923392498
261906526559835
261906526559895
261906526563675
261906526563735
261906530491995
261906530492055
261906530495835
261906530495895
261944694731919
261944694732879
261944698664079
261944698665039
261954358401567
261954358405407
261954362333727
261954362337567
261954610059951
261954610063791
261954613992111
261954613995951
261956019346155
261956019349995
261956023278315
261956023282155
261957864838815
261957864839775
261957864842655
261957864843615
261957868770975
261957868771935
261957868774815
261957868775775
262049652986943
262049656919103
262269837166719
262269841098879
262294801668687
262294805600847
262340955790221
262340959722381
262342901947230
262342901947245
262342905879390
262342905879405
262475190302799
262475194234959
262488360409695
262488360413535
262488364341855
262488364345695
263882802652023
263882805362574
263882805406584
263882805407346
263882806160526
263882807279007
263882856978249
263882856979779
263882857013859
263883058053135
263883091812249
263883372887925
263883376824255
263883377222463
263883377225580
263883863564190
263883863564205
263883946205196
263883947323677
263883947447151
263883947450316
263884232850399
263884417058175
263884467339339
263884618334508
263885088499566
263885658522666
263885658989544
263886027673047
263886027823605
263886228949320
263886228949380
263886279483243
263886279483303
263886832928913
263886883471254
263886883471269
263887369872234
263887370603982
263888510648652
263890641382383
263891933404110
263891933405097
263893074443247
263894214902568
263895691347807
263895691498365
263895892624140
263896496603433
263896496603673
263896496669439
263896831159164
263896882730829
263897301910344
263898963057615
263901058966530
263901060009951
263901060085011
263901060408159
263903340719787
263905623409986
263905673814891
263905674546639
263907955443081
263909146381998
263909147500479
263909380507263
263909431907166
263909431907181
263909581783596
263909582902077
263910237346767
263910237347247
263910286426668
263910286426698
263910287545149
263910287545179
263913189961647
263913943920498
263934346407912
263934396337155
263934396690057
263934547643535
263935151622303
263935956618528
263935956929739
263936623626318
263936678841723
263937198534510
263937566240430
263937567358911
263937567583842
263937617762223
263937617763183
263941287692622
263941761534234
263943758224191
263947230908160
263947801534326
263948037017151
263948842323822
263957246972703
263966088565551
264028836089550
264029120496153
264029120561919
264029892248094
264029892248109
264029976134220
264031688226618
264047088895554
264047140032207
264049420928649
264080660909631
264080945332218
264081230532114
264081230532129
264082753178190
264083227019802
264083457821292
264088965218301
264089065880787
264089534218158
264089535016110
264089535583134
264089535583407
264089536134591
264089769141375
264089770523889
264089820541278
264089820541293
264089970417708
264089971536189
264090106067103
264090675060780
264090675060810
264090676179261
264090676179291
264092907804153
264093042021342
264093042021357
264093528560031
264101850059502
264104182093785
264105876591087
264105876591327
264107217403854
264107218201806
264107218769103
264107219320287
264107787822114
264107788940595
264109499098248
264109500216729
264115590600606
264115590600621
264116161084575
264117117385947
264117822029049
264140504767464
264140504790801
264140504791587
264140604058626
264140605177107
264141308701728
264141309820209
264142886563194
264151913299833
264174864375246
264176290513695
264177145873704
264185132106543
264381022950447
264381022950642
264381022953282
264381878572533
264382969108575
264383354986377
264384529391505
264385301143386
264385301143401
264385301143446
264385301143461
264385687016946
264393370984353
264398135713131
264398135713191
264398135713371
264398135713431
264418335479967
264466920908802
264466922027283
264468063153762
264468113333103
264468583144803
264470193758145
264470394832971
264470394833031
264470714002359
264471485352258
264473817385353
264474706652130
264479857434435
264483028127703
264483028278261
264483229403976
264483229404036
264483833383329
264483833383569
264489789294915
264493261130274
264493262248755
264494972406408
264494973524889
264496717287159
264496768687062
264496768687077
264496918563432
264496918563492
264496919681913
264496919681973
264612950837826
264615282870921
264616457276049
264617229027930
264617229027945
264617229027990
264617229028005
264631254780483
264673649764386
264673650882867
264675361040520
264675362159001
264677105921271
264677157321174
264677157321189
264677307197544
264677307197604
264677308316025
264677308316085
264691332950082
264691334068563
264707435957166
264707440431057
264708581480319
264709722314751
264710527420059
264710661865458
264710711985351
264710862980187
264710862980247
264712574256435
264714285532569
264715225063794
264716617572963
264716617767873
264723546556356
264730257442131
264737773643058
264743947851711
264854039742003
264855751018137
264856690549362
264857546180310
264857546180325
264857697175161
264857697175221
264871722927699
264914454565662
264914454565677
264914790109869
264915024974175
264923866567023
264927289135407
264927289135647
264950391345567
264959232938415
264965188836237
264965188851597
264967134993246
264967134993261
264967135008606
264967135008621
264979969562991
264979969563231
264979969578351
264979969578591
266220694741791
266229536334639
267181339362687
267181339604787
267181339615185
267181340345727
267181340587827
267181340598225
267181340751633
267181390001985
267181540639020
267181541622060
267181591296207
267181592279247
267182144618553
267182145601593
267182195249502
267182195249517
267182196232542
267182196232557
267182242490034
267182346244413
267182347227453
267182949925224
267182950240305
267182950908264
267182951223345
267182951365119
267183050887485
267183050887515
267183051870525
267183051870555
267183151577580
267183152560620
267184191765738
267184192748778
267184560864255
267184561847295
267185131254711
267185131257828
267185132237751
267185132240868
267185954485575
267192748145640
267192749128680
267194224529937
267194225512977
267194225654751
267194274606963
267194275360143
267194275590003
267194276343183
267194425867212
267194426850252
267195029846505
267195029846745
267195030829545
267195030829785
267195365124975
267195366108015
267195415404813
267195416387853
267199589906295
267200163648819
267200164631859
267200399665374
267201874924953
267201875907993
267207109120521
267207109443519
267207110103561
267207110426559
267207210047379
267207211030419
267207679571775
267207680554815
267207880872462
267207881855502
267207914425884
267207914690481
267207915408924
267207915673521
267210293995194
267212528166147
267212529149187
267232874776764
267232875759804
267232878923040
267232879906080
267232880360319
267232979885331
267232980868371
267233076066612
267233077049652
267233684528433
267233685511473
267234485352816
267234486335856
267235731062346
267235732045386
267242202909372
267242203892412
267248616762750
267248617745790
267248901173082
267248901173097
267248902156122
267248902156137
267249035440047
267249036423087
267254351000439
267254404379235
267254405362275
267254605418511
267254606401551
267254924189631
267254925172671
267254925570879
267254925573996
267255964423551
267255965406591
267256014704715
267256015687755
267256165699884
267256166682924
267256636847982
267257205888042
267257206871082
267257575038423
267257576021463
267257776314696
267257776314756
267257777297736
267257777297796
267258380294289
267258381277329
267265762267944
267265763250984
267272607375327
267272608358367
267272608756575
267305894756328
267305943702531
267305944685571
267306095008911
267306095991951
267306698987679
267306699970719
267307503983904
267307504295115
267307504966944
267307505278155
267308226207099
267308227190139
267308746882926
267327419971143
267327653739225
267327654722265
267327938900787
267327939883827
267328425491166
267328425491181
267328426474206
267328426474221
267329650176921
267329651159961
267331445339094
267331445339109
267331446322134
267331446322149
267331596333945
267331596334005
267331597316985
267331597317045
267345622086483
267345623069523
267379713948057
267379714931097
267387497754633
267387498737673
267387598681491
267387599664531
267388269506574
267388270489614
267388303059996
267388303324593
267388304043036
267388304307633
267388638656349
267388639639389
267390718983135
267390719966175
267400383454926
267400383458766
267400384437966
267400384441806
267400667861529
267400667865369
267400668844569
267400668848409
267401439613470
267401439613485
267401439617310
267401439617325
267401440596510
267401440596525
267401440600350
267401440600365
267401523499596
267401523503436
267401524482636
267401524486476
267413267562399
267413268545439
267415650186651
267415651169691
267416354829753
267416355812793
267418636260930
267418636264770
267418637243970
267418637247810
267418687397583
267418687401423
267418688380623
267418688384463
267420968294025
267420968297865
267420969277065
267420969280905
267439038168111
267439039151151
267439607790594
267439608773634
267441890295162
267441891278202
267452208275007
267452208278847
267452209258047
267452209261887
267452777897490
267452777897505
267452777901330
267452777901345
267452778880530
267452778880545
267452778884370
267452778884385
267454774385178
267454774389018
267454775368218
267454775372058
267473398525887
267474538230045
267474539213085
267475679116776
267475680099816
267477960778602
267477961761642
267486282002430
267486282985470
267486852463989
267486853447029
267487087575807
267487088558847
267547837879071
267547838862111
267548693239080
267548694222120
267556679471919
267556680454959
267619711468287
267619712451327
267649956346164
267649957329204
267651365632368
267651366615408
267680411447646
267680411447661
267680412430686
267680412430701
267680562442557
267680563425597
267681267085629
267681267085659
267681268068669
267681268068699
267765451848567
267766025591091
267766026574131
267766597151268
267767736867225
267767737850265
267768676142583
267768677125623
267768877418856
267768877418916
267768878401896
267768878401956
267769481398449
267769482381489
267769532029398
267769532029413
267769533012438
267769533012453
267769683024249
267769683024309
267769684007289
267769684007349
267778390108419
267778391091459
267783708776787
267783709759827
267794445900417
267794446883457
267795016351671
267795017334711
267795217652298
267795217652358
267795218635338
267795218635398
267841942198347
267841942198407
267841943181387
267841943181447
267842262350775
267971613359955
267971614342995
267974834534529
267974835517569
267975606286410
267975606286470
267975607269450
267975607269510
267984498203202
267984498207042
267984499186242
267984499190082
267986830236297
267986830240137
267986831219337
267986831223177
267988004641425
267988004645265
267988005624465
267988005628305
267988776393306
267988776393321
267988776393366
267988776393381
267988776397146
267988776397161
267988776397206
267988776397221
267988777376346
267988777376361
267988777376406
267988777376421
267988777380186
267988777380201
267988777380246
267988777380261
268002802145859
268002802149699
268002803128899
268002803132739
268005969680247
268005970663287
268006019210979
268006020194019
268006020592227
268006023689955
268006024672995
268006543783731
268006544766771
268006545584691
268007114196519
268007115179559
268007583945075
268007584928115
268008255059865
268008256042905
268008256860825
268009060335768
268009061318808
268009191498210
268009194558417
268009194562530
268009194571236
268009195541457
268009195545570
268009195554276
268010045748114
268010045748129
268010046731154
268010046731169
268010050222038
268010050222053
268010051205078
268010051205093
268010052022998
268010052023013
268010201216889
268010201216949
268010202199929
268010202199989
268010203017849
268010203017909
268012868793807
268012869776847
268013388887034
268013389870074
268014323937708
268014324920748
268014328413654
268014329396694
268018858234707
268018858255635
268018859217747
268018859238675
268022880317859
268022880318099
268022881300899
268022881301139
268022884791783
268022884792023
268022885774823
268022885775063
268024226969427
268024227952467
268024228770387
268025032245330
268025033228370
268034075195115
268034076178155
268034125517595
268034126500635
268034830160697
268034831143737
268035534804678
268035535787718
268036356896235
268036357879275
268057512933651
268057512949011
268057513916691
268057513932051
268057716652428
268058320631961
268059125938632
268060596889272
268065294509538
268065297558498
268065297573858
268065298541538
268065298556898
268078983322542
268078984305582
268078987796433
268078988779473
268082074785435
268082075768475
268082259350727
268082260333767
268082410345563
268082410345623
268082411328603
268082411328663
268088164938339
268088165921379
268152807535035
268152808518075
268154334279375
268154335262415
268155324117399
268155325100439
268155504210579
268155505193619
268155508684503
268155509667543
268155789423276
268155790406316
268155793899222
268155794882262
268156028760501
268156029743541
268206759995106
268214514151707
268214515134747
268215218794809
268215219777849
268215923438790
268215924421830
268225587107379
268225587111219
268225588090419
268225588094259
268227298383513
268227298387353
268227299366553
268227299370393
268228237914738
268228238897778
268229093545686
268229093545701
268229093549526
268229093549541
268229094528726
268229094528741
268229094532566
268229094532581
268229244540537
268229244540597
268229244544377
268229244544437
268229245523577
268229245523637
268229245527417
268229245527477
268243270293075
268243270296915
268243271276115
268243271279955
268264241789235
268264241804595
268264242772275
268264242787635
268265953065369
268265953080729
268265954048409
268265954063769
268267748227542
268267748227557
268267748242902
268267748242917
268267749210582
268267749210597
268267749225942
268267749225957
268267899222393
268267899222453
268267899237753
268267899237813
268267900205433
268267900205493
268267900220793
268267900220853
268769669765079
270498126030711
271063987972983
271304556318435
271854834438963
271854835422003
271856545715097
271856546698137
271858340877270
271858340877285
271858341860310
271858341860325
271858491872121
271858491872181
271858492855161
271858492855221
271872517624659
271872518607699
271906609486233
271906610469273
273230081590047
273238923182895
273434814026799
273434814026994
273434814029634
273434814051936
273436760184927
273437146062729
273438320467857
273439092219738
273439092219753
273439092219798
273439092219813
273439478093298
273447162060705
273451926789483
273451926789543
273451926789723
273451926789783
273453117970317
273453117972291
273462865532154
273467529598458
273472126556319
273486924061470
273486924061743
273490296282489
273490430498718
273490430498733
273490430499678
273490430499693
273490917038367
273491168696751
273492577982955
273501570572121
273503265068463
273503265068703
273503265069423
273503265069663
273727677109311
276528329306397
276528330289437
276531748790634
276531751854954
276531752837994
276539632709250
276539633692290
276540878652159
276540879635199
276545442067731
276545443050771
276548526007992
276550052733291
276550055797611
276550056780651
276553813889886
276553813889901
276553814872926
276553814872941
276553964884797
276553965867837
276554669527869
276554669527899
276554670510909
276554670510939
276578925215628
276578926198668
276579529195161
276579530178201
276579630968370
276580334501832
276580335484872
276601628955423
276601629938463
276610470548271
276610471531311
276673214276202
276673502544639
276673503527679
276691518218859
276734202523998
276734202524013
276734203507038
276734203507053
276734353518909
276734354501949
276735058161981
276735058162011
276735059145021
276735059145051
276752170923315
276752171906355
276753882199449
276753883182489
276784987159827
276784988142867
276785691802929
276785692785969
277076938159923
277076938254798
277076938317774
277076942092083
277076942186958
277076942249934
277076988395811
277076988396675
277076992327971
277076992328835
277077189851343
277077193783503
277077507481518
277077511413678
277077793804638
277077793804653
277077797736798
277077797736813
277077943681068
277077944799549
277077947613228
277077948731709
277078129437645
277078133369805
277078547818734
277078548678048
277078548937215
277078551750894
277078552610208
277078552869375
277078648324140
277078648324170
277078649442621
277078649442651
277078652256300
277078652256330
277078653374781
277078653374811
277078750132716
277078754064876
277079219816232
277079220019128
277079223748392
277079223951288
277079270316009
277079274248169
277079790320874
277079790594030
277079794253034
277080158300910
277080159419391
277080162233070
277080163351551
277080209822703
277080213754863
277080444721137
277080448653297
277080728691366
277080729809847
277080729812964
277080732623526
277080733742007
277080733745124
277081013892327
277081017824487
277081216473078
277081220405238
277083783217464
277083787149624
277084353593754
277084357525914
277086350283711
277086354215871
277088346700776
277088350632936
277088446245882
277088450178042
277089822108366
277089822967680
277089823226847
277089826040526
277089826899840
277089827159007
277090024422348
277090028354508
277090393593846
277090397526006
277090628401641
277090628401881
277090632333801
277090632334041
277095190667214
277095194599374
277095242197455
277095242260431
277095246129615
277095246192591
277095761085474
277095762203955
277095765017634
277095766136115
277095997237470
277096001169630
277097472361608
277097473480089
277097476293768
277097477412249
277098043802826
277098047734986
277102706880174
277102707998655
277102710812334
277102711930815
277102758401967
277102762334127
277102807484034
277102808602515
277102811416194
277102812534675
277103512127136
277103513245617
277103516059296
277103517177777
277103713581804
277103717513964
277104418224876
277104422157036
277105039901835
277105043833995
277106600182728
277106600183208
277106604114888
277106604115368
277106734500564
277106738432724
277128476813934
277128477932415
277128480746094
277128481864575
277128577321986
277128578440467
277128581254146
277128582372627
277128763074879
277128763137855
277128767007039
277128767070015
277129281965088
277129283083569
277129285897248
277129287015729
277130759565162
277130759811048
277130763497322
277131329851176
277131333783336
277133041266126
277133045198286
277133091407139
277133095339299
277150002934371
277150006866531
277201693564047
277201697496207
277202297542815
277202301474975
277203102850251
277203106782411
277223252294361
277223256226521
277223536337442
277223537455923
277223540269602
277223541388083
277223822591634
277223822591649
277223826523794
277223826523809
277224024046302
277224024046317
277224027978462
277224027978477
277225247613576
277225248703032
277225248732057
277225251545736
277225252635192
277225252664217
277225819079322
277225823011482
277226992494327
277226996426487
277227043894230
277227043894245
277227047826390
277227047826405
277227193770600
277227193770660
277227194889081
277227194889141
277227197702760
277227197702820
277227198821241
277227198821301
277241219523138
277241220641619
277241223455298
277241224573779
277274506751694
277274510683854
277274556892707
277274560824867
277275316435353
277277358735354
277277362667514
277283095509552
277283099441712
277283196118146
277283197236627
277283200050306
277283201168787
277283667179313
277283671111473
277283900761248
277283901879729
277283904693408
277283905811889
277287123134676
277287127066836
277301350365009
277301354297169
277311247623306
277311248741787
277311251555466
277311252673947
277311952266408
277311953384889
277311956198568
277311957317049
277313480291817
277313484223977
277368994824078
277368996097983
277368998756238
277369000030143
277369247514639
277369251446799
277369281254847
277369281273753
277369285187007
277369285205913
277369566285759
277369566683967
277369566687084
277369570217919
277370053025694
277370053025709
277370056957854
277370056957869
277370135666700
277370136785181
277370136908655
277370136911820
277370139598860
277370140717341
277370140840815
277370140843980
277370656800843
277370660733003
277370807796012
277370811728172
277371277671912
277371277961070
277371281604072
277371377217018
277371381149178
277371847968168
277371847984170
277371848451048
277371851900328
277371851916330
277372217285109
277372221217269
277372418410824
277372418410884
277372422342984
277372422343044
277372468944747
277372468944807
277372472876907
277372472876967
277373022390417
277373026322577
277373072932758
277373072932773
277373076864918
277373076864933
277373559333738
277373563265898
277374700110156
277374704042316
277378122865614
277378122866601
277378126797774
277378126798761
277380404364072
277380408296232
277381880959869
277381884892029
277382082085644
277382086017804
277382686064937
277382686065177
277382686130943
277382689997097
277382689997337
277382690063103
277383491371848
277383495304008
277385152519119
277385156451279
277443436434207
277443440366367
277452278027055
277452281959215
277489305477027
277489309409187
277491537079272
277493868675363
277493872607523
277515309957657
277515310023423
277515313889817
277515313955583
277516081709598
277516081709613
277516085641758
277516085641773
277516165595724
277516169527884
277575723679662
277575727611822
277576010002782
277576010002797
277576013934942
277576013934957
277576159879212
277576160997693
277576163811372
277576164929853
277576864522284
277576864522314
277576865640765
277576865640795
277576868454444
277576868454474
277576869572925
277576869572955
277661623027746
277661624146227
277661626959906
277661628078387
277662194723364
277662198655524
277663334303880
277663335422361
277663338236040
277663339354521
277665130584534
277665130584549
277665134516694
277665134516709
277665280460904
277665280460964
277665281579385
277665281579445
277665284393064
277665284393124
277665285511545
277665285511605
277679306213442
277679307331923
277679310145602
277679311264083
277868353002414
277868356934574
277892980857576
277892984789736
277901571817794
277901575749954
277901622245091
277901622367023
277901626177251
277901626299183
277902141220386
277902142338867
277902145152546
277902146271027
277902712751655
277902713153028
277902716683815
277902763000641
277902766932801
277903181381730
277903182500211
277903185313890
277903186432371
277903852496520
277903853615001
277903856428680
277903857547161
277903903850889
277903903866891
277903907783049
277903907799051
277904658890904
277904662823064
277904709377946
277904709377961
277904713310106
277904713310121
277904791995072
277904793113553
277904793117666
277904793126372
277904793510624
277904795927232
277904797045713
277904797049826
277904797058532
277904994648426
277904994648486
277905078256017
277905082188177
277905464148264
277905468080424
277905597702903
277905598628019
277905648777174
277905648777189
277905648899574
277905652709334
277905652709349
277905652831734
277905798653544
277905798653604
277905799772025
277905799772085
277905802585704
277905802585764
277905803704185
277905803704245
277905850007898
277905850007913
277905850007958
277905850007973
277905853940058
277905853940073
277905853940118
277905853940133
277908467348943
277908471281103
277908987442170
277908991374330
277909926968790
277909930900950
277913030875113
277913034807273
277913919848865
277913923781025
277914205280241
277914209212401
277914455671362
277914456789843
277914456810771
277914459603522
277914460722003
277914460742931
277916738437896
277916742370056
277917309064062
277917312996222
277918483346919
277918483347159
277918487279079
277918487279319
277919824406082
277919825524563
277919828338242
277919829456723
277919875760451
277919879692611
277920630800466
277920634732626
277929622369998
277929626302158
277929673750251
277929677682411
277929722954250
277929724072731
277929726886410
277929728004891
277930427597352
277930428715833
277930431529512
277930432647993
277931133359814
277931137291974
277931955451371
277931959383531
277938129372033
277938133304193
277953110370306
277953110385666
277953111488787
277953111504147
277953114302466
277953114317826
277953115420947
277953115436307
277954302794607
277954302809967
277954306726767
277954306742127
277956584294475
277956584294535
277956584309835
277956584309895
277956588226635
277956588226695
277956588241995
277956588242055
277956903463863
277956903479223
277957674813762
277957674829122
277957678745922
277957678761282
277960006846857
277960006862217
277960010779017
277960010794377
277960896113634
277960896128994
277960900045794
277960900061154
277969217739765
277969217755125
277969221671925
277969221687285
277969418865480
277969418865540
277969418880840
277969418880900
277969422797640
277969422797700
277969422813000
277969422813060
277970022844833
277970022845073
277970022860193
277970022860433
277970026776993
277970026777233
277970026792353
277970026792593
277977673340571
277977677272731
277977857905863
277977861838023
277978008900699
277978008900759
277978012832859
277978012832919
277983763493475
277983767425635
278048406090171
278048410022331
278049932834511
278049936766671
278050738061850
278050738061865
278050741994010
278050741994025
278050921554054
278050922672535
278050925486214
278050926604695
278051107239639
278051111171799
278051392454358
278051396386518
278051626197156
278051627315637
278051630129316
278051631247797
278099140299330
278099140314690
278099144231490
278099144246850
278101472332425
278101472347785
278101476264585
278101476279945
278102646737553
278102646752913
278102650669713
278102650685073
278103418489434
278103418489449
278103418489494
278103418489509
278103418504794
278103418504809
278103418504854
278103418504869
278103422421594
278103422421609
278103422421654
278103422421669
278103422436954
278103422436969
278103422437014
278103422437029
278110111588362
278110112706843
278110115520522
278110116639003
278110816231464
278110817349945
278110820163624
278110821282105
278111521993926
278111525926086
278121185662515
278121185666355
278121189594675
278121189598515
278122896938649
278122896942489
278122900870809
278122900874649
278123836469874
278123840402034
278124692100822
278124692100837
278124692104662
278124692104677
278124696032982
278124696032997
278124696036822
278124696036837
278124843095673
278124843095733
278124843099513
278124843099573
278124847027833
278124847027893
278124847031673
278124847031733
278138868848211
278138868852051
278138872780371
278138872784211
278159839225890
278159839241250
278159840344371
278159840359731
278159843158050
278159843173410
278159844276531
278159844291891
278161550502024
278161550517384
278161551620505
278161551635865
278161554434184
278161554449544
278161555552665
278161555568025
278163346782678
278163346782693
278163346798038
278163346798053
278163350714838
278163350714853
278163350730198
278163350730213
278163496659048
278163496659108
278163496674408
278163496674468
278163497777529
278163497777589
278163497792889
278163497792949
278163500591208
278163500591268
278163500606568
278163500606628
278163501709689
278163501709749
278163501725049
278163501725109
279465141333135
279465145265295
279465745311903
279465749244063
279466550619339
279466554551499
279706884203295
279706888135455
279715725796143
279715729728303
280241121109659
280241125041819
280241305674951
280241309607111
280241456669787
280241456669847
280241460601947
280241460602007
280243167946035
280243171878195
280244879222169
280244883154329
280254140245956
280254144178116
280260851131731
280260855063891
280375470982560
280375470998082
280375471017993
280375471043631
280375471043826
280375471046466
280375471965600
280375471981122
280375472001033
280375472026671
280375472026866
280375472029506
280375474914720
280375474930242
280375474950153
280375474975791
280375474975986
280375474978626
280375475897760
280375475913282
280375475933193
280375475958831
280375475959026
280375475961666
280375571657922
280375572640962
280375575590082
280375576573122
280375672437228
280375676369388
280375757630169
280376041469247
280376042452287
280376045401407
280376046384447
280376242769934
280376243752974
280376246702094
280376247685134
280376276301024
280376276323356
280376276416761
280376277284064
280376277306396
280376280233184
280376280255516
280376280348921
280376281216224
280376281238556
280376529382110
280376529382125
280377081657849
280377082640889
280377085590009
280377086573049
280377417201759
280377418184799
280377421133919
280377422116959
280377803031177
280377803079561
280377804014217
280377804062601
280377806963337
280377807011721
280377807946377
280377807994761
280378323121866
280378324104906
280378327054026
280378328037066
280378692246495
280378693229535
280378696178655
280378697161695
280378977436305
280378977484689
280378978419345
280378978467729
280378981368465
280378981416849
280378982351505
280378982399889
280379262911136
280379263894176
280379749188186
280379749188201
280379749188246
280379749188261
280379749236570
280379749236585
280379749236630
280379749236645
280379750171226
280379750171241
280379750171286
280379750171301
280379750219610
280379750219625
280379750219670
280379750219685
280379753120346
280379753120361
280379753120406
280379753120421
280379753168730
280379753168745
280379753168790
280379753168805
280379754103386
280379754103401
280379754103446
280379754103461
280379754151770
280379754151785
280379754151830
280379754151845
280380135110130
280380136093170
280380139042290
280380140025330
280384597850799
280384598833839
280384599223017
280384601782959
280384602765999
280384648135203
280384649118243
280384652067363
280384653050403
280387819029153
280387819077537
280387820012193
280387820060577
280387822961313
280387823009697
280387823944353
280387823992737
280388355884352
280388355947481
280388356867392
280388356930521
280388359816512
280388359879641
280388360799552
280388360862681
280388641128729
280388642111769
280388645060889
280388646043929
280389127699422
280389128682462
280389131631582
280389132614622
280389161252799
280389162235839
280389165184959
280389166167999
280389412880670
280389412880685
280389413863710
280389413863725
280389416812830
280389416812845
280389417795870
280389417795885
280389496766796
280389497749836
280389500698956
280389501681996
280390018001391
280390021933551
280391442952488
280391442952728
280391443935528
280391443935768
280391446884648
280391446884888
280391447867688
280391447867928
280391493232602
280391493232617
280391494215642
280391494215657
280391497164762
280391497164777
280391498147802
280391498147817
280391627500527
280391628483567
280391631432687
280391632415727
280392583806315
280392583806375
280392583806555
280392583806615
280392584789355
280392584789415
280392584789595
280392584789655
280392587738475
280392587738535
280392587738715
280392587738775
280392588721515
280392588721575
280392588721755
280392588721815
280393724654943
280393725637983
280393728587103
280393729570143
280393774940739
280393774987149
280393774989123
280393775923779
280393775970189
280393775972163
280393778872899
280393778919309
280393778921283
280393779855939
280393779902349
280393779904323
280401240825759
280401241808799
280401244757919
280401245740959
280401811216002
280401812199042
280401815148162
280401816131202
280402046148606
280402046189310
280402047131646
280402050080766
280402050121470
280402051063806
280403522487720
280403522548986
280403523470760
280403523532026
280403526419880
280403526481146
280403527402920
280403527464186
280403623163082
280403624146122
280403627095242
280403628078282
280404327806184
280404328789224
280404331738344
280404332721384
280406609528130
280406610511170
280406613460290
280406614443330
280408186615290
280408187598330
280408190547450
280408191530490
280408941561225
280408942544265
280408945493385
280408946476425
280412783573151
280412784556191
280412787505311
280412788488351
280427581053954
280427581078302
280427581078575
280427582036994
280427582061342
280427582061615
280427584986114
280427585010462
280427585010735
280427585969154
280427585993502
280427585993775
280430953299321
280430954282361
280430957231481
280430958214521
280431087515550
280431087515565
280431087516510
280431087516525
280431088498590
280431088498605
280431088499550
280431088499565
280431091447710
280431091447725
280431091448670
280431091448685
280431092430750
280431092430765
280431092431710
280431092431725
280431574055199
280431575038239
280431577987359
280431578970399
280431825713583
280431826696623
280431829645743
280431830628783
280433234999787
280433235982827
280433238931947
280433239914987
280439946996591
280439950928751
280440751164690
280440751164705
280440752147730
280440752147745
280440755096850
280440755096865
280440756079890
280440756079905
280442227588953
280442228571993
280442231521113
280442232504153
280442747652378
280442748635418
280442751584538
280442752567578
280443922085295
280443922085535
280443922086255
280443922086495
280443923068335
280443923068575
280443923069295
280443923069535
280443926017455
280443926017695
280443926018415
280443926018655
280443927000495
280443927000735
280443927001455
280443927001695
280448486603214
280448490535374
280448535761187
280448535762051
280448536744227
280448536745091
280448539693347
280448539694211
280448540676387
280448540677251
280449677786061
280449681718221
280450096043424
280450097026464
280450099975584
280450100958624
280450767181608
280450768164648
280450771113768
280450772096808
280451338942446
280466790545871
280466794478031
280469591168202
280469592151242
280469595100362
280469596083402
280476587267211
280476588250251
280476591199371
280476592182411
280478147548104
280478147548584
280478148531144
280478148531624
280478151480264
280478151480744
280478152463304
280478152463784
280500311423295
280500315355455
280502307913578
280502308159464
280502311845738
280502877216552
280502878199592
280502881148712
280502882131752
280521600595698
280521601578738
280521604527858
280521605510898
280524066845208
280524067828248
280524070777368
280524071760408
280524721107585
280524722090625
280524725039745
280524726022785
280525207699035
280525207699095
280525208682075
280525208682135
280525211631195
280525211631255
280525212614235
280525212614295
280525492859466
280525492859526
280525493842506
280525493842566
280525496791626
280525496791686
280525497774666
280525497774726
280573039540767
280573040523807
280573043472927
280573044455967
280573291199151
280573292182191
280573295131311
280573296114351
280574700485355
280574701468395
280574704417515
280574705400555
280576545978015
280576545978975
280576546961055
280576546962015
280576549910175
280576549911135
280576550893215
280576550894175
280582199850114
280582200833154
280582203782274
280582204765314
280582434782718
280582435765758
280582438714878
280582439697918
280595369957010
280595369957025
280595369960850
280595369960865
280595370940050
280595370940065
280595370943890
280595370943905
280595373889170
280595373889185
280595373893010
280595373893025
280595374872210
280595374872225
280595374876050
280595374876065
280596796068408
280596796072248
280596797051448
280596797055288
280596800000568
280596800004408
280596800983608
280596800987448
280597366444698
280597366448538
280597367427738
280597367431578
280597370376858
280597370380698
280597371359898
280597371363738
280610251355274
280610252338314
280610255287434
280610256270474
280646055100110
280646059032270
280646104258083
280646104261923
280646105241123
280646105244963
280646108190243
280646108194083
280646109173283
280646109177123
280667528821935
280667529804975
280667532754095
280667533737135
280667579106339
280667580089379
280667583038499
280667584021539
280667730100524
280667731083564
280667734032684
280667735015724
280668334080057
280668334126143
280668335063097
280668335109183
280668338012217
280668338058303
280668338995257
280668339041343
280669139386728
280669140369768
280669143318888
280669144301928
280670380948986
280670381932026
280670384881146
280670385864186
280680698932671
280680699915711
280680702864831
280680703847871
280681604866317
280681605849357
280681608798477
280681609781517
280740794880015
280740795863055
280740798812175
280740799795215
280741113651135
280741114634175
280741115032383
280741115035500
280741117583295
280741118566335
280742204166219
280742205149259
280742208098379
280742209081419
280742355161388
280742356144428
280742359093548
280742360076588
280742826309486
280743395333544
280743395349546
280743396316584
280743396332586
280743399265704
280743399281706
280743400248744
280743400264746
280743965776200
280743965776260
280743966759240
280743966759300
280743969708360
280743969708420
280743970691400
280743970691460
280744569755793
280744570738833
280744573687953
280744574670993
280751951729448
280751952712488
280751955661608
280751956644648
280863085427688
280873687216137
280873688199177
280873691148297
280873692131337
280874458968078
280874459951118
280874462900238
280874463883278
280874492521500
280874493504540
280874496453660
280874497436700
280876908444639
280876909427679
280876912376799
280876913359839
280886857323033
280886857326873
280886858306073
280886858309913
280886861255193
280886861259033
280886862238233
280886862242073
280887629074974
280887629074989
280887629078814
280887629078829
280887630058014
280887630058029
280887630061854
280887630061869
280887633007134
280887633007149
280887633010974
280887633010989
280887633990174
280887633990189
280887633994014
280887633994029
280887712961100
280887712964940
280887713944140
280887713947980
280887716893260
280887716897100
280887717876300
280887717880140
280959636929421
280959637912461
280959640861581
280959641844621
280961583086430
280961583086445
280961584069470
280961584069485
280961587018590
280961587018605
280961588001630
280961588001645
280962807797889
280962808780929
280962811730049
280962812713089
280963378249143
280963379232183
280963382181303
280963383164343
280963579549770
280963579549830
280963580532810
280963580532870
280963583481930
280963583481990
280963584464970
280963584465030
280972471470402
280972472453442
280972475402562
280972476385602
280974417656175
280974417656415
280974418639215
280974418639455
280974421588335
280974421588575
280974422571375
280974422571615
280974803503497
280974804486537
280974807435657
280974808418697
280975977908625
280975978891665
280975981840785
280975982823825
280976749660506
280976749660521
280976749660566
280976749660581
280976750643546
280976750643561
280976750643606
280976750643621
280976753592666
280976753592681
280976753592726
280976753592741
280976754575706
280976754575721
280976754575766
280976754575781
280990775413059
280990776396099
280990779345219
280990780328259
281107041548895
281107042531935
281107045481055
281107046464095
281202386452776
281202387435816
281202390384936
281202391367976
281202438170319
281203612575447
281203897790166
281204131362039
281204131557879
281204132540919
281204135294199
281204181614742
281204181614757
281204182597782
281204182597797
281204185546902
281204185546917
281204186529942
281204186529957
281206949841336
281206950824376
281206953773496
281206954756536
281209231557186
281209232540226
281209235489346
281209236472386
281211563590281
281211564573321
281211567522441
281211568505481
281212454168295
281212737995409
281212738978449
281212741927569
281212742910609
281214650581347
281214651564387
281214654513507
281214655496547
281216210892759
281216211875799
281216214824919
281216215807959
281216261194689
281216261210691
281216262177729
281216262193731
281216265126849
281216265142851
281216266109889
281216266125891
281225926272747
281227535499843
281227535500323
281227536482883
281227536483363
281227539432003
281227539432483
281227540415043
281227540415523
281228726686218
281228727669258
281228730618378
281228731601418
281229095859639
281229099791799
281229146113665
281229147096705
281229150045825
281229151028865
281255066880360
281255066880420
281255066895720
281255066895780
281255067863400
281255067863460
281255067878760
281255067878820
281255070812520
281255070812580
281255070827880
281255070827940
281255071795560
281255071795620
281255071810920
281255071810980
281255670859953
281255670875313
281255671842993
281255671858353
281255674792113
281255674807473
281255675775153
281255675790513
281264579569923
281264579585283
281264580552963
281264580568323
281264583502083
281264583517443
281264584485123
281264584500483
281273119183170
281273120166210
281273123115330
281273124098370
281274310366017
281274311349057
281274314298177
281274315281217
281275451216265
281275451232267
281275452199305
281275452215307
281275455148425
281275455164427
281275456131465
281275456147467
281276542013802
281276542013862
281276542996842
281276542996902
281276625621393
281276626604433
281276629553553
281276630536593
281277011513640
281277012496680
281277015445800
281277016428840
281277145993395
281277146976435
281277397373274
281277397373289
281277397373334
281277397373349
281277398356314
281277398356329
281277398356374
281277398356389
281277401305434
281277401305449
281277401305494
281277401305509
281277402288474
281277402288489
281277402288534
281277402288549
281285467214241
281285468197281
281285471146401
281285472129441
281291423125827
281291424108867
281291427057987
281291428041027
281309676737409
281309677720449
281309680669569
281309681652609
281328131659851
281328131659911
281328131675211
281328131675271
281328132642891
281328132642951
281328132658251
281328132658311
281328135592011
281328135592071
281328135607371
281328135607431
281328136575051
281328136575111
281328136590411
281328136590471
281328451812279
281328451827639
281346938938899
281346939921939
281346942871059
281346943854099
281348415326904
281348416309944
281348419259064
281348420242104
281349925286022
281349926269062
281349929218182
281349930201222
281350697051409
281350698034449
281350700983569
281350701966609
281409115320330
281409116303370
281409119252490
281409120235530
281422285427226
281422285427241
281422285431066
281422285431081
281422286410266
281422286410281
281422286414106
281422286414121
281422289359386
281422289359401
281422289363226
281422289363241
281422290342426
281422290342441
281422290346266
281422290346281
281461023996033
281461024011393
281461024979073
281461024994433
281461027928193
281461027943553
281461028911233
281461028926593
281461795747914
281461795747974
281461795763274
281461795763334
281461796730954
281461796731014
281461796746314
281461796746374
281461799680074
281461799680134
281461799695434
281461799695494
281461800663114
281461800663174
281461800678474
281461800678534
281470687664706
281470687668546
281470687680066
281470687683906
281470688647746
281470688651586
281470688663106
281470688666946
281470691596866
281470691600706
281470691612226
281470691616066
281470692579906
281470692583746
281470692595266
281470692599106
281473019697801
281473019701641
281473019713161
281473019717001
281473020680841
281473020684681
281473020696201
281473020700041
281473023629961
281473023633801
281473023645321
281473023649161
281473024613001
281473024616841
281473024628361
281473024632201
281474194102929
281474194106769
281474194118289
281474194122129
281474195085969
281474195089809
281474195101329
281474195105169
281474198035089
281474198038929
281474198050449
281474198054289
281474199018129
281474199021969
281474199033489
281474199037329
281474965854810
281474965854825
281474965854870
281474965854885
281474965858650
281474965858665
281474965858710
281474965858725
281474965870170
281474965870185
281474965870230
281474965870245
281474965874010
281474965874025
281474965874070
281474965874085
281474966837850
281474966837865
281474966837910
281474966837925
281474966841690
281474966841705
281474966841750
281474966841765
281474966853210
281474966853225
281474966853270
281474966853285
281474966857050
281474966857065
281474966857110
281474966857125
281474969786970
281474969786985
281474969787030
281474969787045
281474969790810
281474969790825
281474969790870
281474969790885
281474969802330
281474969802345
281474969802390
281474969802405
281474969806170
281474969806185
281474969806230
281474969806245
281474970770010
281474970770025
281474970770070
281474970770085
281474970773850
281474970773865
281474970773910
281474970773925
281474970785370
281474970785385
281474970785430
281474970785445
281474970789210
281474970789225
281474970789270
281474970789285
